
SET FOREIGN_KEY_CHECKS=0;

INSERT INTO `adm_basekey_cat` (`id_adm_basekey_cat`, `cat_name`, `description`, `id_adm_role`, `id_adm_basekey_cat_type`, `group_type_id`) VALUES
	(1, 'ci_layer', '层级', NULL, 1, NULL),
	(2, 'ci_catalog', '目录', NULL, 1, NULL),
	(3, 'ci_zoom_level', 'Zoom', NULL, 1, NULL),
	(4, 'ci_attr_type', '属性类型', NULL, 1, NULL),
	(5, 'ci_attr_enum_type', '枚举类型', NULL, 1, NULL),
	(6, 'ci_attr_ref_type', '引用类型', NULL, 1, NULL),
	(7, 'ci_state_design', '设计类CI状态', NULL, 1, NULL),
	(8, 'ci_state_create', '可创建类CI状态', NULL, 1, NULL),
	(9, 'ci_state_start_stop', '可起停类CI状态', NULL, 1, NULL),
	(10, 'state_transition_operation', '状态迁移操作', NULL, 1, NULL),
	(11, 'state_transition_action', '状态迁移动作', NULL, 1, NULL),
	(12, 'tab_of_planning_design', '规划设计CI标签', NULL, 1, NULL),
	(13, 'tab_query_of_planning_design', '规划设计标签查询', NULL, 1, 12),
	(14, 'tab_of_resourse_planning', '资源规划CI标签', NULL, 1, NULL),
	(15, 'tab_query_of_resourse_planning', '资源规划标签查询', NULL, 1, 14),
	(16, 'tab_of_architecture_design', '架构设计CI标签', NULL, 1, NULL),
	(17, 'tab_query_of_architecture_design', '架构设计标签查询', NULL, 1, 16),
	(18, 'tab_of_deploy_design', '部署设计CI标签', NULL, 1, NULL),
	(19, 'tab_query_of_deploy_design', '部署设计标签查询', NULL, 1, 18),
	(20, 'business_group', '业务群组', NULL, 2, NULL),
	(21, 'unit_design_type', '单元设计类型', NULL, 2, NULL),
	(22, 'unit_type', '单元类型', NULL, 2, 21),
	(24, 'deploy_environment', '部署环境', NULL, 2, NULL),
	(25, 'charge_type', '计费模式', NULL, 2, NULL),
	(26, 'network_zone_type', '网络区域类型', NULL, 2, NULL),
	(27, 'network_zone_layer', '网络区域层级', NULL, 2, NULL),
	(28, 'service_type', '服务类型', NULL, 2, NULL),
	(29, 'invoke_type', '调用类型', NULL, 2, NULL),
	(30, 'cluster_type', '集群类型', NULL, 2, 21),
	(33, 'network_segment_usage', '网段用途', NULL, 2, NULL),
	(34, 'network_zone_link_type', '网络连接类型', NULL, 2, NULL),
	(35, 'across_resource_set', '跨资源集合部署', NULL, 5, NULL),
	(36, 'service_dns_domain', '服务域名域', NULL, 11, NULL),
	(37, 'diff_conf_variable', '差异配置变量', NULL, 14, NULL),
	(38, 'resource_instance_type', '资源实例类型', NULL, 17, 21),
	(39, 'resource_system', '资源系统', NULL, 17, 21),
	(40, 'resource_instance_spec', '资源实例规格', NULL, 17, 21),
	(41, 'cluster_node_type', '集群节点类型', NULL, 17, 30),
	(42, 'block_storage_type', '块存储类型', NULL, 18, NULL),
	(43, 'ip_address_usage', 'IP地址用途', NULL, 19, NULL),
	(44, 'file_system', '文件系统', NULL, 18, NULL),
	(45, 'init_source_type', '初始化源类型', NULL, 2, NULL),
	(46, 'data_center_type', '数据中心类型', NULL, 20, NULL),
	(47, 'protocol', '协议', NULL, 2, NULL),
	(48, 'service_invoke_type', '服务调用类型', NULL, 2, 28),
	(49, 'service_nature', '服务特性', NULL, 6, NULL),
	(50, 'network_zone_type', '网络区域类型', NULL, 3, 46),
	(51, 'security_policy_type', '安全规则类型', NULL, 40, NULL),
	(52, 'security_policy_action', '安全规则行为', NULL, 40, NULL);
/*!40000 ALTER TABLE `adm_basekey_cat` ENABLE KEYS */;

-- 正在导出表  wecmdb_embedded.adm_basekey_cat_type 的数据：~38 rows (大约)
/*!40000 ALTER TABLE `adm_basekey_cat_type` DISABLE KEYS */;
INSERT INTO `adm_basekey_cat_type` (`id_adm_basekey_cat_type`, `name`, `description`, `ci_type_id`, `type`) VALUES
	(1, 'sys', NULL, NULL, 1),
	(2, 'common', NULL, NULL, 2),
	(3, 'system_design', '系统设计', 1, 3),
	(4, 'subsys_design', '子系统设计', 2, 3),
	(5, 'unit_design', '单元设计', 3, 3),
	(6, 'service_design', '服务设计', 4, 3),
	(7, 'invoke_design', '调用设计', 5, 3),
	(8, 'service_invoke_seq_design', '服务调用时序设计', 6, 3),
	(9, 'we_system', '系统', 7, 3),
	(10, 'subsys', '子系统', 8, 3),
	(11, 'unit', '单元', 9, 3),
	(12, 'service', '服务', 10, 3),
	(13, 'invoke', '调用', 11, 3),
	(14, 'deploy_package', '部署包', 12, 3),
	(16, 'business_app_instance', '业务应用实例', 14, 3),
	(17, 'resource_instance', '资源实例', 15, 3),
	(18, 'block_storage', '块存储', 16, 3),
	(19, 'ip_address', 'IP地址', 17, 3),
	(20, 'data_center', '数据中心', 18, 3),
	(21, 'network_zone', '网络区域', 19, 3),
	(22, 'network_zone_link', '网络区域连接', 20, 3),
	(23, 'business_zone', '业务区域', 21, 3),
	(24, 'resource_set', '资源集合', 22, 3),
	(25, 'network_segment', '网段', 23, 3),
	(26, 'routing_rule', '路由规则', 24, 3),
	(27, 'data_center_design', '数据中心设计', 25, 3),
	(28, 'network_zone_design', '网络区域设计', 26, 3),
	(29, 'network_zone_link_design', '网络区域连接设计', 27, 3),
	(30, 'business_zone_design', '业务区域设计', 28, 3),
	(31, 'resource_set_design', '资源集合设计', 29, 3),
	(32, 'network_segment_design', '网段设计', 30, 3),
	(33, 'routing_rule_design', '路由规则设计', 31, 3),
	(34, 'diff_configuration', '差异配置', 32, 3),
	(37, 'service_invoke_design', '服务调用设计', 35, 3),
	(38, 'resource_set_invoke_desig', '资源集合调用设计', 36, 3),
	(40, '默认安全策略', NULL, 38, 3),
	(41, '直连服务调用', NULL, 39, 3);
/*!40000 ALTER TABLE `adm_basekey_cat_type` ENABLE KEYS */;

-- 正在导出表  wecmdb_embedded.adm_basekey_code 的数据：~264 rows (大约)
/*!40000 ALTER TABLE `adm_basekey_code` DISABLE KEYS */;
INSERT INTO `adm_basekey_code` (`id_adm_basekey`, `id_adm_basekey_cat`, `code`, `value`, `group_code_id`, `code_description`, `seq_no`, `status`) VALUES
	(1, 1, 'AAL', '应用架构层', NULL, '应用架构层', 1, 'active'),
	(2, 1, 'ADL', '应用部署层', NULL, '应用部署层', 4, 'active'),
	(3, 1, 'SRL', '资源运行层', NULL, '资源运行层', 5, 'active'),
	(4, 1, 'RPL', '资源规划层', NULL, '资源规划层', 6, 'active'),
	(5, 1, 'PDL', '规划设计层', NULL, '规划设计层', 7, 'active'),
	(6, 2, 'AAL', '应用架构层', NULL, '应用架构层', 1, 'active'),
	(7, 2, 'ADL', '应用部署层', NULL, '应用部署层', 2, 'active'),
	(8, 2, 'SRL', '资源运行层', NULL, '资源运行层', 3, 'active'),
	(9, 2, 'RPL', '资源规划层', NULL, '资源规划层', 4, 'active'),
	(10, 2, 'PDL', '规划设计层', NULL, '规划设计层', 5, 'active'),
	(11, 3, '1', '1', NULL, 'Zoom Level 1', 1, 'active'),
	(12, 3, '2', '2', NULL, 'Zoom Level 2', 2, 'active'),
	(13, 3, '3', '3', NULL, 'Zoom Level 3', 3, 'active'),
	(14, 3, '4', '4', NULL, 'Zoom Level 4', 4, 'active'),
	(15, 3, '5', '5', NULL, 'Zoom Level 5', 5, 'active'),
	(16, 4, 'text', '文本', NULL, '文本', 1, 'active'),
	(17, 4, 'area', '文本域', NULL, '文本域', 2, 'active'),
	(18, 4, 'number', '整型数字', NULL, '整型数字', 3, 'active'),
	(19, 4, 'regular_text', '正则校验文本', NULL, '正则校验文本', 4, 'inactive'),
	(20, 4, 'datetime', '时间', NULL, '时间', 5, 'active'),
	(21, 4, 'select', '下拉选择', NULL, '下拉选择', 6, 'active'),
	(22, 4, 'multi_enum', '多选下拉选择', NULL, '多选下拉选择', 7, 'active'),
	(23, 4, 'ref', '引用', NULL, '引用', 8, 'active'),
	(24, 4, 'multi_ref', '多选引用', NULL, '多选引用', 9, 'active'),
	(25, 4, '预留2', '预留2', NULL, '预留2', 10, 'inactive'),
	(26, 4, '预留3', '预留3', NULL, '预留3', 11, 'inactive'),
	(27, 5, 'common', '公共枚举', NULL, '公共枚举', 1, 'active'),
	(28, 5, 'private', '私有枚举', NULL, '私有枚举', 2, 'active'),
	(29, 6, 'belong', '属于', NULL, '属于', 1, 'active'),
	(30, 6, 'use', '使用', NULL, '使用', 2, 'active'),
	(31, 6, 'depend', '依赖', NULL, '依赖', 3, 'active'),
	(32, 6, 'relation', '关联', NULL, '关联', 4, 'active'),
	(33, 6, 'realize', '实现', NULL, '实现', 5, 'active'),
	(34, 7, 'new', '新增', NULL, NULL, 1, 'active'),
	(35, 7, 'update', '更新', NULL, NULL, 2, 'active'),
	(36, 7, 'delete', '删除', NULL, NULL, 3, 'active'),
	(37, 8, 'created', '创建', NULL, NULL, 6, 'active'),
	(38, 8, 'change', '变更', NULL, NULL, 7, 'active'),
	(39, 8, 'destroyed', '销毁', NULL, NULL, 8, 'active'),
	(40, 9, 'created', '创建', NULL, NULL, 1, 'active'),
	(41, 9, 'startup', '启动', NULL, NULL, 2, 'active'),
	(42, 9, 'change', '变更', NULL, NULL, 3, 'active'),
	(43, 9, 'stoped', '停止', NULL, NULL, 4, 'active'),
	(44, 9, 'destroyed', '销毁', NULL, NULL, 5, 'active'),
	(45, 10, 'insert', '添加', NULL, NULL, 1, 'active'),
	(46, 10, 'update', '更新', NULL, NULL, 2, 'active'),
	(47, 10, 'discard', '放弃', NULL, NULL, 3, 'active'),
	(48, 10, 'delete', '删除', NULL, NULL, 4, 'active'),
	(49, 10, 'confirm', '确认', NULL, NULL, 5, 'active'),
	(50, 10, 'startup', '启动', NULL, NULL, 6, 'active'),
	(51, 10, 'stop', '停止', NULL, NULL, 7, 'active'),
	(52, 11, 'insert', '插入', NULL, NULL, 1, 'active'),
	(53, 11, 'insert-update', '插入-更新', NULL, NULL, 2, 'active'),
	(54, 11, 'delete', '删除', NULL, NULL, 3, 'active'),
	(55, 11, 'update-delete', '更新-删除', NULL, NULL, 4, 'active'),
	(56, 11, 'update', '更新', NULL, NULL, 5, 'active'),
	(57, 11, 'confirm', '确认', NULL, NULL, 6, 'active'),
	(58, 20, 'business_group_A', '业务群组A', NULL, '业务群组A', 1, 'active'),
	(59, 20, 'business_group_B', '业务群组B', NULL, '业务群组B', 2, 'active'),
	(60, 21, 'tomcat', 'TOMCAT', NULL, 'tomcat', 2, 'active'),
	(61, 21, 'mysql', 'MQSQL', NULL, 'mysql', 1, 'active'),
	(62, 21, 'redis', 'REDIS', NULL, 'redis', 3, 'active'),
	(63, 22, 'tomcat7', 'TOMCAT 7.x', 60, 'tomcat_7', 1, 'active'),
	(64, 22, 'tomcat8', 'TOMCAT 8.x', 60, 'tomcat_8', 2, 'active'),
	(65, 22, '5.6', 'MySQL 5.6', 61, 'mysql_7', 3, 'active'),
	(66, 22, '5.7', 'MySQL 5.7', 61, 'mysql_8', 4, 'active'),
	(67, 22, '3.2', 'REDIS 3.2', 62, 'redis_4', 5, 'active'),
	(68, 22, '4.0', 'REDIS 4.0', 62, 'redis_5', 6, 'active'),
	(69, 24, 'PRD', '生产环境', NULL, '生产环境', 1, 'active'),
	(70, 24, 'DR', '容灾环境', NULL, '容灾环境', 2, 'active'),
	(71, 24, 'STGi', 'STGi环境', NULL, 'STGi环境', 3, 'active'),
	(72, 24, 'STGk', 'STGk环境', NULL, 'STGk环境', 4, 'active'),
	(73, 24, 'INTi', 'INTi环境', NULL, 'INTi环境', 5, 'active'),
	(74, 24, 'INTk', 'INTk环境', NULL, 'INTk环境', 6, 'active'),
	(75, 24, 'DEV', '开发环境', NULL, '开发环境', 7, 'active'),
	(76, 25, 'PERPAID', '包年包月', NULL, '包年包月', 1, 'active'),
	(77, 25, 'POSTPAID_BY_HOUR', '按量计费', NULL, '按量计费', 2, 'active'),
	(78, 27, 'client_layer', '客户层', NULL, '客户层', 1, 'active'),
	(79, 27, 'link_layer', '接入层', NULL, '接入层', 2, 'active'),
	(80, 27, 'buss_layer', '业务层', NULL, '业务层', 3, 'active'),
	(82, 28, 'RMB', 'RMB总线', NULL, 'tcp短连接', 2, 'active'),
	(83, 28, 'DIRECT', '直连访问', NULL, 'udp', 3, 'active'),
	(84, 29, 'sync_invoke', '同步调用', NULL, '同步调用', 1, 'active'),
	(85, 29, 'sync_request', '同步请求', NULL, '同步请求', 2, 'active'),
	(86, 29, 'async_respond', '异步返回', NULL, '异步返回', 3, 'active'),
	(87, 30, 'loadblacne', '负载均衡', 60, '负载均衡', 1, 'active'),
	(88, 30, 'keepalived', 'keepalived', 60, 'keepalived', 2, 'active'),
	(89, 30, 'mysql_ms', 'MYSQL主从', 61, 'mysql_主从', 3, 'active'),
	(90, 30, 'mysql_alone', 'MYSQL单机', 61, 'mysql_单机', 4, 'active'),
	(91, 30, 'redis_ms', 'REDIS主从', 62, 'redis_主从', 5, 'active'),
	(92, 30, 'redis_cluster', 'REDIS集群', 62, 'redis_单机', 6, 'active'),
	(94, 33, 'internet', '互联网', NULL, NULL, 5, 'active'),
	(95, 33, 'data_center', '数据中心', NULL, '数据中心', 1, 'active'),
	(96, 33, 'network_zone', '网络区域', NULL, '网络区域', 2, 'active'),
	(97, 33, 'business_zone', '业务区域', NULL, '业务区域', 3, 'active'),
	(98, 33, 'resource_set', '资源集合', NULL, '资源集合', 4, 'active'),
	(101, 34, 'PEERCONNECTION', '对等连接', NULL, '对等连接', 1, 'active'),
	(102, 34, 'NAT', 'NAT网关', NULL, 'NAT网关', 2, 'active'),
	(103, 35, 'single', '单资源集合', NULL, '单资源集合', 3, 'active'),
	(104, 35, 'local', '同城资源集合', NULL, '同城资源集合', 1, 'active'),
	(105, 35, 'remote', '异地资源集合', NULL, '异地资源集合', 2, 'active'),
	(106, 36, 'app.demo.com', '内网应用域名', NULL, '内网应用域名', 1, 'active'),
	(107, 36, 'db.demo.com', '内网数据库域名', NULL, '内网数据库域名', 2, 'active'),
	(108, 36, 'cache.demo.com', '内网缓存域名', NULL, '内网缓存域名', 3, 'active'),
	(109, 36, 'demo.com', '外网应用域名', NULL, '外网应用域名', 4, 'active'),
	(110, 38, 'standard', '标准型CVM', 60, '标准型CVM', 1, 'active'),
	(111, 38, 'memory', '内存型CVM', 60, '内存型CVM', 2, 'active'),
	(112, 38, '0', '异步同步类型', 61, '基础版mysql', 3, 'active'),
	(113, 38, '2', '强同步类型', 61, '高可用版mysql', 4, 'active'),
	(114, 38, '3', '3.2主从类型', 62, '基础版redis', 5, 'active'),
	(115, 38, '4', '3.2集群类型', 62, '高可用版redis', 6, 'active'),
	(116, 39, 'img-8toqc6s3', 'CentOs 7.4 64位', 60, 'CentOs 7.2 64位', 1, 'active'),
	(117, 39, 'img-6ns5om13', 'CentOs 6.8 64位', 60, 'CentOs 6.8 64位', 2, 'active'),
	(118, 39, '5.6', 'MySQL 5.6', 61, 'mysql5.5', 3, 'active'),
	(119, 39, '5.7', 'MySQL 5.7', 61, 'mysql5.6', 4, 'active'),
	(120, 39, 'REDIS3.2', 'REDIS 3.2', 62, 'redis3.0', 5, 'active'),
	(121, 39, 'REDIS4.0', 'REDIS 4.0', 62, 'redis4.0', 6, 'active'),
	(122, 40, '1C2G', '1核2GB', 60, '1核2GB', 1, 'active'),
	(123, 40, '2C4G', '2核4GB', 60, '2核4GB', 2, 'active'),
	(124, 40, '2000', '2GB', 61, '1核2GB', 3, 'active'),
	(125, 40, '4000', '4GB', 61, '2核4GB', 4, 'active'),
	(126, 40, '2048', '2GB', 62, '4GB', 5, 'active'),
	(127, 40, '4096', '4GB', 62, '8GB', 6, 'active'),
	(128, 41, 'loadblance_node', '负载均衡节点', 87, '负载均衡节点', 1, 'active'),
	(129, 41, 'keepalived_master', 'Keepalived主节点', 88, 'Keepalived主节点', 2, 'active'),
	(130, 41, 'keepalived_slave', 'Keepalived从节点', 88, 'Keepalived从节点', 3, 'active'),
	(131, 41, 'master', 'MYSQL主节点', 89, 'mysql主节点', 4, 'active'),
	(132, 41, 'ro', 'MYSQL只读节点', 89, 'mysql从节点', 5, 'active'),
	(133, 41, 'master', 'REDIS读写节点', 90, 'mysql节点', 6, 'active'),
	(134, 41, 'redis_node', '主从统一节点', 91, 'redis主节点', 7, 'active'),
	(136, 41, 'redis_node', '集群节点', 92, 'redis节点', 9, 'active'),
	(137, 42, 'CLOUD_PREMIUM', '高性能', NULL, '高性能', 1, 'active'),
	(138, 42, 'CLOUD_BASIC', '高容量', NULL, '高容量', 2, 'active'),
	(139, 42, 'CLOUD_SSD', 'SSD', NULL, 'SSD', 3, 'active'),
	(140, 43, '外网IP', '外网IP', NULL, '业务IP', 1, 'active'),
	(141, 43, '网关IP', '网关IP', NULL, '网关IP', 2, 'active'),
	(142, 43, '广播IP', '广播IP', NULL, '广播IP', 3, 'active'),
	(143, 43, '资源IP', '资源IP', NULL, '外网IP', 4, 'active'),
	(254, 20, 'business_group_mt', '业务群组MT ', NULL, NULL, 3, 'active'),
	(256, 34, 'VPN', 'VPN网关', NULL, NULL, 3, 'active'),
	(257, 21, 'nginx', 'NGINX', NULL, NULL, 4, 'active'),
	(258, 22, 'nginx1.8', 'NGINX 1.8', 257, NULL, 7, 'active'),
	(260, 12, '26', '网络区域设计', NULL, NULL, 2, 'active'),
	(261, 12, '27', '网络区域连接设计', NULL, NULL, 3, 'active'),
	(262, 12, '28', '业务区域设计', NULL, NULL, 4, 'active'),
	(263, 12, '29', '资源集合设计', NULL, NULL, 5, 'active'),
	(264, 12, '36', '资源集合调用设计', NULL, NULL, 6, 'active'),
	(265, 21, 'bdp', 'BDP', NULL, NULL, 5, 'active'),
	(266, 22, 'hadoop_2.0', 'hadoop_2.0', 265, NULL, 8, 'active'),
	(267, 20, 'business_group_cs', '业务群组CS', NULL, NULL, 5, 'active'),
	(268, 39, 'img-31tjrtph11', 'CentOs 7.2 64位', 257, NULL, 7, 'active'),
	(269, 38, 'standard', '标准型CVM', 257, NULL, 7, 'active'),
	(270, 40, '1C2G', '1核2GB', 257, NULL, 7, 'active'),
	(272, 13, 'guid_of_network_zone_design', '[{"ciTypeId":26},{"ciTypeId":25,"parentRs":{"attrId": 457,"isReferedFromParent": 1}}]', 260, NULL, 2, 'active'),
	(273, 44, 'ext3', 'EXT3', NULL, NULL, 1, 'active'),
	(274, 39, 'img-pecg18g2', '自带监控Agent CentOs ', 60, NULL, 8, 'active'),
	(275, 45, 'LOCAL', '本地文件', NULL, NULL, 1, 'active'),
	(276, 45, 'S3', 'S3文件', NULL, NULL, 2, 'active'),
	(277, 45, 'USER_PARAM', '上传脚本内容', NULL, NULL, 3, 'active'),
	(279, 30, 'bdpcluster', '大数据集群', 265, NULL, 7, 'active'),
	(280, 21, 'unknown', '未知', NULL, NULL, 6, 'active'),
	(281, 22, 'nonstandard', '非标准', 280, NULL, 9, 'active'),
	(282, 30, 'multi-node', '多节点', 280, NULL, 8, 'active'),
	(283, 41, 'anynode', '任一节点', 282, NULL, 10, 'active'),
	(284, 13, 'guid_of_network_zone_link_design', '[{"ciTypeId":27},{"ciTypeId":26,"parentRs":{"attrId":471,"isReferedFromParent":1}},{"ciTypeId":25,"parentRs":{"attrId":457,"isReferedFromParent":1}}]', 261, NULL, 3, 'active'),
	(285, 13, 'guid_of_business_zone_design', '[{"ciTypeId":28},{"ciTypeId":26,"parentRs":{"attrId":486,"isReferedFromParent":1}},{"ciTypeId":25,"parentRs":{"attrId":457,"isReferedFromParent":1}}]', 262, NULL, 4, 'active'),
	(287, 13, 'guid_of_resource_set_design', '[{"ciTypeId":29},{"ciTypeId":28,"parentRs":{"attrId":500,"isReferedFromParent":1}},{"ciTypeId":26,"parentRs":{"attrId":486,"isReferedFromParent":1}},{"ciTypeId":25,"parentRs":{"attrId":457,"isReferedFromParent":1}}]', 263, NULL, 5, 'active'),
	(288, 13, 'guid_of_resource_set_invoke_design', '[{"ciTypeId":36},{"ciTypeId":29,"parentRs":{"attrId":923,"isReferedFromParent":1}},{"ciTypeId":28,"parentRs":{"attrId":500,"isReferedFromParent":1}},{"ciTypeId":26,"parentRs":{"attrId":486,"isReferedFromParent":1}},{"ciTypeId":25,"parentRs":{"attrId":457,"isReferedFromParent":1}}]', 264, NULL, 6, 'active'),
	(289, 14, '23', '网段', NULL, NULL, 1, 'active'),
	(290, 14, '19', '网络区域', NULL, NULL, 3, 'active'),
	(291, 14, '20', '网络区域连接', NULL, NULL, 4, 'active'),
	(292, 14, '21', '业务区域', NULL, NULL, 5, 'active'),
	(293, 14, '22', '资源集合', NULL, NULL, 6, 'active'),
	(294, 14, '37', '资源集合调用', NULL, NULL, 7, 'active'),
	(295, 16, '2', '子系统设计', NULL, NULL, 1, 'active'),
	(296, 16, '3', '单元设计', NULL, NULL, 2, 'active'),
	(297, 16, '4', '服务设计', NULL, NULL, 3, 'active'),
	(298, 16, '5', '调用设计', NULL, NULL, 4, 'active'),
	(299, 16, '6', '服务调用时序设计', NULL, NULL, 6, 'active'),
	(300, 18, '8', '子系统', NULL, NULL, 1, 'active'),
	(301, 18, '9', '单元', NULL, NULL, 2, 'active'),
	(303, 18, '11', '调用', NULL, NULL, 3, 'active'),
	(304, 18, '14', '业务应用实例', NULL, NULL, 4, 'active'),
	(305, 14, '15', '资源实例', NULL, NULL, 9, 'active'),
	(306, 14, '16', '块存储', NULL, NULL, 10, 'active'),
	(307, 17, 'guid_of_subsys_design', '[{"ciTypeId":2},{"ciTypeId":1,"parentRs":{"attrId": 27,"isReferedFromParent":1}}]', 295, NULL, 1, 'active'),
	(308, 17, 'guid_of_unit_design', '[{"ciTypeId":3},{"ciTypeId":2,"parentRs":{"attrId": 43,"isReferedFromParent":1}},{"ciTypeId":1,"parentRs":{"attrId": 27,"isReferedFromParent":1}}]', 296, NULL, 2, 'active'),
	(309, 17, 'guid_of_service_design', '[{"ciTypeId":4},{"ciTypeId":3,"parentRs":{"attrId": 60,"isReferedFromParent":1}},{"ciTypeId":2,"parentRs":{"attrId": 43,"isReferedFromParent":1}},{"ciTypeId":1,"parentRs":{"attrId": 27,"isReferedFromParent":1}}]', 297, NULL, 3, 'active'),
	(310, 17, 'guid_of_invoke_design', '[{"ciTypeId":5},{"ciTypeId":3,"parentRs":{"attrId": 76,"isReferedFromParent":1}},{"ciTypeId":2,"parentRs":{"attrId": 43,"isReferedFromParent":1}},{"ciTypeId":1,"parentRs":{"attrId": 27,"isReferedFromParent":1}}]', 298, NULL, 4, 'active'),
	(311, 17, 'guid_of_invoke_seq_design', '[{"ciTypeId":6},{"ciTypeId":1,"parentRs":{"attrId": 91,"isReferedFromParent":1}}]', 299, NULL, 6, 'active'),
	(312, 19, 'guid_of_subsys', '[{"ciTypeId":8},{"ciTypeId":7,"parentRs":{"attrId": 120,"isReferedFromParent":1}}]', 300, NULL, 1, 'active'),
	(313, 19, 'guid_of_unit', '[{"ciTypeId":9},{"ciTypeId":8,"parentRs":{"attrId": 136,"isReferedFromParent":1}},{"ciTypeId":7,"parentRs":{"attrId": 120,"isReferedFromParent":1}}]', 301, NULL, 2, 'active'),
	(315, 19, 'guid_of_invoke', '[{"ciTypeId":11},{"ciTypeId":9,"parentRs":{"attrId": 175,"isReferedFromParent":1}},{"ciTypeId":8,"parentRs":{"attrId": 136,"isReferedFromParent":1}},{"ciTypeId":7,"parentRs":{"attrId": 120,"isReferedFromParent":1}}]', 303, NULL, 3, 'active'),
	(316, 19, 'guid_of_business_app_instance', '[{"ciTypeId":14},{"ciTypeId":9,"parentRs":{"attrId": 236,"isReferedFromParent":1}},{"ciTypeId":8,"parentRs":{"attrId": 136,"isReferedFromParent":1}},{"ciTypeId":7,"parentRs":{"attrId": 120,"isReferedFromParent":1}}]', 304, NULL, 4, 'active'),
	(317, 15, 'guid_of_network_zone', '[{"ciTypeId":19},{"ciTypeId":18,"parentRs":{"attrId": 339,"isReferedFromParent":1}}]', 290, NULL, 3, 'active'),
	(318, 15, 'guid_of_network_zone_link', '[{"ciTypeId":20},{"ciTypeId":19,"parentRs":{"attrId": 358,"isReferedFromParent": 1}},{"ciTypeId":18,"parentRs":{"attrId": 339,"isReferedFromParent":1}}]', 291, NULL, 4, 'active'),
	(319, 15, 'guid_of_business_zone', '[{"ciTypeId":21},{"ciTypeId":19,"parentRs":{"attrId": 376,"isReferedFromParent": 1}},{"ciTypeId":18,"parentRs":{"attrId": 339,"isReferedFromParent":1}}]', 292, NULL, 5, 'active'),
	(320, 15, 'guid_of_resource_set', '[{"ciTypeId":22},{"ciTypeId":21,"parentRs":{"attrId": 391,"isReferedFromParent": 1}},{"ciTypeId":19,"parentRs":{"attrId": 376,"isReferedFromParent": 1}},{"ciTypeId":18,"parentRs":{"attrId": 339,"isReferedFromParent":1}}]', 293, NULL, 6, 'active'),
	(321, 15, 'guid_of_resource_set_invoke', '[{"ciTypeId":37},{"ciTypeId":22,"parentRs":{"attrId": 925,"isReferedFromParent": 1}},{"ciTypeId":21,"parentRs":{"attrId": 391,"isReferedFromParent": 1}},{"ciTypeId":19,"parentRs":{"attrId": 376,"isReferedFromParent": 1}},{"ciTypeId":18,"parentRs":{"attrId": 339,"isReferedFromParent":1}}]', 294, NULL, 7, 'active'),
	(322, 15, 'guid_of_resource_instance', '[{"ciTypeId":15},{"ciTypeId":22,"parentRs":{"attrId": 258,"isReferedFromParent": 1}},{"ciTypeId":21,"parentRs":{"attrId": 391,"isReferedFromParent": 1}},{"ciTypeId":19,"parentRs":{"attrId": 376,"isReferedFromParent": 1}},{"ciTypeId":18,"parentRs":{"attrId": 339,"isReferedFromParent":1}}]', 305, NULL, 9, 'active'),
	(323, 15, 'guid_of_block_storage', '[{"ciTypeId":16},{"ciTypeId":22,"parentRs":{"attrId": 728,"isReferedFromParent": 1}},{"ciTypeId":21,"parentRs":{"attrId": 391,"isReferedFromParent": 1}},{"ciTypeId":19,"parentRs":{"attrId": 376,"isReferedFromParent": 1}},{"ciTypeId":18,"parentRs":{"attrId": 339,"isReferedFromParent":1}}]', 306, NULL, 10, 'active'),
	(324, 34, 'DLINK', '互联网直连', NULL, NULL, 4, 'active'),
	(325, 21, 'client', '客户端', NULL, NULL, 7, 'active'),
	(326, 22, 'brower', 'brower', 325, NULL, 10, 'active'),
	(327, 38, 'werer', '桌面系统', 325, NULL, 8, 'active'),
	(328, 39, 'img-29hl923v', 'WinServer2012 64位', 325, NULL, 9, 'active'),
	(329, 40, '2C4G', '2核4GB', 325, NULL, 8, 'active'),
	(330, 30, 'multi-node', '多节点', 325, NULL, 9, 'active'),
	(331, 41, 'anynode', '任一节点', 330, NULL, 11, 'active'),
	(334, 33, 'app_loadbalance', '应用负载均衡', NULL, NULL, 6, 'active'),
	(335, 33, 'db_loadbalance', '数据库负载均衡', NULL, NULL, 7, 'active'),
	(336, 46, 'region', '地域级', NULL, NULL, 1, 'active'),
	(337, 46, 'zone', '可用区级', NULL, NULL, 2, 'active'),
	(338, 21, 'app_lb', '应用负载均衡', NULL, NULL, 8, 'active'),
	(339, 21, 'db_lb', '数据库负载均衡', NULL, NULL, 9, 'active'),
	(340, 22, 'clb', 'CLB', 338, NULL, 11, 'active'),
	(341, 22, 'clb', 'CLB', 339, NULL, 12, 'active'),
	(342, 38, 'internal_lb', '内网类型', 338, NULL, 9, 'active'),
	(343, 38, 'internal_lb', '内网类型', 339, NULL, 10, 'active'),
	(344, 39, 'clb', 'CLB', 338, NULL, 10, 'active'),
	(345, 40, '1', '1', 338, NULL, 9, 'active'),
	(346, 40, '1', '1', 339, NULL, 10, 'active'),
	(347, 39, 'clb', 'CLB', 339, NULL, 11, 'active'),
	(348, 21, 'internet_lb', '公网负载均衡', NULL, NULL, 10, 'active'),
	(349, 22, 'clb', 'CLB', 348, NULL, 13, 'active'),
	(350, 38, 'external_lb', '公网类型', 348, NULL, 11, 'active'),
	(351, 39, 'clb', 'CLB', 348, NULL, 12, 'active'),
	(352, 40, '1', '1', 348, NULL, 11, 'active'),
	(353, 30, 'multi-node', 'LB多活', 338, NULL, 10, 'active'),
	(354, 30, 'multi-node', 'LB多活', 339, NULL, 11, 'active'),
	(355, 30, 'multi-node', 'LB多活', 348, NULL, 12, 'active'),
	(356, 41, 'onenode', '单一节点', 353, NULL, 12, 'active'),
	(357, 41, 'onenode', '单一节点', 354, NULL, 13, 'active'),
	(358, 41, 'onenode', '单一节点', 355, NULL, 14, 'active'),
	(361, 47, 'TCP', 'TCP', NULL, NULL, 1, 'active'),
	(362, 48, '同步', '同步', 82, NULL, 1, 'active'),
	(363, 48, '异步', '异步', 82, NULL, 2, 'active'),
	(364, 48, '广播', '广播', 82, NULL, 3, 'active'),
	(365, 49, 'query', '查询类', NULL, NULL, 1, 'active'),
	(366, 49, 'transaction', '交易类', NULL, NULL, 2, 'active'),
	(367, 48, '同步', '同步调用', 83, NULL, 4, 'active'),
	(368, 16, '35', '服务调用设计', NULL, NULL, 5, 'active'),
	(369, 17, 'guid_of_service_invoke_design', '[{"ciTypeId":35},{"ciTypeId":3,"parentRs":{"attrId": 888,"isReferedFromParent":1}},{"ciTypeId":2,"parentRs":{"attrId": 43,"isReferedFromParent":1}},{"ciTypeId":1,"parentRs":{"attrId": 27,"isReferedFromParent":1}}]', 368, NULL, 5, 'active'),
	(370, 12, '30', '网段设计', NULL, NULL, 1, 'active'),
	(371, 13, 'guid_of_network_segment_design', '[{"ciTypeId":30},{"ciTypeId":25,"parentRs":{"attrId": 940,"isReferedFromParent":1}}]', 370, NULL, 1, 'active'),
	(372, 12, '31', '路由规则设计', NULL, NULL, 7, 'active'),
	(373, 13, 'guid_of_routing_rule_design', '[{"ciTypeId":31},{"ciTypeId":30,"parentRs":{"attrId": 531,"isReferedFromParent":1}},{"ciTypeId":25,"parentRs":{"attrId": 940,"isReferedFromParent":1}}]', 372, NULL, 7, 'active'),
	(374, 14, '24', '路由规则', NULL, NULL, 8, 'active'),
	(375, 15, 'guid_of_network_segment', '[{"ciTypeId":23},{"ciTypeId":18,"parentRs":{"attrId": 934,"isReferedFromParent":1}}]', 289, NULL, 1, 'active'),
	(376, 15, 'guid_of_routing_rule', '[{"ciTypeId":24},{"ciTypeId":23,"parentRs":{"attrId": 428,"isReferedFromParent":1}},{"ciTypeId":18,"parentRs":{"attrId": 934,"isReferedFromParent":1}}]', 374, NULL, 8, 'active'),
	(377, 14, '17', 'IP地址', NULL, NULL, 2, 'active'),
	(378, 15, 'guid_of_ip_address', '[{"ciTypeId":17},{"ciTypeId":23,"parentRs":{"attrId": 310,"isReferedFromParent":1}},{"ciTypeId":18,"parentRs":{"attrId": 934,"isReferedFromParent":1}}]', 377, NULL, 2, 'active'),
	(379, 50, 'vpc', 'VPC网络区域', 336, NULL, 1, 'active'),
	(380, 50, 'normal', '网络区域', 337, NULL, 2, 'active'),
	(381, 38, '6', '4.0主从类型', 62, NULL, 12, 'active'),
	(382, 38, '7', '4.0集群类型', 62, NULL, 13, 'active'),
	(383, 51, 'ingress', '入站规则', NULL, NULL, 1, 'active'),
	(384, 51, 'egress', '出站规则', NULL, NULL, 2, 'active'),
	(385, 52, 'DROP', '拒绝', NULL, NULL, 1, 'active'),
	(386, 52, 'ACCEPT', '通过', NULL, NULL, 2, 'active'),
	(387, 19, 'guid_of_deploy_detail', '[{"ciTypeId": 7},{ "ciTypeId": 1, "parentRs": { "attrId": 106, "isReferedFromParent": 1}}]', NULL, NULL, 8, 'active'),
	(391, 1, 'APL', '应用开发层', NULL, '应用开发层', 2, 'active');
/*!40000 ALTER TABLE `adm_basekey_code` ENABLE KEYS */;

-- 正在导出表  wecmdb_embedded.adm_ci_type 的数据：~37 rows (大约)
/*!40000 ALTER TABLE `adm_ci_type` DISABLE KEYS */;
INSERT INTO `adm_ci_type` (`id_adm_ci_type`, `name`, `description`, `id_adm_tenement`, `table_name`, `status`, `catalog_id`, `ci_global_unique_id`, `seq_no`, `layer_id`, `zoom_level_id`, `image_file_id`, `ci_state_type`) VALUES
	(1, '系统设计', '系统设计', NULL, 'system_design', 'created', 6, NULL, 1, 1, NULL, 35, NULL),
	(2, '子系统设计', '子系统设计', NULL, 'subsys_design', 'created', 6, NULL, 2, 1, NULL, 36, NULL),
	(3, '单元设计', '单元设计', NULL, 'unit_design', 'created', 6, NULL, 3, 1, NULL, 37, NULL),
	(4, '服务设计', '服务设计', NULL, 'service_design', 'created', 6, NULL, 4, 1, NULL, 38, NULL),
	(5, '调用设计', '调用设计', NULL, 'invoke_design', 'created', 6, NULL, 5, 1, NULL, 39, NULL),
	(6, '服务调用时序设计', '服务调用时序设计', NULL, 'service_invoke_seq_design', 'created', 6, NULL, 6, 1, NULL, 40, NULL),
	(7, '系统', '系统', NULL, 'we_system', 'created', 7, NULL, 1, 2, NULL, 67, NULL),
	(8, '子系统', '子系统', NULL, 'subsys', 'created', 7, NULL, 2, 2, NULL, 41, NULL),
	(9, '单元', '单元', NULL, 'unit', 'created', 7, NULL, 3, 2, NULL, 42, NULL),
	(10, '服务', '服务', NULL, 'service', 'created', 7, NULL, 4, 2, NULL, 43, NULL),
	(11, '调用', '调用', NULL, 'invoke', 'created', 7, NULL, 5, 2, NULL, 44, NULL),
	(12, '部署包', '部署包', NULL, 'deploy_package', 'created', 7, NULL, 6, 391, NULL, 47, NULL),
	(14, '业务应用实例', '业务应用实例', NULL, 'business_app_instance', 'created', 8, NULL, 1, 2, NULL, 48, NULL),
	(15, '资源实例', '资源实例', NULL, 'resource_instance', 'created', 8, NULL, 2, 3, NULL, 49, NULL),
	(16, '块存储', '块存储', NULL, 'block_storage', 'created', 8, NULL, 3, 3, NULL, 50, NULL),
	(17, 'IP地址', 'IP地址', NULL, 'ip_address', 'created', 8, NULL, 4, 3, NULL, 51, NULL),
	(18, '数据中心', '数据中心', NULL, 'data_center', 'created', 9, NULL, 1, 4, NULL, 52, NULL),
	(19, '网络区域', '网络区域', NULL, 'network_zone', 'created', 9, NULL, 2, 4, NULL, 53, NULL),
	(20, '网络区域连接', '网络区域连接', NULL, 'network_zone_link', 'created', 9, NULL, 3, 4, NULL, 54, NULL),
	(21, '业务区域', '业务区域', NULL, 'business_zone', 'created', 9, NULL, 4, 4, NULL, 55, NULL),
	(22, '资源集合', '资源集合', NULL, 'resource_set', 'created', 9, NULL, 5, 4, NULL, 56, NULL),
	(23, '网段', '网段', NULL, 'network_segment', 'created', 9, NULL, 6, 4, NULL, 57, NULL),
	(24, '路由规则', '路由规则', NULL, 'routing_rule', 'created', 9, NULL, 7, 4, NULL, 59, NULL),
	(25, '数据中心设计', '数据中心设计', NULL, 'data_center_design', 'created', 10, NULL, 1, 5, NULL, 60, NULL),
	(26, '网络区域设计', '网络区域设计', NULL, 'network_zone_design', 'created', 10, NULL, 2, 5, NULL, 61, NULL),
	(27, '网络区域连接设计', '网络区域连接设计', NULL, 'network_zone_link_design', 'created', 10, NULL, 3, 5, NULL, 62, NULL),
	(28, '业务区域设计', '业务区域设计', NULL, 'business_zone_design', 'created', 10, NULL, 4, 5, NULL, 63, NULL),
	(29, '资源集合设计', '资源集合设计', NULL, 'resource_set_design', 'created', 10, NULL, 5, 5, NULL, 64, NULL),
	(30, '网段设计', '网段设计', NULL, 'network_segment_design', 'created', 10, NULL, 6, 5, NULL, 65, NULL),
	(31, '路由规则设计', '路由规则设计', NULL, 'routing_rule_design', 'created', 10, NULL, 7, 5, NULL, 66, NULL),
	(32, '差异配置', '差异配置', NULL, 'diff_configuration', 'created', 7, NULL, 8, 391, NULL, 1, NULL),
	(35, '服务调用设计', '服务调用设计', NULL, 'service_invoke_design', 'created', NULL, NULL, 1, 1, NULL, 9, NULL),
	(36, '资源集合调用设计', '资源集合调用设计', NULL, 'resource_set_invoke_design', 'created', NULL, NULL, 2, 5, NULL, 5, NULL),
	(37, '资源集合调用', '资源集合调用', NULL, 'resource_set_invoke', 'created', NULL, NULL, 3, 4, NULL, 1, NULL),
	(38, '默认安全策略', '默认安全策略', NULL, 'default_security_policy', 'created', NULL, NULL, 4, 4, NULL, 1, NULL),
	(39, '直连服务调用', '直连服务调用', NULL, 'direct_service_invoke', 'created', NULL, NULL, 5, 2, NULL, 1, NULL);
/*!40000 ALTER TABLE `adm_ci_type` ENABLE KEYS */;

-- 正在导出表  wecmdb_embedded.adm_ci_type_attr_base 的数据：~12 rows (大约)
/*!40000 ALTER TABLE `adm_ci_type_attr_base` DISABLE KEYS */;
INSERT INTO `adm_ci_type_attr_base` (`id_adm_ci_type_attr`, `id_adm_ci_type`, `name`, `description`, `input_type`, `property_name`, `property_type`, `length`, `reference_id`, `reference_name`, `reference_type`, `filter_rule`, `search_seq_no`, `display_type`, `display_seq_no`, `edit_is_null`, `edit_is_only`, `edit_is_hiden`, `edit_is_editable`, `is_defunct`, `special_logic`, `status`, `is_system`, `is_access_controlled`, `is_auto`, `auto_fill_rule`, `regular_expression_rule`, `is_refreshable`) VALUES
	(1, 1, '全局唯一ID', '全局唯一ID', 'text', 'guid', 'varchar', 15, NULL, NULL, NULL, NULL, 0, 0, 0, 0, 1, 0, 0, 0, NULL, 'notCreated', 1, 0, 0, NULL, NULL, 0),
	(2, 1, '前全局唯一ID', '前一版本数据的guid', 'text', 'p_guid', 'varchar', 15, NULL, NULL, NULL, NULL, 0, 0, 0, 1, 0, 0, 0, 0, NULL, 'notCreated', 1, 0, 0, NULL, NULL, 1),
	(3, 1, '根全局唯一ID', '原始数据guid', 'text', 'r_guid', 'varchar', 15, NULL, NULL, NULL, NULL, 0, 0, 0, 0, 0, 0, 0, 0, NULL, 'notCreated', 1, 0, 0, NULL, NULL, 0),
	(4, 1, '更新用户', '更新用户', 'text', 'updated_by', 'varchar', 50, NULL, NULL, NULL, NULL, 0, 0, 0, 0, 0, 1, 0, 0, NULL, 'notCreated', 1, 0, 0, NULL, NULL, 1),
	(5, 1, '更新日期', '更新日期', 'date', 'updated_date', 'datetime', 1, NULL, NULL, NULL, NULL, 0, 0, 0, 0, 0, 1, 0, 0, NULL, 'notCreated', 1, 0, 0, NULL, NULL, 1),
	(6, 1, '创建用户', '创建用户', 'text', 'created_by', 'varchar', 50, NULL, NULL, NULL, NULL, 0, 0, 0, 0, 0, 1, 0, 0, NULL, 'notCreated', 1, 0, 0, NULL, NULL, 0),
	(7, 1, '创建日期', '创建日期', 'date', 'created_date', 'datetime', 1, NULL, NULL, NULL, NULL, 0, 0, 0, 0, 0, 1, 0, 0, NULL, 'notCreated', 1, 0, 0, NULL, NULL, 0),
	(8, 1, '唯一名称', '唯一名称', 'text', 'key_name', 'varchar', 200, NULL, NULL, NULL, NULL, 1, 1, 1, 0, 1, 0, 0, 0, NULL, 'notCreated', 1, 0, 1, NULL, NULL, 0),
	(9, 1, '状态', '状态', 'select', 'state', 'int', 15, NULL, NULL, NULL, NULL, 2, 1, 2, 0, 0, 0, 0, 0, NULL, 'notCreated', 1, 0, 0, NULL, NULL, 0),
	(10, 1, '确认日期', '确认日期', 'text', 'fixed_date', 'varchar', 19, NULL, NULL, NULL, NULL, 4, 1, 4, 1, 0, 0, 0, 0, NULL, 'notCreated', 1, 0, 0, NULL, NULL, 0),
	(11, 1, '描述说明', '描述说明', 'textArea', 'description', 'varchar', 1000, NULL, NULL, NULL, NULL, 5, 1, 5, 1, 0, 0, 1, 0, NULL, 'notCreated', 1, 0, 0, NULL, NULL, 0),
	(12, 1, '编码', '编码', 'text', 'code', 'varchar', 50, NULL, NULL, NULL, NULL, 3, 1, 3, 0, 0, 0, 1, 0, NULL, 'notCreated', 1, 0, 0, NULL, NULL, 0);
/*!40000 ALTER TABLE `adm_ci_type_attr_base` ENABLE KEYS */;

-- 正在导出表  wecmdb_embedded.adm_ci_type_attr_group 的数据：~0 rows (大约)
/*!40000 ALTER TABLE `adm_ci_type_attr_group` DISABLE KEYS */;
/*!40000 ALTER TABLE `adm_ci_type_attr_group` ENABLE KEYS */;

-- 正在导出表  wecmdb_embedded.adm_files 的数据：~42 rows (大约)

/*!40000 ALTER TABLE `adm_files` ENABLE KEYS */;

-- 正在导出表  wecmdb_embedded.adm_integrate_template 的数据：~0 rows (大约)
/*!40000 ALTER TABLE `adm_integrate_template` DISABLE KEYS */;
INSERT INTO `adm_integrate_template` (`id_adm_integrate_template`, `ci_type_id`, `name`, `des`) VALUES
	(1, 25, '网段设计视图', '网段设计视图');
/*!40000 ALTER TABLE `adm_integrate_template` ENABLE KEYS */;

-- 正在导出表  wecmdb_embedded.adm_integrate_template_alias 的数据：~4 rows (大约)
/*!40000 ALTER TABLE `adm_integrate_template_alias` DISABLE KEYS */;
INSERT INTO `adm_integrate_template_alias` (`id_alias`, `id_adm_ci_type`, `id_adm_integrate_template`, `alias`) VALUES
	(1, 25, 1, '数据中心设计'),
	(2, 30, 1, '2-1-网段设计-数据中心设计'),
	(3, 30, 1, '3-1-网段设计-父网段设计'),
	(4, 30, 1, '4-1-网段设计-父网段设计');
/*!40000 ALTER TABLE `adm_integrate_template_alias` ENABLE KEYS */;

-- 正在导出表  wecmdb_embedded.adm_integrate_template_alias_attr 的数据：~2 rows (大约)
/*!40000 ALTER TABLE `adm_integrate_template_alias_attr` DISABLE KEYS */;
INSERT INTO `adm_integrate_template_alias_attr` (`id_attr`, `id_alias`, `id_ci_type_attr`, `is_condition`, `is_displayed`, `mapping_name`, `filter`, `key_name`, `seq_no`, `cn_alias`, `sys_attr`) VALUES
	(1, 1, 439, '1', '1', '唯一名称', NULL, 'dataCenterDesign$keyName', 1, NULL, NULL),
	(2, 2, 510, '1', '1', '唯一名称', NULL, 'dataCenterDesign-networkSegmentDesign$keyName', 1, NULL, NULL),
	(3, 3, 510, '1', '1', '唯一名称', NULL, 'dataCenterDesign-networkSegmentDesign-networkSegmentDesign$keyName', 1, NULL, NULL);
/*!40000 ALTER TABLE `adm_integrate_template_alias_attr` ENABLE KEYS */;

-- 正在导出表  wecmdb_embedded.adm_integrate_template_relation 的数据：~3 rows (大约)
/*!40000 ALTER TABLE `adm_integrate_template_relation` DISABLE KEYS */;
INSERT INTO `adm_integrate_template_relation` (`id_relation`, `child_alias_id`, `child_ref_attr_id`, `parent_alias_id`, `is_refered_from_parent`) VALUES
	(1, 2, 940, 1, 0),
	(2, 3, 518, 2, 0),
	(3, 4, 518, 3, 0);
/*!40000 ALTER TABLE `adm_integrate_template_relation` ENABLE KEYS */;

-- 正在导出表  wecmdb_embedded.adm_menu 的数据：~19 rows (大约)
/*!40000 ALTER TABLE `adm_menu` DISABLE KEYS */;
INSERT INTO `adm_menu` (`id_adm_menu`, `name`, `other_name`, `url`, `seq_no`, `remark`, `parent_id_adm_menu`, `class_path`, `is_active`) VALUES
	(1, 'DATA_QUERY', '数据查询', NULL, 1, NULL, NULL, NULL, 0),
	(2, 'DATA_MANAGEMENT', '数据管理', NULL, 2, NULL, NULL, NULL, 0),
	(4, 'VIEW_MANAGEMENT', '视图管理', NULL, 4, NULL, NULL, NULL, 0),
	(5, 'ADMIN', '系统', NULL, 5, NULL, NULL, NULL, 0),
	(6, 'DESIGNING_CI_DATA_ENQUIRY', 'CI数据查询', NULL, 6, NULL, 1, NULL, 0),
	(7, 'DESIGNING_CI_INTEGRATED_QUERY_EXECUTION', 'CI数据综合查询', NULL, 7, NULL, 1, NULL, 0),
	(8, 'CMDB_DESIGNING_ENUM_ENQUIRY', '枚举数据查询', NULL, 8, NULL, 1, NULL, 0),
	(9, 'DESIGNING_CI_DATA_MANAGEMENT', 'CI数据管理', NULL, 9, NULL, 2, NULL, 0),
	(10, 'DESIGNING_CI_INTEGRATED_QUERY_MANAGEMENT', 'CI综合查询管理', NULL, 10, NULL, 2, NULL, 0),
	(11, 'CMDB_DESIGNING_ENUM_MANAGEMENT', '枚举数据管理', NULL, 11, NULL, 2, NULL, 0),
	(16, 'IDC_PLANNING_DESIGN', 'IDC规划设计', NULL, 16, NULL, 4, NULL, 0),
	(17, 'IDC_RESOURCE_PLANNING', 'IDC资源规划', NULL, 17, NULL, 4, NULL, 0),
	(18, 'APPLICATION_ARCHITECTURE_DESIGN', '应用架构设计', NULL, 18, NULL, 4, NULL, 0),
	(19, 'APPLICATION_DEPLOYMENT_DESIGN', '应用部署设计', NULL, 19, NULL, 4, NULL, 0),
	(20, 'ADMIN_CMDB_MODEL_MANAGEMENT', 'CMDB模型管理', NULL, 20, NULL, 5, NULL, 0),
	(21, 'ADMIN_PERMISSION_MANAGEMENT', '系统权限管理', NULL, 21, NULL, 5, NULL, 0),
	(22, 'CMDB_ADMIN_BASE_DATA_MANAGEMENT', '基础数据管理', NULL, 22, NULL, 5, NULL, 0),
	(23, 'ADMIN_QUERY_LOG', '日志查询', NULL, 23, NULL, 5, NULL, 0),
	(24, 'ADMIN_USER_PASSWORD_MANAGEMENT', '用户密码管理', NULL, 24, NULL, 5, NULL, 0);
/*!40000 ALTER TABLE `adm_menu` ENABLE KEYS */;

-- 正在导出表  wecmdb_embedded.adm_role 的数据：~11 rows (大约)
/*!40000 ALTER TABLE `adm_role` DISABLE KEYS */;
INSERT INTO `adm_role` (`id_adm_role`, `role_name`, `description`, `id_adm_tenement`, `parent_id_adm_role`, `role_type`, `is_system`) VALUES
	(1, 'SUPER_ADMIN', '超级管理员', NULL, NULL, 'ADMIN', 1),
	(2, 'CMDB_ADMIN', 'CMDB管理员', NULL, NULL, 'ADMIN', 0),
	(3, 'PLUGIN_ADMIN', '插件管理员', NULL, NULL, 'ADMIN', 0),
	(4, 'IDC_ARCHITECT', '基础架构规划-IDC', NULL, NULL, 'ADMIN', 0),
	(5, 'NETWORK_ARCHITECT', '基础架构规划-网络', NULL, NULL, 'ADMIN', 0),
	(6, 'APP_ARCHITECT', '应用架构师', NULL, NULL, 'ADMIN', 0),
	(7, 'OPS-PROD', '生产环境运维', NULL, NULL, 'ADMIN', 0),
	(8, 'OPS-TEST', '测试环境运维', NULL, NULL, 'ADMIN', 0),
	(9, 'DEVELOPER', '开发人员', NULL, NULL, 'ADMIN', 0),
	(10, 'REGULAR', '普通用户', NULL, NULL, 'REGULAR', 0),
	(11, 'READONLY', '只读用户', NULL, NULL, 'READONLY', 0);
/*!40000 ALTER TABLE `adm_role` ENABLE KEYS */;

-- 正在导出表  wecmdb_embedded.adm_role_ci_type 的数据：~72 rows (大约)
/*!40000 ALTER TABLE `adm_role_ci_type` DISABLE KEYS */;
INSERT INTO `adm_role_ci_type` (`id_adm_role_ci_type`, `id_adm_role`, `id_adm_ci_type`, `ci_type_name`, `creation_permission`, `removal_permission`, `modification_permission`, `enquiry_permission`, `execution_permission`, `grant_permission`) VALUES
	(1, 1, 1, '系统设计', 'Y', 'Y', 'Y', 'Y', 'Y', 'N'),
	(2, 1, 2, '子系统设计', 'Y', 'Y', 'Y', 'Y', 'Y', 'N'),
	(3, 1, 3, '单元设计', 'Y', 'Y', 'Y', 'Y', 'Y', 'N'),
	(4, 1, 4, '服务设计', 'Y', 'Y', 'Y', 'Y', 'Y', 'N'),
	(5, 1, 5, '调用设计', 'Y', 'Y', 'Y', 'Y', 'Y', 'N'),
	(6, 1, 6, '服务调用时序设计', 'Y', 'Y', 'Y', 'Y', 'Y', 'N'),
	(7, 1, 7, '系统', 'Y', 'Y', 'Y', 'Y', 'Y', 'N'),
	(8, 1, 8, '子系统', 'Y', 'Y', 'Y', 'Y', 'Y', 'N'),
	(9, 1, 9, '单元', 'Y', 'Y', 'Y', 'Y', 'Y', 'N'),
	(10, 1, 10, '服务', 'Y', 'Y', 'Y', 'Y', 'Y', 'N'),
	(11, 1, 11, '调用', 'Y', 'Y', 'Y', 'Y', 'Y', 'N'),
	(12, 1, 12, '部署包', 'Y', 'Y', 'Y', 'Y', 'Y', 'N'),
	(14, 1, 14, '业务应用实例', 'Y', 'Y', 'Y', 'Y', 'Y', 'N'),
	(15, 1, 15, '资源实例', 'Y', 'Y', 'Y', 'Y', 'Y', 'N'),
	(16, 1, 16, '块存储', 'Y', 'Y', 'Y', 'Y', 'Y', 'N'),
	(17, 1, 17, 'IP地址', 'Y', 'Y', 'Y', 'Y', 'Y', 'N'),
	(18, 1, 18, '数据中心', 'Y', 'Y', 'Y', 'Y', 'Y', 'N'),
	(19, 1, 19, '网络区域', 'Y', 'Y', 'Y', 'Y', 'Y', 'N'),
	(20, 1, 20, '网络区域连接', 'Y', 'Y', 'Y', 'Y', 'Y', 'N'),
	(21, 1, 21, '业务区域', 'Y', 'Y', 'Y', 'Y', 'Y', 'N'),
	(22, 1, 22, '资源集合', 'Y', 'Y', 'Y', 'Y', 'Y', 'N'),
	(23, 1, 23, '网段', 'Y', 'Y', 'Y', 'Y', 'Y', 'N'),
	(24, 1, 24, '路由规则', 'Y', 'Y', 'Y', 'Y', 'Y', 'N'),
	(25, 1, 25, '数据中心设计', 'Y', 'Y', 'Y', 'Y', 'Y', 'N'),
	(26, 1, 26, '网络区域设计', 'Y', 'Y', 'Y', 'Y', 'Y', 'N'),
	(27, 1, 27, '网络区域连接设计', 'Y', 'Y', 'Y', 'Y', 'Y', 'N'),
	(28, 1, 28, '业务区域设计', 'Y', 'Y', 'Y', 'Y', 'Y', 'N'),
	(29, 1, 29, '资源集合设计', 'Y', 'Y', 'Y', 'Y', 'Y', 'N'),
	(30, 1, 30, '网段设计', 'Y', 'Y', 'Y', 'Y', 'Y', 'N'),
	(31, 1, 31, '路由规则设计', 'Y', 'Y', 'Y', 'Y', 'Y', 'N'),
	(32, 1, 32, '差异配置', 'Y', 'Y', 'Y', 'Y', 'Y', 'N'),
	(33, 1, 35, '服务调用设计', 'Y', 'Y', 'Y', 'Y', 'Y', 'N'),
	(34, 1, 36, '资源集合调用设计', 'Y', 'Y', 'Y', 'Y', 'Y', 'N'),
	(35, 1, 37, '资源集合调用', 'Y', 'Y', 'Y', 'Y', 'Y', 'N'),
	(36, 1, 38, '默认安全策略', 'Y', 'Y', 'Y', 'Y', 'Y', 'N'),
	(37, 1, 39, '直连服务调用', 'Y', 'Y', 'Y', 'Y', 'Y', 'N'),
	(38, 2, 1, '系统设计', 'Y', 'Y', 'Y', 'Y', 'N', 'N'),
	(39, 2, 2, '子系统设计', 'N', 'N', 'N', 'N', 'N', 'N'),
	(40, 2, 3, '单元设计', 'N', 'N', 'N', 'N', 'N', 'N'),
	(41, 2, 4, '服务设计', 'N', 'N', 'N', 'N', 'N', 'N'),
	(42, 2, 5, '调用设计', 'N', 'N', 'N', 'N', 'N', 'N'),
	(43, 2, 6, '服务调用时序设计', 'N', 'N', 'N', 'N', 'N', 'N'),
	(44, 2, 7, '系统', 'Y', 'Y', 'Y', 'Y', 'Y', 'N'),
	(45, 2, 8, '子系统', 'N', 'N', 'N', 'N', 'N', 'N'),
	(46, 2, 9, '单元', 'N', 'N', 'N', 'N', 'N', 'N'),
	(47, 2, 10, '服务', 'N', 'N', 'N', 'N', 'N', 'N'),
	(48, 2, 11, '调用', 'N', 'N', 'N', 'N', 'N', 'N'),
	(49, 2, 12, '部署包', 'N', 'N', 'N', 'N', 'N', 'N'),
	(50, 2, 14, '业务应用实例', 'N', 'N', 'N', 'N', 'N', 'N'),
	(51, 2, 15, '资源实例', 'N', 'N', 'N', 'N', 'N', 'N'),
	(52, 2, 16, '块存储', 'N', 'N', 'N', 'N', 'N', 'N'),
	(53, 2, 17, 'IP地址', 'N', 'N', 'N', 'N', 'N', 'N'),
	(54, 2, 18, '数据中心', 'N', 'N', 'N', 'N', 'N', 'N'),
	(55, 2, 19, '网络区域', 'N', 'N', 'N', 'N', 'N', 'N'),
	(56, 2, 20, '网络区域连接', 'N', 'N', 'N', 'N', 'N', 'N'),
	(57, 2, 21, '业务区域', 'N', 'N', 'N', 'N', 'N', 'N'),
	(58, 2, 22, '资源集合', 'N', 'N', 'N', 'N', 'N', 'N'),
	(59, 2, 23, '网段', 'N', 'N', 'N', 'N', 'N', 'N'),
	(60, 2, 24, '路由规则', 'N', 'N', 'N', 'N', 'N', 'N'),
	(61, 2, 25, '数据中心设计', 'Y', 'Y', 'Y', 'Y', 'N', 'N'),
	(62, 2, 26, '网络区域设计', 'N', 'N', 'N', 'N', 'N', 'N'),
	(63, 2, 27, '网络区域连接设计', 'N', 'N', 'N', 'N', 'N', 'N'),
	(64, 2, 28, '业务区域设计', 'N', 'N', 'N', 'N', 'N', 'N'),
	(65, 2, 29, '资源集合设计', 'N', 'N', 'N', 'N', 'N', 'N'),
	(66, 2, 30, '网段设计', 'N', 'N', 'N', 'N', 'N', 'N'),
	(67, 2, 31, '路由规则设计', 'N', 'N', 'N', 'N', 'N', 'N'),
	(68, 2, 32, '差异配置', 'N', 'N', 'N', 'N', 'N', 'N'),
	(69, 2, 35, '服务调用设计', 'N', 'N', 'N', 'N', 'N', 'N'),
	(70, 2, 36, '资源集合调用设计', 'N', 'N', 'N', 'N', 'N', 'N'),
	(71, 2, 37, '资源集合调用', 'N', 'N', 'N', 'N', 'N', 'N'),
	(72, 2, 38, '默认安全策略', 'N', 'N', 'N', 'N', 'N', 'N'),
	(73, 2, 39, '直连服务调用', 'N', 'N', 'N', 'N', 'N', 'N');
/*!40000 ALTER TABLE `adm_role_ci_type` ENABLE KEYS */;

-- 正在导出表  wecmdb_embedded.adm_role_ci_type_ctrl_attr 的数据：~0 rows (大约)
/*!40000 ALTER TABLE `adm_role_ci_type_ctrl_attr` DISABLE KEYS */;
INSERT INTO `adm_role_ci_type_ctrl_attr` (`id_adm_role_ci_type_ctrl_attr`, `id_adm_role_ci_type`, `creation_permission`, `removal_permission`, `modification_permission`, `enquiry_permission`, `execution_permission`, `grant_permission`) VALUES
	(1, 1, 'Y', 'Y', 'Y', 'Y', 'N', 'N');
/*!40000 ALTER TABLE `adm_role_ci_type_ctrl_attr` ENABLE KEYS */;

-- 正在导出表  wecmdb_embedded.adm_role_ci_type_ctrl_attr_condition 的数据：~0 rows (大约)
/*!40000 ALTER TABLE `adm_role_ci_type_ctrl_attr_condition` DISABLE KEYS */;
INSERT INTO `adm_role_ci_type_ctrl_attr_condition` (`id_adm_role_ci_type_ctrl_attr_condition`, `id_adm_role_ci_type_ctrl_attr`, `id_adm_ci_type_attr`, `ci_type_attr_name`, `condition_value`, `condition_value_type`) VALUES
	(1, 1, 14, '业务群组', '59,267', NULL);
/*!40000 ALTER TABLE `adm_role_ci_type_ctrl_attr_condition` ENABLE KEYS */;

-- 正在导出表  wecmdb_embedded.adm_role_menu 的数据：~18 rows (大约)
/*!40000 ALTER TABLE `adm_role_menu` DISABLE KEYS */;
INSERT INTO `adm_role_menu` (`id_adm_role_menu`, `id_adm_role`, `id_adm_menu`, `is_system`) VALUES
	(1, 1, 1, 0),
	(2, 1, 2, 0),
	(5, 1, 5, 1),
	(6, 1, 6, 0),
	(7, 1, 7, 0),
	(8, 1, 8, 0),
	(9, 1, 9, 0),
	(10, 1, 10, 0),
	(11, 1, 11, 0),
	(16, 1, 16, 0),
	(17, 1, 17, 0),
	(18, 1, 18, 0),
	(19, 1, 19, 0),
	(20, 1, 20, 0),
	(21, 1, 21, 1),
	(22, 1, 22, 0),
	(23, 1, 23, 0),
	(24, 1, 24, 0);
/*!40000 ALTER TABLE `adm_role_menu` ENABLE KEYS */;

-- 正在导出表  wecmdb_embedded.adm_role_user 的数据：~0 rows (大约)
/*!40000 ALTER TABLE `adm_role_user` DISABLE KEYS */;
INSERT INTO `adm_role_user` (`id_adm_role_user`, `id_adm_role`, `id_adm_user`, `is_system`) VALUES
	(1, 1, 1, 1);
/*!40000 ALTER TABLE `adm_role_user` ENABLE KEYS */;

-- 正在导出表  wecmdb_embedded.adm_sequence 的数据：~36 rows (大约)
/*!40000 ALTER TABLE `adm_sequence` DISABLE KEYS */;
INSERT INTO `adm_sequence` (`id_adm_sequence`, `seq_name`, `current_val`, `increment_val`, `length_limitation`, `left_zero_padding`) VALUES
	(1, 'network_segment_design', 72, 1, 8, 'N'),
	(2, 'data_center_design', 1, 1, 8, 'N'),
	(3, 'network_segment', 138, 1, 8, 'N'),
	(4, 'network_zone_design', 8, 1, 8, 'N'),
	(5, 'network_zone_link_design', 14, 1, 8, 'N'),
	(6, 'business_zone_design', 18, 1, 8, 'N'),
	(7, 'resource_set_design', 37, 1, 8, 'N'),
	(9, 'routing_rule_design', 71, 1, 8, 'N'),
	(11, 'data_center', 4, 1, 8, 'N'),
	(12, 'network_zone', 37, 1, 8, 'N'),
	(13, 'ip_address', 109, 1, 8, 'N'),
	(14, 'business_zone', 35, 1, 8, 'N'),
	(15, 'resource_set', 68, 1, 8, 'N'),
	(17, 'resource_instance', 29, 1, 8, 'N'),
	(23, 'network_zone_link', 17, 1, 8, 'N'),
	(25, 'routing_rule', 137, 1, 8, 'N'),
	(26, 'system_design', 7, 1, 8, 'N'),
	(27, 'subsys_design', 21, 1, 8, 'N'),
	(29, 'unit_design', 35, 1, 8, 'N'),
	(30, 'service_design', 17, 1, 8, 'N'),
	(32, 'invoke_design', 31, 1, 8, 'N'),
	(33, 'invoke_seq_design', 3, 1, 8, 'N'),
	(34, 'we_system', 3, 1, 8, 'N'),
	(35, 'subsys', 13, 1, 8, 'N'),
	(37, 'unit', 37, 1, 8, 'N'),
	(38, 'service', 4, 1, 8, 'N'),
	(39, 'invoke', 5, 1, 8, 'N'),
	(40, 'resource_set_invoke_design', 56, 1, 8, 'N'),
	(41, 'resource_set_invoke', 9, 1, 8, 'N'),
	(42, 'service_invoke_design', 6, 1, 8, 'N'),
	(43, 'service_invoke_seq_design', 2, 1, 8, 'N'),
	(45, 'business_app_instance', 21, 1, 8, 'N'),
	(46, 'deploy_package', 37, 1, 8, 'N'),
	(48, 'default_security_policy', 39, 1, 8, 'N'),
	(49, 'direct_service_invoke', 1, 1, 8, 'N'),
	(50, 'diff_configuration', 90, 1, 8, 'N');
/*!40000 ALTER TABLE `adm_sequence` ENABLE KEYS */;

-- 正在导出表  wecmdb_embedded.adm_state_transition 的数据：~57 rows (大约)
/*!40000 ALTER TABLE `adm_state_transition` DISABLE KEYS */;
INSERT INTO `adm_state_transition` (`id_adm_state_transition`, `current_state`, `current_state_is_confirmed`, `target_state`, `target_state_is_confirmed`, `operation`, `action`, `status`) VALUES
	(1, 37, 0, NULL, NULL, 48, 54, 'active'),
	(2, NULL, NULL, 37, 0, 45, 52, 'active'),
	(3, 37, 0, 37, 0, 46, 56, 'active'),
	(4, 37, 0, 37, 1, 49, 57, 'active'),
	(5, 37, 1, 38, 0, 46, 53, 'active'),
	(6, 38, 0, 37, 1, 47, 55, 'active'),
	(7, 37, 1, 39, 0, 48, 53, 'active'),
	(8, 39, 0, 37, 1, 47, 55, 'active'),
	(9, 38, 0, 38, 0, 46, 56, 'active'),
	(10, 38, 0, 38, 1, 49, 57, 'active'),
	(11, 38, 1, 38, 0, 46, 53, 'active'),
	(12, 38, 0, 38, 1, 47, 55, 'active'),
	(13, 38, 1, 39, 0, 48, 53, 'active'),
	(14, 39, 0, 38, 1, 47, 55, 'active'),
	(15, 39, 0, 39, 1, 49, 57, 'active'),
	(16, 40, 0, NULL, NULL, 48, 54, 'active'),
	(17, NULL, NULL, 40, 0, 45, 52, 'active'),
	(18, 40, 0, 40, 0, 46, 56, 'active'),
	(19, 40, 0, 40, 1, 49, 57, 'active'),
	(20, 40, 1, 41, 0, 50, 53, 'active'),
	(21, 41, 0, 40, 1, 47, 55, 'active'),
	(22, 41, 0, 41, 1, 49, 57, 'active'),
	(23, 40, 1, 43, 0, 51, 53, 'active'),
	(24, 43, 0, 40, 1, 47, 55, 'active'),
	(25, 43, 0, 43, 1, 49, 57, 'active'),
	(26, 41, 1, 43, 0, 51, 53, 'active'),
	(27, 43, 0, 41, 1, 47, 55, 'active'),
	(28, 43, 1, 41, 0, 50, 53, 'active'),
	(29, 41, 0, 43, 1, 47, 55, 'active'),
	(30, 41, 1, 42, 0, 46, 53, 'active'),
	(31, 42, 0, 41, 1, 47, 55, 'active'),
	(32, 43, 1, 42, 0, 46, 53, 'active'),
	(33, 42, 0, 43, 1, 47, 55, 'active'),
	(34, 42, 0, 42, 0, 46, 56, 'active'),
	(35, 42, 0, 42, 1, 49, 57, 'active'),
	(36, 42, 1, 43, 0, 51, 53, 'active'),
	(37, 43, 0, 42, 1, 47, 55, 'active'),
	(38, 42, 1, 41, 0, 50, 53, 'active'),
	(39, 41, 0, 42, 1, 47, 55, 'active'),
	(40, 43, 1, 44, 0, 48, 53, 'active'),
	(41, 44, 0, 43, 1, 47, 55, 'active'),
	(42, 44, 0, 44, 1, 49, 57, 'active'),
	(43, 34, 0, NULL, NULL, 48, 54, 'active'),
	(44, NULL, NULL, 34, 0, 45, 52, 'active'),
	(45, 34, 0, 34, 0, 46, 56, 'active'),
	(46, 34, 0, 34, 1, 49, 57, 'active'),
	(47, 34, 1, 35, 0, 46, 53, 'active'),
	(48, 35, 0, 34, 1, 47, 55, 'active'),
	(49, 34, 1, 36, 0, 48, 53, 'active'),
	(50, 36, 0, 34, 1, 47, 55, 'active'),
	(51, 35, 0, 35, 0, 46, 56, 'active'),
	(52, 35, 0, 35, 1, 49, 57, 'active'),
	(53, 35, 1, 35, 0, 46, 53, 'active'),
	(54, 35, 0, 35, 1, 47, 55, 'active'),
	(55, 35, 1, 36, 0, 48, 53, 'active'),
	(56, 36, 0, 35, 1, 47, 55, 'active'),
	(57, 36, 0, 36, 1, 49, 57, 'active');
/*!40000 ALTER TABLE `adm_state_transition` ENABLE KEYS */;

-- 正在导出表  wecmdb_embedded.adm_tenement 的数据：~0 rows (大约)
/*!40000 ALTER TABLE `adm_tenement` DISABLE KEYS */;
/*!40000 ALTER TABLE `adm_tenement` ENABLE KEYS */;

-- 正在导出表  wecmdb_embedded.adm_user 的数据：~0 rows (大约)
/*!40000 ALTER TABLE `adm_user` DISABLE KEYS */;
INSERT INTO `adm_user` (`id_adm_user`, `name`, `code`, `encrypted_password`, `description`, `id_adm_tenement`, `action_flag`, `is_system`) VALUES
	(1, 'admin', 'admin', '$2a$10$Gh3WDwZ8kFpxbmo/h.oywuN.LuYwgrlx53ZeG.mz7P4eKgct7IYZm', 'admin', NULL, 0, 1);
/*!40000 ALTER TABLE `adm_user` ENABLE KEYS */;
SET FOREIGN_KEY_CHECKS=1;
