SET FOREIGN_KEY_CHECKS=0;
/*!40101 SET @OLD_CHARACTER_SET_CLIENT=@@CHARACTER_SET_CLIENT */;
/*!40101 SET NAMES utf8 */;
/*!50503 SET NAMES utf8mb4 */;
/*!40014 SET @OLD_FOREIGN_KEY_CHECKS=@@FOREIGN_KEY_CHECKS, FOREIGN_KEY_CHECKS=0 */;
/*!40101 SET @OLD_SQL_MODE=@@SQL_MODE, SQL_MODE='NO_AUTO_VALUE_ON_ZERO' */;

/*!40000 ALTER TABLE `adm_attr_group` DISABLE KEYS */;
/*!40000 ALTER TABLE `adm_attr_group` ENABLE KEYS */;

/*!40000 ALTER TABLE `adm_basekey_cat` DISABLE KEYS */;
INSERT INTO `adm_basekey_cat` (`id_adm_basekey_cat`, `cat_name`, `description`, `id_adm_role`, `id_adm_basekey_cat_type`, `group_type_id`) VALUES
	(1, 'ci_layer', '层级', NULL, 1, NULL),
	(2, 'ci_catalog', '目录', NULL, 1, NULL),
	(3, 'ci_zoom_level', 'Zoom', NULL, 1, NULL),
	(4, 'ci_attr_type', '属性类型', NULL, 1, NULL),
	(5, 'ci_attr_enum_type', '枚举类型', NULL, 1, NULL),
	(6, 'ci_attr_ref_type', '引用类型', NULL, 1, NULL),
	(7, 'ci_state_design', '设计类CI状态', NULL, 1, NULL),
	(8, 'ci_state_create', '可创建类CI状态', NULL, 1, NULL),
	(9, 'ci_state_start_stop', '可起停类CI状态', NULL, 1, NULL),
	(10, 'state_transition_operation', '状态迁移操作', NULL, 1, NULL),
	(11, 'state_transition_action', '状态迁移动作', NULL, 1, NULL),
	(12, 'tab_of_planning_design', '规划设计CI标签', NULL, 1, NULL),
	(13, 'tab_query_of_planning_design', '规划设计标签查询', NULL, 1, 12),
	(14, 'tab_of_resourse_planning', '资源规划CI标签', NULL, 1, NULL),
	(15, 'tab_query_of_resourse_planning', '资源规划标签查询', NULL, 1, 14),
	(16, 'tab_of_architecture_design', '架构设计CI标签', NULL, 1, NULL),
	(17, 'tab_query_of_architecture_design', '架构设计标签查询', NULL, 1, 16),
	(18, 'tab_of_deploy_design', '部署设计CI标签', NULL, 1, NULL),
	(19, 'tab_query_of_deploy_design', '部署设计标签查询', NULL, 1, 18),
	(20, 'view_config_params', '视图初始化参数', NULL, 1, NULL),
	(21, 'view_ci_type_id', '视图相关CI的ID', NULL, 1, NULL);
/*!40000 ALTER TABLE `adm_basekey_cat` ENABLE KEYS */;

/*!40000 ALTER TABLE `adm_basekey_cat_type` DISABLE KEYS */;
INSERT INTO `adm_basekey_cat_type` (`id_adm_basekey_cat_type`, `name`, `description`, `ci_type_id`, `type`) VALUES
	(1, 'sys', NULL, NULL, 1),
	(2, 'common', NULL, NULL, 2),
	(3, 'manage_role', '管理角色', 1, 3),
	(4, 'unit_type', '单元类型', 2, 3),
	(5, 'deploy_environment', '部署环境', 3, 3),
	(6, 'legal_person', '法人', 4, 3),
	(7, 'application_domain', '应用域', 5, 3),
	(8, 'cloud_vendor', '公有云厂家', 6, 3),
	(9, 'cluster_type', '集群类型', 7, 3),
	(10, 'cluster_node_type', '集群节点类型', 8, 3),
	(11, 'resource_instance_type', '资源实例类型', 9, 3),
	(12, 'resource_instance_spec', '资源实例规格', 10, 3),
	(13, 'resource_instance_system', '资源实例系统', 11, 3),
	(14, 'data_center_design', '数据中心设计', 12, 3),
	(15, 'network_segment_design', '网段设计', 13, 3),
	(16, 'network_zone_design', '网络区域设计', 14, 3),
	(17, 'default_security_policy_d', '默认安全策略设计', 15, 3),
	(18, 'network_zone_link_design', '网络区域连接设计', 16, 3),
	(20, 'business_zone_design', '业务区域设计', 18, 3),
	(21, 'resource_set_design', '资源集合设计', 19, 3),
	(22, 'resource_set_route_design', '资源集合路由设计', 20, 3),
	(23, 'resource_set_invoke_desig', '资源集合调用设计', 21, 3),
	(24, 'data_center', '数据中心', 22, 3),
	(25, 'network_segment', '网段', 23, 3),
	(26, 'network_zone', '网络区域', 24, 3),
	(27, 'default_security_policy', '默认安全策略', 25, 3),
	(28, 'network_zone_link', '网络区域连接', 26, 3),
	(30, 'business_zone', '业务区域', 28, 3),
	(31, 'resource_set', '资源集合', 29, 3),
	(32, 'resource_set_route', '资源集合路由', 30, 3),
	(33, 'ip_address', 'IP地址', 31, 3),
	(34, 'host_resource_instance', '主机资源实例', 32, 3),
	(35, 'rdb_resource_instance', '数据库资源实例', 33, 3),
	(36, 'cache_resource_instance', '缓存资源实例', 34, 3),
	(37, 'lb_resource_instance', '负载均衡资源实例', 35, 3),
	(38, 'block_storage', '块存储', 36, 3),
	(39, 'app_system_design', '应用系统设计', 37, 3),
	(40, 'subsys_design', '子系统设计', 38, 3),
	(41, 'unit_design', '单元设计', 39, 3),
	(42, 'invoke_design', '调用设计', 40, 3),
	(43, 'service_design', '服务设计', 41, 3),
	(44, 'service_invoke_design', '服务调用设计', 42, 3),
	(45, 'service_invoke_seq_design', '服务调用时序设计', 43, 3),
	(46, 'diff_configuration', '差异化变量', 44, 3),
	(47, 'deploy_package', '部署物料包', 45, 3),
	(48, 'app_system', '应用系统', 46, 3),
	(49, 'subsys', '子系统', 47, 3),
	(50, 'unit', '单元', 48, 3),
	(51, 'invoke', '调用', 49, 3),
	(52, 'app_instance', '应用实例', 50, 3),
	(53, 'rdb_instance', '数据库实例', 51, 3),
	(54, 'cache_instance', '缓存实例', 52, 3),
	(55, 'lb_instance', '负载均衡实例', 53, 3),
	(56, 'network_link_type', '网络连接类型', 54, 3),
	(59, 'storage_type', '存储类型', 62, 3),
	(60, 'charge_type', '计费模式', 63, 3);
/*!40000 ALTER TABLE `adm_basekey_cat_type` ENABLE KEYS */;

/*!40000 ALTER TABLE `adm_basekey_code` DISABLE KEYS */;
INSERT INTO `adm_basekey_code` (`id_adm_basekey`, `id_adm_basekey_cat`, `code`, `value`, `group_code_id`, `code_description`, `seq_no`, `status`) VALUES
	(1, 1, 'app_architecture_layer', '应用架构层', NULL, '应用架构层', 1, 'active'),
	(2, 1, 'app_develop_layer', '应用开发层', NULL, '应用开发层', 2, 'active'),
	(3, 1, 'app_deploy_layer', '应用部署层', NULL, '应用部署层', 3, 'active'),
	(4, 1, 'res_instance_layer', '资源实例层', NULL, '资源实例层', 4, 'active'),
	(5, 1, 'res_planning_layer', '资源规划层', NULL, '资源规划层', 5, 'active'),
	(6, 1, 'res_architecture_layer', '资源架构层', NULL, '资源架构层', 6, 'active'),
	(7, 2, 'app_architecture_layer', '应用架构层', NULL, '应用架构层', 1, 'active'),
	(8, 2, 'app_develop_layer', '应用开发层', NULL, '应用开发层', 2, 'active'),
	(9, 2, 'app_deploy_layer', '应用部署层', NULL, '应用部署层', 3, 'active'),
	(10, 2, 'res_instance_layer', '资源实例层', NULL, '资源实例层', 4, 'active'),
	(11, 2, 'res_planning_layer', '资源规划层', NULL, '资源规划层', 5, 'active'),
	(12, 2, 'res_architecture_layer', '资源架构层', NULL, '资源架构层', 6, 'active'),
	(13, 3, '1', '常规图层', NULL, '常规图层', 1, 'active'),
	(14, 3, '2', '网络图层', NULL, '网络图层', 2, 'active'),
	(15, 3, '3', '基础图层', NULL, '基础图层', 3, 'active'),
	(16, 4, 'text', '文本', NULL, '文本', 1, 'active'),
	(17, 4, 'area', '文本域', NULL, '文本域', 2, 'active'),
	(18, 4, 'number', '整型数字', NULL, '整型数字', 3, 'active'),
	(19, 4, 'regular_text', '正则校验文本', NULL, '正则校验文本', 4, 'inactive'),
	(20, 4, 'datetime', '时间', NULL, '时间', 5, 'active'),
	(21, 4, 'select', '下拉选择', NULL, '下拉选择', 6, 'active'),
	(22, 4, 'multi_enum', '多选下拉选择', NULL, '多选下拉选择', 7, 'active'),
	(23, 4, 'ref', '引用', NULL, '引用', 8, 'active'),
	(24, 4, 'multi_ref', '多选引用', NULL, '多选引用', 9, 'active'),
	(25, 4, 'password', '密码', NULL, '密码', 10, 'active'),
	(26, 4, '预留3', '预留3', NULL, '预留3', 11, 'inactive'),
	(27, 5, 'common', '公共枚举', NULL, '公共枚举', 1, 'active'),
	(28, 5, 'private', '私有枚举', NULL, '私有枚举', 2, 'active'),
	(29, 6, 'belong', '属于', NULL, '属于', 1, 'active'),
	(30, 6, 'use', '使用', NULL, '使用', 2, 'active'),
	(31, 6, 'depend', '依赖', NULL, '依赖', 3, 'active'),
	(32, 6, 'relation', '关联', NULL, '关联', 4, 'active'),
	(33, 6, 'realize', '实现', NULL, '实现', 5, 'active'),
	(34, 7, 'new', '新增', NULL, NULL, 1, 'active'),
	(35, 7, 'update', '更新', NULL, NULL, 2, 'active'),
	(36, 7, 'deleted', '删除', NULL, NULL, 3, 'active'),
	(37, 8, 'created', '创建', NULL, NULL, 6, 'active'),
	(38, 8, 'changed', '变更', NULL, NULL, 7, 'active'),
	(39, 8, 'destroyed', '销毁', NULL, NULL, 8, 'active'),
	(40, 9, 'created', '创建', NULL, NULL, 1, 'active'),
	(41, 9, 'startup', '启动', NULL, NULL, 2, 'active'),
	(42, 9, 'changed', '变更', NULL, NULL, 3, 'active'),
	(43, 9, 'stoped', '停止', NULL, NULL, 4, 'active'),
	(44, 9, 'destroyed', '销毁', NULL, NULL, 5, 'active'),
	(45, 10, 'insert', '添加', NULL, NULL, 1, 'active'),
	(46, 10, 'update', '更新', NULL, NULL, 2, 'active'),
	(47, 10, 'discard', '放弃', NULL, NULL, 3, 'active'),
	(48, 10, 'delete', '删除', NULL, NULL, 4, 'active'),
	(49, 10, 'confirm', '确认', NULL, NULL, 5, 'active'),
	(50, 10, 'startup', '启动', NULL, NULL, 6, 'active'),
	(51, 10, 'stop', '停止', NULL, NULL, 7, 'active'),
	(52, 11, 'insert', '插入', NULL, NULL, 1, 'active'),
	(53, 11, 'insert-update', '插入-更新', NULL, NULL, 2, 'active'),
	(54, 11, 'delete', '删除', NULL, NULL, 3, 'active'),
	(55, 11, 'update-delete', '更新-删除', NULL, NULL, 4, 'active'),
	(56, 11, 'update', '更新', NULL, NULL, 5, 'active'),
	(57, 11, 'confirm', '确认', NULL, NULL, 6, 'active'),
	(58, 20, 'idcPlanningLinkFrom', 'network_segment_design_1', NULL, NULL, 1, 'active'),
	(59, 20, 'idcPlanningLinkTo', 'network_segment_design_2', NULL, NULL, 2, 'active'),
	(60, 20, 'idcPlanningLayer', 'network_zone_layer', NULL, NULL, 3, 'active'),
	(61, 20, 'idcPlanningNetworkSegmentDesign', 'network_segment_design', NULL, NULL, 4, 'active'),
	(62, 20, 'resourcePlaningRegionalDataCenter', 'regional_data_center', NULL, NULL, 5, 'active'),
	(63, 20, 'resourcePlaningNetworkSegmentDesign', 'network_segment', NULL, NULL, 6, 'active'),
	(64, 20, 'resourcePlaningDataCenter', 'data_center', NULL, NULL, 7, 'active'),
	(65, 20, 'resourcePlaningVpcNetworkZone', 'vpc_network_zone', NULL, NULL, 8, 'active'),
	(66, 20, 'resourcePlaningLinkFrom', 'network_segment_1', NULL, NULL, 9, 'active'),
	(67, 20, 'resourcePlaningLinkTo', 'network_segment_2', NULL, NULL, 10, 'active'),
	(68, 20, 'appArchitectureDesignServiceDesign', 'service_design', NULL, NULL, 11, 'active'),
	(69, 20, 'appArchitectureDesignServiceType', 'service_type', NULL, NULL, 12, 'active'),
	(70, 20, 'appArchitectureDesignServiceInvokeDesignSequence', 'service_invoke_design_sequence', NULL, NULL, 13, 'active'),
	(71, 20, 'appArchitectureDesignInvokeDiagramLinkFrom', 'invoke_unit_design', NULL, NULL, 14, 'active'),
	(72, 20, 'appArchitectureDesignInvokeDiagramLinkTo', 'invoked_unit_design', NULL, NULL, 15, 'active'),
	(73, 20, 'appDeploymentDesignResourceInstance', 'resource_instance', NULL, NULL, 16, 'active'),
	(74, 20, 'appDeploymentDesignInvokeUnit', 'invoke_unit', NULL, NULL, 17, 'active'),
	(75, 20, 'appDeploymentDesignInvokedUnit', 'invoked_unit', NULL, NULL, 18, 'active'),
	(77, 20, 'appArchitectureDesignSyetemDesign', 'app_system_design', NULL, NULL, 19, 'active'),
	(78, 20, 'appArchitectureDesignInvokeDesign', 'invoke_design', NULL, NULL, 20, 'active'),
	(79, 20, 'appArchitectureDesignUnitDesignId', '39', NULL, NULL, 21, 'active'),
	(80, 20, 'appArchitectureDesignInvokeDesignId', '40', NULL, NULL, 22, 'active'),
	(81, 20, 'appArchitectureDesignServiceInvokeDesignId', '42', NULL, NULL, 23, 'active'),
	(83, 20, 'appArchitectureDesignInvokeSequenceId', '43', NULL, NULL, 24, 'active'),
	(89, 19, 'guid_of_deploy_detail', '[{"ciTypeId": 47},{ "ciTypeId": 38, "parentRs": { "attrId": 870, "isReferedFromParent": 1}},{ "ciTypeId": 37,"parentRs": { "attrId": 709,"isReferedFromParent": 1}}]', NULL, NULL, 8, 'active'),
	(90, 21, 'ciTypeIdOfSystemDesign', '37', NULL, NULL, NULL, 'active'),
	(91, 21, 'ciTypeIdOfSubsystemDesign', '38', NULL, NULL, NULL, 'active'),
	(92, 21, 'ciTypeIdOfUnitDesign', '39', NULL, NULL, NULL, 'active'),
	(93, 21, 'ciTypeIdOfUnit', '48', NULL, NULL, NULL, 'active'),
	(94, 21, 'ciTypeIdOfSubsys', '47', NULL, NULL, NULL, 'active'),
	(95, 21, 'ciTypeIdOfSystem', '46', NULL, NULL, NULL, 'active'),
	(96, 21, 'ciTypeIdOfHost', '32', NULL, NULL, NULL, 'active'),
	(97, 21, 'ciTypeIdOfInstance', '50', NULL, NULL, NULL, 'active'),
	(98, 21, 'ciTypeIdOfIdc', '22', NULL, NULL, NULL, 'active'),
	(99, 21, 'ciTypeIdOfZone', '24', NULL, NULL, NULL, 'active'),
	(100, 21, 'ciTypeIdOfZoneLink', '26', NULL, NULL, NULL, 'active'),
	(101, 21, 'ciTypeIdOfIdcDesign', '12', NULL, NULL, NULL, 'active'),
	(102, 21, 'ciTypeIdOfZoneDesign', '14', NULL, NULL, NULL, 'active'),
	(103, 21, 'ciTypeIdOfZoneLinkDesign', '16', NULL, NULL, NULL, 'active'),
	(104, 12, '13', '网段设计', NULL, NULL, 1, 'active'),
	(105, 12, '14', '网络区域设计', NULL, NULL, 2, 'active'),
	(106, 12, '15', '默认安全策略设计', NULL, NULL, 3, 'active'),
	(107, 12, '16', '网络连接设计', NULL, NULL, 4, 'active'),
	(111, 12, '20', '路由设计', NULL, NULL, 5, 'active'),
	(112, 12, '18', '业务区域设计', NULL, NULL, 6, 'active'),
	(113, 12, '19', '资源集合设计', NULL, NULL, 7, 'active'),
	(114, 12, '21', '资源集合调用设计', NULL, NULL, 8, 'active'),
	(115, 13, 'network_segment_design', '[{"ciTypeId":13},{"ciTypeId":12,"parentRs":{"attrId":193,"isReferedFromParent":1}}]', 104, NULL, 1, 'active'),
	(116, 13, 'network_zone_design', '[{"ciTypeId":14},{"ciTypeId":12,"parentRs":{"attrId":209,"isReferedFromParent":1}}]', 105, NULL, 2, 'active'),
	(117, 13, 'default_security_policy_design', '[{"ciTypeId":15},{"ciTypeId":13,"parentRs":{"attrId":225,"isReferedFromParent":1}},{"ciTypeId":12,"parentRs":{"attrId":193,"isReferedFromParent":1}}]', 106, NULL, 3, 'active'),
	(118, 13, 'network_link_design', '[{"ciTypeId":16},{"ciTypeId":13,"parentRs":{"attrId":245,"isReferedFromParent":1}},{"ciTypeId":12,"parentRs":{"attrId":193,"isReferedFromParent":1}}]', 107, NULL, 4, 'active'),
	(119, 13, 'route_design', '[{"ciTypeId":20},{"ciTypeId":13,"parentRs":{"attrId":308,"isReferedFromParent":1}},{"ciTypeId":12,"parentRs":{"attrId":193,"isReferedFromParent":1}}]', 111, NULL, 5, 'active'),
	(120, 13, 'business_zone_design', '[{"ciTypeId":18},{"ciTypeId":14,"parentRs":{"attrId":276,"isReferedFromParent":1}},{"ciTypeId":12,"parentRs":{"attrId":209,"isReferedFromParent":1}}]', 112, NULL, 6, 'active'),
	(121, 13, 'resource_set_design', '[{"ciTypeId":19},{"ciTypeId":18,"parentRs":{"attrId":292,"isReferedFromParent":1}},{"ciTypeId":14,"parentRs":{"attrId":276,"isReferedFromParent":1}},{"ciTypeId":12,"parentRs":{"attrId":209,"isReferedFromParent":1}}]', 113, NULL, 7, 'active'),
	(122, 13, 'resource_set_invoke_design', '[{"ciTypeId":21},{"ciTypeId":19,"parentRs":{"attrId":324,"isReferedFromParent":1}},{"ciTypeId":18,"parentRs":{"attrId":292,"isReferedFromParent":1}},{"ciTypeId":14,"parentRs":{"attrId":276,"isReferedFromParent":1}},{"ciTypeId":12,"parentRs":{"attrId":209,"isReferedFromParent":1}}]', 114, NULL, 8, 'active'),
	(123, 14, '23', '网段', NULL, NULL, 1, 'active'),
	(124, 14, '24', '网络区域', NULL, NULL, 2, 'active'),
	(125, 14, '25', '默认安全策略', NULL, NULL, 3, 'active'),
	(126, 14, '26', '网络连接', NULL, NULL, 4, 'active'),
	(127, 14, '30', '路由', NULL, NULL, 5, 'active'),
	(128, 14, '28', '业务区域', NULL, NULL, 6, 'active'),
	(129, 14, '29', '资源集合', NULL, NULL, 7, 'active'),
	(130, 14, '31', 'IP地址', NULL, NULL, 8, 'active'),
	(131, 15, 'network_segment', '[{"ciTypeId":23},{"ciTypeId":22,"parentRs":{"attrId":361,"isReferedFromParent":1}}]', 123, NULL, 1, 'active'),
	(132, 15, 'network_zone', '[{"ciTypeId":24},{"ciTypeId":22,"parentRs":{"attrId":383,"isReferedFromParent":1}}]', 124, NULL, 2, 'active'),
	(133, 15, 'default_security_policy', '[{"ciTypeId":25},{"ciTypeId":23,"parentRs":{"attrId":403,"isReferedFromParent":1}},{"ciTypeId":22,"parentRs":{"attrId":361,"isReferedFromParent":1}}]', 125, NULL, 3, 'active'),
	(134, 15, 'network_link', '[{"ciTypeId":26},{"ciTypeId":23,"parentRs":{"attrId":424,"isReferedFromParent":1}},{"ciTypeId":22,"parentRs":{"attrId":361,"isReferedFromParent":1}}]', 126, NULL, 4, 'active'),
	(135, 15, 'route', '[{"ciTypeId":30},{"ciTypeId":23,"parentRs":{"attrId":505,"isReferedFromParent":1}},{"ciTypeId":22,"parentRs":{"attrId":361,"isReferedFromParent":1}}]', 127, NULL, 5, 'active'),
	(136, 15, 'business_zone', '[{"ciTypeId":28},{"ciTypeId":24,"parentRs":{"attrId":463,"isReferedFromParent":1}},{"ciTypeId":22,"parentRs":{"attrId":383,"isReferedFromParent":1}}]', 128, NULL, 6, 'active'),
	(137, 15, 'resource_set', '[{"ciTypeId":29},{"ciTypeId":28,"parentRs":{"attrId":481,"isReferedFromParent":1}},{"ciTypeId":24,"parentRs":{"attrId":463,"isReferedFromParent":1}},{"ciTypeId":22,"parentRs":{"attrId":383,"isReferedFromParent":1}}]', 129, NULL, 7, 'active'),
	(138, 15, 'ip_address', '[{"ciTypeId":31},{"ciTypeId":23,"parentRs":{"attrId":522,"isReferedFromParent":1}},{"ciTypeId":22,"parentRs":{"attrId":361,"isReferedFromParent":1}}]', 130, NULL, 8, 'active'),
	(139, 14, '32', '主机资源实例', NULL, NULL, 9, 'active'),
	(140, 14, '33', '数据库资源实例', NULL, NULL, 10, 'active'),
	(141, 14, '34', '缓存资源实例', NULL, NULL, 11, 'active'),
	(142, 14, '35', '负载均衡资源实例', NULL, NULL, 12, 'active'),
	(143, 14, '36', '块存储', NULL, NULL, 13, 'active'),
	(144, 15, 'host_resource_instance', '[{"ciTypeId":32},{"ciTypeId":29,"parentRs":{"attrId":538,"isReferedFromParent":1}},{"ciTypeId":28,"parentRs":{"attrId":481,"isReferedFromParent":1}},{"ciTypeId":24,"parentRs":{"attrId":463,"isReferedFromParent":1}},{"ciTypeId":22,"parentRs":{"attrId":383,"isReferedFromParent":1}}]', 139, NULL, 9, 'active'),
	(145, 15, 'rdb_resource_instance', '[{"ciTypeId":33},{"ciTypeId":29,"parentRs":{"attrId":573,"isReferedFromParent":1}},{"ciTypeId":28,"parentRs":{"attrId":481,"isReferedFromParent":1}},{"ciTypeId":24,"parentRs":{"attrId":463,"isReferedFromParent":1}},{"ciTypeId":22,"parentRs":{"attrId":383,"isReferedFromParent":1}}]', 140, NULL, 10, 'active'),
	(146, 15, 'cache_resource_instance', '[{"ciTypeId":34},{"ciTypeId":29,"parentRs":{"attrId":608,"isReferedFromParent":1}},{"ciTypeId":28,"parentRs":{"attrId":481,"isReferedFromParent":1}},{"ciTypeId":24,"parentRs":{"attrId":463,"isReferedFromParent":1}},{"ciTypeId":22,"parentRs":{"attrId":383,"isReferedFromParent":1}}]', 141, NULL, 11, 'active'),
	(147, 15, 'lb_resource_instance', '[{"ciTypeId":35},{"ciTypeId":29,"parentRs":{"attrId":643,"isReferedFromParent":1}},{"ciTypeId":28,"parentRs":{"attrId":481,"isReferedFromParent":1}},{"ciTypeId":24,"parentRs":{"attrId":463,"isReferedFromParent":1}},{"ciTypeId":22,"parentRs":{"attrId":383,"isReferedFromParent":1}}]', 142, NULL, 12, 'active'),
	(148, 15, 'block_storage', '[{"ciTypeId":36},{"ciTypeId":32,"parentRs":{"attrId":669,"isReferedFromParent":1}},{"ciTypeId":29,"parentRs":{"attrId":538,"isReferedFromParent":1}},{"ciTypeId":28,"parentRs":{"attrId":481,"isReferedFromParent":1}},{"ciTypeId":24,"parentRs":{"attrId":463,"isReferedFromParent":1}},{"ciTypeId":22,"parentRs":{"attrId":383,"isReferedFromParent":1}}]', 143, NULL, 13, 'active'),
	(149, 16, '38', '子系统设计', NULL, NULL, 1, 'active'),
	(150, 16, '39', '单元设计', NULL, NULL, 2, 'active'),
	(151, 16, '40', '调用设计', NULL, NULL, 3, 'active'),
	(152, 16, '41', '服务设计', NULL, NULL, 4, 'active'),
	(153, 16, '42', '服务调用设计', NULL, NULL, 5, 'active'),
	(154, 16, '43', '服务调用时序设计', NULL, NULL, 6, 'active'),
	(155, 17, 'subsys_design', '[{"ciTypeId":38},{"ciTypeId":37,"parentRs":{"attrId":709,"isReferedFromParent":1}}]', 149, NULL, 1, 'active'),
	(156, 17, 'unit_design', '[{"ciTypeId":39},{"ciTypeId":38,"parentRs":{"attrId":726,"isReferedFromParent":1}},{"ciTypeId":37,"parentRs":{"attrId":709,"isReferedFromParent":1}}]', 150, NULL, 2, 'active'),
	(157, 17, 'invoke_design', '[{"ciTypeId":40},{"ciTypeId":39,"parentRs":{"attrId":745,"isReferedFromParent":1}},{"ciTypeId":38,"parentRs":{"attrId":726,"isReferedFromParent":1}},{"ciTypeId":37,"parentRs":{"attrId":709,"isReferedFromParent":1}}]', 151, NULL, 3, 'active'),
	(158, 17, 'service_design', '[{"ciTypeId":41},{"ciTypeId":39,"parentRs":{"attrId":762,"isReferedFromParent":1}},{"ciTypeId":38,"parentRs":{"attrId":726,"isReferedFromParent":1}},{"ciTypeId":37,"parentRs":{"attrId":709,"isReferedFromParent":1}}]', 152, NULL, 4, 'active'),
	(159, 17, 'service_invoke_design', '[{"ciTypeId":42},{"ciTypeId":39,"parentRs":{"attrId":780,"isReferedFromParent":1}},{"ciTypeId":38,"parentRs":{"attrId":726,"isReferedFromParent":1}},{"ciTypeId":37,"parentRs":{"attrId":709,"isReferedFromParent":1}}]', 153, NULL, 5, 'active'),
	(160, 17, 'service_invoke_seq_design', '[{"ciTypeId":42},{"ciTypeId":37,"parentRs":{"attrId":796,"isReferedFromParent":1}}]', 154, NULL, 6, 'active'),
	(161, 18, '47', '子系统', NULL, NULL, 1, 'active'),
	(162, 18, '48', '单元', NULL, NULL, 2, 'active'),
	(163, 18, '49', '调用', NULL, NULL, 3, 'active'),
	(164, 18, '50', '应用实例', NULL, NULL, 4, 'active'),
	(165, 18, '51', '数据库实例', NULL, NULL, 5, 'active'),
	(166, 18, '52', '缓存实例', NULL, NULL, 6, 'active'),
	(167, 18, '53', '负载均衡实例', NULL, NULL, 7, 'active'),
	(168, 19, 'subsys', '[{"ciTypeId":47},{"ciTypeId":46,"parentRs":{"attrId":869,"isReferedFromParent":1}}]', 161, NULL, 9, 'active'),
	(169, 19, 'unit', '[{"ciTypeId":48},{"ciTypeId":47,"parentRs":{"attrId":886,"isReferedFromParent":1}},{"ciTypeId":46,"parentRs":{"attrId":869,"isReferedFromParent":1}}]', 162, NULL, 10, 'active'),
	(170, 19, 'invoke', '[{"ciTypeId":49},{"ciTypeId":48,"parentRs":{"attrId":908,"isReferedFromParent":1}},{"ciTypeId":47,"parentRs":{"attrId":886,"isReferedFromParent":1}},{"ciTypeId":46,"parentRs":{"attrId":869,"isReferedFromParent":1}}]', 163, NULL, 11, 'active'),
	(171, 19, 'app_instance', '[{"ciTypeId":50},{"ciTypeId":48,"parentRs":{"attrId":926,"isReferedFromParent":1}},{"ciTypeId":47,"parentRs":{"attrId":886,"isReferedFromParent":1}},{"ciTypeId":46,"parentRs":{"attrId":869,"isReferedFromParent":1}}]', 164, NULL, 12, 'active'),
	(172, 19, 'rdb_instance', '[{"ciTypeId":51},{"ciTypeId":48,"parentRs":{"attrId":956,"isReferedFromParent":1}},{"ciTypeId":47,"parentRs":{"attrId":886,"isReferedFromParent":1}},{"ciTypeId":46,"parentRs":{"attrId":869,"isReferedFromParent":1}}]', 165, NULL, 13, 'active'),
	(173, 19, 'cache_instance', '[{"ciTypeId":52},{"ciTypeId":48,"parentRs":{"attrId":984,"isReferedFromParent":1}},{"ciTypeId":47,"parentRs":{"attrId":886,"isReferedFromParent":1}},{"ciTypeId":46,"parentRs":{"attrId":869,"isReferedFromParent":1}}]', 166, NULL, 14, 'active'),
	(174, 19, 'lb_instance', '[{"ciTypeId":53},{"ciTypeId":48,"parentRs":{"attrId":1003,"isReferedFromParent":1}},{"ciTypeId":47,"parentRs":{"attrId":886,"isReferedFromParent":1}},{"ciTypeId":46,"parentRs":{"attrId":869,"isReferedFromParent":1}}]', 167, NULL, 15, 'active'),
	(175, 20, 'appDeploymentDesignUnitId', '48', NULL, NULL, 25, 'active'),
	(176, 20, 'appDeploymentDesignInvokeId', '49', NULL, NULL, 26, 'active'),
	(177, 20, 'appDeploymentDesignBusinessAppInstanceId', '50,51,52,53', NULL, NULL, 27, 'active'),
	(178, 20, 'resourcePlaningLinkId', '26', NULL, NULL, 28, 'active'),
	(179, 20, 'idcPlanningLinkId', '16', NULL, NULL, 29, 'active'),
	(180, 20, 'appArchitectureDesignInvokeType', 'invoke_type', NULL, NULL, 30, 'active'),
	(181, 20, 'resourcePlaningRouterCode', '30', NULL, NULL, 31, 'active'),
	(182, 20, 'defaultSecurityPolicyCode', '25', NULL, NULL, 32, 'active'),
	(183, 20, 'defaultSecurityPolicyDesignCode', '15', NULL, NULL, 33, 'active'),
	(184, 20, 'idcPlaningRouterDesignCode', '20', NULL, NULL, 34, 'active');
/*!40000 ALTER TABLE `adm_basekey_code` ENABLE KEYS */;

/*!40000 ALTER TABLE `adm_ci_type` DISABLE KEYS */;
INSERT INTO `adm_ci_type` (`id_adm_ci_type`, `name`, `image_file_id`, `description`, `id_adm_tenement`, `table_name`, `status`, `catalog_id`, `ci_global_unique_id`, `seq_no`, `layer_id`, `zoom_level_id`, `ci_state_type`) VALUES
	(1, '管理角色', 1, '管理角色', NULL, 'manage_role', 'created', 7, NULL, 1, 1, 15, NULL),
	(2, '单元类型', 1, '单元类型', NULL, 'unit_type', 'created', 7, NULL, 2, 1, 15, NULL),
	(3, '部署环境', 1, '部署环境', NULL, 'deploy_environment', 'created', 9, NULL, 1, 3, 15, NULL),
	(4, '法人', 1, '法人', NULL, 'legal_person', 'created', 9, NULL, 2, 3, 15, NULL),
	(5, '应用域', 1, '应用域', NULL, 'application_domain', 'created', 12, NULL, 1, 6, 15, NULL),
	(6, '云厂商', 1, '公有云厂家', NULL, 'cloud_vendor', 'created', 11, NULL, 1, 5, 15, NULL),
	(7, '集群类型', 1, '集群类型', NULL, 'cluster_type', 'created', 11, NULL, 2, 5, 15, NULL),
	(8, '集群节点类型', 1, '集群节点类型', NULL, 'cluster_node_type', 'created', 10, NULL, 1, 4, 15, NULL),
	(9, '资源实例类型', 1, '资源实例类型', NULL, 'resource_instance_type', 'created', 10, NULL, 2, 4, 15, NULL),
	(10, '资源实例规格', 1, '资源实例规格', NULL, 'resource_instance_spec', 'created', 10, NULL, 3, 4, 15, NULL),
	(11, '资源实例系统', 1, '资源实例系统', NULL, 'resource_instance_system', 'created', 10, NULL, 4, 4, 15, NULL),
	(12, '数据中心设计', 22, '数据中心设计', NULL, 'data_center_design', 'created', 12, NULL, 2, 6, 13, NULL),
	(13, '网段设计', 21, '网段设计', NULL, 'network_segment_design', 'created', 12, NULL, 3, 6, 14, NULL),
	(14, '网络区域设计', 23, '网络区域设计', NULL, 'network_zone_design', 'created', 12, NULL, 4, 6, 13, NULL),
	(15, '默认安全策略设计', 15, '默认安全策略设计', NULL, 'default_security_policy_design', 'created', 12, NULL, 5, 6, 14, NULL),
	(16, '网络连接设计', 24, '网络连接设计', NULL, 'network_link_design', 'created', 12, NULL, 6, 6, 14, NULL),
	(18, '业务区域设计', 25, '业务区域设计', NULL, 'business_zone_design', 'created', 12, NULL, 8, 6, 13, NULL),
	(19, '资源集合设计', 26, '资源集合设计', NULL, 'resource_set_design', 'created', 12, NULL, 9, 6, 13, NULL),
	(20, '路由设计', 10, '路由设计', NULL, 'route_design', 'created', 12, NULL, 10, 6, 14, NULL),
	(21, '资源集合调用设计', 15, '资源集合调用设计', NULL, 'resource_set_invoke_design', 'created', 12, NULL, 11, 6, 13, NULL),
	(22, '数据中心', 16, '数据中心', NULL, 'data_center', 'created', 11, NULL, 3, 5, 13, NULL),
	(23, '网段', 21, '网段', NULL, 'network_segment', 'created', 11, NULL, 4, 5, 14, NULL),
	(24, '网络区域', 17, '网络区域', NULL, 'network_zone', 'created', 11, NULL, 5, 5, 13, NULL),
	(25, '默认安全策略', 15, '默认安全策略', NULL, 'default_security_policy', 'created', 11, NULL, 6, 5, 14, NULL),
	(26, '网络连接', 18, '网络连接', NULL, 'network_link', 'created', 11, NULL, 7, 5, 14, NULL),
	(28, '业务区域', 19, '业务区域', NULL, 'business_zone', 'created', 11, NULL, 9, 5, 13, NULL),
	(29, '资源集合', 20, '资源集合', NULL, 'resource_set', 'created', 11, NULL, 10, 5, 13, NULL),
	(30, '路由', 10, '路由', NULL, 'route', 'created', 11, NULL, 11, 5, 14, NULL),
	(31, 'IP地址', 14, 'IP地址', NULL, 'ip_address', 'created', 10, NULL, 5, 4, 14, NULL),
	(32, '主机资源实例', 12, '主机资源实例', NULL, 'host_resource_instance', 'created', 10, NULL, 6, 4, 13, NULL),
	(33, '数据库资源实例', 12, '数据库资源实例', NULL, 'rdb_resource_instance', 'created', 10, NULL, 7, 4, 13, NULL),
	(34, '缓存资源实例', 12, '缓存资源实例', NULL, 'cache_resource_instance', 'created', 10, NULL, 8, 4, 13, NULL),
	(35, '负载均衡资源实例', 12, '负载均衡资源实例', NULL, 'lb_resource_instance', 'created', 10, NULL, 9, 4, 13, NULL),
	(36, '块存储', 13, '块存储', NULL, 'block_storage', 'created', 10, NULL, 10, 4, 13, NULL),
	(37, '应用系统设计', 1, '应用系统设计', NULL, 'app_system_design', 'created', 7, NULL, 3, 1, 13, NULL),
	(38, '子系统设计', 2, '子系统设计', NULL, 'subsys_design', 'created', 7, NULL, 4, 1, 13, NULL),
	(39, '单元设计', 3, '单元设计', NULL, 'unit_design', 'created', 7, NULL, 5, 1, 13, NULL),
	(40, '调用设计', 5, '调用设计', NULL, 'invoke_design', 'created', 7, NULL, 6, 1, 13, NULL),
	(41, '服务设计', 4, '服务设计', NULL, 'service_design', 'created', 7, NULL, 7, 1, 13, NULL),
	(42, '服务调用设计', 9, '服务调用设计', NULL, 'service_invoke_design', 'created', 7, NULL, 8, 1, 13, NULL),
	(43, '服务调用时序设计', 6, '服务调用时序设计', NULL, 'service_invoke_seq_design', 'created', 7, NULL, 9, 1, 13, NULL),
	(44, '差异化配置', 11, '差异化变量', NULL, 'diff_configuration', 'created', 8, NULL, 2, 2, 13, NULL),
	(45, '部署物料包', 2, '部署物料包', NULL, 'deploy_package', 'created', 8, NULL, 1, 2, 13, NULL),
	(46, '应用系统', 1, '应用系统', NULL, 'app_system', 'created', 9, NULL, 3, 3, 13, NULL),
	(47, '子系统', 7, '子系统', NULL, 'subsys', 'created', 9, NULL, 4, 3, 13, NULL),
	(48, '单元', 8, '单元', NULL, 'unit', 'created', 9, NULL, 5, 3, 13, NULL),
	(49, '调用', 10, '调用', NULL, 'invoke', 'created', 9, NULL, 6, 3, 13, NULL),
	(50, '应用实例', 15, '应用实例', NULL, 'app_instance', 'created', 9, NULL, 7, 3, 13, NULL),
	(51, '数据库实例', 15, '数据库实例', NULL, 'rdb_instance', 'created', 9, NULL, 8, 3, 13, NULL),
	(52, '缓存实例', 15, '缓存实例', NULL, 'cache_instance', 'created', 9, NULL, 9, 3, 13, NULL),
	(53, '负载均衡实例', 15, '负载均衡实例', NULL, 'lb_instance', 'created', 9, NULL, 10, 3, 13, NULL),
	(54, '网络连接类型', 1, '网络连接类型', NULL, 'network_link_type', 'created', NULL, NULL, 1, 5, 15, NULL),
	(62, '存储类型', 13, '存储类型', NULL, 'storage_type', 'created', NULL, NULL, 2, 4, 15, NULL),
	(63, '计费模式', 19, '计费模式', NULL, 'charge_type', 'created', NULL, NULL, 3, 4, 15, NULL);
/*!40000 ALTER TABLE `adm_ci_type` ENABLE KEYS */;


/*!40000 ALTER TABLE `adm_ci_type_attr_base` DISABLE KEYS */;
INSERT INTO `adm_ci_type_attr_base` (`id_adm_ci_type_attr`, `id_adm_ci_type`, `name`, `description`, `input_type`, `property_name`, `property_type`, `length`, `reference_id`, `reference_name`, `reference_type`, `filter_rule`, `search_seq_no`, `display_type`, `display_seq_no`, `edit_is_null`, `edit_is_only`, `edit_is_hiden`, `edit_is_editable`, `is_defunct`, `special_logic`, `status`, `is_system`, `is_access_controlled`, `is_auto`, `auto_fill_rule`, `regular_expression_rule`, `is_refreshable`) VALUES
	(1, 1, '全局唯一ID', '全局唯一ID', 'text', 'guid', 'varchar', 15, NULL, NULL, NULL, NULL, 0, 0, 0, 0, 1, 0, 0, 0, NULL, 'notCreated', 1, 0, 0, NULL, NULL, 0),
	(2, 1, '前全局唯一ID', '前一版本数据的guid', 'text', 'p_guid', 'varchar', 15, NULL, NULL, NULL, NULL, 0, 0, 0, 1, 0, 0, 0, 0, NULL, 'notCreated', 1, 0, 0, NULL, NULL, 1),
	(3, 1, '根全局唯一ID', '原始数据guid', 'text', 'r_guid', 'varchar', 15, NULL, NULL, NULL, NULL, 0, 0, 0, 0, 0, 0, 0, 0, NULL, 'notCreated', 1, 0, 0, NULL, NULL, 0),
	(4, 1, '更新用户', '更新用户', 'text', 'updated_by', 'varchar', 50, NULL, NULL, NULL, NULL, 0, 0, 0, 0, 0, 1, 0, 0, NULL, 'notCreated', 1, 0, 0, NULL, NULL, 1),
	(5, 1, '更新日期', '更新日期', 'date', 'updated_date', 'datetime', 1, NULL, NULL, NULL, NULL, 0, 0, 0, 0, 0, 1, 0, 0, NULL, 'notCreated', 1, 0, 0, NULL, NULL, 1),
	(6, 1, '创建用户', '创建用户', 'text', 'created_by', 'varchar', 50, NULL, NULL, NULL, NULL, 0, 0, 0, 0, 0, 1, 0, 0, NULL, 'notCreated', 1, 0, 0, NULL, NULL, 0),
	(7, 1, '创建日期', '创建日期', 'date', 'created_date', 'datetime', 1, NULL, NULL, NULL, NULL, 0, 0, 0, 0, 0, 1, 0, 0, NULL, 'notCreated', 1, 0, 0, NULL, NULL, 0),
	(8, 1, '状态', '状态', 'select', 'state', 'int', 15, NULL, NULL, NULL, NULL, 0, 0, 0, 0, 0, 0, 0, 0, NULL, 'notCreated', 1, 0, 0, NULL, NULL, 0),
	(9, 1, '唯一名称', '唯一名称', 'text', 'key_name', 'varchar', 1000, NULL, NULL, NULL, NULL, 1, 1, 1, 0, 1, 0, 0, 0, NULL, 'notCreated', 1, 0, 1, NULL, NULL, 0),
	(10, 1, '状态编码', '状态编码', 'text', 'state_code', 'varchar', 50, NULL, NULL, NULL, NULL, 2, 1, 2, 0, 0, 0, 0, 0, NULL, 'notCreated', 1, 0, 1, NULL, NULL, 0),
	(11, 1, '确认日期', '确认日期', 'text', 'fixed_date', 'varchar', 19, NULL, NULL, NULL, NULL, 3, 1, 3, 1, 0, 0, 0, 0, NULL, 'notCreated', 1, 0, 0, NULL, NULL, 0),
	(12, 1, '编码', '编码', 'text', 'code', 'varchar', 1000, NULL, NULL, NULL, NULL, 4, 1, 4, 0, 0, 0, 1, 0, NULL, 'notCreated', 1, 0, 0, NULL, NULL, 0);
/*!40000 ALTER TABLE `adm_ci_type_attr_base` ENABLE KEYS */;

/*!40000 ALTER TABLE `adm_ci_type_attr_group` DISABLE KEYS */;
/*!40000 ALTER TABLE `adm_ci_type_attr_group` ENABLE KEYS */;

/*!40000 ALTER TABLE `adm_integrate_template` DISABLE KEYS */;
INSERT INTO `adm_integrate_template` (`id_adm_integrate_template`, `ci_type_id`, `name`, `des`) VALUES
	(2, 26, 'test', 'test');
/*!40000 ALTER TABLE `adm_integrate_template` ENABLE KEYS */;

/*!40000 ALTER TABLE `adm_integrate_template_alias` DISABLE KEYS */;
INSERT INTO `adm_integrate_template_alias` (`id_alias`, `id_adm_ci_type`, `id_adm_integrate_template`, `alias`) VALUES
	(1, 26, 2, '网络区域连接'),
	(2, 24, 2, '2-1-网络区域2-关联'),
	(3, 28, 2, '3-1-业务区域-网络区域'),
	(4, 29, 2, '4-1-资源集合-业务区域');
/*!40000 ALTER TABLE `adm_integrate_template_alias` ENABLE KEYS */;

/*!40000 ALTER TABLE `adm_integrate_template_alias_attr` DISABLE KEYS */;
INSERT INTO `adm_integrate_template_alias_attr` (`id_attr`, `id_alias`, `id_ci_type_attr`, `is_condition`, `is_displayed`, `mapping_name`, `filter`, `key_name`, `seq_no`, `cn_alias`, `sys_attr`) VALUES
	(1, 1, 422, '1', '1', '编码', NULL, 'networkZoneLink$code', 1, NULL, NULL),
	(2, 2, 382, '1', '1', '编码', NULL, 'networkZoneLink-networkZone$code', 1, NULL, NULL),
	(3, 3, 461, '1', '1', '编码', NULL, 'networkZoneLink-networkZone-businessZone$code', 1, NULL, NULL),
	(4, 4, 480, '1', '1', '编码', NULL, 'networkZoneLink-networkZone-businessZone-resourceSet$code', 1, NULL, NULL);
/*!40000 ALTER TABLE `adm_integrate_template_alias_attr` ENABLE KEYS */;

/*!40000 ALTER TABLE `adm_integrate_template_relation` DISABLE KEYS */;
INSERT INTO `adm_integrate_template_relation` (`id_relation`, `child_alias_id`, `child_ref_attr_id`, `parent_alias_id`, `is_refered_from_parent`) VALUES
	(1, 2, 424, 1, 1),
	(2, 3, 463, 2, 0),
	(3, 4, 481, 3, 0);
/*!40000 ALTER TABLE `adm_integrate_template_relation` ENABLE KEYS */;

/*!40000 ALTER TABLE `adm_log` DISABLE KEYS */;
/*!40000 ALTER TABLE `adm_log` ENABLE KEYS */;

/*!40000 ALTER TABLE `adm_menu` DISABLE KEYS */;
INSERT INTO `adm_menu` (`id_adm_menu`, `name`, `other_name`, `url`, `seq_no`, `remark`, `parent_id_adm_menu`, `class_path`, `is_active`) VALUES
	(1, 'DATA_QUERY', '数据查询', NULL, 1, NULL, NULL, NULL, 0),
	(2, 'DATA_MANAGEMENT', '数据管理', NULL, 2, NULL, NULL, NULL, 0),
	(4, 'VIEW_MANAGEMENT', '视图管理', NULL, 4, NULL, NULL, NULL, 0),
	(5, 'ADMIN', '系统', NULL, 5, NULL, NULL, NULL, 0),
	(6, 'DESIGNING_CI_DATA_ENQUIRY', 'CI数据查询', NULL, 6, NULL, 1, NULL, 0),
	(7, 'DESIGNING_CI_INTEGRATED_QUERY_EXECUTION', 'CI综合查询', NULL, 7, NULL, 1, NULL, 0),
	(9, 'DESIGNING_CI_DATA_MANAGEMENT', 'CI数据管理', NULL, 9, NULL, 2, NULL, 0),
	(10, 'DESIGNING_CI_INTEGRATED_QUERY_MANAGEMENT', 'CI综合查询管理', NULL, 10, NULL, 2, NULL, 0),
	(16, 'IDC_PLANNING_DESIGN', '机房规划设计', NULL, 16, NULL, 4, NULL, 0),
	(17, 'IDC_RESOURCE_PLANNING', '机房资源规划', NULL, 17, NULL, 4, NULL, 0),
	(18, 'APPLICATION_ARCHITECTURE_DESIGN', '应用架构设计', NULL, 18, NULL, 4, NULL, 0),
	(19, 'APPLICATION_DEPLOYMENT_DESIGN', '应用部署设计', NULL, 19, NULL, 4, NULL, 0),
	(20, 'ADMIN_CMDB_MODEL_MANAGEMENT', 'CMDB模型管理', NULL, 20, NULL, 5, NULL, 0),
	(21, 'ADMIN_PERMISSION_MANAGEMENT', '系统权限管理', NULL, 21, NULL, 5, NULL, 0),
	(22, 'CMDB_ADMIN_BASE_DATA_MANAGEMENT', '基础数据管理', NULL, 22, NULL, 5, NULL, 0),
	(23, 'ADMIN_QUERY_LOG', '日志查询', NULL, 23, NULL, 5, NULL, 0),
	(24, 'ADMIN_USER_PASSWORD_MANAGEMENT', '用户密码管理', NULL, 24, NULL, 5, NULL, 0);
/*!40000 ALTER TABLE `adm_menu` ENABLE KEYS */;

/*!40000 ALTER TABLE `adm_role` DISABLE KEYS */;
INSERT INTO `adm_role` (`id_adm_role`, `role_name`, `description`, `id_adm_tenement`, `parent_id_adm_role`, `role_type`, `is_system`) VALUES
	(1, 'SUPER_ADMIN', '超级管理员', NULL, NULL, 'ADMIN', 1),
	(2, 'CMDB_ADMIN', 'CMDB管理员', NULL, NULL, 'ADMIN', 0),
	(3, 'admin', NULL, NULL, NULL, NULL, NULL),
	(11, 'STG_OPS', NULL, NULL, NULL, NULL, NULL),
	(12, 'SUB_SYSTEM', 'SUB_SYSTEM', NULL, NULL, NULL, 1)
	;
/*!40000 ALTER TABLE `adm_role` ENABLE KEYS */;

/*!40000 ALTER TABLE `adm_role_ci_type` DISABLE KEYS */;
INSERT INTO `adm_role_ci_type` (`id_adm_role_ci_type`, `id_adm_role`, `id_adm_ci_type`, `ci_type_name`, `creation_permission`, `removal_permission`, `modification_permission`, `enquiry_permission`, `execution_permission`, `grant_permission`) VALUES
	(1, 1, 1, '管理角色', 'Y', 'Y', 'Y', 'Y', 'Y', 'N'),
	(2, 1, 2, '单元类型', 'Y', 'Y', 'Y', 'Y', 'Y', 'N'),
	(3, 1, 3, '部署环境', 'Y', 'Y', 'Y', 'Y', 'Y', 'N'),
	(4, 1, 4, '法人', 'Y', 'Y', 'Y', 'Y', 'Y', 'N'),
	(5, 1, 5, '应用域', 'Y', 'Y', 'Y', 'Y', 'Y', 'N'),
	(6, 1, 6, '云厂商', 'Y', 'Y', 'Y', 'Y', 'Y', 'N'),
	(7, 1, 7, '集群类型', 'Y', 'Y', 'Y', 'Y', 'Y', 'N'),
	(8, 1, 8, '集群节点类型', 'Y', 'Y', 'Y', 'Y', 'Y', 'N'),
	(9, 1, 9, '资源实例类型', 'Y', 'Y', 'Y', 'Y', 'Y', 'N'),
	(10, 1, 10, '资源实例规格', 'Y', 'Y', 'Y', 'Y', 'Y', 'N'),
	(11, 1, 11, '资源实例系统', 'Y', 'Y', 'Y', 'Y', 'Y', 'N'),
	(12, 1, 12, '数据中心设计', 'Y', 'Y', 'Y', 'Y', 'Y', 'N'),
	(13, 1, 13, '网段设计', 'Y', 'Y', 'Y', 'Y', 'Y', 'N'),
	(14, 1, 14, '网络区域设计', 'Y', 'Y', 'Y', 'Y', 'Y', 'N'),
	(15, 1, 15, '默认安全策略设计', 'Y', 'Y', 'Y', 'Y', 'Y', 'N'),
	(16, 1, 16, '网络区域连接设计', 'Y', 'Y', 'Y', 'Y', 'Y', 'N'),
	(18, 1, 18, '业务区域设计', 'Y', 'Y', 'Y', 'Y', 'Y', 'N'),
	(19, 1, 19, '资源集合设计', 'Y', 'Y', 'Y', 'Y', 'Y', 'N'),
	(20, 1, 20, '资源集合路由设计', 'Y', 'Y', 'Y', 'Y', 'Y', 'N'),
	(21, 1, 21, '资源集合调用设计', 'Y', 'Y', 'Y', 'Y', 'Y', 'N'),
	(22, 1, 22, '数据中心', 'Y', 'Y', 'Y', 'Y', 'Y', 'N'),
	(23, 1, 23, '网段', 'Y', 'Y', 'Y', 'Y', 'Y', 'N'),
	(24, 1, 24, '网络区域', 'Y', 'Y', 'Y', 'Y', 'Y', 'N'),
	(25, 1, 25, '默认安全策略', 'Y', 'Y', 'Y', 'Y', 'Y', 'N'),
	(26, 1, 26, '网络区域连接', 'Y', 'Y', 'Y', 'Y', 'Y', 'N'),
	(28, 1, 28, '业务区域', 'Y', 'Y', 'Y', 'Y', 'Y', 'N'),
	(29, 1, 29, '资源集合', 'Y', 'Y', 'Y', 'Y', 'Y', 'N'),
	(30, 1, 30, '资源集合路由', 'Y', 'Y', 'Y', 'Y', 'Y', 'N'),
	(31, 1, 31, 'IP地址', 'Y', 'Y', 'Y', 'Y', 'Y', 'N'),
	(32, 1, 32, '主机资源实例', 'Y', 'Y', 'Y', 'Y', 'Y', 'N'),
	(33, 1, 33, '数据库资源实例', 'Y', 'Y', 'Y', 'Y', 'Y', 'N'),
	(34, 1, 34, '缓存资源实例', 'Y', 'Y', 'Y', 'Y', 'Y', 'N'),
	(35, 1, 35, '负载均衡资源实例', 'Y', 'Y', 'Y', 'Y', 'Y', 'N'),
	(36, 1, 36, '块存储', 'Y', 'Y', 'Y', 'Y', 'Y', 'N'),
	(37, 1, 37, '应用系统设计', 'Y', 'Y', 'Y', 'Y', 'Y', 'N'),
	(38, 1, 38, '子系统设计', 'Y', 'Y', 'Y', 'Y', 'Y', 'N'),
	(39, 1, 39, '单元设计', 'Y', 'Y', 'Y', 'Y', 'Y', 'N'),
	(40, 1, 40, '调用设计', 'Y', 'Y', 'Y', 'Y', 'Y', 'N'),
	(41, 1, 41, '服务设计', 'Y', 'Y', 'Y', 'Y', 'Y', 'N'),
	(42, 1, 42, '服务调用设计', 'Y', 'Y', 'Y', 'Y', 'Y', 'N'),
	(43, 1, 43, '服务调用时序设计', 'Y', 'Y', 'Y', 'Y', 'Y', 'N'),
	(44, 1, 44, '差异化配置', 'Y', 'Y', 'Y', 'Y', 'Y', 'N'),
	(45, 1, 45, '部署物料包', 'Y', 'Y', 'Y', 'Y', 'Y', 'N'),
	(46, 1, 46, '应用系统', 'Y', 'Y', 'Y', 'Y', 'Y', 'N'),
	(47, 1, 47, '子系统', 'Y', 'Y', 'Y', 'Y', 'Y', 'N'),
	(48, 1, 48, '单元', 'Y', 'Y', 'Y', 'Y', 'Y', 'N'),
	(49, 1, 49, '调用', 'Y', 'Y', 'Y', 'Y', 'Y', 'N'),
	(50, 1, 50, '应用实例', 'Y', 'Y', 'Y', 'Y', 'Y', 'N'),
	(51, 1, 51, '数据库实例', 'Y', 'Y', 'Y', 'Y', 'Y', 'N'),
	(52, 1, 52, '缓存实例', 'Y', 'Y', 'Y', 'Y', 'Y', 'N'),
	(53, 1, 53, '负载均衡实例', 'Y', 'Y', 'Y', 'Y', 'Y', 'N'),
	(54, 1, 54, '节点类型', 'Y', 'Y', 'Y', 'Y', 'Y', 'N'),
	(55, 3, 1, '管理角色', 'N', 'N', 'N', 'N', 'N', 'N'),
	(56, 3, 2, '单元类型', 'N', 'N', 'N', 'N', 'N', 'N'),
	(57, 3, 3, '部署环境', 'N', 'N', 'N', 'N', 'N', 'N'),
	(58, 3, 4, '法人', 'N', 'N', 'N', 'N', 'N', 'N'),
	(59, 3, 5, '应用域', 'N', 'N', 'N', 'N', 'N', 'N'),
	(60, 3, 6, '云厂商', 'N', 'N', 'N', 'N', 'N', 'N'),
	(61, 3, 7, '集群类型', 'N', 'N', 'N', 'N', 'N', 'N'),
	(62, 3, 8, '集群节点类型', 'N', 'N', 'N', 'N', 'N', 'N'),
	(63, 3, 9, '资源实例类型', 'N', 'N', 'N', 'N', 'N', 'N'),
	(64, 3, 10, '资源实例规格', 'N', 'N', 'N', 'N', 'N', 'N'),
	(65, 3, 11, '资源实例系统', 'N', 'N', 'N', 'N', 'N', 'N'),
	(66, 3, 12, '数据中心设计', 'N', 'N', 'N', 'N', 'N', 'N'),
	(67, 3, 13, '网段设计', 'N', 'N', 'N', 'N', 'N', 'N'),
	(68, 3, 14, '网络区域设计', 'N', 'N', 'N', 'N', 'N', 'N'),
	(69, 3, 15, '默认安全策略设计', 'N', 'N', 'N', 'N', 'N', 'N'),
	(70, 3, 16, '网络区域连接设计', 'N', 'N', 'N', 'N', 'N', 'N'),
	(71, 3, 18, '业务区域设计', 'N', 'N', 'N', 'N', 'N', 'N'),
	(72, 3, 19, '资源集合设计', 'N', 'N', 'N', 'N', 'N', 'N'),
	(73, 3, 20, '路由设计', 'N', 'N', 'N', 'N', 'N', 'N'),
	(74, 3, 21, '资源集合调用设计', 'N', 'N', 'N', 'N', 'N', 'N'),
	(75, 3, 22, '数据中心', 'N', 'N', 'N', 'N', 'N', 'N'),
	(76, 3, 23, '网段', 'N', 'N', 'N', 'N', 'N', 'N'),
	(77, 3, 24, '网络区域', 'N', 'N', 'N', 'N', 'N', 'N'),
	(78, 3, 25, '默认安全策略', 'N', 'N', 'N', 'N', 'N', 'N'),
	(79, 3, 26, '网络区域连接', 'N', 'N', 'N', 'N', 'N', 'N'),
	(80, 3, 28, '业务区域', 'N', 'N', 'N', 'N', 'N', 'N'),
	(81, 3, 29, '资源集合', 'N', 'N', 'N', 'N', 'N', 'N'),
	(82, 3, 30, '路由', 'N', 'N', 'N', 'N', 'N', 'N'),
	(83, 3, 31, 'IP地址', 'N', 'N', 'N', 'N', 'N', 'N'),
	(84, 3, 32, '主机资源实例', 'N', 'N', 'N', 'N', 'N', 'N'),
	(85, 3, 33, '数据库资源实例', 'N', 'N', 'N', 'N', 'N', 'N'),
	(86, 3, 34, '缓存资源实例', 'N', 'N', 'N', 'N', 'N', 'N'),
	(87, 3, 35, '负载均衡资源实例', 'N', 'N', 'N', 'N', 'N', 'N'),
	(88, 3, 36, '块存储', 'N', 'N', 'N', 'N', 'N', 'N'),
	(89, 3, 37, '应用系统设计', 'N', 'N', 'N', 'N', 'N', 'N'),
	(90, 3, 38, '子系统设计', 'N', 'N', 'N', 'N', 'N', 'N'),
	(91, 3, 39, '单元设计', 'N', 'N', 'N', 'N', 'N', 'N'),
	(92, 3, 40, '调用设计', 'N', 'N', 'N', 'N', 'N', 'N'),
	(93, 3, 41, '服务设计', 'N', 'N', 'N', 'N', 'N', 'N'),
	(94, 3, 42, '服务调用设计', 'N', 'N', 'N', 'N', 'N', 'N'),
	(95, 3, 43, '服务调用时序设计', 'N', 'N', 'N', 'N', 'N', 'N'),
	(96, 3, 44, '差异化配置', 'N', 'N', 'N', 'N', 'N', 'N'),
	(97, 3, 45, '部署物料包', 'N', 'N', 'N', 'N', 'N', 'N'),
	(98, 3, 46, '应用系统', 'N', 'N', 'N', 'N', 'N', 'N'),
	(99, 3, 47, '子系统', 'N', 'N', 'N', 'N', 'N', 'N'),
	(100, 3, 48, '单元', 'N', 'N', 'N', 'N', 'N', 'N'),
	(101, 3, 49, '调用', 'N', 'N', 'N', 'N', 'N', 'N'),
	(102, 3, 50, '应用实例', 'N', 'N', 'N', 'N', 'N', 'N'),
	(103, 3, 51, '数据库实例', 'N', 'N', 'N', 'N', 'N', 'N'),
	(104, 3, 52, '缓存实例', 'N', 'N', 'N', 'N', 'N', 'N'),
	(105, 3, 53, '负载均衡实例', 'N', 'N', 'N', 'N', 'N', 'N'),
	(106, 3, 54, '节点类型', 'N', 'N', 'N', 'N', 'N', 'N'),
	(471, 11, 1, '管理角色', 'N', 'N', 'N', 'N', 'N', 'N'),
	(472, 11, 2, '单元类型', 'N', 'N', 'N', 'N', 'N', 'N'),
	(473, 11, 3, '部署环境', 'N', 'N', 'N', 'N', 'N', 'N'),
	(474, 11, 4, '法人', 'N', 'N', 'N', 'N', 'N', 'N'),
	(475, 11, 5, '应用域', 'N', 'N', 'N', 'N', 'N', 'N'),
	(476, 11, 6, '云厂商', 'N', 'N', 'N', 'N', 'N', 'N'),
	(477, 11, 7, '集群类型', 'N', 'N', 'N', 'N', 'N', 'N'),
	(478, 11, 8, '集群节点类型', 'N', 'N', 'N', 'N', 'N', 'N'),
	(479, 11, 9, '资源实例类型', 'N', 'N', 'N', 'N', 'N', 'N'),
	(480, 11, 10, '资源实例规格', 'N', 'N', 'N', 'N', 'N', 'N'),
	(481, 11, 11, '资源实例系统', 'N', 'N', 'N', 'N', 'N', 'N'),
	(482, 11, 12, '数据中心设计', 'N', 'N', 'N', 'N', 'N', 'N'),
	(483, 11, 13, '网段设计', 'N', 'N', 'N', 'N', 'N', 'N'),
	(484, 11, 14, '网络区域设计', 'N', 'N', 'N', 'N', 'N', 'N'),
	(485, 11, 15, '默认安全策略设计', 'N', 'N', 'N', 'N', 'N', 'N'),
	(486, 11, 16, '网络区域连接设计', 'N', 'N', 'N', 'N', 'N', 'N'),
	(487, 11, 18, '业务区域设计', 'N', 'N', 'N', 'N', 'N', 'N'),
	(488, 11, 19, '资源集合设计', 'N', 'N', 'N', 'N', 'N', 'N'),
	(489, 11, 20, '路由设计', 'N', 'N', 'N', 'N', 'N', 'N'),
	(490, 11, 21, '资源集合调用设计', 'N', 'N', 'N', 'N', 'N', 'N'),
	(491, 11, 22, '数据中心', 'N', 'N', 'N', 'N', 'N', 'N'),
	(492, 11, 23, '网段', 'N', 'N', 'N', 'N', 'N', 'N'),
	(493, 11, 24, '网络区域', 'N', 'N', 'N', 'N', 'N', 'N'),
	(494, 11, 25, '默认安全策略', 'N', 'N', 'N', 'N', 'N', 'N'),
	(495, 11, 26, '网络区域连接', 'N', 'N', 'N', 'N', 'N', 'N'),
	(496, 11, 28, '业务区域', 'N', 'N', 'N', 'N', 'N', 'N'),
	(497, 11, 29, '资源集合', 'N', 'N', 'N', 'N', 'N', 'N'),
	(498, 11, 30, '路由', 'N', 'N', 'N', 'N', 'N', 'N'),
	(499, 11, 31, 'IP地址', 'N', 'N', 'N', 'N', 'N', 'N'),
	(500, 11, 32, '主机资源实例', 'N', 'N', 'N', 'N', 'N', 'N'),
	(501, 11, 33, '数据库资源实例', 'N', 'N', 'N', 'N', 'N', 'N'),
	(502, 11, 34, '缓存资源实例', 'N', 'N', 'N', 'N', 'N', 'N'),
	(503, 11, 35, '负载均衡资源实例', 'N', 'N', 'N', 'N', 'N', 'N'),
	(504, 11, 36, '块存储', 'N', 'N', 'N', 'N', 'N', 'N'),
	(505, 11, 37, '应用系统设计', 'N', 'N', 'N', 'N', 'N', 'N'),
	(506, 11, 38, '子系统设计', 'N', 'N', 'N', 'N', 'N', 'N'),
	(507, 11, 39, '单元设计', 'N', 'N', 'N', 'N', 'N', 'N'),
	(508, 11, 40, '调用设计', 'N', 'N', 'N', 'N', 'N', 'N'),
	(509, 11, 41, '服务设计', 'N', 'N', 'N', 'N', 'N', 'N'),
	(510, 11, 42, '服务调用设计', 'N', 'N', 'N', 'N', 'N', 'N'),
	(511, 11, 43, '服务调用时序设计', 'N', 'N', 'N', 'N', 'N', 'N'),
	(512, 11, 44, '差异化配置', 'N', 'N', 'N', 'N', 'N', 'N'),
	(513, 11, 45, '部署物料包', 'N', 'N', 'N', 'N', 'N', 'N'),
	(514, 11, 46, '应用系统', 'N', 'N', 'N', 'N', 'N', 'N'),
	(515, 11, 47, '子系统', 'N', 'N', 'N', 'N', 'N', 'N'),
	(516, 11, 48, '单元', 'N', 'N', 'N', 'N', 'N', 'N'),
	(517, 11, 49, '调用', 'N', 'N', 'N', 'N', 'N', 'N'),
	(518, 11, 50, '应用实例', 'N', 'N', 'N', 'N', 'N', 'N'),
	(519, 11, 51, '数据库实例', 'N', 'N', 'N', 'N', 'N', 'N'),
	(520, 11, 52, '缓存实例', 'N', 'N', 'N', 'N', 'N', 'N'),
	(521, 11, 53, '负载均衡实例', 'N', 'N', 'N', 'N', 'N', 'N'),
	(522, 11, 54, '节点类型', 'N', 'N', 'N', 'N', 'N', 'N'),
	(523, 1, 62, '存储类型', 'Y', 'Y', 'Y', 'Y', 'Y', 'N'),
	(524, 1, 63, '计费模型', 'Y', 'Y', 'Y', 'Y', 'Y', 'N'),
	(530, 12, 1, '管理角色', 'Y', 'Y', 'Y', 'Y', 'Y', 'N'),
	(531, 12, 2, '单元类型', 'Y', 'Y', 'Y', 'Y', 'Y', 'N'),
	(532, 12, 3, '部署环境', 'Y', 'Y', 'Y', 'Y', 'Y', 'N'),
	(533, 12, 4, '法人', 'Y', 'Y', 'Y', 'Y', 'Y', 'N'),
	(534, 12, 5, '应用域', 'Y', 'Y', 'Y', 'Y', 'Y', 'N'),
	(535, 12, 6, '云厂商', 'Y', 'Y', 'Y', 'Y', 'Y', 'N'),
	(536, 12, 7, '集群类型', 'Y', 'Y', 'Y', 'Y', 'Y', 'N'),
	(537, 12, 8, '集群节点类型', 'Y', 'Y', 'Y', 'Y', 'Y', 'N'),
	(538, 12, 9, '资源实例类型', 'Y', 'Y', 'Y', 'Y', 'Y', 'N'),
	(539, 12, 10, '资源实例规格', 'Y', 'Y', 'Y', 'Y', 'Y', 'N'),
	(540, 12, 11, '资源实例系统', 'Y', 'Y', 'Y', 'Y', 'Y', 'N'),
	(541, 12, 12, '数据中心设计', 'Y', 'Y', 'Y', 'Y', 'Y', 'N'),
	(542, 12, 13, '网段设计', 'Y', 'Y', 'Y', 'Y', 'Y', 'N'),
	(543, 12, 14, '网络区域设计', 'Y', 'Y', 'Y', 'Y', 'Y', 'N'),
	(544, 12, 15, '默认安全策略设计', 'Y', 'Y', 'Y', 'Y', 'Y', 'N'),
	(545, 12, 16, '网络区域连接设计', 'Y', 'Y', 'Y', 'Y', 'Y', 'N'),
	(546, 12, 18, '业务区域设计', 'Y', 'Y', 'Y', 'Y', 'Y', 'N'),
	(547, 12, 19, '资源集合设计', 'Y', 'Y', 'Y', 'Y', 'Y', 'N'),
	(548, 12, 20, '资源集合路由设计', 'Y', 'Y', 'Y', 'Y', 'Y', 'N'),
	(549, 12, 21, '资源集合调用设计', 'Y', 'Y', 'Y', 'Y', 'Y', 'N'),
	(550, 12, 22, '数据中心', 'Y', 'Y', 'Y', 'Y', 'Y', 'N'),
	(551, 12, 23, '网段', 'Y', 'Y', 'Y', 'Y', 'Y', 'N'),
	(552, 12, 24, '网络区域', 'Y', 'Y', 'Y', 'Y', 'Y', 'N'),
	(553, 12, 25, '默认安全策略', 'Y', 'Y', 'Y', 'Y', 'Y', 'N'),
	(554, 12, 26, '网络区域连接', 'Y', 'Y', 'Y', 'Y', 'Y', 'N'),
	(555, 12, 28, '业务区域', 'Y', 'Y', 'Y', 'Y', 'Y', 'N'),
	(556, 12, 29, '资源集合', 'Y', 'Y', 'Y', 'Y', 'Y', 'N'),
	(557, 12, 30, '资源集合路由', 'Y', 'Y', 'Y', 'Y', 'Y', 'N'),
	(558, 12, 31, 'IP地址', 'Y', 'Y', 'Y', 'Y', 'Y', 'N'),
	(559, 12, 32, '主机资源实例', 'Y', 'Y', 'Y', 'Y', 'Y', 'N'),
	(560, 12, 33, '数据库资源实例', 'Y', 'Y', 'Y', 'Y', 'Y', 'N'),
	(561, 12, 34, '缓存资源实例', 'Y', 'Y', 'Y', 'Y', 'Y', 'N'),
	(562, 12, 35, '负载均衡资源实例', 'Y', 'Y', 'Y', 'Y', 'Y', 'N'),
	(563, 12, 36, '块存储', 'Y', 'Y', 'Y', 'Y', 'Y', 'N'),
	(564, 12, 37, '应用系统设计', 'Y', 'Y', 'Y', 'Y', 'Y', 'N'),
	(565, 12, 38, '子系统设计', 'Y', 'Y', 'Y', 'Y', 'Y', 'N'),
	(566, 12, 39, '单元设计', 'Y', 'Y', 'Y', 'Y', 'Y', 'N'),
	(567, 12, 40, '调用设计', 'Y', 'Y', 'Y', 'Y', 'Y', 'N'),
	(568, 12, 41, '服务设计', 'Y', 'Y', 'Y', 'Y', 'Y', 'N'),
	(569, 12, 42, '服务调用设计', 'Y', 'Y', 'Y', 'Y', 'Y', 'N'),
	(570, 12, 43, '服务调用时序设计', 'Y', 'Y', 'Y', 'Y', 'Y', 'N'),
	(571, 12, 44, '差异化配置', 'Y', 'Y', 'Y', 'Y', 'Y', 'N'),
	(572, 12, 45, '部署物料包', 'Y', 'Y', 'Y', 'Y', 'Y', 'N'),
	(573, 12, 46, '应用系统', 'Y', 'Y', 'Y', 'Y', 'Y', 'N'),
	(574, 12, 47, '子系统', 'Y', 'Y', 'Y', 'Y', 'Y', 'N'),
	(575, 12, 48, '单元', 'Y', 'Y', 'Y', 'Y', 'Y', 'N'),
	(576, 12, 49, '调用', 'Y', 'Y', 'Y', 'Y', 'Y', 'N'),
	(577, 12, 50, '应用实例', 'Y', 'Y', 'Y', 'Y', 'Y', 'N'),
	(578, 12, 51, '数据库实例', 'Y', 'Y', 'Y', 'Y', 'Y', 'N'),
	(579, 12, 52, '缓存实例', 'Y', 'Y', 'Y', 'Y', 'Y', 'N'),
	(580, 12, 53, '负载均衡实例', 'Y', 'Y', 'Y', 'Y', 'Y', 'N'),
	(581, 12, 54, '节点类型', 'Y', 'Y', 'Y', 'Y', 'Y', 'N')
	;
/*!40000 ALTER TABLE `adm_role_ci_type` ENABLE KEYS */;

/*!40000 ALTER TABLE `adm_role_ci_type_ctrl_attr` DISABLE KEYS */;
INSERT INTO `adm_role_ci_type_ctrl_attr` (`id_adm_role_ci_type_ctrl_attr`, `id_adm_role_ci_type`, `creation_permission`, `removal_permission`, `modification_permission`, `enquiry_permission`, `execution_permission`, `grant_permission`) VALUES
	(1, 37, 'N', 'N', 'N', 'Y', 'N', 'N');
/*!40000 ALTER TABLE `adm_role_ci_type_ctrl_attr` ENABLE KEYS */;

/*!40000 ALTER TABLE `adm_role_ci_type_ctrl_attr_condition` DISABLE KEYS */;
INSERT INTO `adm_role_ci_type_ctrl_attr_condition` (`id_adm_role_ci_type_ctrl_attr_condition`, `id_adm_role_ci_type_ctrl_attr`, `id_adm_ci_type_attr`, `ci_type_attr_name`, `condition_value`, `condition_value_type`) VALUES
	(1, 1, 693, '应用域', '0005_0000000005', NULL);
/*!40000 ALTER TABLE `adm_role_ci_type_ctrl_attr_condition` ENABLE KEYS */;

/*!40000 ALTER TABLE `adm_role_menu` DISABLE KEYS */;
INSERT INTO `adm_role_menu` (`id_adm_role_menu`, `id_adm_role`, `id_adm_menu`, `is_system`) VALUES
	(1, 1, 1, 0),
	(2, 1, 2, 0),
	(5, 1, 5, 1),
	(6, 1, 6, 0),
	(7, 1, 7, 0),
	(8, 1, 8, 0),
	(9, 1, 9, 0),
	(10, 1, 10, 0),
	(11, 1, 11, 0),
	(16, 1, 16, 0),
	(17, 1, 17, 0),
	(18, 1, 18, 0),
	(19, 1, 19, 0),
	(20, 1, 20, 0),
	(21, 1, 21, 1),
	(22, 1, 22, 0),
	(23, 1, 23, 0),
	(24, 1, 24, 0),
	(25, 2, 20, 0),
	(26, 2, 21, 0),
	(27, 2, 22, 0),
	(28, 2, 23, 0),
	(29, 2, 24, 0),
	(30, 2, 9, 0),
	(31, 2, 10, 0),
	(32, 2, 11, 0),
	(33, 2, 16, 0),
	(34, 2, 17, 0),
	(35, 2, 18, 0),
	(36, 2, 19, 0),
	(37, 2, 6, 0),
	(38, 2, 7, 0),
	(39, 2, 8, 0),
	(44, 9, 6, 0),
	(45, 9, 7, 0),
	(46, 9, 8, 0),
	(47, 9, 9, 0),
	(48, 9, 10, 0),
	(49, 9, 11, 0),
	(50, 6, 16, 0),
	(51, 6, 17, 0),
	(52, 6, 18, 0),
	(53, 6, 19, 0),
	(54, 6, 6, 0),
	(55, 6, 7, 0),
	(56, 6, 8, 0),
	(57, 6, 9, 0),
	(58, 6, 10, 0),
	(59, 6, 11, 0),
	(61, 6, 22, 0),
	(62, 6, 20, 0),
	(63, 6, 23, 0);
/*!40000 ALTER TABLE `adm_role_menu` ENABLE KEYS */;

/*!40000 ALTER TABLE `adm_role_user` DISABLE KEYS */;
INSERT INTO `adm_role_user` (`id_adm_role_user`, `id_adm_role`, `id_adm_user`, `is_system`) VALUES
	(1, 1, 1, 1),
	(2, 2, 2, 0),
	(3, 9, 3, 0),
	(4, 6, 4, 0);
/*!40000 ALTER TABLE `adm_role_user` ENABLE KEYS */;

/*!40000 ALTER TABLE `adm_sequence` DISABLE KEYS */;
INSERT INTO `adm_sequence` (`id_adm_sequence`, `seq_name`, `current_val`, `increment_val`, `length_limitation`, `left_zero_padding`) VALUES
	(1, 'manage_role', 1, 1, 8, 'N'),
	(2, 'data_center_design', 1, 1, 8, 'N'),
	(3, 'network_segment_design', 26, 1, 8, 'N'),
	(4, 'network_zone_design', 7, 1, 8, 'N'),
	(5, 'application_domain', 2, 1, 8, 'N'),
	(6, 'business_zone_design', 6, 1, 8, 'N'),
	(7, 'unit_type', 6, 1, 8, 'N'),
	(8, 'resource_set_design', 19, 1, 8, 'N'),
	(9, 'resource_set_invoke_design', 16, 1, 8, 'N'),
	(10, 'network_link_design', 11, 1, 8, 'N'),
	(11, 'default_security_policy_design', 24, 1, 8, 'N'),
	(12, 'network_zone_route_design', 0, 1, 8, 'N'),
	(13, 'resource_set_route_design', 0, 1, 8, 'N'),
	(14, 'cloud_vendor', 2, 1, 8, 'N'),
	(15, 'deploy_environment', 2, 1, 8, 'N'),
	(16, 'data_center', 6, 1, 8, 'N'),
	(17, 'network_segment', 45, 1, 8, 'N'),
	(18, 'network_zone', 5, 1, 8, 'N'),
	(19, 'business_zone', 9, 1, 8, 'N'),
	(20, 'cluster_type', 6, 1, 8, 'N'),
	(21, 'cluster_node_type', 4, 1, 8, 'N'),
	(22, 'resource_set', 30, 1, 8, 'N'),
	(23, 'ip_address', 114, 1, 8, 'N'),
	(24, 'resource_instance_type', 8, 1, 8, 'N'),
	(25, 'resource_instance_system', 5, 1, 8, 'N'),
	(26, 'resource_instance_spec', 11, 1, 8, 'N'),
	(27, 'host_resource_instance', 6, 1, 8, 'N'),
	(28, 'network_link_type', 2, 1, 8, 'N'),
	(29, 'rdb_resource_instance', 3, 1, 8, 'N'),
	(30, 'lb_resource_instance', 2, 1, 8, 'N'),
	(31, 'app_system_design', 4, 1, 8, 'N'),
	(32, 'subsys_design', 13, 1, 8, 'N'),
	(33, 'unit_design', 21, 1, 8, 'N'),
	(34, 'invoke_design', 28, 1, 8, 'N'),
	(35, 'service_design', 1, 1, 8, 'N'),
	(36, 'service_invoke_design', 1, 1, 8, 'N'),
	(37, 'legal_person', 1, 1, 8, 'N'),
	(38, 'app_system', 4, 1, 8, 'N'),
	(39, 'subsys', 13, 1, 8, 'N'),
	(40, 'unit', 21, 1, 8, 'N'),
	(41, 'app_instance', 10, 1, 8, 'N'),
	(42, 'network_link', 6, 1, 8, 'N'),
	(43, 'route_design', 15, 1, 8, 'N'),
	(44, 'route', 2, 1, 8, 'N'),
	(45, 'default_security_policy', 14, 1, 8, 'N'),
	(46, 'rdb_instance', 3, 1, 8, 'N'),
	(47, 'lb_instance', 4, 1, 8, 'N'),
	(48, 'invoke', 28, 1, 8, 'N'),
	(49, 'deploy_package', 1, 1, 8, 'N'),
	(50, 'diff_configuration', 0, 1, 8, 'N'),
	(51, 'cache_resource_instance', 1, 1, 8, 'N'),
	(52, 'block_storage', 0, 1, 8, 'N'),
	(53, 'service_invoke_seq_design', 0, 1, 8, 'N'),
	(54, 'cache_instance', 1, 1, 8, 'N'),
	(55, 'charge_type', 2, 1, 8, 'N'),
	(56, 'storage_type', 8, 1, 8, 'N');
/*!40000 ALTER TABLE `adm_sequence` ENABLE KEYS */;

/*!40000 ALTER TABLE `adm_state_transition` DISABLE KEYS */;
INSERT INTO `adm_state_transition` (`id_adm_state_transition`, `current_state`, `current_state_is_confirmed`, `target_state`, `target_state_is_confirmed`, `operation`, `action`, `status`) VALUES
	(1, 37, 0, NULL, NULL, 48, 54, 'active'),
	(2, NULL, NULL, 37, 0, 45, 52, 'active'),
	(3, 37, 0, 37, 0, 46, 56, 'active'),
	(4, 37, 0, 37, 1, 49, 57, 'active'),
	(5, 37, 1, 38, 0, 46, 53, 'active'),
	(6, 38, 0, 37, 1, 47, 55, 'active'),
	(7, 37, 1, 39, 0, 48, 53, 'active'),
	(8, 39, 0, 37, 1, 47, 55, 'active'),
	(9, 38, 0, 38, 0, 46, 56, 'active'),
	(10, 38, 0, 38, 1, 49, 57, 'active'),
	(11, 38, 1, 38, 0, 46, 53, 'active'),
	(12, 38, 0, 38, 1, 47, 55, 'active'),
	(13, 38, 1, 39, 0, 48, 53, 'active'),
	(14, 39, 0, 38, 1, 47, 55, 'active'),
	(15, 39, 0, 39, 1, 49, 57, 'active'),
	(16, 40, 0, NULL, NULL, 48, 54, 'active'),
	(17, NULL, NULL, 40, 0, 45, 52, 'active'),
	(18, 40, 0, 40, 0, 46, 56, 'active'),
	(19, 40, 0, 40, 1, 49, 57, 'active'),
	(20, 40, 1, 41, 0, 50, 53, 'active'),
	(21, 41, 0, 40, 1, 47, 55, 'active'),
	(22, 41, 0, 41, 1, 49, 57, 'active'),
	(23, 40, 1, 43, 0, 51, 53, 'active'),
	(24, 43, 0, 40, 1, 47, 55, 'active'),
	(25, 43, 0, 43, 1, 49, 57, 'active'),
	(26, 41, 1, 43, 0, 51, 53, 'active'),
	(27, 43, 0, 41, 1, 47, 55, 'active'),
	(28, 43, 1, 41, 0, 50, 53, 'active'),
	(29, 41, 0, 43, 1, 47, 55, 'active'),
	(30, 41, 1, 42, 0, 46, 53, 'active'),
	(31, 42, 0, 41, 1, 47, 55, 'active'),
	(32, 43, 1, 42, 0, 46, 53, 'active'),
	(33, 42, 0, 43, 1, 47, 55, 'active'),
	(34, 42, 0, 42, 0, 46, 56, 'active'),
	(35, 42, 0, 42, 1, 49, 57, 'active'),
	(36, 42, 1, 43, 0, 51, 53, 'active'),
	(37, 43, 0, 42, 1, 47, 55, 'active'),
	(38, 42, 1, 41, 0, 50, 53, 'active'),
	(39, 41, 0, 42, 1, 47, 55, 'active'),
	(40, 43, 1, 44, 0, 48, 53, 'active'),
	(41, 44, 0, 43, 1, 47, 55, 'active'),
	(42, 44, 0, 44, 1, 49, 57, 'active'),
	(43, 34, 0, NULL, NULL, 48, 54, 'active'),
	(44, NULL, NULL, 34, 0, 45, 52, 'active'),
	(45, 34, 0, 34, 0, 46, 56, 'active'),
	(46, 34, 0, 34, 1, 49, 57, 'active'),
	(47, 34, 1, 35, 0, 46, 53, 'active'),
	(48, 35, 0, 34, 1, 47, 55, 'active'),
	(49, 34, 1, 36, 0, 48, 53, 'active'),
	(50, 36, 0, 34, 1, 47, 55, 'active'),
	(51, 35, 0, 35, 0, 46, 56, 'active'),
	(52, 35, 0, 35, 1, 49, 57, 'active'),
	(53, 35, 1, 35, 0, 46, 53, 'active'),
	(54, 35, 0, 35, 1, 47, 55, 'active'),
	(55, 35, 1, 36, 0, 48, 53, 'active'),
	(56, 36, 0, 35, 1, 47, 55, 'active'),
	(57, 36, 0, 36, 1, 49, 57, 'active'),
	(58, 40, 1, 42, 0, 46, 53, 'active'),
	(59, 42, 0, 40, 1, 47, 55, 'active');
/*!40000 ALTER TABLE `adm_state_transition` ENABLE KEYS */;
SET FOREIGN_KEY_CHECKS=1;
