SET FOREIGN_KEY_CHECKS=0;
INSERT INTO `adm_basekey_cat` (`id_adm_basekey_cat`, `cat_name`, `description`, `id_adm_role`, `id_adm_basekey_cat_type`, `group_type_id`) VALUES
	(1, 'ci_layer', '层级', NULL, 1, NULL),
	(2, 'ci_catalog', '目录', NULL, 1, NULL),
	(3, 'ci_zoom_level', 'Zoom', NULL, 1, NULL),
	(4, 'ci_attr_type', '属性类型', NULL, 1, NULL),
	(5, 'ci_attr_enum_type', '枚举类型', NULL, 1, NULL),
	(6, 'ci_attr_ref_type', '引用类型', NULL, 1, NULL),
	(7, 'ci_state_design', '设计类CI状态', NULL, 1, NULL),
	(8, 'ci_state_create', '可创建类CI状态', NULL, 1, NULL),
	(9, 'ci_state_start_stop', '可起停类CI状态', NULL, 1, NULL),
	(10, 'state_transition_operation', '状态迁移操作', NULL, 1, NULL),
	(11, 'state_transition_action', '状态迁移动作', NULL, 1, NULL),
	(12, 'tab_of_planning_design', '规划设计CI标签', NULL, 1, NULL),
	(13, 'tab_query_of_planning_design', '规划设计标签查询', NULL, 1, 12),
	(14, 'tab_of_resourse_planning', '资源规划CI标签', NULL, 1, NULL),
	(15, 'tab_query_of_resourse_planning', '资源规划标签查询', NULL, 1, 14),
	(16, 'tab_of_architecture_design', '架构设计CI标签', NULL, 1, NULL),
	(17, 'tab_query_of_architecture_design', '架构设计标签查询', NULL, 1, 16),
	(18, 'tab_of_deploy_design', '部署设计CI标签', NULL, 1, NULL),
	(19, 'tab_query_of_deploy_design', '部署设计标签查询', NULL, 1, 18),
	(20, 'business_group', '业务群组', NULL, 2, NULL),
	(21, 'unit_type', '部署单元类型', NULL, 2, NULL),
	(22, 'env_type', '环境类型', NULL, 2, NULL),
	(23, 'env', '环境', NULL, 2, 22),
	(24, 'charge_type', '计费模式', NULL, 2, NULL),
	(25, 'zone_design_type', '安全区域设计类型', NULL, 2, NULL),
	(26, 'zone_layer', '安全区域设计层级', NULL, 2, NULL),
	(27, 'dcn_design_type', 'DCN设计类型', NULL, 2, NULL),
	(28, 'resource_set_design_type', '资源集设计类型', NULL, 2, NULL),
	(29, 'ha_type', '高可用类型', NULL, 2, NULL),
	(30, 'diff_conf', '差异配置', NULL, 2, NULL),
	(31, 'orchestration', '编排', NULL, 3, NULL),
	(32, 'orchestration', '编排', NULL, 4, NULL),
	(33, 'orchestration', '编排', NULL, 5, NULL),
	(34, 'across_idc', '跨IDC部署模式', NULL, 5, NULL),
	(35, 'orchestration', '编排', NULL, 6, NULL),
	(36, 'service_type', '服务类型', NULL, 6, NULL),
	(37, 'orchestration', '编排', NULL, 7, NULL),
	(38, 'invoke_type', '调用类型', NULL, 7, NULL),
	(39, 'orchestration', '编排', NULL, 8, NULL),
	(40, 'orchestration', '编排', NULL, 9, NULL),
	(41, 'orchestration', '编排', NULL, 10, NULL),
	(42, 'orchestration', '编排', NULL, 11, NULL),
	(43, 'service_dns_domain', '服务域名域', NULL, 11, NULL),
	(44, 'orchestration', '编排', NULL, 12, NULL),
	(45, 'orchestration', '编排', NULL, 13, NULL),
	(46, 'deploy_user', '部署用户', NULL, 13, NULL),
	(47, 'orchestration', '编排', NULL, 14, NULL),
	(48, 'host_type', '主机类型', NULL, 14, NULL),
	(49, 'host_os_type', '主机操作系统类型', NULL, 14, NULL),
	(50, 'host_sys_disk', '主机系统磁盘', NULL, 14, NULL),
	(51, 'orchestration', '编排', NULL, 15, NULL),
	(52, 'block_storage_type', '块存储类型', NULL, 15, NULL),
	(53, 'orchestration', '编排', NULL, 16, NULL),
	(54, 'ip_addr_type', 'IP地址类型', NULL, 16, NULL),
	(55, 'orchestration', '编排', NULL, 17, NULL),
	(56, 'Instance_type', '实例类型', NULL, 17, 21),
	(57, 'orchestration', '编排', NULL, 18, NULL),
	(58, 'orchestration', '编排', NULL, 19, NULL),
	(59, 'orchestration', '编排', NULL, 20, NULL),
	(60, 'orchestration', '编排', NULL, 21, NULL),
	(61, 'orchestration', '编排', NULL, 22, NULL),
	(62, 'network_segment_type', '网段类型', NULL, 23, NULL),
	(63, 'orchestration', '编排', NULL, 23, NULL),
	(64, 'orchestration', '编排', NULL, 24, NULL),
	(65, 'orchestration', '编排', NULL, 25, NULL),
	(66, 'orchestration', '编排', NULL, 26, NULL),
	(67, 'orchestration', '编排', NULL, 27, NULL),
	(68, 'orchestration', '编排', NULL, 28, NULL),
	(69, 'seed', '种子', NULL, 1, NULL);

INSERT INTO `adm_basekey_cat_type` (`id_adm_basekey_cat_type`, `name`, `description`, `ci_type_id`, `type`) VALUES
	(1, 'sys', NULL, NULL, 1),
	(2, 'common', NULL, NULL, 2),
	(3, 'system_design', NULL, 1, 3),
	(4, 'subsys_design', NULL, 2, 3),
	(5, 'unit_design', NULL, 3, 3),
	(6, 'service_design', NULL, 4, 3),
	(7, 'invoke_design', NULL, 5, 3),
	(8, 'invoke_sequence_design', NULL, 6, 3),
	(9, 'subsys', NULL, 7, 3),
	(10, 'unit', NULL, 8, 3),
	(11, 'service', NULL, 9, 3),
	(12, 'invoke', NULL, 10, 3),
	(13, 'package', NULL, 11, 3),
	(14, 'host', NULL, 12, 3),
	(15, 'block_storage', NULL, 13, 3),
	(16, 'ip_used', NULL, 14, 3),
	(17, 'running_instance', NULL, 15, 3),
	(18, 'IDC', NULL, 16, 3),
	(19, 'zone', NULL, 17, 3),
	(20, 'zone_link', NULL, 18, 3),
	(21, 'DCN', NULL, 19, 3),
	(22, 'resource_set', NULL, 20, 3),
	(23, 'network_segment', NULL, 21, 3),
	(24, 'IDC_design', NULL, 22, 3),
	(25, 'zone_design', NULL, 23, 3),
	(26, 'zone_link_design', NULL, 24, 3),
	(27, 'DCN_desgin', NULL, 25, 3),
	(28, 'resource_set_design', NULL, 26, 3);

INSERT INTO `adm_basekey_code` (`id_adm_basekey`, `id_adm_basekey_cat`, `code`, `value`, `group_code_id`, `code_description`, `seq_no`, `status`) VALUES
	(1, 1, 'AAL', '应用架构层', NULL, NULL, 1, 'active'),
	(2, 1, 'ADL', '应用部署层', NULL, NULL, 2, 'active'),
	(3, 1, 'SRL', '资源运行层', NULL, NULL, 3, 'active'),
	(4, 1, 'RPL', '资源规划层', NULL, NULL, 4, 'active'),
	(5, 1, 'PDL', '规划设计层', NULL, NULL, 5, 'active'),
	(6, 2, 'AAL', '应用架构层', NULL, NULL, 1, 'active'),
	(7, 2, 'ADL', '应用部署层', NULL, NULL, 2, 'active'),
	(8, 2, 'SRL', '资源运行层', NULL, NULL, 3, 'active'),
	(9, 2, 'RPL', '资源规划层', NULL, NULL, 4, 'active'),
	(10, 2, 'PDL', '规划设计层', NULL, NULL, 5, 'active'),
	(11, 3, '1', '1', NULL, NULL, 1, 'active'),
	(12, 3, '2', '2', NULL, NULL, 2, 'active'),
	(13, 3, '3', '3', NULL, NULL, 3, 'active'),
	(14, 3, '4', '4', NULL, NULL, 4, 'active'),
	(15, 3, '5', '5', NULL, NULL, 5, 'active'),
	(16, 4, 'text', '文本', NULL, NULL, 1, 'active'),
	(17, 4, 'area', '文本域', NULL, NULL, 2, 'active'),
	(18, 4, 'number', '整型数字', NULL, NULL, 3, 'active'),
	(19, 4, 'regular_text', '正则校验文本', NULL, NULL, 4, 'active'),
	(20, 4, 'datetime', '时间', NULL, NULL, 5, 'active'),
	(21, 4, 'select', '下拉选择', NULL, NULL, 6, 'active'),
	(22, 4, 'multiSelect', '多选下拉选择', NULL, NULL, 7, 'active'),
	(23, 4, 'ref', '引用', NULL, NULL, 8, 'active'),
	(24, 4, 'multiRef', '多选引用', NULL, NULL, 9, 'active'),
	(25, 4, 'orchestration_ref', '编排引用', NULL, NULL, 10, 'active'),
	(26, 4, 'orchestration_multi_ref', '编排多选引用', NULL, NULL, 11, 'active'),
	(27, 5, 'common', '公共枚举', NULL, NULL, 1, 'active'),
	(28, 5, 'private', '私有枚举', NULL, NULL, 2, 'active'),
	(29, 6, 'belong', '属于', NULL, NULL, 1, 'active'),
	(30, 6, 'running', '运行在', NULL, NULL, 2, 'active'),
	(31, 6, 'composition', '组成', NULL, NULL, 3, 'active'),
	(32, 6, 'relation', '关联', NULL, NULL, 4, 'active'),
	(33, 6, 'realize', '实现', NULL, NULL, 5, 'active'),
	(34, 7, 'new', '新增', NULL, NULL, 1, 'active'),
	(35, 7, 'update', '更新', NULL, NULL, 2, 'active'),
	(36, 7, 'delete', '删除', NULL, NULL, 3, 'active'),
	(37, 8, 'created', '创建', NULL, NULL, 6, 'active'),
	(38, 8, 'change', '变更', NULL, NULL, 7, 'active'),
	(39, 8, 'destroyed', '销毁', NULL, NULL, 8, 'active'),
	(40, 9, 'created', '创建', NULL, NULL, 1, 'active'),
	(41, 9, 'startup', '启动', NULL, NULL, 2, 'active'),
	(42, 9, 'change', '变更', NULL, NULL, 3, 'active'),
	(43, 9, 'stoped', '停止', NULL, NULL, 4, 'active'),
	(44, 9, 'destroyed', '销毁', NULL, NULL, 5, 'active'),
	(45, 10, 'insert', '添加', NULL, NULL, 1, 'active'),
	(46, 10, 'update', '更新', NULL, NULL, 2, 'active'),
	(47, 10, 'discard', '放弃', NULL, NULL, 3, 'active'),
	(48, 10, 'delete', '删除', NULL, NULL, 4, 'active'),
	(49, 10, 'confirm', '确认', NULL, NULL, 5, 'active'),
	(50, 10, 'startup', '启动', NULL, NULL, 6, 'active'),
	(51, 10, 'stop', '停止', NULL, NULL, 7, 'active'),
	(52, 11, 'insert', '插入', NULL, NULL, 1, 'active'),
	(53, 11, 'insert-update', '插入-更新', NULL, NULL, 2, 'active'),
	(54, 11, 'delete', '删除', NULL, NULL, 3, 'active'),
	(55, 11, 'update-delete', '更新-删除', NULL, NULL, 4, 'active'),
	(56, 11, 'update', '更新', NULL, NULL, 5, 'active'),
	(57, 11, 'confirm', '确认', NULL, NULL, 6, 'active'),
	(58, 12, '22', '机房设计', NULL, NULL, 1, 'active'),
	(59, 13, 'guid_of_IDC_design', NULL, 58, NULL, 1, 'active'),
	(60, 12, '23', '安全区域设计', NULL, NULL, 2, 'active'),
	(61, 13, 'guid_of_zone_design', NULL, 60, NULL, 2, 'active'),
	(62, 12, '24', '安全区域连接设计', NULL, NULL, 3, 'active'),
	(63, 13, 'guid_of_zone_link_design', NULL, 62, NULL, 3, 'active'),
	(64, 12, '25', '数据中心节点设计', NULL, NULL, 4, 'active'),
	(65, 13, 'guid_of_set_design', NULL, 64, NULL, 5, 'active'),
	(66, 12, '26', '资源集设计', NULL, NULL, 5, 'active'),
	(67, 13, 'guid_of_DCN_design', NULL, 66, NULL, 4, 'active'),
	(68, 14, '16', '机房', NULL, NULL, 1, 'active'),
	(69, 15, 'guid_of_IDC', NULL, 68, NULL, 1, 'active'),
	(70, 14, '17', '安全区域', NULL, NULL, 2, 'active'),
	(71, 15, 'guid_of_zone', NULL, 70, NULL, 2, 'active'),
	(72, 14, '18', '安全区域连接', NULL, NULL, 3, 'active'),
	(73, 15, 'guid_of_zone_link', NULL, 72, NULL, 3, 'active'),
	(74, 14, '19', '数据中心节点', NULL, NULL, 4, 'active'),
	(75, 15, 'guid_of_DCN', NULL, 74, NULL, 4, 'active'),
	(76, 14, '20', '资源集', NULL, NULL, 5, 'active'),
	(77, 15, 'guid_of_set', NULL, 76, NULL, 5, 'active'),
	(78, 14, '21', '网段', NULL, NULL, 5, 'active'),
	(79, 15, 'guid_of_network_segment', NULL, 78, NULL, 6, 'active'),
	(80, 16, '2', '子系统设计', NULL, NULL, 1, 'active'),
	(81, 17, 'guid_of_subsys_design', '[{"ciTypeId":2},{"ciTypeId":1,"parentRs":{"attrId":31,"isReferedFromParent":1}}]', 80, NULL, 1, 'active'),
	(82, 16, '3', '单元设计', NULL, NULL, 2, 'active'),
	(83, 17, 'guid_of_unit_design', '[{"ciTypeId":3},{"ciTypeId":2,"parentRs":{"attrId":49,"isReferedFromParent":1}},{"ciTypeId":1,"parentRs":{"attrId":31,"isReferedFromParent":1}}]', 82, NULL, 2, 'active'),
	(84, 16, '4', '服务设计', NULL, NULL, 3, 'active'),
	(85, 17, 'guid_of_service_design', '[{"ciTypeId":4},{"ciTypeId":3,"parentRs":{"attrId":69,"isReferedFromParent":1}},{"ciTypeId":2,"parentRs":{"attrId":49,"isReferedFromParent":1}},{"ciTypeId":1,"parentRs":{"attrId":31,"isReferedFromParent":1}}]', 84, NULL, 3, 'active'),
	(86, 16, '5', '调用设计', NULL, NULL, 4, 'active'),
	(87, 17, 'guid_of_invoke_design', '[{"ciTypeId":5},{"ciTypeId":3,"parentRs":{"attrId":87,"isReferedFromParent":1}},{"ciTypeId":2,"parentRs":{"attrId":49,"isReferedFromParent":1}},{"ciTypeId":1,"parentRs":{"attrId":31,"isReferedFromParent":1}}]', 86, NULL, 4, 'active'),
	(88, 16, '6', '调用时序设计', NULL, NULL, 5, 'active'),
	(89, 17, 'guid_of_invoke_sequence_design', '[{"ciTypeId":6},{"ciTypeId":4,"parentRs":{"attrId":104,"isReferedFromParent":1}},{"ciTypeId":3,"parentRs":{"attrId":69,"isReferedFromParent":1}},{"ciTypeId":2,"parentRs":{"attrId":49,"isReferedFromParent":1}},{"ciTypeId":1,"parentRs":{"attrId":31,"isReferedFromParent":1}}]', 88, NULL, 5, 'active'),
	(90, 18, '7', '子系统', NULL, NULL, 1, 'active'),
	(91, 19, 'guid_of_subsys', '[{"ciTypeId":7},{"ciTypeId":2,"parentRs":{"attrId":121,"isReferedFromParent":1}},{"ciTypeId":1,"parentRs":{"attrId":31,"isReferedFromParent":1}}]', 90, NULL, 1, 'active'),
	(92, 18, '8', '单元', NULL, NULL, 2, 'active'),
	(93, 19, 'guid_of_unit', '[{"ciTypeId":8},{"ciTypeId":7,"parentRs":{"attrId":138,"isReferedFromParent":1}},{"ciTypeId":2,"parentRs":{"attrId":121,"isReferedFromParent":1}},{"ciTypeId":1,"parentRs":{"attrId":31,"isReferedFromParent":1}}]', 92, NULL, 2, 'active'),
	(94, 18, '9', '服务', NULL, NULL, 3, 'active'),
	(95, 19, 'guid_of_service', ' [{"ciTypeId":9},{"ciTypeId":8,"parentRs":{"attrId":157,"isReferedFromParent":1}},{"ciTypeId":7,"parentRs":{"attrId":138,"isReferedFromParent":1}},{"ciTypeId":2,"parentRs":{"attrId":121,"isReferedFromParent":1}},{"ciTypeId":1,"parentRs":{"attrId":31,"isReferedFromParent":1}}]', 94, NULL, 3, 'active'),
	(96, 18, '10', '调用', NULL, NULL, 4, 'active'),
	(97, 19, 'guid_of_invoke', '[{"ciTypeId":10},{"ciTypeId":8,"parentRs":{"attrId":178,"isReferedFromParent":1}},{"ciTypeId":7,"parentRs":{"attrId":138,"isReferedFromParent":1}},{"ciTypeId":2,"parentRs":{"attrId":121,"isReferedFromParent":1}},{"ciTypeId":1,"parentRs":{"attrId":31,"isReferedFromParent":1}}]', 96, NULL, 4, 'active'),
	(98, 18, '12', '主机', NULL, NULL, 5, 'active'),
	(99, 19, 'guid_of_host', '[{"ciTypeId":12},{"ciTypeId":20,"parentRs":{"attrId":222,"isReferedFromParent":1}},{"ciTypeId":8,"parentRs":{"attrId":142,"isReferedFromParent":0}},{"ciTypeId":7,"parentRs":{"attrId":138,"isReferedFromParent":1}},{"ciTypeId":2,"parentRs":{"attrId":121,"isReferedFromParent":1}},{"ciTypeId":1,"parentRs":{"attrId":31,"isReferedFromParent":1}}]', 98, NULL, 5, 'active'),
	(100, 18, '13', '块存储', NULL, NULL, 6, 'active'),
	(101, 19, 'guid_of_block_storage', '[{"ciTypeId":13},{"ciTypeId":12,"parentRs":{"attrId":246,"isReferedFromParent":1}},{"ciTypeId":20,"parentRs":{"attrId":222,"isReferedFromParent":1}},{"ciTypeId":8,"parentRs":{"attrId":142,"isReferedFromParent":0}},{"ciTypeId":7,"parentRs":{"attrId":138,"isReferedFromParent":1}},{"ciTypeId":2,"parentRs":{"attrId":121,"isReferedFromParent":1}},{"ciTypeId":1,"parentRs":{"attrId":31,"isReferedFromParent":1}}]', 100, NULL, 6, 'active'),
	(102, 18, '15', '运行实例', NULL, NULL, 7, 'active'),
	(103, 19, 'guid_of_instance', '[{"ciTypeId":15},{"ciTypeId":8,"parentRs":{"attrId":285,"isReferedFromParent":1}},{"ciTypeId":7,"parentRs":{"attrId":138,"isReferedFromParent":1}},{"ciTypeId":2,"parentRs":{"attrId":121,"isReferedFromParent":1}},{"ciTypeId":1,"parentRs":{"attrId":31,"isReferedFromParent":1}}]', 102, NULL, 7, 'active'),
	(104, 20, 'loan_group', '贷款业务群组', NULL, NULL, 1, 'active'),
	(105, 20, 'deposit_group', '存款业务群组', NULL, NULL, 2, 'active'),
	(106, 21, 'TOMCAT', 'TOMCAT', NULL, NULL, 2, 'active'),
	(107, 21, 'MYSQL', 'MYSQL', NULL, NULL, 1, 'active'),
	(108, 21, 'REDIS', 'REDIS', NULL, NULL, 3, 'active'),
	(109, 22, 'PRD', '生产', NULL, NULL, 1, 'active'),
	(110, 22, 'STG', '准生产', NULL, NULL, 2, 'active'),
	(111, 23, 'PRD', '生产环境', 109, NULL, 1, 'active'),
	(112, 23, 'STGi', 'STGi环境', 110, NULL, 2, 'active'),
	(113, 23, 'STGk', 'STGk环境', 110, NULL, 3, 'active'),
	(114, 24, 'PERPAID', '包年包月', NULL, NULL, 1, 'active'),
	(115, 24, 'POSTPAID_BY_HOUR', '按量计费', NULL, NULL, 2, 'active'),
	(116, 25, 'INTERNET', '互联网', NULL, NULL, 1, 'active'),
	(117, 25, 'PARTNERNET', '伙伴网', NULL, NULL, 2, 'active'),
	(118, 25, 'INTRANET', '内部网', NULL, NULL, 3, 'active'),
	(119, 25, 'DMZ', 'DMZ', NULL, NULL, 4, 'active'),
	(120, 25, 'ECN', 'ECN', NULL, NULL, 5, 'active'),
	(121, 25, 'MGMT', 'MGMT', NULL, NULL, 6, 'active'),
	(122, 25, 'SF', 'SF', NULL, NULL, 7, 'active'),
	(123, 26, 'client_layer', '客户层', NULL, NULL, 1, 'active'),
	(124, 26, 'link_layer', '接入层', NULL, NULL, 2, 'active'),
	(125, 26, 'buss_layer', '业务层', NULL, NULL, 3, 'active'),
	(126, 27, 'h5', 'H5', NULL, NULL, 1, 'active'),
	(127, 27, 'API', 'API', NULL, NULL, 2, 'active'),
	(128, 27, 'APP', 'APP', NULL, NULL, 3, 'active'),
	(129, 27, 'DMZ', 'DMZ', NULL, NULL, 4, 'active'),
	(130, 27, 'ECN', 'ECN', NULL, NULL, 5, 'active'),
	(131, 27, 'MGMT', 'MGMT', NULL, NULL, 6, 'active'),
	(132, 27, 'ADM', 'ADM', NULL, NULL, 7, 'active'),
	(133, 27, 'CS', 'CS', NULL, NULL, 8, 'active'),
	(134, 27, 'CDCN', 'CDCN', NULL, NULL, 9, 'active'),
	(135, 27, 'RDCN', 'RDCN', NULL, NULL, 10, 'active'),
	(136, 28, 'APP', '应用', NULL, NULL, 1, 'active'),
	(137, 28, 'DB', '数据库', NULL, NULL, 2, 'active'),
	(138, 28, 'CACHE', '缓存', NULL, NULL, 3, 'active'),
	(139, 29, 'DNS', 'DNS', NULL, NULL, 1, 'active'),
	(140, 29, 'CLB_INTRANET', '腾讯云内网负载均衡', NULL, NULL, 2, 'active'),
	(141, 29, 'CLB_INTERNET', '腾讯云外网负载均衡', NULL, NULL, 3, 'active'),
	(142, 29, 'MYSQL_MS', 'mysql主从切换', NULL, NULL, 4, 'active'),
	(143, 30, 'rmb_ip', NULL, NULL, NULL, 1, 'active'),
	(144, 30, 'rmb_port', NULL, NULL, NULL, 2, 'active'),
	(145, 30, 'rmb_name', NULL, NULL, NULL, 3, 'active'),
	(146, 34, 'CROSS_REGIONAL', '异地IDC', NULL, NULL, 1, 'active'),
	(147, 34, 'CROSS_LOCAL', '同城IDC', NULL, NULL, 2, 'active'),
	(148, 34, 'SINGLE_IDC', '单IDC', NULL, NULL, 3, 'active'),
	(149, 36, 'TCP_LONG', 'tcp长连接', NULL, NULL, 1, 'active'),
	(150, 36, 'TCP_SHORT', 'tcp短连接', NULL, NULL, 2, 'active'),
	(151, 36, 'UDP', 'udp', NULL, NULL, 3, 'active'),
	(152, 38, 'sync_invoke', '同步调用', NULL, NULL, 1, 'active'),
	(153, 38, 'sync_request', '同步请求', NULL, NULL, 2, 'active'),
	(154, 38, 'async_respond', '异步返回', NULL, NULL, 3, 'active'),
	(155, 43, 'app.wbtest.com', '内网应用域名', NULL, NULL, 1, 'active'),
	(156, 43, 'db.wbtest.com', '内网数据库域名', NULL, NULL, 2, 'active'),
	(157, 43, 'cache.wbtest.com', '内网缓存域名', NULL, NULL, 3, 'active'),
	(158, 43, 'wbtest.com', '外网应用域名', NULL, NULL, 4, 'active'),
	(159, 46, 'app', 'app', NULL, NULL, 1, 'active'),
	(160, 46, 'mysql', 'mysql', NULL, NULL, 2, 'active'),
	(161, 46, 'redis', 'redis', NULL, NULL, 3, 'active'),
	(162, 48, 'SA1.SMALL2', '标准型-1Core 2G', NULL, NULL, 1, 'active'),
	(163, 48, 'SA1.MEDIUM4', '标准型-2Core 4G', NULL, NULL, 2, 'active'),
	(164, 49, 'img-31tjrtph', 'CentOs 7.2 64位', NULL, NULL, 1, 'active'),
	(165, 49, 'img-6ns5om13', 'CentOs 6.8 64位', NULL, NULL, 2, 'active'),
	(166, 50, '50', '50 GB', NULL, NULL, 1, 'active'),
	(167, 50, '100', '100 GB', NULL, NULL, 2, 'active'),
	(168, 50, '200', '200 GB', NULL, NULL, 3, 'active'),
	(169, 52, 'high_performance', '高性能', NULL, NULL, 1, 'active'),
	(170, 52, 'high_capacity', '高容量', NULL, NULL, 2, 'active'),
	(171, 52, 'ssd', 'SSD', NULL, NULL, 3, 'active'),
	(172, 54, 'intranet_ip', '内网IP', NULL, NULL, 1, 'active'),
	(173, 54, 'internet_ip', '外网IP', NULL, NULL, 2, 'active'),
	(174, 56, 'tomcat_balance', 'TOMCAT负载均衡节点', 106, NULL, 1, 'active'),
	(175, 56, 'mysql_master', 'MYSQL 主节点', 107, NULL, 2, 'active'),
	(176, 56, 'mysql_slave', 'MYSQL 从节点', 107, NULL, 3, 'active'),
	(177, 56, 'redis_master', 'REDIS 主节点', 108, NULL, 4, 'active'),
	(178, 56, 'redis_slave', 'REDIS 从节点', 108, NULL, 5, 'active'),
	(179, 62, 'IDC', '机房网段', NULL, NULL, 1, 'active'),
	(180, 62, 'VPC', 'VPC网段', NULL, NULL, 2, 'active'),
	(181, 62, 'SUBNET', 'VPC子网网段', NULL, NULL, 3, 'active'),
	(182, 62, 'INTERNET', '互联网网段', NULL, NULL, 4, 'active'),
	(218, 19, 'guid_of_deploy_detail', '[{"ciTypeId": 7},{ "ciTypeId": 2, "parentRs": { "attrId": 121, "isReferedFromParent": 1}},{ "ciTypeId": 1,"parentRs": { "attrId": 31,"isReferedFromParent": 1}}]', NULL, NULL, 8, 'active'),
	(219, 58, 'wecube-zone-create', '创建安全区域', NULL, NULL, 1, 'active'),
	(220, 61, 'wecube1563966107126', '销毁资源集下的虚拟主机', NULL, NULL, 1, 'active'),
	(221, 28, 'USER', '客户资源', NULL, NULL, 4, 'active'),
	(222, 48, 'SA1.SMALL1', '标准型-1Core 1G', NULL, NULL, 3, 'active'),
	(223, 39, 'wecube-appdeploy', '应用部署', NULL, NULL, 1, 'active'),
	(224, 58, 'wecube-zone-creation', '创建安全区域_子网_虚拟机', NULL, NULL, 2, 'active'),
	(225, 61, 'wecube_destory_set_vm', '销毁资源集下的虚拟机', NULL, NULL, 2, 'active'),
	(226, 59, 'wecube_destory_set_vm', '销毁资源集下的虚拟机', NULL, NULL, 1, 'active'),
	(227, 47, 'wecube-TerminateVM', '销毁主机-726', NULL, NULL, 1, 'active'),
	(228, 47, 'wecube-CreateVM', '创建主机-726', NULL, NULL, 2, 'active'),
	(229, 58, 'wecube-createVpc', '创建VPC-726', NULL, NULL, 3, 'active'),
	(231, 41, 'wecube-appdeploy', '应用部署-726', NULL, NULL, 1, 'active'),
	(232, 58, 'create-SubNet', '创建子网-726', NULL, NULL, 4, 'active'),
	(233, 46, 'root', 'root', NULL, NULL, 4, 'active'),
	(234, 58, 'delete-SubNet', '销毁子网-726-01', NULL, NULL, 5, 'active'),
	(235, 41, 'deploy-app-726-12', '应用部署-726-12', NULL, NULL, 2, 'active'),
	(237, 30, 'code1', 'value1', NULL, NULL, 4, 'active'),
	(238, 58, 'wecube1564467202875', 'test', NULL, NULL, 6, 'active'),
	(239, 31, 'wecube1564468847441', 'test\n', NULL, NULL, 1, 'active'),
	(240, 69, 'seed123456', 'seed', NULL, NULL, 1, 'active');

INSERT INTO `adm_ci_type` (`id_adm_ci_type`, `name`, `description`, `id_adm_tenement`, `table_name`, `status`, `catalog_id`, `ci_global_unique_id`, `seq_no`, `layer_id`, `zoom_level_id`, `image_file_id`, `ci_state_type`) VALUES
	(1, '系统设计', '系统设计', NULL, 'system_design', 'created', 6, NULL, 1, 1, NULL, 1, NULL),
	(2, '子系统设计', '子系统设计', NULL, 'subsys_design', 'created', 6, NULL, 2, 1, NULL, 2, NULL),
	(3, '单元设计', '单元设计', NULL, 'unit_design', 'created', 6, NULL, 3, 1, NULL, 3, NULL),
	(4, '服务设计', '服务设计', NULL, 'service_design', 'created', 6, NULL, 4, 1, NULL, 4, NULL),
	(5, '调用设计', '调用设计', NULL, 'invoke_design', 'created', 6, NULL, 5, 1, NULL, 5, NULL),
	(6, '调用时序设计', '调用时序设计', NULL, 'invoke_sequence_design', 'created', 6, NULL, 6, 1, NULL, 6, NULL),
	(7, '子系统', '子系统', NULL, 'subsys', 'created', 7, NULL, 1, 2, NULL, 7, NULL),
	(8, '单元', '单元', NULL, 'unit', 'created', 7, NULL, 2, 2, NULL, 8, NULL),
	(9, '服务', '服务', NULL, 'service', 'created', 7, NULL, 3, 2, NULL, 9, NULL),
	(10, '调用', '调用', NULL, 'invoke', 'created', 7, NULL, 4, 2, NULL, 10, NULL),
	(11, '应用包', '应用包', NULL, 'package', 'created', 7, NULL, 5, 2, NULL, 11, NULL),
	(12, '主机', '主机', NULL, 'host', 'created', 8, NULL, 1, 3, NULL, 12, NULL),
	(13, '块存储', '块存储', NULL, 'block_storage', 'created', 8, NULL, 2, 3, NULL, 13, NULL),
	(14, 'IP地址', 'IP地址', NULL, 'ip_addr', 'created', 8, NULL, 3, 3, NULL, 14, NULL),
	(15, '运行实例', '运行实例', NULL, 'running_instance', 'created', 8, NULL, 4, 3, NULL, 15, NULL),
	(16, '机房', '机房', NULL, 'IDC', 'created', 9, NULL, 1, 4, NULL, 16, NULL),
	(17, '安全区域', '安全区域', NULL, 'zone', 'created', 9, NULL, 2, 4, NULL, 17, NULL),
	(18, '安全区域连接', '安全区域连接', NULL, 'zone_link', 'created', 9, NULL, 3, 4, NULL, 18, NULL),
	(19, '数据中心节点', '数据中心节点', NULL, 'DCN', 'created', 9, NULL, 4, 4, NULL, 19, NULL),
	(20, '资源集', '资源集', NULL, 'resource_set', 'created', 9, NULL, 5, 4, NULL, 20, NULL),
	(21, '网段', '网段', NULL, 'network_segment', 'created', 9, NULL, 6, 3, NULL, 21, NULL),
	(22, '机房设计', '机房设计', NULL, 'IDC_design', 'created', 10, NULL, 1, 5, NULL, 22, NULL),
	(23, '安全区域设计', '安全区域设计', NULL, 'zone_design', 'created', 10, NULL, 2, 5, NULL, 23, NULL),
	(24, '安全区域连接设计', '安全区域连接设计', NULL, 'zone_link_design', 'created', 10, NULL, 3, 5, NULL, 24, NULL),
	(25, '数据中心节点设计', '数据中心节点设计', NULL, 'DCN_desgin', 'created', 10, NULL, 4, 5, NULL, 25, NULL),
	(26, '资源集设计', '资源集设计', NULL, 'resource_set_design', 'created', 10, NULL, 5, 5, NULL, 26, NULL);

INSERT INTO `adm_ci_type_attr` (`id_adm_ci_type_attr`, `id_adm_ci_type`, `name`, `description`, `input_type`, `property_name`, `property_type`, `length`, `reference_id`, `reference_name`, `reference_type`, `filter_rule`, `search_seq_no`, `display_type`, `display_seq_no`, `edit_is_null`, `edit_is_only`, `edit_is_hiden`, `edit_is_editable`, `is_defunct`, `special_logic`, `status`, `is_system`, `is_access_controlled`, `is_auto`, `auto_fill_rule`, `is_refreshable`) VALUES
	(1, 1, '全局唯一ID', '全局唯一ID', 'text', 'guid', 'varchar', 15, NULL, NULL, NULL, NULL, 0, 0, 0, 0, 1, 0, 0, 0, NULL, 'created', 1, 0, 0, NULL, 0),
	(2, 1, '唯一名称', '唯一名称', 'text', 'key_name', 'varchar', 200, NULL, NULL, NULL, NULL, 1, 1, 1, 0, 1, 0, 0, 0, NULL, 'created', 1, 0, 1, '[{"type":"delimiter","value":""},{"type":"rule","value":"[{\\"ciTypeId\\":1},{\\"ciTypeId\\":1,\\"parentRs\\":{\\"attrId\\":8,\\"isReferedFromParent\\":1}}]"},{"type":"delimiter","value":""}]', 0),
	(3, 1, '状态', '状态', 'select', 'state', 'int', 15, 7, NULL, NULL, NULL, 2, 1, 2, 0, 0, 0, 0, 0, NULL, 'created', 1, 0, 0, NULL, 0),
	(4, 1, '确认日期', '确认日期', 'text', 'fixed_date', 'varchar', 19, NULL, NULL, NULL, NULL, 3, 1, 3, 1, 0, 0, 0, 0, NULL, 'created', 1, 0, 0, NULL, 0),
	(5, 1, '前全局唯一ID', '前一版本数据的guid', 'text', 'p_guid', 'varchar', 15, NULL, NULL, NULL, NULL, 0, 0, 0, 1, 0, 1, 0, 0, NULL, 'created', 1, 0, 0, NULL, 0),
	(6, 1, '根全局唯一ID', '原始数据guid', 'text', 'r_guid', 'varchar', 15, NULL, NULL, NULL, NULL, 0, 0, 0, 0, 0, 0, 0, 0, NULL, 'created', 1, 0, 0, NULL, 0),
	(7, 1, '描述说明', '描述说明', 'textArea', 'description', 'varchar', 1000, NULL, NULL, NULL, NULL, 4, 1, 4, 1, 0, 0, 1, 0, NULL, 'created', 1, 0, 0, NULL, 0),
	(8, 1, '编码', '编码', 'text', 'code', 'varchar', 50, NULL, NULL, NULL, NULL, 5, 1, 5, 0, 0, 0, 1, 0, NULL, 'created', 1, 0, 0, NULL, 0),
	(9, 1, '编排', '编排', 'select', 'orchestration', 'int', 15, 31, NULL, NULL, NULL, 0, 1, 6, 1, 0, 0, 1, 0, NULL, 'created', 0, 0, 0, NULL, 1),
	(10, 1, '编排实例ID', '编排实例ID', 'text', 'biz_key', 'varchar', 50, NULL, NULL, NULL, NULL, 0, 0, 0, 1, 0, 0, 1, 0, NULL, 'created', 0, 0, 0, NULL, 1),
	(11, 1, '更新用户', '更新用户', 'text', 'updated_by', 'varchar', 50, NULL, NULL, NULL, NULL, 0, 0, 0, 0, 0, 1, 0, 0, NULL, 'created', 1, 0, 0, NULL, 0),
	(12, 1, '更新日期', '更新日期', 'date', 'updated_date', 'datetime', 1, NULL, NULL, NULL, NULL, 0, 0, 0, 0, 0, 1, 0, 0, NULL, 'created', 1, 0, 0, NULL, 0),
	(13, 1, '创建用户', '创建用户', 'text', 'created_by', 'varchar', 50, NULL, NULL, NULL, NULL, 0, 0, 0, 0, 0, 1, 0, 0, NULL, 'created', 1, 0, 0, NULL, 0),
	(14, 1, '创建日期', '创建日期', 'date', 'created_date', 'datetime', 1, NULL, NULL, NULL, NULL, 0, 0, 0, 0, 0, 1, 0, 0, NULL, 'created', 1, 0, 0, NULL, 0),
	(15, 1, '名称', '名称', 'text', 'name', 'varchar', 50, NULL, NULL, NULL, NULL, 6, 1, 7, 0, 0, 0, 1, 0, NULL, 'created', 0, 0, 0, NULL, 0),
	(16, 1, '业务群组', '业务群组', 'select', 'business_group', 'int', 50, 20, NULL, NULL, NULL, 7, 1, 8, 0, 0, 0, 1, 0, NULL, 'created', 0, 1, 0, NULL, 0),
	(17, 2, '全局唯一ID', '全局唯一ID', 'text', 'guid', 'varchar', 15, NULL, NULL, NULL, NULL, 0, 0, 0, 0, 1, 0, 0, 0, NULL, 'created', 1, 0, 0, NULL, 0),
	(18, 2, '唯一名称', '唯一名称', 'text', 'key_name', 'varchar', 200, NULL, NULL, NULL, NULL, 1, 1, 1, 0, 1, 0, 0, 0, NULL, 'created', 1, 0, 1, '[{"type":"delimiter","value":""},{"type":"rule","value":"[{\\"ciTypeId\\":2},{\\"ciTypeId\\":1,\\"parentRs\\":{\\"attrId\\":31,\\"isReferedFromParent\\":1}},{\\"ciTypeId\\":1,\\"parentRs\\":{\\"attrId\\":2,\\"isReferedFromParent\\":1}}]"},{"type":"delimiter","value":"-"},{"type":"rule","value":"[{\\"ciTypeId\\":2},{\\"ciTypeId\\":2,\\"parentRs\\":{\\"attrId\\":24,\\"isReferedFromParent\\":1}}]"},{"type":"delimiter","value":""}]', 0),
	(19, 2, '状态', '状态', 'select', 'state', 'int', 15, 7, NULL, NULL, NULL, 2, 1, 2, 0, 0, 0, 0, 0, NULL, 'created', 1, 0, 0, NULL, 0),
	(20, 2, '确认日期', '确认日期', 'text', 'fixed_date', 'varchar', 19, NULL, NULL, NULL, NULL, 3, 1, 3, 1, 0, 0, 0, 0, NULL, 'created', 1, 0, 0, NULL, 0),
	(21, 2, '前全局唯一ID', '前一版本数据的guid', 'text', 'p_guid', 'varchar', 15, NULL, NULL, NULL, NULL, 0, 0, 0, 1, 0, 1, 0, 0, NULL, 'created', 1, 0, 0, NULL, 0),
	(22, 2, '根全局唯一ID', '原始数据guid', 'text', 'r_guid', 'varchar', 15, NULL, NULL, NULL, NULL, 0, 0, 0, 0, 0, 0, 0, 0, NULL, 'created', 1, 0, 0, NULL, 0),
	(23, 2, '描述说明', '描述说明', 'textArea', 'description', 'varchar', 1000, NULL, NULL, NULL, NULL, 4, 1, 4, 1, 0, 0, 1, 0, NULL, 'created', 1, 0, 0, NULL, 0),
	(24, 2, '编码', '编码', 'text', 'code', 'varchar', 50, NULL, NULL, NULL, NULL, 5, 1, 5, 0, 0, 0, 1, 0, NULL, 'created', 1, 0, 0, NULL, 0),
	(25, 2, '编排', '编排', 'select', 'orchestration', 'int', 15, 32, NULL, NULL, NULL, 0, 1, 6, 1, 0, 0, 1, 0, NULL, 'created', 0, 0, 0, NULL, 1),
	(26, 2, '编排实例ID', '编排实例ID', 'text', 'biz_key', 'varchar', 50, NULL, NULL, NULL, NULL, 0, 0, 0, 1, 0, 0, 1, 0, NULL, 'created', 0, 0, 0, NULL, 1),
	(27, 2, '更新用户', '更新用户', 'text', 'updated_by', 'varchar', 50, NULL, NULL, NULL, NULL, 0, 0, 0, 0, 0, 1, 0, 0, NULL, 'created', 1, 0, 0, NULL, 0),
	(28, 2, '更新日期', '更新日期', 'date', 'updated_date', 'datetime', 1, NULL, NULL, NULL, NULL, 0, 0, 0, 0, 0, 1, 0, 0, NULL, 'created', 1, 0, 0, NULL, 0),
	(29, 2, '创建用户', '创建用户', 'text', 'created_by', 'varchar', 50, NULL, NULL, NULL, NULL, 0, 0, 0, 0, 0, 1, 0, 0, NULL, 'created', 1, 0, 0, NULL, 0),
	(30, 2, '创建日期', '创建日期', 'date', 'created_date', 'datetime', 1, NULL, NULL, NULL, NULL, 0, 0, 0, 0, 0, 1, 0, 0, NULL, 'created', 1, 0, 0, NULL, 0),
	(31, 2, '系统设计', '系统设计', 'ref', 'system_design', 'varchar', 15, 1, '属于', 29, NULL, 6, 1, 7, 0, 0, 0, 1, 0, NULL, 'created', 0, 0, 0, NULL, 0),
	(32, 2, '名称', '名称', 'text', 'name', 'varchar', 50, NULL, NULL, NULL, NULL, 7, 1, 8, 0, 0, 0, 1, 0, NULL, 'created', 0, 0, 0, NULL, 0),
	(33, 2, '业务群组', '业务群组', 'select', 'business_group', 'int', 15, 20, NULL, NULL, NULL, 8, 1, 9, 0, 0, 0, 0, 0, NULL, 'created', 0, 0, 1, '[{"type":"delimiter","value":""},{"type":"rule","value":"[{\\"ciTypeId\\":2},{\\"ciTypeId\\":1,\\"parentRs\\":{\\"attrId\\":31,\\"isReferedFromParent\\":1}},{\\"ciTypeId\\":1,\\"parentRs\\":{\\"attrId\\":16,\\"isReferedFromParent\\":1},\\"enumCodeAttr\\":\\"id\\"}]"},{"type":"delimiter","value":""}]', 0),
	(34, 2, 'DCN设计类型', 'DCN设计类型', 'select', 'dcn_design_type', 'int', 15, 27, NULL, NULL, NULL, 9, 1, 10, 0, 0, 0, 1, 0, NULL, 'created', 0, 0, 0, NULL, 0),
	(35, 3, '全局唯一ID', '全局唯一ID', 'text', 'guid', 'varchar', 15, NULL, NULL, NULL, NULL, 0, 0, 0, 0, 1, 0, 0, 0, NULL, 'created', 1, 0, 0, NULL, 0),
	(36, 3, '唯一名称', '唯一名称', 'text', 'key_name', 'varchar', 200, NULL, NULL, NULL, NULL, 1, 1, 1, 0, 1, 0, 0, 0, NULL, 'created', 1, 0, 1, '[{"type":"delimiter","value":""},{"type":"rule","value":"[{\\"ciTypeId\\":3},{\\"ciTypeId\\":2,\\"parentRs\\":{\\"attrId\\":49,\\"isReferedFromParent\\":1}},{\\"ciTypeId\\":2,\\"parentRs\\":{\\"attrId\\":18,\\"isReferedFromParent\\":1}}]"},{"type":"delimiter","value":"-"},{"type":"rule","value":"[{\\"ciTypeId\\":3},{\\"ciTypeId\\":3,\\"parentRs\\":{\\"attrId\\":42,\\"isReferedFromParent\\":1}}]"},{"type":"delimiter","value":""}]', 0),
	(37, 3, '状态', '状态', 'select', 'state', 'int', 15, 7, NULL, NULL, NULL, 2, 1, 2, 0, 0, 0, 0, 0, NULL, 'created', 1, 0, 0, NULL, 0),
	(38, 3, '确认日期', '确认日期', 'text', 'fixed_date', 'varchar', 19, NULL, NULL, NULL, NULL, 3, 1, 3, 1, 0, 0, 0, 0, NULL, 'created', 1, 0, 0, NULL, 0),
	(39, 3, '前全局唯一ID', '前一版本数据的guid', 'text', 'p_guid', 'varchar', 15, NULL, NULL, NULL, NULL, 0, 0, 0, 1, 0, 1, 0, 0, NULL, 'created', 1, 0, 0, NULL, 0),
	(40, 3, '根全局唯一ID', '原始数据guid', 'text', 'r_guid', 'varchar', 15, NULL, NULL, NULL, NULL, 0, 0, 0, 0, 0, 0, 0, 0, NULL, 'created', 1, 0, 0, NULL, 0),
	(41, 3, '描述说明', '描述说明', 'textArea', 'description', 'varchar', 1000, NULL, NULL, NULL, NULL, 4, 1, 4, 1, 0, 0, 1, 0, NULL, 'created', 1, 0, 0, NULL, 0),
	(42, 3, '编码', '编码', 'text', 'code', 'varchar', 50, NULL, NULL, NULL, NULL, 5, 1, 5, 0, 0, 0, 1, 0, NULL, 'created', 1, 0, 0, NULL, 0),
	(43, 3, '编排', '编排', 'select', 'orchestration', 'int', 15, 33, NULL, NULL, NULL, 0, 1, 6, 1, 0, 0, 1, 0, NULL, 'created', 0, 0, 0, NULL, 1),
	(44, 3, '编排实例ID', '编排实例ID', 'text', 'biz_key', 'varchar', 50, NULL, NULL, NULL, NULL, 0, 0, 0, 1, 0, 0, 1, 0, NULL, 'created', 0, 0, 0, NULL, 1),
	(45, 3, '更新用户', '更新用户', 'text', 'updated_by', 'varchar', 50, NULL, NULL, NULL, NULL, 0, 0, 0, 0, 0, 1, 0, 0, NULL, 'created', 1, 0, 0, NULL, 0),
	(46, 3, '更新日期', '更新日期', 'date', 'updated_date', 'datetime', 1, NULL, NULL, NULL, NULL, 0, 0, 0, 0, 0, 1, 0, 0, NULL, 'created', 1, 0, 0, NULL, 0),
	(47, 3, '创建用户', '创建用户', 'text', 'created_by', 'varchar', 50, NULL, NULL, NULL, NULL, 0, 0, 0, 0, 0, 1, 0, 0, NULL, 'created', 1, 0, 0, NULL, 0),
	(48, 3, '创建日期', '创建日期', 'date', 'created_date', 'datetime', 1, NULL, NULL, NULL, NULL, 0, 0, 0, 0, 0, 1, 0, 0, NULL, 'created', 1, 0, 0, NULL, 0),
	(49, 3, '子系统设计', '系统', 'ref', 'subsys_design', 'varchar', 15, 2, '属于', 29, NULL, 6, 1, 7, 0, 0, 0, 1, 0, NULL, 'created', 0, 1, 0, NULL, 0),
	(50, 3, '资源集设计类型', '资源集设计类型', 'select', 'resource_set_design_type', 'int', 15, 28, NULL, NULL, NULL, 7, 1, 8, 0, 0, 0, 1, 0, NULL, 'created', 0, 0, 0, NULL, 0),
	(51, 3, '资源集设计', '资源集设计', 'ref', 'resource_set_design', 'varchar', 15, 26, '关联', 32, '', 8, 1, 9, 0, 0, 0, 1, 0, NULL, 'created', 0, 0, 0, NULL, 0),
	(52, 3, '名称', '单元名称', 'text', 'name', 'varchar', 50, NULL, NULL, NULL, NULL, 9, 1, 10, 0, 0, 0, 1, 0, NULL, 'created', 0, 0, 0, NULL, 0),
	(53, 3, '类型', '类型', 'select', 'type', 'int', 15, 21, NULL, NULL, NULL, 10, 1, 11, 0, 0, 0, 1, 0, NULL, 'created', 0, 1, 0, NULL, 0),
	(54, 3, '跨IDC部署', '跨IDC部署', 'select', 'across_idc', 'int', 15, 34, NULL, NULL, NULL, 11, 1, 12, 1, 0, 0, 1, 0, NULL, 'created', 0, 0, 0, NULL, 0),
	(55, 4, '全局唯一ID', '全局唯一ID', 'text', 'guid', 'varchar', 15, NULL, NULL, NULL, NULL, 0, 0, 0, 0, 1, 0, 0, 0, NULL, 'created', 1, 0, 0, NULL, 0),
	(56, 4, '唯一名称', '唯一名称', 'text', 'key_name', 'varchar', 200, NULL, NULL, NULL, NULL, 1, 1, 1, 0, 1, 0, 0, 0, NULL, 'created', 1, 0, 1, '[{"type":"delimiter","value":""},{"type":"rule","value":"[{\\"ciTypeId\\":4},{\\"ciTypeId\\":3,\\"parentRs\\":{\\"attrId\\":69,\\"isReferedFromParent\\":1}},{\\"ciTypeId\\":3,\\"parentRs\\":{\\"attrId\\":36,\\"isReferedFromParent\\":1}}]"},{"type":"delimiter","value":"-"},{"type":"rule","value":"[{\\"ciTypeId\\":4},{\\"ciTypeId\\":4,\\"parentRs\\":{\\"attrId\\":62,\\"isReferedFromParent\\":1}}]"},{"type":"delimiter","value":""}]', 0),
	(57, 4, '状态', '状态', 'select', 'state', 'int', 15, 7, NULL, NULL, NULL, 2, 1, 2, 0, 0, 0, 0, 0, NULL, 'created', 1, 0, 0, NULL, 0),
	(58, 4, '确认日期', '确认日期', 'text', 'fixed_date', 'varchar', 19, NULL, NULL, NULL, NULL, 3, 1, 3, 1, 0, 0, 0, 0, NULL, 'created', 1, 0, 0, NULL, 0),
	(59, 4, '前全局唯一ID', '前一版本数据的guid', 'text', 'p_guid', 'varchar', 15, NULL, NULL, NULL, NULL, 0, 0, 0, 1, 0, 1, 0, 0, NULL, 'created', 1, 0, 0, NULL, 0),
	(60, 4, '根全局唯一ID', '原始数据guid', 'text', 'r_guid', 'varchar', 15, NULL, NULL, NULL, NULL, 0, 0, 0, 0, 0, 0, 0, 0, NULL, 'created', 1, 0, 0, NULL, 0),
	(61, 4, '描述说明', '描述说明', 'textArea', 'description', 'varchar', 1000, NULL, NULL, NULL, NULL, 4, 1, 4, 1, 0, 0, 1, 0, NULL, 'created', 1, 0, 0, NULL, 0),
	(62, 4, '编码', '编码', 'text', 'code', 'varchar', 50, NULL, NULL, NULL, NULL, 5, 1, 5, 0, 0, 0, 1, 0, NULL, 'created', 1, 0, 0, NULL, 0),
	(63, 4, '编排', '编排', 'select', 'orchestration', 'int', 15, 35, NULL, NULL, NULL, 0, 1, 6, 1, 0, 0, 1, 0, NULL, 'created', 0, 0, 0, NULL, 1),
	(64, 4, '编排实例ID', '编排实例ID', 'text', 'biz_key', 'varchar', 50, NULL, NULL, NULL, NULL, 0, 0, 0, 1, 0, 0, 1, 0, NULL, 'created', 0, 0, 0, NULL, 1),
	(65, 4, '更新用户', '更新用户', 'text', 'updated_by', 'varchar', 50, NULL, NULL, NULL, NULL, 0, 0, 0, 0, 0, 1, 0, 0, NULL, 'created', 1, 0, 0, NULL, 0),
	(66, 4, '更新日期', '更新日期', 'date', 'updated_date', 'datetime', 1, NULL, NULL, NULL, NULL, 0, 0, 0, 0, 0, 1, 0, 0, NULL, 'created', 1, 0, 0, NULL, 0),
	(67, 4, '创建用户', '创建用户', 'text', 'created_by', 'varchar', 50, NULL, NULL, NULL, NULL, 0, 0, 0, 0, 0, 1, 0, 0, NULL, 'created', 1, 0, 0, NULL, 0),
	(68, 4, '创建日期', '创建日期', 'date', 'created_date', 'datetime', 1, NULL, NULL, NULL, NULL, 0, 0, 0, 0, 0, 1, 0, 0, NULL, 'created', 1, 0, 0, NULL, 0),
	(69, 4, '单元设计', '单元设计', 'ref', 'unit_design', 'varchar', 15, 3, '属于', 29, NULL, 6, 1, 7, 0, 0, 0, 1, 0, NULL, 'created', 0, 1, 0, NULL, 0),
	(70, 4, '名称', '服务名称', 'text', 'name', 'varchar', 50, NULL, NULL, NULL, NULL, 7, 1, 8, 0, 0, 0, 1, 0, NULL, 'created', 0, 0, 0, NULL, 0),
	(71, 4, '类型', '类型', 'select', 'type', 'int', 15, 36, NULL, NULL, NULL, 8, 1, 9, 0, 0, 0, 1, 0, NULL, 'created', 0, 0, 0, NULL, 0),
	(72, 4, '高可用', '高可用', 'select', 'ha_type', 'int', 15, 29, NULL, NULL, NULL, 9, 1, 16, 0, 0, 0, 1, 0, NULL, 'created', 0, 1, 0, NULL, 6),
	(73, 5, '全局唯一ID', '全局唯一ID', 'text', 'guid', 'varchar', 15, NULL, NULL, NULL, NULL, 0, 0, 0, 0, 1, 0, 0, 0, NULL, 'created', 1, 0, 0, NULL, 0),
	(74, 5, '唯一名称', '唯一名称', 'text', 'key_name', 'varchar', 200, NULL, NULL, NULL, NULL, 1, 1, 1, 0, 1, 0, 0, 0, NULL, 'created', 1, 0, 1, '[{"type":"delimiter","value":""},{"type":"rule","value":"[{\\"ciTypeId\\":5},{\\"ciTypeId\\":3,\\"parentRs\\":{\\"attrId\\":87,\\"isReferedFromParent\\":1}},{\\"ciTypeId\\":3,\\"parentRs\\":{\\"attrId\\":36,\\"isReferedFromParent\\":1}}]"},{"type":"delimiter","value":"_"},{"type":"rule","value":"[{\\"ciTypeId\\":5},{\\"ciTypeId\\":5,\\"parentRs\\":{\\"attrId\\":89,\\"isReferedFromParent\\":1},\\"enumCodeAttr\\":\\"value\\"}]"},{"type":"delimiter","value":"_"},{"type":"rule","value":"[{\\"ciTypeId\\":5},{\\"ciTypeId\\":4,\\"parentRs\\":{\\"attrId\\":88,\\"isReferedFromParent\\":1}},{\\"ciTypeId\\":4,\\"parentRs\\":{\\"attrId\\":56,\\"isReferedFromParent\\":1}}]"},{"type":"delimiter","value":""}]', 0),
	(75, 5, '状态', '状态', 'select', 'state', 'int', 15, 7, NULL, NULL, NULL, 2, 1, 2, 0, 0, 0, 0, 0, NULL, 'created', 1, 0, 0, NULL, 0),
	(76, 5, '确认日期', '确认日期', 'text', 'fixed_date', 'varchar', 19, NULL, NULL, NULL, NULL, 3, 1, 3, 1, 0, 0, 0, 0, NULL, 'created', 1, 0, 0, NULL, 0),
	(77, 5, '前全局唯一ID', '前一版本数据的guid', 'text', 'p_guid', 'varchar', 15, NULL, NULL, NULL, NULL, 0, 0, 0, 1, 0, 1, 0, 0, NULL, 'created', 1, 0, 0, NULL, 0),
	(78, 5, '根全局唯一ID', '原始数据guid', 'text', 'r_guid', 'varchar', 15, NULL, NULL, NULL, NULL, 0, 0, 0, 0, 0, 0, 0, 0, NULL, 'created', 1, 0, 0, NULL, 0),
	(79, 5, '描述说明', '描述说明', 'textArea', 'description', 'varchar', 1000, NULL, NULL, NULL, NULL, 4, 1, 4, 1, 0, 0, 1, 0, NULL, 'created', 1, 0, 0, NULL, 0),
	(80, 5, '编码', '编码', 'text', 'code', 'varchar', 50, NULL, NULL, NULL, NULL, 5, 1, 5, 0, 0, 0, 1, 0, NULL, 'created', 1, 0, 1, '[{"type":"delimiter","value":""},{"type":"rule","value":"[{\\"ciTypeId\\":5},{\\"ciTypeId\\":5,\\"parentRs\\":{\\"attrId\\":89,\\"isReferedFromParent\\":1},\\"enumCodeAttr\\":\\"code\\"}]"},{"type":"delimiter","value":""}]', 0),
	(81, 5, '编排', '编排', 'select', 'orchestration', 'int', 15, 37, NULL, NULL, NULL, 0, 1, 6, 1, 0, 0, 1, 0, NULL, 'created', 0, 0, 0, NULL, 1),
	(82, 5, '编排实例ID', '编排实例ID', 'text', 'biz_key', 'varchar', 50, NULL, NULL, NULL, NULL, 0, 0, 0, 1, 0, 0, 1, 0, NULL, 'created', 0, 0, 0, NULL, 1),
	(83, 5, '更新用户', '更新用户', 'text', 'updated_by', 'varchar', 50, NULL, NULL, NULL, NULL, 0, 0, 0, 0, 0, 1, 0, 0, NULL, 'created', 1, 0, 0, NULL, 0),
	(84, 5, '更新日期', '更新日期', 'date', 'updated_date', 'datetime', 1, NULL, NULL, NULL, NULL, 0, 0, 0, 0, 0, 1, 0, 0, NULL, 'created', 1, 0, 0, NULL, 0),
	(85, 5, '创建用户', '创建用户', 'text', 'created_by', 'varchar', 50, NULL, NULL, NULL, NULL, 0, 0, 0, 0, 0, 1, 0, 0, NULL, 'created', 1, 0, 0, NULL, 0),
	(86, 5, '创建日期', '创建日期', 'date', 'created_date', 'datetime', 1, NULL, NULL, NULL, NULL, 0, 0, 0, 0, 0, 1, 0, 0, NULL, 'created', 1, 0, 0, NULL, 0),
	(87, 5, '单元设计', '单元设计', 'ref', 'unit_design', 'varchar', 15, 3, '属于', 29, NULL, 6, 1, 7, 0, 0, 0, 1, 0, NULL, 'created', 0, 0, 0, NULL, 0),
	(88, 5, '服务设计', '服务设计', 'ref', 'service_design', 'varchar', 15, 4, '关联', 32, NULL, 7, 1, 8, 0, 0, 0, 1, 0, NULL, 'created', 0, 0, 0, NULL, 0),
	(89, 5, '类型', '类型', 'select', 'type', 'int', 15, 38, NULL, NULL, NULL, 8, 1, 9, 0, 0, 0, 1, 0, NULL, 'created', 0, 1, 0, NULL, 0),
	(90, 6, '全局唯一ID', '全局唯一ID', 'text', 'guid', 'varchar', 15, NULL, NULL, NULL, NULL, 0, 0, 0, 0, 1, 0, 0, 0, NULL, 'created', 1, 0, 0, NULL, 0),
	(91, 6, '唯一名称', '唯一名称', 'text', 'key_name', 'varchar', 200, NULL, NULL, NULL, NULL, 1, 1, 1, 0, 1, 0, 0, 0, NULL, 'created', 1, 0, 1, '[{"type":"delimiter","value":""},{"type":"rule","value":"[{\\"ciTypeId\\":6},{\\"ciTypeId\\":4,\\"parentRs\\":{\\"attrId\\":104,\\"isReferedFromParent\\":1}},{\\"ciTypeId\\":4,\\"parentRs\\":{\\"attrId\\":56,\\"isReferedFromParent\\":1}}]"},{"type":"delimiter","value":"-"},{"type":"rule","value":"[{\\"ciTypeId\\":6},{\\"ciTypeId\\":6,\\"parentRs\\":{\\"attrId\\":97,\\"isReferedFromParent\\":1}}]"},{"type":"delimiter","value":""}]', 0),
	(92, 6, '状态', '状态', 'select', 'state', 'int', 15, 7, NULL, NULL, NULL, 2, 1, 2, 0, 0, 0, 0, 0, NULL, 'created', 1, 0, 0, NULL, 0),
	(93, 6, '确认日期', '确认日期', 'text', 'fixed_date', 'varchar', 19, NULL, NULL, NULL, NULL, 3, 1, 3, 1, 0, 0, 0, 0, NULL, 'created', 1, 0, 0, NULL, 0),
	(94, 6, '前全局唯一ID', '前一版本数据的guid', 'text', 'p_guid', 'varchar', 15, NULL, NULL, NULL, NULL, 0, 0, 0, 1, 0, 1, 0, 0, NULL, 'created', 1, 0, 0, NULL, 0),
	(95, 6, '根全局唯一ID', '原始数据guid', 'text', 'r_guid', 'varchar', 15, NULL, NULL, NULL, NULL, 0, 0, 0, 0, 0, 0, 0, 0, NULL, 'created', 1, 0, 0, NULL, 0),
	(96, 6, '描述说明', '描述说明', 'textArea', 'description', 'varchar', 1000, NULL, NULL, NULL, NULL, 4, 1, 4, 1, 0, 0, 1, 0, NULL, 'created', 1, 0, 0, NULL, 0),
	(97, 6, '编码', '编码', 'text', 'code', 'varchar', 50, NULL, NULL, NULL, NULL, 5, 1, 5, 0, 0, 0, 1, 0, NULL, 'created', 1, 0, 0, NULL, 0),
	(98, 6, '编排', '编排', 'select', 'orchestration', 'int', 15, 39, NULL, NULL, NULL, 0, 1, 6, 1, 0, 0, 1, 0, NULL, 'created', 0, 0, 0, NULL, 1),
	(99, 6, '编排实例ID', '编排实例ID', 'text', 'biz_key', 'varchar', 50, NULL, NULL, NULL, NULL, 0, 0, 0, 1, 0, 0, 1, 0, NULL, 'created', 0, 0, 0, NULL, 1),
	(100, 6, '更新用户', '更新用户', 'text', 'updated_by', 'varchar', 50, NULL, NULL, NULL, NULL, 0, 0, 0, 0, 0, 1, 0, 0, NULL, 'created', 1, 0, 0, NULL, 0),
	(101, 6, '更新日期', '更新日期', 'date', 'updated_date', 'datetime', 1, NULL, NULL, NULL, NULL, 0, 0, 0, 0, 0, 1, 0, 0, NULL, 'created', 1, 0, 0, NULL, 0),
	(102, 6, '创建用户', '创建用户', 'text', 'created_by', 'varchar', 50, NULL, NULL, NULL, NULL, 0, 0, 0, 0, 0, 1, 0, 0, NULL, 'created', 1, 0, 0, NULL, 0),
	(103, 6, '创建日期', '创建日期', 'date', 'created_date', 'datetime', 1, NULL, NULL, NULL, NULL, 0, 0, 0, 0, 0, 1, 0, 0, NULL, 'created', 1, 0, 0, NULL, 0),
	(104, 6, '服务设计', '服务设计', 'ref', 'service_design', 'varchar', 15, 4, '属于', 29, NULL, 6, 1, 7, 0, 0, 0, 1, 0, NULL, 'created', 0, 1, 0, NULL, 0),
	(105, 6, '名称', '服务名称', 'text', 'name', 'varchar', 50, NULL, NULL, NULL, NULL, 7, 1, 8, 0, 0, 0, 1, 0, NULL, 'created', 0, 0, 0, NULL, 0),
	(106, 6, '调用设计序列', '调用序列', 'multiRef', 'invoke_design_sequence', 'varchar', 300, 5, '关联', 32, NULL, 8, 1, 9, 0, 0, 0, 1, 0, NULL, 'created', 0, 0, 0, NULL, 0),
	(107, 7, '全局唯一ID', '全局唯一ID', 'text', 'guid', 'varchar', 15, NULL, NULL, NULL, NULL, 0, 0, 0, 0, 1, 0, 0, 0, NULL, 'created', 1, 0, 0, NULL, 0),
	(108, 7, '唯一名称', '唯一名称', 'text', 'key_name', 'varchar', 200, NULL, NULL, NULL, NULL, 1, 1, 1, 0, 1, 0, 0, 0, NULL, 'created', 1, 0, 1, '[{"type":"delimiter","value":""},{"type":"rule","value":"[{\\"ciTypeId\\":7},{\\"ciTypeId\\":2,\\"parentRs\\":{\\"attrId\\":121,\\"isReferedFromParent\\":1}},{\\"ciTypeId\\":2,\\"parentRs\\":{\\"attrId\\":18,\\"isReferedFromParent\\":1}}]"},{"type":"delimiter","value":"_"},{"type":"rule","value":"[{\\"ciTypeId\\":7},{\\"ciTypeId\\":7,\\"parentRs\\":{\\"attrId\\":122,\\"isReferedFromParent\\":1},\\"enumCodeAttr\\":\\"code\\"}]"},{"type":"delimiter","value":""}]', 0),
	(109, 7, '状态', '状态', 'select', 'state', 'int', 15, 8, NULL, NULL, NULL, 2, 1, 2, 0, 0, 0, 0, 0, NULL, 'created', 1, 0, 0, NULL, 0),
	(110, 7, '确认日期', '确认日期', 'text', 'fixed_date', 'varchar', 19, NULL, NULL, NULL, NULL, 3, 1, 3, 1, 0, 0, 0, 0, NULL, 'created', 1, 0, 0, NULL, 0),
	(111, 7, '前全局唯一ID', '前一版本数据的guid', 'text', 'p_guid', 'varchar', 15, NULL, NULL, NULL, NULL, 0, 0, 0, 1, 0, 1, 0, 0, NULL, 'created', 1, 0, 0, NULL, 0),
	(112, 7, '根全局唯一ID', '原始数据guid', 'text', 'r_guid', 'varchar', 15, NULL, NULL, NULL, NULL, 0, 0, 0, 0, 0, 0, 0, 0, NULL, 'created', 1, 0, 0, NULL, 0),
	(113, 7, '描述说明', '描述说明', 'textArea', 'description', 'varchar', 1000, NULL, NULL, NULL, NULL, 4, 1, 4, 1, 0, 0, 1, 0, NULL, 'created', 1, 0, 0, NULL, 0),
	(114, 7, '编码', '编码', 'text', 'code', 'varchar', 50, NULL, NULL, NULL, NULL, 5, 1, 5, 0, 0, 0, 1, 0, NULL, 'created', 1, 0, 1, '[{"type":"delimiter","value":""},{"type":"rule","value":"[{\\"ciTypeId\\":7},{\\"ciTypeId\\":2,\\"parentRs\\":{\\"attrId\\":121,\\"isReferedFromParent\\":1}},{\\"ciTypeId\\":2,\\"parentRs\\":{\\"attrId\\":24,\\"isReferedFromParent\\":1}}]"},{"type":"delimiter","value":""}]', 0),
	(115, 7, '编排', '编排', 'select', 'orchestration', 'int', 15, 40, NULL, NULL, NULL, 0, 1, 6, 1, 0, 0, 1, 0, NULL, 'created', 0, 0, 0, NULL, 1),
	(116, 7, '编排实例ID', '编排实例ID', 'text', 'biz_key', 'varchar', 50, NULL, NULL, NULL, NULL, 0, 0, 0, 1, 0, 0, 1, 0, NULL, 'created', 0, 0, 0, NULL, 1),
	(117, 7, '更新用户', '更新用户', 'text', 'updated_by', 'varchar', 50, NULL, NULL, NULL, NULL, 0, 0, 0, 0, 0, 1, 0, 0, NULL, 'created', 1, 0, 0, NULL, 0),
	(118, 7, '更新日期', '更新日期', 'date', 'updated_date', 'datetime', 1, NULL, NULL, NULL, NULL, 0, 0, 0, 0, 0, 1, 0, 0, NULL, 'created', 1, 0, 0, NULL, 0),
	(119, 7, '创建用户', '创建用户', 'text', 'created_by', 'varchar', 50, NULL, NULL, NULL, NULL, 0, 0, 0, 0, 0, 1, 0, 0, NULL, 'created', 1, 0, 0, NULL, 0),
	(120, 7, '创建日期', '创建日期', 'date', 'created_date', 'datetime', 1, NULL, NULL, NULL, NULL, 0, 0, 0, 0, 0, 1, 0, 0, NULL, 'created', 1, 0, 0, NULL, 0),
	(121, 7, '子系统设计', '子系统设计', 'ref', 'subsys_design', 'varchar', 20, 2, '实现', 33, NULL, 6, 1, 7, 0, 0, 0, 1, 0, NULL, 'created', 0, 1, 0, NULL, 0),
	(122, 7, '环境', '环境', 'select', 'env', 'int', 15, 23, NULL, NULL, NULL, 7, 1, 8, 0, 0, 0, 1, 0, NULL, 'created', 0, 1, 0, NULL, 0),
	(123, 7, '运维人员', '运维人员', 'text', 'manager', 'varchar', 50, NULL, NULL, NULL, NULL, 8, 1, 9, 1, 0, 0, 1, 0, NULL, 'created', 0, 0, 0, NULL, 0),
	(124, 8, '全局唯一ID', '全局唯一ID', 'text', 'guid', 'varchar', 15, NULL, NULL, NULL, NULL, 0, 0, 0, 0, 1, 0, 0, 0, NULL, 'created', 1, 0, 0, NULL, 0),
	(125, 8, '唯一名称', '唯一名称', 'text', 'key_name', 'varchar', 200, NULL, NULL, NULL, NULL, 1, 1, 1, 0, 1, 0, 0, 0, NULL, 'created', 1, 0, 1, '[{"type":"delimiter","value":""},{"type":"rule","value":"[{\\"ciTypeId\\":8},{\\"ciTypeId\\":7,\\"parentRs\\":{\\"attrId\\":138,\\"isReferedFromParent\\":1}},{\\"ciTypeId\\":7,\\"parentRs\\":{\\"attrId\\":108,\\"isReferedFromParent\\":1}}]"},{"type":"delimiter","value":"-"},{"type":"rule","value":"[{\\"ciTypeId\\":8},{\\"ciTypeId\\":3,\\"parentRs\\":{\\"attrId\\":139,\\"isReferedFromParent\\":1}},{\\"ciTypeId\\":3,\\"parentRs\\":{\\"attrId\\":42,\\"isReferedFromParent\\":1}}]"},{"type":"delimiter","value":""}]', 0),
	(126, 8, '状态', '状态', 'select', 'state', 'int', 15, 8, NULL, NULL, NULL, 2, 1, 2, 0, 0, 0, 0, 0, NULL, 'created', 1, 0, 0, NULL, 0),
	(127, 8, '确认日期', '确认日期', 'text', 'fixed_date', 'varchar', 19, NULL, NULL, NULL, NULL, 3, 1, 3, 1, 0, 0, 0, 0, NULL, 'created', 1, 0, 0, NULL, 0),
	(128, 8, '前全局唯一ID', '前一版本数据的guid', 'text', 'p_guid', 'varchar', 15, NULL, NULL, NULL, NULL, 0, 0, 0, 1, 0, 1, 0, 0, NULL, 'created', 1, 0, 0, NULL, 0),
	(129, 8, '根全局唯一ID', '原始数据guid', 'text', 'r_guid', 'varchar', 15, NULL, NULL, NULL, NULL, 0, 0, 0, 0, 0, 0, 0, 0, NULL, 'created', 1, 0, 0, NULL, 0),
	(130, 8, '描述说明', '描述说明', 'textArea', 'description', 'varchar', 1000, NULL, NULL, NULL, NULL, 4, 1, 4, 1, 0, 0, 1, 0, NULL, 'created', 1, 0, 0, NULL, 0),
	(131, 8, '编码', '编码', 'text', 'code', 'varchar', 50, NULL, NULL, NULL, NULL, 5, 1, 5, 0, 0, 0, 1, 0, NULL, 'created', 1, 0, 1, '[{"type":"delimiter","value":""},{"type":"rule","value":"[{\\"ciTypeId\\":8},{\\"ciTypeId\\":3,\\"parentRs\\":{\\"attrId\\":139,\\"isReferedFromParent\\":1}},{\\"ciTypeId\\":3,\\"parentRs\\":{\\"attrId\\":42,\\"isReferedFromParent\\":1}}]"},{"type":"delimiter","value":""}]', 0),
	(132, 8, '编排', '编排', 'select', 'orchestration', 'int', 15, 41, NULL, NULL, NULL, 0, 1, 6, 1, 0, 0, 1, 0, NULL, 'created', 0, 0, 0, NULL, 1),
	(133, 8, '编排实例ID', '编排实例ID', 'text', 'biz_key', 'varchar', 50, NULL, NULL, NULL, NULL, 0, 0, 0, 1, 0, 0, 1, 0, NULL, 'created', 0, 0, 0, NULL, 1),
	(134, 8, '更新用户', '更新用户', 'text', 'updated_by', 'varchar', 50, NULL, NULL, NULL, NULL, 0, 0, 0, 0, 0, 1, 0, 0, NULL, 'created', 1, 0, 0, NULL, 0),
	(135, 8, '更新日期', '更新日期', 'date', 'updated_date', 'datetime', 1, NULL, NULL, NULL, NULL, 0, 0, 0, 0, 0, 1, 0, 0, NULL, 'created', 1, 0, 0, NULL, 0),
	(136, 8, '创建用户', '创建用户', 'text', 'created_by', 'varchar', 50, NULL, NULL, NULL, NULL, 0, 0, 0, 0, 0, 1, 0, 0, NULL, 'created', 1, 0, 0, NULL, 0),
	(137, 8, '创建日期', '创建日期', 'date', 'created_date', 'datetime', 1, NULL, NULL, NULL, NULL, 0, 0, 0, 0, 0, 1, 0, 0, NULL, 'created', 1, 0, 0, NULL, 0),
	(138, 8, '子系统', '子系统', 'ref', 'subsys', 'varchar', 20, 7, '属于', 29, NULL, 6, 1, 7, 0, 0, 0, 1, 0, NULL, 'created', 0, 0, 0, NULL, 0),
	(139, 8, '单元设计', '单元统设计', 'ref', 'unit_design', 'varchar', 15, 3, '实现', 33, '[{"filter_1":{"left":"[{\\"ciTypeId\\":3},{\\"ciTypeId\\":2,\\"parentRs\\":{\\"attrId\\":49,\\"isReferedFromParent\\":1}},{\\"ciTypeId\\":2,\\"parentRs\\":{\\"attrId\\":17,\\"isReferedFromParent\\":1}}]","operator":"in","right":"[{\\"ciTypeId\\":8},{\\"ciTypeId\\":7,\\"parentRs\\":{\\"attrId\\":138,\\"isReferedFromParent\\":1}},{\\"ciTypeId\\":2,\\"parentRs\\":{\\"attrId\\":121,\\"isReferedFromParent\\":1}},{\\"ciTypeId\\":2,\\"parentRs\\":{\\"attrId\\":17,\\"isReferedFromParent\\":1}}]"}}]', 7, 1, 8, 0, 0, 0, 1, 0, NULL, 'created', 0, 0, 0, NULL, 0),
	(140, 8, '实例数量', '实例数量', 'number', 'instance_num', 'int', 3, NULL, NULL, NULL, NULL, 8, 1, 9, 1, 0, 0, 1, 0, NULL, 'created', 1, 0, 0, NULL, 0),
	(141, 8, '包', '部署包', 'ref', 'package', 'varchar', 20, 11, '使用', 32, NULL, 9, 1, 10, 1, 0, 0, 1, 0, NULL, 'created', 0, 0, 0, NULL, 0),
	(142, 8, '资源集', '资源集', 'multiRef', 'resource_set', 'varchar', 20, 20, '关联', 32, NULL, 10, 1, 11, 1, 0, 0, 1, 0, NULL, 'created', 0, 0, 0, NULL, 0),
	(143, 9, '全局唯一ID', '全局唯一ID', 'text', 'guid', 'varchar', 15, NULL, NULL, NULL, NULL, 0, 0, 0, 0, 1, 0, 0, 0, NULL, 'created', 1, 0, 0, NULL, 0),
	(144, 9, '唯一名称', '唯一名称', 'text', 'key_name', 'varchar', 200, NULL, NULL, NULL, NULL, 1, 1, 1, 0, 1, 0, 0, 0, NULL, 'created', 1, 0, 1, '[{"type":"delimiter","value":""},{"type":"rule","value":"[{\\"ciTypeId\\":9},{\\"ciTypeId\\":8,\\"parentRs\\":{\\"attrId\\":157,\\"isReferedFromParent\\":1}},{\\"ciTypeId\\":8,\\"parentRs\\":{\\"attrId\\":125,\\"isReferedFromParent\\":1}}]"},{"type":"delimiter","value":"-"},{"type":"rule","value":"[{\\"ciTypeId\\":9},{\\"ciTypeId\\":4,\\"parentRs\\":{\\"attrId\\":158,\\"isReferedFromParent\\":1}},{\\"ciTypeId\\":4,\\"parentRs\\":{\\"attrId\\":62,\\"isReferedFromParent\\":1}}]"},{"type":"delimiter","value":""}]', 0),
	(145, 9, '状态', '状态', 'select', 'state', 'int', 15, 8, NULL, NULL, NULL, 2, 1, 2, 0, 0, 0, 0, 0, NULL, 'created', 1, 0, 0, NULL, 0),
	(146, 9, '确认日期', '确认日期', 'text', 'fixed_date', 'varchar', 19, NULL, NULL, NULL, NULL, 3, 1, 3, 1, 0, 0, 0, 0, NULL, 'created', 1, 0, 0, NULL, 0),
	(147, 9, '前全局唯一ID', '前一版本数据的guid', 'text', 'p_guid', 'varchar', 15, NULL, NULL, NULL, NULL, 0, 0, 0, 1, 0, 1, 0, 0, NULL, 'created', 1, 0, 0, NULL, 0),
	(148, 9, '根全局唯一ID', '原始数据guid', 'text', 'r_guid', 'varchar', 15, NULL, NULL, NULL, NULL, 0, 0, 0, 0, 0, 0, 0, 0, NULL, 'created', 1, 0, 0, NULL, 0),
	(149, 9, '描述说明', '描述说明', 'textArea', 'description', 'varchar', 1000, NULL, NULL, NULL, NULL, 4, 1, 4, 1, 0, 0, 1, 0, NULL, 'created', 1, 0, 0, NULL, 0),
	(150, 9, '编码', '编码', 'text', 'code', 'varchar', 50, NULL, NULL, NULL, NULL, 5, 1, 5, 0, 0, 0, 1, 0, NULL, 'created', 1, 0, 1, '[{"type":"delimiter","value":""},{"type":"rule","value":"[{\\"ciTypeId\\":9},{\\"ciTypeId\\":4,\\"parentRs\\":{\\"attrId\\":158,\\"isReferedFromParent\\":1}},{\\"ciTypeId\\":4,\\"parentRs\\":{\\"attrId\\":62,\\"isReferedFromParent\\":1}}]"},{"type":"delimiter","value":""}]', 0),
	(151, 9, '编排', '编排', 'select', 'orchestration', 'int', 15, 42, NULL, NULL, NULL, 0, 1, 6, 1, 0, 0, 1, 0, NULL, 'created', 0, 0, 0, NULL, 1),
	(152, 9, '编排实例ID', '编排实例ID', 'text', 'biz_key', 'varchar', 50, NULL, NULL, NULL, NULL, 0, 0, 0, 1, 0, 0, 1, 0, NULL, 'created', 0, 0, 0, NULL, 1),
	(153, 9, '更新用户', '更新用户', 'text', 'updated_by', 'varchar', 50, NULL, NULL, NULL, NULL, 0, 0, 0, 0, 0, 1, 0, 0, NULL, 'created', 1, 0, 0, NULL, 0),
	(154, 9, '更新日期', '更新日期', 'date', 'updated_date', 'datetime', 1, NULL, NULL, NULL, NULL, 0, 0, 0, 0, 0, 1, 0, 0, NULL, 'created', 1, 0, 0, NULL, 0),
	(155, 9, '创建用户', '创建用户', 'text', 'created_by', 'varchar', 50, NULL, NULL, NULL, NULL, 0, 0, 0, 0, 0, 1, 0, 0, NULL, 'created', 1, 0, 0, NULL, 0),
	(156, 9, '创建日期', '创建日期', 'date', 'created_date', 'datetime', 1, NULL, NULL, NULL, NULL, 0, 0, 0, 0, 0, 1, 0, 0, NULL, 'created', 1, 0, 0, NULL, 0),
	(157, 9, '单元', '单元', 'ref', 'unit', 'varchar', 15, 8, '属于', 29, NULL, 6, 1, 7, 0, 0, 0, 1, 0, NULL, 'created', 0, 0, 0, NULL, 0),
	(158, 9, '服务设计', '服务设计', 'ref', 'service_design', 'varchar', 15, 4, '实现', 33, '[{"filter_1":{"left":"[{\\"ciTypeId\\":4},{\\"ciTypeId\\":3,\\"parentRs\\":{\\"attrId\\":69,\\"isReferedFromParent\\":1}},{\\"ciTypeId\\":3,\\"parentRs\\":{\\"attrId\\":35,\\"isReferedFromParent\\":1}}]","operator":"in","right":"[{\\"ciTypeId\\":9},{\\"ciTypeId\\":8,\\"parentRs\\":{\\"attrId\\":157,\\"isReferedFromParent\\":1}},{\\"ciTypeId\\":3,\\"parentRs\\":{\\"attrId\\":139,\\"isReferedFromParent\\":1}},{\\"ciTypeId\\":3,\\"parentRs\\":{\\"attrId\\":35,\\"isReferedFromParent\\":1}}]"}}]', 7, 1, 8, 0, 0, 0, 1, 0, NULL, 'created', 0, 0, 0, NULL, 0),
	(159, 9, '域名域', '域名域', 'select', 'dns_domain', 'int', 15, 43, NULL, NULL, NULL, 8, 1, 9, 1, 0, 0, 1, 0, NULL, 'created', 0, 0, 0, NULL, 0),
	(160, 9, '域名名', '域名名', 'text', 'dns_name', 'varchar', 50, NULL, NULL, NULL, NULL, 9, 1, 10, 1, 0, 0, 1, 0, NULL, 'created', 0, 0, 0, NULL, 0),
	(161, 9, '服务端口', '服务端口', 'text', 'service_port', 'varchar', 50, NULL, NULL, NULL, NULL, 10, 1, 11, 1, 0, 0, 1, 0, NULL, 'created', 0, 0, 0, NULL, 0),
	(162, 9, '高可用', '高可用', 'select', 'ha_type', 'int', 15, 29, NULL, NULL, NULL, 11, 1, 12, 0, 0, 0, 1, 0, NULL, 'created', 0, 1, 0, NULL, 0),
	(163, 9, '服务IP', '服务IP', 'ref', 'service_ip', 'varchar', 15, 14, '使用', 32, NULL, 12, 1, 13, 1, 0, 0, 1, 0, NULL, 'created', 0, 0, 0, NULL, 0),
	(164, 10, '全局唯一ID', '全局唯一ID', 'text', 'guid', 'varchar', 15, NULL, NULL, NULL, NULL, 0, 0, 0, 0, 1, 0, 0, 0, NULL, 'created', 1, 0, 0, NULL, 0),
	(165, 10, '唯一名称', '唯一名称', 'text', 'key_name', 'varchar', 200, NULL, NULL, NULL, NULL, 1, 1, 1, 0, 1, 0, 0, 0, NULL, 'created', 1, 0, 1, '[{"type":"delimiter","value":""},{"type":"rule","value":"[{\\"ciTypeId\\":10},{\\"ciTypeId\\":8,\\"parentRs\\":{\\"attrId\\":178,\\"isReferedFromParent\\":1}},{\\"ciTypeId\\":8,\\"parentRs\\":{\\"attrId\\":125,\\"isReferedFromParent\\":1}}]"},{"type":"delimiter","value":"_"},{"type":"rule","value":"[{\\"ciTypeId\\":10},{\\"ciTypeId\\":5,\\"parentRs\\":{\\"attrId\\":180,\\"isReferedFromParent\\":1}},{\\"ciTypeId\\":5,\\"parentRs\\":{\\"attrId\\":80,\\"isReferedFromParent\\":1}}]"},{"type":"delimiter","value":"_"},{"type":"rule","value":"[{\\"ciTypeId\\":10},{\\"ciTypeId\\":9,\\"parentRs\\":{\\"attrId\\":179,\\"isReferedFromParent\\":1}},{\\"ciTypeId\\":9,\\"parentRs\\":{\\"attrId\\":144,\\"isReferedFromParent\\":1}}]"},{"type":"delimiter","value":""}]', 0),
	(166, 10, '状态', '状态', 'select', 'state', 'int', 15, 8, NULL, NULL, NULL, 2, 1, 2, 0, 0, 0, 0, 0, NULL, 'created', 1, 0, 0, NULL, 0),
	(167, 10, '确认日期', '确认日期', 'text', 'fixed_date', 'varchar', 19, NULL, NULL, NULL, NULL, 3, 1, 3, 1, 0, 0, 0, 0, NULL, 'created', 1, 0, 0, NULL, 0),
	(168, 10, '前全局唯一ID', '前一版本数据的guid', 'text', 'p_guid', 'varchar', 15, NULL, NULL, NULL, NULL, 0, 0, 0, 1, 0, 1, 0, 0, NULL, 'created', 1, 0, 0, NULL, 0),
	(169, 10, '根全局唯一ID', '原始数据guid', 'text', 'r_guid', 'varchar', 15, NULL, NULL, NULL, NULL, 0, 0, 0, 0, 0, 0, 0, 0, NULL, 'created', 1, 0, 0, NULL, 0),
	(170, 10, '描述说明', '描述说明', 'textArea', 'description', 'varchar', 1000, NULL, NULL, NULL, NULL, 4, 1, 4, 1, 0, 0, 1, 0, NULL, 'created', 1, 0, 0, NULL, 0),
	(171, 10, '编码', '编码', 'text', 'code', 'varchar', 50, NULL, NULL, NULL, NULL, 5, 1, 5, 0, 0, 0, 1, 0, NULL, 'created', 1, 0, 1, '[{"type":"delimiter","value":""},{"type":"rule","value":"[{\\"ciTypeId\\":10},{\\"ciTypeId\\":5,\\"parentRs\\":{\\"attrId\\":180,\\"isReferedFromParent\\":1}},{\\"ciTypeId\\":5,\\"parentRs\\":{\\"attrId\\":80,\\"isReferedFromParent\\":1}}]"},{"type":"delimiter","value":""}]', 0),
	(172, 10, '编排', '编排', 'select', 'orchestration', 'int', 15, 44, NULL, NULL, NULL, 0, 1, 6, 1, 0, 0, 1, 0, NULL, 'created', 0, 0, 0, NULL, 1),
	(173, 10, '编排实例ID', '编排实例ID', 'text', 'biz_key', 'varchar', 50, NULL, NULL, NULL, NULL, 0, 0, 0, 1, 0, 0, 1, 0, NULL, 'created', 0, 0, 0, NULL, 1),
	(174, 10, '更新用户', '更新用户', 'text', 'updated_by', 'varchar', 50, NULL, NULL, NULL, NULL, 0, 0, 0, 0, 0, 1, 0, 0, NULL, 'created', 1, 0, 0, NULL, 0),
	(175, 10, '更新日期', '更新日期', 'date', 'updated_date', 'datetime', 1, NULL, NULL, NULL, NULL, 0, 0, 0, 0, 0, 1, 0, 0, NULL, 'created', 1, 0, 0, NULL, 0),
	(176, 10, '创建用户', '创建用户', 'text', 'created_by', 'varchar', 50, NULL, NULL, NULL, NULL, 0, 0, 0, 0, 0, 1, 0, 0, NULL, 'created', 1, 0, 0, NULL, 0),
	(177, 10, '创建日期', '创建日期', 'date', 'created_date', 'datetime', 1, NULL, NULL, NULL, NULL, 0, 0, 0, 0, 0, 1, 0, 0, NULL, 'created', 1, 0, 0, NULL, 0),
	(178, 10, '单元', '单元', 'ref', 'unit', 'varchar', 15, 8, '属于', 29, NULL, 6, 1, 7, 0, 0, 0, 1, 0, NULL, 'created', 0, 0, 0, NULL, 0),
	(179, 10, '服务', '服务', 'ref', 'service', 'varchar', 15, 9, '关联', 32, NULL, 7, 1, 8, 0, 0, 0, 1, 0, NULL, 'created', 0, 0, 0, NULL, 0),
	(180, 10, '调用设计', '调用设计', 'ref', 'invoke_design', 'varchar', 15, 5, '实现', 33, '[{"filter_1":{"left":"[{\\"ciTypeId\\":5},{\\"ciTypeId\\":3,\\"parentRs\\":{\\"attrId\\":87,\\"isReferedFromParent\\":1}},{\\"ciTypeId\\":3,\\"parentRs\\":{\\"attrId\\":35,\\"isReferedFromParent\\":1}}]","operator":"in","right":"[{\\"ciTypeId\\":10},{\\"ciTypeId\\":8,\\"parentRs\\":{\\"attrId\\":178,\\"isReferedFromParent\\":1}},{\\"ciTypeId\\":3,\\"parentRs\\":{\\"attrId\\":139,\\"isReferedFromParent\\":1}},{\\"ciTypeId\\":3,\\"parentRs\\":{\\"attrId\\":35,\\"isReferedFromParent\\":1}}]"}}]', 8, 1, 9, 0, 0, 0, 1, 0, NULL, 'created', 0, 0, 0, NULL, 0),
	(181, 11, '全局唯一ID', '全局唯一ID', 'text', 'guid', 'varchar', 15, NULL, NULL, NULL, NULL, 0, 0, 0, 0, 1, 0, 0, 0, NULL, 'created', 1, 0, 0, NULL, 0),
	(182, 11, '唯一名称', '唯一名称', 'text', 'key_name', 'varchar', 200, NULL, NULL, NULL, NULL, 1, 1, 1, 0, 1, 0, 0, 0, NULL, 'created', 1, 0, 1, '[{"type":"delimiter","value":""},{"type":"rule","value":"[{\\"ciTypeId\\":11},{\\"ciTypeId\\":11,\\"parentRs\\":{\\"attrId\\":196,\\"isReferedFromParent\\":1}}]"},{"type":"delimiter","value":""}]', 0),
	(183, 11, '状态', '状态', 'select', 'state', 'int', 15, 8, NULL, NULL, NULL, 2, 1, 2, 0, 0, 0, 0, 0, NULL, 'created', 1, 0, 0, NULL, 0),
	(184, 11, '确认日期', '确认日期', 'text', 'fixed_date', 'varchar', 19, NULL, NULL, NULL, NULL, 3, 1, 3, 1, 0, 0, 0, 0, NULL, 'created', 1, 0, 0, NULL, 0),
	(185, 11, '前全局唯一ID', '前一版本数据的guid', 'text', 'p_guid', 'varchar', 15, NULL, NULL, NULL, NULL, 0, 0, 0, 1, 0, 1, 0, 0, NULL, 'created', 1, 0, 0, NULL, 0),
	(186, 11, '根全局唯一ID', '原始数据guid', 'text', 'r_guid', 'varchar', 15, NULL, NULL, NULL, NULL, 0, 0, 0, 0, 0, 0, 0, 0, NULL, 'created', 1, 0, 0, NULL, 0),
	(187, 11, '描述说明', '描述说明', 'textArea', 'description', 'varchar', 1000, NULL, NULL, NULL, NULL, 4, 1, 4, 1, 0, 0, 1, 0, NULL, 'created', 1, 0, 0, NULL, 0),
	(188, 11, '编码', '编码', 'text', 'code', 'varchar', 50, NULL, NULL, NULL, NULL, 5, 1, 5, 0, 0, 0, 1, 0, NULL, 'created', 1, 0, 1, '[{"type":"delimiter","value":""},{"type":"rule","value":"[{\\"ciTypeId\\":11},{\\"ciTypeId\\":11,\\"parentRs\\":{\\"attrId\\":196,\\"isReferedFromParent\\":1}}]"},{"type":"delimiter","value":""}]', 0),
	(189, 11, '编排', '编排', 'select', 'orchestration', 'int', 15, 45, NULL, NULL, NULL, 0, 1, 6, 1, 0, 0, 1, 0, NULL, 'created', 0, 0, 0, NULL, 1),
	(190, 11, '编排实例ID', '编排实例ID', 'text', 'biz_key', 'varchar', 50, NULL, NULL, NULL, NULL, 0, 0, 0, 1, 0, 0, 1, 0, NULL, 'created', 0, 0, 0, NULL, 1),
	(191, 11, '更新用户', '更新用户', 'text', 'updated_by', 'varchar', 50, NULL, NULL, NULL, NULL, 0, 0, 0, 0, 0, 1, 0, 0, NULL, 'created', 1, 0, 0, NULL, 0),
	(192, 11, '更新日期', '更新日期', 'date', 'updated_date', 'datetime', 1, NULL, NULL, NULL, NULL, 0, 0, 0, 0, 0, 1, 0, 0, NULL, 'created', 1, 0, 0, NULL, 0),
	(193, 11, '创建用户', '创建用户', 'text', 'created_by', 'varchar', 50, NULL, NULL, NULL, NULL, 0, 0, 0, 0, 0, 1, 0, 0, NULL, 'created', 1, 0, 0, NULL, 0),
	(194, 11, '创建日期', '创建日期', 'date', 'created_date', 'datetime', 1, NULL, NULL, NULL, NULL, 0, 0, 0, 0, 0, 1, 0, 0, NULL, 'created', 1, 0, 0, NULL, 0),
	(195, 11, '单元设计', '单元设计', 'ref', 'unit_design', 'varchar', 15, 3, '关联', 32, NULL, 6, 1, 7, 0, 0, 0, 1, 0, NULL, 'created', 0, 0, 0, NULL, 0),
	(196, 11, '包名称', '包名称', 'text', 'name', 'varchar', 50, NULL, NULL, NULL, NULL, 7, 1, 8, 0, 0, 0, 1, 0, NULL, 'created', 0, 0, 0, NULL, 0),
	(197, 11, 'MD5值', 'MD5值', 'text', 'md5_value', 'varchar', 50, NULL, NULL, NULL, NULL, 8, 1, 9, 0, 0, 0, 1, 0, NULL, 'created', 0, 0, 0, NULL, 0),
	(198, 11, '上传时间', '上传时间', 'date', 'upload_time', 'datetime', 50, NULL, NULL, NULL, NULL, 9, 1, 10, 0, 0, 0, 1, 0, NULL, 'created', 0, 0, 0, NULL, 0),
	(199, 11, '上传人', '上传人', 'text', 'upload_user', 'varchar', 50, NULL, NULL, NULL, NULL, 10, 1, 11, 0, 0, 0, 1, 0, NULL, 'created', 0, 0, 0, NULL, 0),
	(200, 11, '存储路径', '存储路径', 'text', 'url', 'varchar', 200, NULL, NULL, NULL, NULL, 11, 1, 12, 0, 0, 0, 1, 0, NULL, 'created', 0, 0, 0, NULL, 0),
	(201, 11, '部署脚本文件', '部署脚本文件', 'text', 'deploy_file', 'varchar', 200, NULL, NULL, NULL, NULL, 12, 1, 13, 1, 0, 0, 1, 0, NULL, 'created', 0, 0, 0, NULL, 0),
	(202, 11, '部署用户', '部署用户', 'select', 'deploy_user', 'int', 15, 46, NULL, NULL, NULL, 13, 1, 14, 1, 0, 0, 1, 0, NULL, 'created', 0, 0, 0, NULL, 0),
	(203, 11, '差异配置文件', '差异配置文件', 'text', 'diff_conf_file', 'varchar', 200, NULL, NULL, NULL, NULL, 14, 1, 15, 1, 0, 0, 1, 0, NULL, 'created', 0, 0, 0, NULL, 0),
	(204, 11, '差异配置变量', '差异配置变量', 'multiSelect', 'diff_conf_variable', 'varchar', 1000, 30, NULL, NULL, NULL, 15, 1, 16, 1, 0, 0, 1, 0, NULL, 'created', 0, 0, 0, NULL, 0),
	(205, 11, '启动脚本文件', '启动脚本文件', 'text', 'start_file', 'varchar', 200, NULL, NULL, NULL, NULL, 16, 1, 17, 1, 0, 0, 1, 0, NULL, 'created', 0, 0, 0, NULL, 0),
	(206, 11, '停止脚本文件', '停止脚本文件', 'text', 'stop_file', 'varchar', 200, NULL, NULL, NULL, NULL, 17, 1, 18, 1, 0, 0, 1, 0, NULL, 'created', 0, 0, 0, NULL, 0),
	(207, 11, '部署路径', '部署路径', 'text', 'deploy_path', 'varchar', 200, NULL, NULL, NULL, NULL, 18, 1, 19, 1, 0, 0, 1, 0, NULL, 'created', 0, 0, 0, NULL, 0),
	(208, 12, '全局唯一ID', '全局唯一ID', 'text', 'guid', 'varchar', 15, NULL, NULL, NULL, NULL, 0, 0, 0, 0, 1, 0, 0, 0, NULL, 'created', 1, 0, 0, NULL, 0),
	(209, 12, '唯一名称', '唯一名称', 'text', 'key_name', 'varchar', 200, NULL, NULL, NULL, NULL, 1, 1, 1, 0, 1, 0, 0, 0, NULL, 'created', 1, 0, 1, '[{"type":"delimiter","value":""},{"type":"rule","value":"[{\\"ciTypeId\\":12},{\\"ciTypeId\\":12,\\"parentRs\\":{\\"attrId\\":223,\\"isReferedFromParent\\":1}}]"},{"type":"delimiter","value":"_"},{"type":"rule","value":"[{\\"ciTypeId\\":12},{\\"ciTypeId\\":14,\\"parentRs\\":{\\"attrId\\":226,\\"isReferedFromParent\\":1}},{\\"ciTypeId\\":14,\\"parentRs\\":{\\"attrId\\":261,\\"isReferedFromParent\\":1}}]"},{"type":"delimiter","value":""}]', 0),
	(210, 12, '状态', '状态', 'select', 'state', 'int', 15, 9, NULL, NULL, NULL, 2, 1, 2, 0, 0, 0, 0, 0, NULL, 'created', 1, 0, 0, NULL, 0),
	(211, 12, '确认日期', '确认日期', 'text', 'fixed_date', 'varchar', 19, NULL, NULL, NULL, NULL, 3, 1, 3, 1, 0, 0, 0, 0, NULL, 'created', 1, 0, 0, NULL, 0),
	(212, 12, '前全局唯一ID', '前一版本数据的guid', 'text', 'p_guid', 'varchar', 15, NULL, NULL, NULL, NULL, 0, 0, 0, 1, 0, 1, 0, 0, NULL, 'created', 1, 0, 0, NULL, 0),
	(213, 12, '根全局唯一ID', '原始数据guid', 'text', 'r_guid', 'varchar', 15, NULL, NULL, NULL, NULL, 0, 0, 0, 0, 0, 0, 0, 0, NULL, 'created', 1, 0, 0, NULL, 0),
	(214, 12, '描述说明', '描述说明', 'textArea', 'description', 'varchar', 1000, NULL, NULL, NULL, NULL, 4, 1, 4, 1, 0, 0, 1, 0, NULL, 'created', 1, 0, 0, NULL, 0),
	(215, 12, '编码', '编码', 'text', 'code', 'varchar', 50, NULL, NULL, NULL, NULL, 5, 1, 5, 0, 0, 0, 1, 0, NULL, 'created', 1, 0, 0, NULL, 0),
	(216, 12, '编排', '编排', 'select', 'orchestration', 'int', 15, 47, NULL, NULL, NULL, 0, 1, 6, 1, 0, 0, 1, 0, NULL, 'created', 0, 0, 0, NULL, 1),
	(217, 12, '编排实例ID', '编排实例ID', 'text', 'biz_key', 'varchar', 50, NULL, NULL, NULL, NULL, 0, 0, 0, 1, 0, 0, 1, 0, NULL, 'created', 0, 0, 0, NULL, 1),
	(218, 12, '更新用户', '更新用户', 'text', 'updated_by', 'varchar', 50, NULL, NULL, NULL, NULL, 0, 0, 0, 0, 0, 1, 0, 0, NULL, 'created', 1, 0, 0, NULL, 0),
	(219, 12, '更新日期', '更新日期', 'date', 'updated_date', 'datetime', 1, NULL, NULL, NULL, NULL, 0, 0, 0, 0, 0, 1, 0, 0, NULL, 'created', 1, 0, 0, NULL, 0),
	(220, 12, '创建用户', '创建用户', 'text', 'created_by', 'varchar', 50, NULL, NULL, NULL, NULL, 0, 0, 0, 0, 0, 1, 0, 0, NULL, 'created', 1, 0, 0, NULL, 0),
	(221, 12, '创建日期', '创建日期', 'date', 'created_date', 'datetime', 1, NULL, NULL, NULL, NULL, 0, 0, 0, 0, 0, 1, 0, 0, NULL, 'created', 1, 0, 0, NULL, 0),
	(222, 12, '资源集', '资源集', 'ref', 'resource_set', 'varchar', 15, 20, '属于', 29, NULL, 6, 1, 7, 0, 0, 0, 1, 0, NULL, 'created', 0, 0, 0, NULL, 0),
	(223, 12, '名称', '名称', 'text', 'name', 'varchar', 50, NULL, NULL, NULL, NULL, 7, 1, 8, 0, 0, 0, 1, 0, NULL, 'created', 0, 0, 0, NULL, 0),
	(224, 12, '类型', '类型', 'select', 'type', 'int', 15, 48, NULL, NULL, NULL, 8, 1, 9, 1, 0, 0, 1, 0, NULL, 'created', 0, 0, 0, NULL, 0),
	(225, 12, '操作系统', '操作系统', 'select', 'os', 'int', 15, 49, NULL, NULL, NULL, 9, 1, 10, 1, 0, 0, 1, 0, NULL, 'created', 0, 0, 0, NULL, 0),
	(226, 12, '内网IP', '内网IP', 'ref', 'intranet_ip', 'varchar', 15, 14, '使用', 32, NULL, 10, 1, 11, 1, 0, 0, 1, 0, NULL, 'created', 0, 0, 0, NULL, 0),
	(227, 12, '外网NATIP', '外网IP', 'ref', 'internet_nat_ip', 'varchar', 15, 14, '使用', 32, NULL, 11, 1, 12, 1, 0, 0, 1, 0, NULL, 'created', 0, 0, 0, NULL, 0),
	(228, 12, '系统盘(G)', '系统盘(G)', 'select', 'disk', 'int', 15, 50, NULL, NULL, NULL, 12, 1, 13, 1, 0, 0, 1, 0, NULL, 'created', 0, 0, 0, NULL, 0),
	(229, 12, '计费模式', '计费模式', 'select', 'charge_type', 'int', 15, 24, NULL, NULL, NULL, 13, 1, 14, 1, 0, 0, 1, 0, NULL, 'created', 0, 0, 0, NULL, 0),
	(230, 12, '计费周期(月)', '计费周期(月)', 'number', 'instance_num', 'int', 2, NULL, NULL, NULL, NULL, 14, 1, 15, 1, 0, 0, 1, 0, NULL, 'created', 1, 0, 0, NULL, 0),
	(231, 12, '资产编码', '资产编码', 'text', 'asset_code', 'varchar', 50, NULL, NULL, NULL, NULL, 15, 1, 16, 1, 0, 0, 1, 0, NULL, 'created', 0, 0, 0, NULL, 0),
	(232, 13, '全局唯一ID', '全局唯一ID', 'text', 'guid', 'varchar', 15, NULL, NULL, NULL, NULL, 0, 0, 0, 0, 1, 0, 0, 0, NULL, 'created', 1, 0, 0, NULL, 0),
	(233, 13, '唯一名称', '唯一名称', 'text', 'key_name', 'varchar', 200, NULL, NULL, NULL, NULL, 1, 1, 1, 0, 1, 0, 0, 0, NULL, 'created', 1, 0, 1, '[{"type":"delimiter","value":""},{"type":"rule","value":"[{\\"ciTypeId\\":13},{\\"ciTypeId\\":12,\\"parentRs\\":{\\"attrId\\":246,\\"isReferedFromParent\\":1}},{\\"ciTypeId\\":12,\\"parentRs\\":{\\"attrId\\":209,\\"isReferedFromParent\\":1}}]"},{"type":"delimiter","value":"_"},{"type":"rule","value":"[{\\"ciTypeId\\":13},{\\"ciTypeId\\":13,\\"parentRs\\":{\\"attrId\\":239,\\"isReferedFromParent\\":1}}]"},{"type":"delimiter","value":""}]', 0),
	(234, 13, '状态', '状态', 'select', 'state', 'int', 15, 8, NULL, NULL, NULL, 2, 1, 2, 0, 0, 0, 0, 0, NULL, 'created', 1, 0, 0, NULL, 0),
	(235, 13, '确认日期', '确认日期', 'text', 'fixed_date', 'varchar', 19, NULL, NULL, NULL, NULL, 3, 1, 3, 1, 0, 0, 0, 0, NULL, 'created', 1, 0, 0, NULL, 0),
	(236, 13, '前全局唯一ID', '前一版本数据的guid', 'text', 'p_guid', 'varchar', 15, NULL, NULL, NULL, NULL, 0, 0, 0, 1, 0, 1, 0, 0, NULL, 'created', 1, 0, 0, NULL, 0),
	(237, 13, '根全局唯一ID', '原始数据guid', 'text', 'r_guid', 'varchar', 15, NULL, NULL, NULL, NULL, 0, 0, 0, 0, 0, 0, 0, 0, NULL, 'created', 1, 0, 0, NULL, 0),
	(238, 13, '描述说明', '描述说明', 'textArea', 'description', 'varchar', 1000, NULL, NULL, NULL, NULL, 4, 1, 4, 1, 0, 0, 1, 0, NULL, 'created', 1, 0, 0, NULL, 0),
	(239, 13, '编码', '编码', 'text', 'code', 'varchar', 50, NULL, NULL, NULL, NULL, 5, 1, 5, 0, 0, 0, 1, 0, NULL, 'created', 1, 0, 0, NULL, 0),
	(240, 13, '编排', '编排', 'select', 'orchestration', 'int', 15, 51, NULL, NULL, NULL, 0, 1, 6, 1, 0, 0, 1, 0, NULL, 'created', 0, 0, 0, NULL, 1),
	(241, 13, '编排实例ID', '编排实例ID', 'text', 'biz_key', 'varchar', 50, NULL, NULL, NULL, NULL, 0, 0, 0, 1, 0, 0, 1, 0, NULL, 'created', 0, 0, 0, NULL, 1),
	(242, 13, '更新用户', '更新用户', 'text', 'updated_by', 'varchar', 50, NULL, NULL, NULL, NULL, 0, 0, 0, 0, 0, 1, 0, 0, NULL, 'created', 1, 0, 0, NULL, 0),
	(243, 13, '更新日期', '更新日期', 'date', 'updated_date', 'datetime', 1, NULL, NULL, NULL, NULL, 0, 0, 0, 0, 0, 1, 0, 0, NULL, 'created', 1, 0, 0, NULL, 0),
	(244, 13, '创建用户', '创建用户', 'text', 'created_by', 'varchar', 50, NULL, NULL, NULL, NULL, 0, 0, 0, 0, 0, 1, 0, 0, NULL, 'created', 1, 0, 0, NULL, 0),
	(245, 13, '创建日期', '创建日期', 'date', 'created_date', 'datetime', 1, NULL, NULL, NULL, NULL, 0, 0, 0, 0, 0, 1, 0, 0, NULL, 'created', 1, 0, 0, NULL, 0),
	(246, 13, '主机', '主机', 'ref', 'host', 'varchar', 15, 12, '属于', 29, NULL, 6, 1, 7, 0, 0, 0, 1, 0, NULL, 'created', 0, 1, 0, NULL, 0),
	(247, 13, '名称', '名称', 'text', 'name', 'varchar', 50, NULL, NULL, NULL, NULL, 7, 1, 8, 1, 0, 0, 1, 0, NULL, 'created', 0, 0, 0, NULL, 0),
	(248, 13, '挂载点', '挂载点', 'text', 'mount_point', 'varchar', 50, NULL, NULL, NULL, NULL, 8, 1, 9, 1, 0, 0, 1, 0, NULL, 'created', 0, 0, 0, NULL, 0),
	(249, 13, '类型', '类型', 'select', 'type', 'int', 15, 52, NULL, NULL, NULL, 9, 1, 10, 1, 0, 0, 1, 0, NULL, 'created', 0, 0, 0, NULL, 0),
	(250, 13, '容量(GB)', '容量(GB)', 'number', 'disk_size', 'int', 15, NULL, NULL, NULL, NULL, 10, 1, 11, 1, 0, 0, 1, 0, NULL, 'created', 0, 0, 0, NULL, 0),
	(251, 13, '计费模式', '计费模式', 'select', 'charge_type', 'int', 15, 24, NULL, NULL, NULL, 11, 1, 12, 1, 0, 0, 1, 0, NULL, 'created', 0, 0, 0, NULL, 0),
	(252, 13, '计费周期(月)', '计费周期(月)', 'number', 'instance_num', 'int', 2, NULL, NULL, NULL, NULL, 12, 1, 13, 1, 0, 0, 1, 0, NULL, 'created', 1, 0, 0, NULL, 0),
	(253, 13, '资产编码', '资产编码', 'text', 'asset_code', 'varchar', 50, NULL, NULL, NULL, NULL, 13, 1, 14, 1, 0, 0, 1, 0, NULL, 'created', 0, 0, 0, NULL, 0),
	(254, 14, '全局唯一ID', '全局唯一ID', 'text', 'guid', 'varchar', 15, NULL, NULL, NULL, NULL, 0, 0, 0, 0, 1, 0, 0, 0, NULL, 'created', 1, 0, 0, NULL, 0),
	(255, 14, '唯一名称', '唯一名称', 'text', 'key_name', 'varchar', 200, NULL, NULL, NULL, NULL, 1, 1, 1, 0, 1, 0, 0, 0, NULL, 'created', 1, 0, 1, '[{"type":"delimiter","value":""},{"type":"rule","value":"[{\\"ciTypeId\\":14},{\\"ciTypeId\\":14,\\"parentRs\\":{\\"attrId\\":261,\\"isReferedFromParent\\":1}}]"},{"type":"delimiter","value":"/"},{"type":"rule","value":"[{\\"ciTypeId\\":14},{\\"ciTypeId\\":21,\\"parentRs\\":{\\"attrId\\":270,\\"isReferedFromParent\\":1}},{\\"ciTypeId\\":21,\\"parentRs\\":{\\"attrId\\":408,\\"isReferedFromParent\\":1}}]"},{"type":"delimiter","value":""}]', 0),
	(256, 14, '状态', '状态', 'select', 'state', 'int', 15, 8, NULL, NULL, NULL, 2, 1, 2, 0, 0, 0, 0, 0, NULL, 'created', 1, 0, 0, NULL, 0),
	(257, 14, '确认日期', '确认日期', 'text', 'fixed_date', 'varchar', 19, NULL, NULL, NULL, NULL, 3, 1, 3, 1, 0, 0, 0, 0, NULL, 'created', 1, 0, 0, NULL, 0),
	(258, 14, '前全局唯一ID', '前一版本数据的guid', 'text', 'p_guid', 'varchar', 15, NULL, NULL, NULL, NULL, 0, 0, 0, 1, 0, 1, 0, 0, NULL, 'created', 1, 0, 0, NULL, 0),
	(259, 14, '根全局唯一ID', '原始数据guid', 'text', 'r_guid', 'varchar', 15, NULL, NULL, NULL, NULL, 0, 0, 0, 0, 0, 0, 0, 0, NULL, 'created', 1, 0, 0, NULL, 0),
	(260, 14, '描述说明', '描述说明', 'textArea', 'description', 'varchar', 1000, NULL, NULL, NULL, NULL, 4, 1, 4, 1, 0, 0, 1, 0, NULL, 'created', 1, 0, 0, NULL, 0),
	(261, 14, '编码', '编码', 'text', 'code', 'varchar', 50, NULL, NULL, NULL, NULL, 5, 1, 5, 0, 0, 0, 1, 0, NULL, 'created', 1, 0, 0, NULL, 0),
	(262, 14, '编排', '编排', 'select', 'orchestration', 'int', 15, 53, NULL, NULL, NULL, 0, 1, 6, 1, 0, 0, 1, 0, NULL, 'created', 0, 0, 0, NULL, 1),
	(263, 14, '编排实例ID', '编排实例ID', 'text', 'biz_key', 'varchar', 50, NULL, NULL, NULL, NULL, 0, 0, 0, 1, 0, 0, 1, 0, NULL, 'created', 0, 0, 0, NULL, 1),
	(264, 14, '更新用户', '更新用户', 'text', 'updated_by', 'varchar', 50, NULL, NULL, NULL, NULL, 0, 0, 0, 0, 0, 1, 0, 0, NULL, 'created', 1, 0, 0, NULL, 0),
	(265, 14, '更新日期', '更新日期', 'date', 'updated_date', 'datetime', 1, NULL, NULL, NULL, NULL, 0, 0, 0, 0, 0, 1, 0, 0, NULL, 'created', 1, 0, 0, NULL, 0),
	(266, 14, '创建用户', '创建用户', 'text', 'created_by', 'varchar', 50, NULL, NULL, NULL, NULL, 0, 0, 0, 0, 0, 1, 0, 0, NULL, 'created', 1, 0, 0, NULL, 0),
	(267, 14, '创建日期', '创建日期', 'date', 'created_date', 'datetime', 1, NULL, NULL, NULL, NULL, 0, 0, 0, 0, 0, 1, 0, 0, NULL, 'created', 1, 0, 0, NULL, 0),
	(268, 14, '类型', '类型', 'select', 'type', 'int', 15, 54, NULL, NULL, NULL, 6, 1, 16, 0, 0, 0, 1, 0, NULL, 'created', 0, 0, 0, NULL, 0),
	(269, 14, '使用记录', '使用记录', 'textArea', 'used_record', 'varchar', 1000, NULL, NULL, NULL, NULL, 6, 1, 17, 0, 0, 0, 1, 0, NULL, 'created', 0, 0, 1, '[{"type":"delimiter","value":""},{"type":"rule","value":"[{\\"ciTypeId\\":14},{\\"ciTypeId\\":9,\\"parentRs\\":{\\"attrId\\":163,\\"isReferedFromParent\\":0}},{\\"ciTypeId\\":9,\\"parentRs\\":{\\"attrId\\":144,\\"isReferedFromParent\\":1}}]"},{"type":"delimiter","value":"_"},{"type":"rule","value":"[{\\"ciTypeId\\":14},{\\"ciTypeId\\":12,\\"parentRs\\":{\\"attrId\\":226,\\"isReferedFromParent\\":0}},{\\"ciTypeId\\":12,\\"parentRs\\":{\\"attrId\\":209,\\"isReferedFromParent\\":1}}]"},{"type":"delimiter","value":"_"},{"type":"rule","value":"[{\\"ciTypeId\\":14},{\\"ciTypeId\\":12,\\"parentRs\\":{\\"attrId\\":227,\\"isReferedFromParent\\":0}},{\\"ciTypeId\\":12,\\"parentRs\\":{\\"attrId\\":209,\\"isReferedFromParent\\":1}}]"},{"type":"delimiter","value":"_"},{"type":"rule","value":"[{\\"ciTypeId\\":14},{\\"ciTypeId\\":21,\\"parentRs\\":{\\"attrId\\":409,\\"isReferedFromParent\\":0}},{\\"ciTypeId\\":21,\\"parentRs\\":{\\"attrId\\":393,\\"isReferedFromParent\\":1}}]"},{"type":"delimiter","value":""}]', 0),
	(270, 14, 'IP网段', 'IP网段', 'ref', 'network_segment', 'varchar', 15, 21, '属于', 29, NULL, 6, 1, 18, 0, 0, 0, 1, 0, NULL, 'created', 0, 0, 0, NULL, 0),
	(271, 15, '全局唯一ID', '全局唯一ID', 'text', 'guid', 'varchar', 15, NULL, NULL, NULL, NULL, 0, 0, 0, 0, 1, 0, 0, 0, NULL, 'created', 1, 0, 0, NULL, 0),
	(272, 15, '唯一名称', '唯一名称', 'text', 'key_name', 'varchar', 200, NULL, NULL, NULL, NULL, 1, 1, 1, 0, 1, 0, 0, 0, NULL, 'created', 1, 0, 1, '[{"type":"delimiter","value":""},{"type":"rule","value":"[{\\"ciTypeId\\":15},{\\"ciTypeId\\":8,\\"parentRs\\":{\\"attrId\\":285,\\"isReferedFromParent\\":1}},{\\"ciTypeId\\":8,\\"parentRs\\":{\\"attrId\\":125,\\"isReferedFromParent\\":1}}]"},{"type":"delimiter","value":"_"},{"type":"rule","value":"[{\\"ciTypeId\\":15},{\\"ciTypeId\\":15,\\"parentRs\\":{\\"attrId\\":278,\\"isReferedFromParent\\":1}}]"},{"type":"delimiter","value":""}]', 0),
	(273, 15, '状态', '状态', 'select', 'state', 'int', 15, 9, NULL, NULL, NULL, 2, 1, 2, 0, 0, 0, 0, 0, NULL, 'created', 1, 0, 0, NULL, 0),
	(274, 15, '确认日期', '确认日期', 'text', 'fixed_date', 'varchar', 19, NULL, NULL, NULL, NULL, 3, 1, 3, 1, 0, 0, 0, 0, NULL, 'created', 1, 0, 0, NULL, 0),
	(275, 15, '前全局唯一ID', '前一版本数据的guid', 'text', 'p_guid', 'varchar', 15, NULL, NULL, NULL, NULL, 0, 0, 0, 1, 0, 1, 0, 0, NULL, 'created', 1, 0, 0, NULL, 0),
	(276, 15, '根全局唯一ID', '原始数据guid', 'text', 'r_guid', 'varchar', 15, NULL, NULL, NULL, NULL, 0, 0, 0, 0, 0, 0, 0, 0, NULL, 'created', 1, 0, 0, NULL, 0),
	(277, 15, '描述说明', '描述说明', 'textArea', 'description', 'varchar', 1000, NULL, NULL, NULL, NULL, 4, 1, 4, 1, 0, 0, 1, 0, NULL, 'created', 1, 0, 0, NULL, 0),
	(278, 15, '编码', '编码', 'text', 'code', 'varchar', 50, NULL, NULL, NULL, NULL, 5, 1, 5, 0, 0, 0, 1, 0, NULL, 'created', 1, 0, 0, NULL, 0),
	(279, 15, '编排', '编排', 'select', 'orchestration', 'int', 15, 55, NULL, NULL, NULL, 0, 1, 6, 1, 0, 0, 1, 0, NULL, 'created', 0, 0, 0, NULL, 1),
	(280, 15, '编排实例ID', '编排实例ID', 'text', 'biz_key', 'varchar', 50, NULL, NULL, NULL, NULL, 0, 0, 0, 1, 0, 0, 1, 0, NULL, 'created', 0, 0, 0, NULL, 1),
	(281, 15, '更新用户', '更新用户', 'text', 'updated_by', 'varchar', 50, NULL, NULL, NULL, NULL, 0, 0, 0, 0, 0, 1, 0, 0, NULL, 'created', 1, 0, 0, NULL, 0),
	(282, 15, '更新日期', '更新日期', 'date', 'updated_date', 'datetime', 1, NULL, NULL, NULL, NULL, 0, 0, 0, 0, 0, 1, 0, 0, NULL, 'created', 1, 0, 0, NULL, 0),
	(283, 15, '创建用户', '创建用户', 'text', 'created_by', 'varchar', 50, NULL, NULL, NULL, NULL, 0, 0, 0, 0, 0, 1, 0, 0, NULL, 'created', 1, 0, 0, NULL, 0),
	(284, 15, '创建日期', '创建日期', 'date', 'created_date', 'datetime', 1, NULL, NULL, NULL, NULL, 0, 0, 0, 0, 0, 1, 0, 0, NULL, 'created', 1, 0, 0, NULL, 0),
	(285, 15, '单元', '单元', 'ref', 'unit', 'varchar', 15, 8, '属于', 29, NULL, 6, 1, 7, 0, 0, 0, 1, 0, NULL, 'created', 0, 0, 0, NULL, 0),
	(286, 15, '主机', '资源集', 'ref', 'host', 'varchar', 15, 12, '运行在', 30, '[{"filter_1":{"left":"[{\\"ciTypeId\\":12},{\\"ciTypeId\\":20,\\"parentRs\\":{\\"attrId\\":222,\\"isReferedFromParent\\":1}},{\\"ciTypeId\\":20,\\"parentRs\\":{\\"attrId\\":372,\\"isReferedFromParent\\":1}}]","operator":"in","right":"[{\\"ciTypeId\\":15},{\\"ciTypeId\\":8,\\"parentRs\\":{\\"attrId\\":285,\\"isReferedFromParent\\":1}},{\\"ciTypeId\\":20,\\"parentRs\\":{\\"attrId\\":142,\\"isReferedFromParent\\":1}},{\\"ciTypeId\\":20,\\"parentRs\\":{\\"attrId\\":372,\\"isReferedFromParent\\":1}}]"}}]', 7, 1, 8, 1, 0, 0, 1, 0, NULL, 'created', 0, 0, 0, NULL, 0),
	(287, 15, '端口', '端口', 'text', 'port', 'varchar', 50, NULL, NULL, NULL, NULL, 8, 1, 9, 1, 0, 0, 1, 0, NULL, 'created', 0, 0, 0, NULL, 0),
	(288, 15, '类型', '类型', 'select', 'type', 'int', 15, 56, NULL, NULL, NULL, 9, 1, 10, 1, 0, 0, 1, 0, NULL, 'created', 0, 0, 0, NULL, 0),
	(289, 15, '实例内存(GB)', '实例内存(GB)', 'number', 'instance_mem', 'int', 2, NULL, NULL, NULL, NULL, 10, 1, 11, 1, 0, 0, 1, 0, NULL, 'created', 1, 0, 0, NULL, 0),
	(290, 15, '实例磁盘(GB)', '实例磁盘(GB)', 'number', 'instance_disk', 'int', 4, NULL, NULL, NULL, NULL, 10, 1, 11, 1, 0, 0, 1, 0, NULL, 'created', 1, 0, 0, NULL, 0),
	(291, 15, '计费模式', '计费模式', 'select', 'charge_type', 'int', 15, 24, NULL, NULL, NULL, 11, 1, 12, 1, 0, 0, 1, 0, NULL, 'created', 0, 0, 0, NULL, 0),
	(292, 15, '计费周期(月)', '计费周期(月)', 'number', 'instance_num', 'int', 2, NULL, NULL, NULL, NULL, 12, 1, 13, 1, 0, 0, 1, 0, NULL, 'created', 1, 0, 0, NULL, 0),
	(293, 15, '资产编码', '资产编码', 'text', 'asset_code', 'varchar', 50, NULL, NULL, NULL, NULL, 13, 1, 14, 1, 0, 0, 1, 0, NULL, 'created', 0, 0, 0, NULL, 0),
	(294, 16, '全局唯一ID', '全局唯一ID', 'text', 'guid', 'varchar', 15, NULL, NULL, NULL, NULL, 0, 0, 0, 0, 1, 0, 0, 0, NULL, 'created', 1, 0, 0, NULL, 0),
	(295, 16, '唯一名称', '唯一名称', 'text', 'key_name', 'varchar', 200, NULL, NULL, NULL, NULL, 1, 1, 1, 0, 1, 0, 0, 0, NULL, 'created', 1, 0, 1, '[{"type":"delimiter","value":""},{"type":"rule","value":"[{\\"ciTypeId\\":16},{\\"ciTypeId\\":22,\\"parentRs\\":{\\"attrId\\":308,\\"isReferedFromParent\\":1}},{\\"ciTypeId\\":22,\\"parentRs\\":{\\"attrId\\":413,\\"isReferedFromParent\\":1}}]"},{"type":"delimiter","value":"-"},{"type":"rule","value":"[{\\"ciTypeId\\":16},{\\"ciTypeId\\":16,\\"parentRs\\":{\\"attrId\\":301,\\"isReferedFromParent\\":1}}]"},{"type":"delimiter","value":""}]', 0),
	(296, 16, '状态', '状态', 'select', 'state', 'int', 15, 8, NULL, NULL, NULL, 2, 1, 2, 0, 0, 0, 0, 0, NULL, 'created', 1, 0, 0, NULL, 0),
	(297, 16, '确认日期', '确认日期', 'text', 'fixed_date', 'varchar', 19, NULL, NULL, NULL, NULL, 3, 1, 3, 1, 0, 0, 0, 0, NULL, 'created', 1, 0, 0, NULL, 0),
	(298, 16, '前全局唯一ID', '前一版本数据的guid', 'text', 'p_guid', 'varchar', 15, NULL, NULL, NULL, NULL, 0, 0, 0, 1, 0, 1, 0, 0, NULL, 'created', 1, 0, 0, NULL, 0),
	(299, 16, '根全局唯一ID', '原始数据guid', 'text', 'r_guid', 'varchar', 15, NULL, NULL, NULL, NULL, 0, 0, 0, 0, 0, 0, 0, 0, NULL, 'created', 1, 0, 0, NULL, 0),
	(300, 16, '描述说明', '描述说明', 'textArea', 'description', 'varchar', 1000, NULL, NULL, NULL, NULL, 4, 1, 4, 1, 0, 0, 1, 0, NULL, 'created', 1, 0, 0, NULL, 0),
	(301, 16, '编码', '编码', 'text', 'code', 'varchar', 50, NULL, NULL, NULL, NULL, 5, 1, 5, 0, 0, 0, 1, 0, NULL, 'created', 1, 0, 0, '[{"type":"delimiter","value":""}]', 0),
	(302, 16, '编排', '编排', 'select', 'orchestration', 'int', 15, 57, NULL, NULL, NULL, 0, 1, 6, 1, 0, 0, 1, 0, NULL, 'created', 0, 0, 0, NULL, 1),
	(303, 16, '编排实例ID', '编排实例ID', 'text', 'biz_key', 'varchar', 50, NULL, NULL, NULL, NULL, 0, 0, 0, 1, 0, 0, 1, 0, NULL, 'created', 0, 0, 0, NULL, 1),
	(304, 16, '更新用户', '更新用户', 'text', 'updated_by', 'varchar', 50, NULL, NULL, NULL, NULL, 0, 0, 0, 0, 0, 1, 0, 0, NULL, 'created', 1, 0, 0, NULL, 0),
	(305, 16, '更新日期', '更新日期', 'date', 'updated_date', 'datetime', 1, NULL, NULL, NULL, NULL, 0, 0, 0, 0, 0, 1, 0, 0, NULL, 'created', 1, 0, 0, NULL, 0),
	(306, 16, '创建用户', '创建用户', 'text', 'created_by', 'varchar', 50, NULL, NULL, NULL, NULL, 0, 0, 0, 0, 0, 1, 0, 0, NULL, 'created', 1, 0, 0, NULL, 0),
	(307, 16, '创建日期', '创建日期', 'date', 'created_date', 'datetime', 1, NULL, NULL, NULL, NULL, 0, 0, 0, 0, 0, 1, 0, 0, NULL, 'created', 1, 0, 0, NULL, 0),
	(308, 16, '机房设计', '机房设计', 'ref', 'idc_design', 'varchar', 15, 22, '实现', 33, NULL, 6, 1, 7, 0, 0, 0, 1, 0, NULL, 'created', 0, 0, 0, NULL, 0),
	(309, 16, '名称', '名称', 'text', 'name', 'varchar', 50, NULL, NULL, NULL, NULL, 7, 1, 8, 1, 0, 0, 1, 0, NULL, 'created', 0, 0, 0, NULL, 0),
	(310, 16, '城市', '城市', 'text', 'city', 'varchar', 50, NULL, NULL, NULL, NULL, 8, 1, 9, 1, 0, 0, 1, 0, NULL, 'created', 0, 0, 0, NULL, 0),
	(311, 16, '地址', '地址', 'text', 'address', 'varchar', 1000, NULL, NULL, NULL, NULL, 9, 1, 10, 1, 0, 0, 1, 0, NULL, 'created', 0, 0, 0, NULL, 0),
	(312, 16, '环境类型', '类型', 'select', 'env_type', 'int', 15, 22, NULL, NULL, NULL, 10, 1, 11, 1, 0, 0, 1, 0, NULL, 'created', 0, 0, 0, NULL, 0),
	(313, 16, '远程参数', '远程参数', 'textArea', 'parameter', 'varchar', 1000, NULL, NULL, NULL, NULL, 11, 1, 12, 1, 0, 0, 1, 0, NULL, 'created', 0, 0, 0, NULL, 0),
	(314, 17, '全局唯一ID', '全局唯一ID', 'text', 'guid', 'varchar', 15, NULL, NULL, NULL, NULL, 0, 0, 0, 0, 1, 0, 0, 0, NULL, 'created', 1, 0, 0, NULL, 0),
	(315, 17, '唯一名称', '唯一名称', 'text', 'key_name', 'varchar', 200, NULL, NULL, NULL, NULL, 1, 1, 1, 0, 1, 0, 0, 0, NULL, 'created', 1, 0, 1, '[{"type":"delimiter","value":""},{"type":"rule","value":"[{\\"ciTypeId\\":17},{\\"ciTypeId\\":16,\\"parentRs\\":{\\"attrId\\":328,\\"isReferedFromParent\\":1}},{\\"ciTypeId\\":16,\\"parentRs\\":{\\"attrId\\":295,\\"isReferedFromParent\\":1}}]"},{"type":"delimiter","value":"-"},{"type":"rule","value":"[{\\"ciTypeId\\":17},{\\"ciTypeId\\":17,\\"parentRs\\":{\\"attrId\\":332,\\"isReferedFromParent\\":1},\\"enumCodeAttr\\":\\"code\\"}]"},{"type":"delimiter","value":""}]', 0),
	(316, 17, '状态', '状态', 'select', 'state', 'int', 15, 8, NULL, NULL, NULL, 2, 1, 2, 0, 0, 0, 0, 0, NULL, 'created', 1, 0, 0, NULL, 0),
	(317, 17, '确认日期', '确认日期', 'text', 'fixed_date', 'varchar', 19, NULL, NULL, NULL, NULL, 3, 1, 3, 1, 0, 0, 0, 0, NULL, 'created', 1, 0, 0, NULL, 0),
	(318, 17, '前全局唯一ID', '前一版本数据的guid', 'text', 'p_guid', 'varchar', 15, NULL, NULL, NULL, NULL, 0, 0, 0, 1, 0, 1, 0, 0, NULL, 'created', 1, 0, 0, NULL, 0),
	(319, 17, '根全局唯一ID', '原始数据guid', 'text', 'r_guid', 'varchar', 15, NULL, NULL, NULL, NULL, 0, 0, 0, 0, 0, 0, 0, 0, NULL, 'created', 1, 0, 0, NULL, 0),
	(320, 17, '描述说明', '描述说明', 'textArea', 'description', 'varchar', 1000, NULL, NULL, NULL, NULL, 4, 1, 4, 1, 0, 0, 1, 0, NULL, 'created', 1, 0, 0, NULL, 0),
	(321, 17, '编码', '编码', 'text', 'code', 'varchar', 50, NULL, NULL, NULL, NULL, 5, 1, 5, 0, 0, 0, 1, 0, NULL, 'created', 1, 0, 1, '[{"type":"delimiter","value":""},{"type":"rule","value":"[{\\"ciTypeId\\":17},{\\"ciTypeId\\":23,\\"parentRs\\":{\\"attrId\\":329,\\"isReferedFromParent\\":1}},{\\"ciTypeId\\":23,\\"parentRs\\":{\\"attrId\\":435,\\"isReferedFromParent\\":1}}]"},{"type":"delimiter","value":""}]', 0),
	(322, 17, '编排', '编排', 'select', 'orchestration', 'int', 15, 58, NULL, NULL, NULL, 0, 1, 6, 1, 0, 0, 1, 0, NULL, 'created', 0, 0, 0, NULL, 1),
	(323, 17, '编排实例ID', '编排实例ID', 'text', 'biz_key', 'varchar', 50, NULL, NULL, NULL, NULL, 0, 0, 0, 1, 0, 0, 1, 0, NULL, 'created', 0, 0, 0, NULL, 1),
	(324, 17, '更新用户', '更新用户', 'text', 'updated_by', 'varchar', 50, NULL, NULL, NULL, NULL, 0, 0, 0, 0, 0, 1, 0, 0, NULL, 'created', 1, 0, 0, NULL, 0),
	(325, 17, '更新日期', '更新日期', 'date', 'updated_date', 'datetime', 1, NULL, NULL, NULL, NULL, 0, 0, 0, 0, 0, 1, 0, 0, NULL, 'created', 1, 0, 0, NULL, 0),
	(326, 17, '创建用户', '创建用户', 'text', 'created_by', 'varchar', 50, NULL, NULL, NULL, NULL, 0, 0, 0, 0, 0, 1, 0, 0, NULL, 'created', 1, 0, 0, NULL, 0),
	(327, 17, '创建日期', '创建日期', 'date', 'created_date', 'datetime', 1, NULL, NULL, NULL, NULL, 0, 0, 0, 0, 0, 1, 0, 0, NULL, 'created', 1, 0, 0, NULL, 0),
	(328, 17, '机房', '机房', 'ref', 'idc', 'varchar', 15, 16, '属于', 29, NULL, 6, 1, 7, 0, 0, 0, 1, 0, NULL, 'created', 0, 0, 0, NULL, 0),
	(329, 17, '安全区域设计', '安全区域设计', 'ref', 'zone_design', 'varchar', 15, 23, '实现', 33, '[{"filter_1":{"left":"[{\\"ciTypeId\\":23},{\\"ciTypeId\\":22,\\"parentRs\\":{\\"attrId\\":442,\\"isReferedFromParent\\":1}},{\\"ciTypeId\\":22,\\"parentRs\\":{\\"attrId\\":412,\\"isReferedFromParent\\":1}}]","operator":"in","right":"[{\\"ciTypeId\\":17},{\\"ciTypeId\\":16,\\"parentRs\\":{\\"attrId\\":328,\\"isReferedFromParent\\":1}},{\\"ciTypeId\\":22,\\"parentRs\\":{\\"attrId\\":308,\\"isReferedFromParent\\":1}},{\\"ciTypeId\\":22,\\"parentRs\\":{\\"attrId\\":412,\\"isReferedFromParent\\":1}}]"}}]', 7, 1, 8, 0, 0, 0, 1, 0, NULL, 'created', 0, 0, 0, NULL, 0),
	(330, 17, '名称', '服务名称', 'text', 'name', 'varchar', 50, NULL, NULL, NULL, NULL, 8, 1, 9, 0, 0, 0, 1, 0, NULL, 'created', 0, 0, 0, NULL, 0),
	(331, 17, '层级', '层级', 'select', 'zone_layer', 'int', 15, 26, NULL, NULL, NULL, 9, 1, 10, 0, 0, 0, 1, 0, NULL, 'created', 0, 0, 1, '[{"type":"delimiter","value":""},{"type":"rule","value":"[{\\"ciTypeId\\":17},{\\"ciTypeId\\":23,\\"parentRs\\":{\\"attrId\\":329,\\"isReferedFromParent\\":1}},{\\"ciTypeId\\":23,\\"parentRs\\":{\\"attrId\\":444,\\"isReferedFromParent\\":1},\\"enumCodeAttr\\":\\"id\\"}]"},{"type":"delimiter","value":""}]', 0),
	(332, 17, '类型', '类型', 'select', 'type', 'int', 15, 25, NULL, NULL, NULL, 10, 1, 11, 1, 0, 0, 1, 0, NULL, 'created', 0, 0, 0, NULL, 0),
	(333, 17, '网段', '网段', 'ref', 'network_segment', 'varchar', 15, 21, '关联', 30, NULL, 11, 1, 12, 1, 0, 0, 1, 0, NULL, 'created', 0, 0, 0, NULL, 0),
	(334, 17, '虚拟专用网', '虚拟专用网', 'text', 'vpc', 'varchar', 50, NULL, NULL, NULL, NULL, 12, 1, 13, 1, 0, 0, 1, 0, NULL, 'created', 0, 0, 0, NULL, 0),
	(335, 17, '资产编码', '资产编码', 'text', 'asset_code', 'varchar', 50, NULL, NULL, NULL, NULL, 13, 1, 14, 1, 0, 0, 1, 0, NULL, 'created', 0, 0, 0, NULL, 0),
	(336, 18, '全局唯一ID', '全局唯一ID', 'text', 'guid', 'varchar', 15, NULL, NULL, NULL, NULL, 0, 0, 0, 0, 1, 0, 0, 0, NULL, 'created', 1, 0, 0, NULL, 0),
	(337, 18, '唯一名称', '唯一名称', 'text', 'key_name', 'varchar', 200, NULL, NULL, NULL, NULL, 1, 1, 1, 0, 1, 0, 0, 0, NULL, 'created', 1, 0, 1, '[{"type":"delimiter","value":""},{"type":"rule","value":"[{\\"ciTypeId\\":18},{\\"ciTypeId\\":17,\\"parentRs\\":{\\"attrId\\":350,\\"isReferedFromParent\\":1}},{\\"ciTypeId\\":17,\\"parentRs\\":{\\"attrId\\":315,\\"isReferedFromParent\\":1}}]"},{"type":"delimiter","value":"_link_"},{"type":"rule","value":"[{\\"ciTypeId\\":18},{\\"ciTypeId\\":17,\\"parentRs\\":{\\"attrId\\":351,\\"isReferedFromParent\\":1}},{\\"ciTypeId\\":17,\\"parentRs\\":{\\"attrId\\":315,\\"isReferedFromParent\\":1}}]"},{"type":"delimiter","value":""}]', 0),
	(338, 18, '状态', '状态', 'select', 'state', 'int', 15, 8, NULL, NULL, NULL, 2, 1, 2, 0, 0, 0, 0, 0, NULL, 'created', 1, 0, 0, NULL, 0),
	(339, 18, '确认日期', '确认日期', 'text', 'fixed_date', 'varchar', 19, NULL, NULL, NULL, NULL, 3, 1, 3, 1, 0, 0, 0, 0, NULL, 'created', 1, 0, 0, NULL, 0),
	(340, 18, '前全局唯一ID', '前一版本数据的guid', 'text', 'p_guid', 'varchar', 15, NULL, NULL, NULL, NULL, 0, 0, 0, 1, 0, 1, 0, 0, NULL, 'created', 1, 0, 0, NULL, 0),
	(341, 18, '根全局唯一ID', '原始数据guid', 'text', 'r_guid', 'varchar', 15, NULL, NULL, NULL, NULL, 0, 0, 0, 0, 0, 0, 0, 0, NULL, 'created', 1, 0, 0, NULL, 0),
	(342, 18, '描述说明', '描述说明', 'textArea', 'description', 'varchar', 1000, NULL, NULL, NULL, NULL, 4, 1, 4, 1, 0, 0, 1, 0, NULL, 'created', 1, 0, 0, NULL, 0),
	(343, 18, '编码', '编码', 'text', 'code', 'varchar', 50, NULL, NULL, NULL, NULL, 5, 1, 5, 0, 0, 0, 1, 0, NULL, 'created', 1, 0, 0, NULL, 0),
	(344, 18, '编排', '编排', 'select', 'orchestration', 'int', 15, 59, NULL, NULL, NULL, 0, 1, 6, 1, 0, 0, 1, 0, NULL, 'created', 0, 0, 0, NULL, 1),
	(345, 18, '编排实例ID', '编排实例ID', 'text', 'biz_key', 'varchar', 50, NULL, NULL, NULL, NULL, 0, 0, 0, 1, 0, 0, 1, 0, NULL, 'created', 0, 0, 0, NULL, 1),
	(346, 18, '更新用户', '更新用户', 'text', 'updated_by', 'varchar', 50, NULL, NULL, NULL, NULL, 0, 0, 0, 0, 0, 1, 0, 0, NULL, 'created', 1, 0, 0, NULL, 0),
	(347, 18, '更新日期', '更新日期', 'date', 'updated_date', 'datetime', 1, NULL, NULL, NULL, NULL, 0, 0, 0, 0, 0, 1, 0, 0, NULL, 'created', 1, 0, 0, NULL, 0),
	(348, 18, '创建用户', '创建用户', 'text', 'created_by', 'varchar', 50, NULL, NULL, NULL, NULL, 0, 0, 0, 0, 0, 1, 0, 0, NULL, 'created', 1, 0, 0, NULL, 0),
	(349, 18, '创建日期', '创建日期', 'date', 'created_date', 'datetime', 1, NULL, NULL, NULL, NULL, 0, 0, 0, 0, 0, 1, 0, 0, NULL, 'created', 1, 0, 0, NULL, 0),
	(350, 18, '安全区域1', '安全区域1', 'ref', 'zone1', 'varchar', 15, 17, '关联', 32, NULL, 6, 1, 7, 0, 0, 0, 1, 0, NULL, 'created', 0, 0, 0, NULL, 0),
	(351, 18, '安全区域2', '安全区域2', 'ref', 'zone2', 'varchar', 15, 17, '关联', 32, NULL, 7, 1, 8, 0, 0, 0, 1, 0, NULL, 'created', 0, 0, 0, NULL, 0),
	(352, 18, '安全区域连接设计', '安全区域连接设计', 'ref', 'zone_link_design', 'varchar', 15, 24, '实现', 33, NULL, 8, 1, 9, 1, 0, 0, 1, 0, NULL, 'created', 0, 0, 0, NULL, 0),
	(353, 18, '名称', '名称', 'text', 'name', 'varchar', 50, NULL, NULL, NULL, NULL, 9, 1, 10, 1, 0, 0, 1, 0, NULL, 'created', 0, 0, 0, NULL, 0),
	(354, 18, '资产编码', '资产编码', 'text', 'asset_code', 'varchar', 50, NULL, NULL, NULL, NULL, 10, 1, 11, 1, 0, 0, 1, 0, NULL, 'created', 0, 0, 0, NULL, 0),
	(355, 19, '全局唯一ID', '全局唯一ID', 'text', 'guid', 'varchar', 15, NULL, NULL, NULL, NULL, 0, 0, 0, 0, 1, 0, 0, 0, NULL, 'created', 1, 0, 0, NULL, 0),
	(356, 19, '唯一名称', '唯一名称', 'text', 'key_name', 'varchar', 200, NULL, NULL, NULL, NULL, 1, 1, 1, 0, 1, 0, 0, 0, NULL, 'created', 1, 0, 1, '[{"type":"delimiter","value":""},{"type":"rule","value":"[{\\"ciTypeId\\":19},{\\"ciTypeId\\":17,\\"parentRs\\":{\\"attrId\\":369,\\"isReferedFromParent\\":1}},{\\"ciTypeId\\":17,\\"parentRs\\":{\\"attrId\\":315,\\"isReferedFromParent\\":1}}]"},{"type":"delimiter","value":"-"},{"type":"rule","value":"[{\\"ciTypeId\\":19},{\\"ciTypeId\\":25,\\"parentRs\\":{\\"attrId\\":370,\\"isReferedFromParent\\":1}},{\\"ciTypeId\\":25,\\"parentRs\\":{\\"attrId\\":468,\\"isReferedFromParent\\":1}}]"},{"type":"delimiter","value":""}]', 0),
	(357, 19, '状态', '状态', 'select', 'state', 'int', 15, 8, NULL, NULL, NULL, 2, 1, 2, 0, 0, 0, 0, 0, NULL, 'created', 1, 0, 0, NULL, 0),
	(358, 19, '确认日期', '确认日期', 'text', 'fixed_date', 'varchar', 19, NULL, NULL, NULL, NULL, 3, 1, 3, 1, 0, 0, 0, 0, NULL, 'created', 1, 0, 0, NULL, 0),
	(359, 19, '前全局唯一ID', '前一版本数据的guid', 'text', 'p_guid', 'varchar', 15, NULL, NULL, NULL, NULL, 0, 0, 0, 1, 0, 1, 0, 0, NULL, 'created', 1, 0, 0, NULL, 0),
	(360, 19, '根全局唯一ID', '原始数据guid', 'text', 'r_guid', 'varchar', 15, NULL, NULL, NULL, NULL, 0, 0, 0, 0, 0, 0, 0, 0, NULL, 'created', 1, 0, 0, NULL, 0),
	(361, 19, '描述说明', '描述说明', 'textArea', 'description', 'varchar', 1000, NULL, NULL, NULL, NULL, 4, 1, 4, 1, 0, 0, 1, 0, NULL, 'created', 1, 0, 0, NULL, 0),
	(362, 19, '编码', '编码', 'text', 'code', 'varchar', 50, NULL, NULL, NULL, NULL, 5, 1, 5, 0, 0, 0, 1, 0, NULL, 'created', 1, 0, 1, '[{"type":"delimiter","value":""},{"type":"rule","value":"[{\\"ciTypeId\\":19},{\\"ciTypeId\\":25,\\"parentRs\\":{\\"attrId\\":370,\\"isReferedFromParent\\":1}},{\\"ciTypeId\\":25,\\"parentRs\\":{\\"attrId\\":468,\\"isReferedFromParent\\":1}}]"},{"type":"delimiter","value":""}]', 0),
	(363, 19, '编排', '编排', 'select', 'orchestration', 'int', 15, 60, NULL, NULL, NULL, 0, 1, 6, 1, 0, 0, 1, 0, NULL, 'created', 0, 0, 0, NULL, 1),
	(364, 19, '编排实例ID', '编排实例ID', 'text', 'biz_key', 'varchar', 50, NULL, NULL, NULL, NULL, 0, 0, 0, 1, 0, 0, 1, 0, NULL, 'created', 0, 0, 0, NULL, 1),
	(365, 19, '更新用户', '更新用户', 'text', 'updated_by', 'varchar', 50, NULL, NULL, NULL, NULL, 0, 0, 0, 0, 0, 1, 0, 0, NULL, 'created', 1, 0, 0, NULL, 0),
	(366, 19, '更新日期', '更新日期', 'date', 'updated_date', 'datetime', 1, NULL, NULL, NULL, NULL, 0, 0, 0, 0, 0, 1, 0, 0, NULL, 'created', 1, 0, 0, NULL, 0),
	(367, 19, '创建用户', '创建用户', 'text', 'created_by', 'varchar', 50, NULL, NULL, NULL, NULL, 0, 0, 0, 0, 0, 1, 0, 0, NULL, 'created', 1, 0, 0, NULL, 0),
	(368, 19, '创建日期', '创建日期', 'date', 'created_date', 'datetime', 1, NULL, NULL, NULL, NULL, 0, 0, 0, 0, 0, 1, 0, 0, NULL, 'created', 1, 0, 0, NULL, 0),
	(369, 19, '安全区域', '安全区域', 'ref', 'zone', 'varchar', 15, 17, '属于', 29, NULL, 6, 1, 13, 0, 0, 0, 1, 0, NULL, 'created', 0, 0, 0, NULL, 0),
	(370, 19, 'DCN设计', '数据中心节点设计', 'ref', 'dcn_design', 'varchar', 15, 25, '实现', 33, '[{"filter_1":{"left":"[{\\"ciTypeId\\":25},{\\"ciTypeId\\":23,\\"parentRs\\":{\\"attrId\\":475,\\"isReferedFromParent\\":1}},{\\"ciTypeId\\":23,\\"parentRs\\":{\\"attrId\\":428,\\"isReferedFromParent\\":1}}]","operator":"in","right":"[{\\"ciTypeId\\":19},{\\"ciTypeId\\":17,\\"parentRs\\":{\\"attrId\\":369,\\"isReferedFromParent\\":1}},{\\"ciTypeId\\":23,\\"parentRs\\":{\\"attrId\\":329,\\"isReferedFromParent\\":1}},{\\"ciTypeId\\":23,\\"parentRs\\":{\\"attrId\\":428,\\"isReferedFromParent\\":1}}]"}}]', 7, 1, 14, 0, 0, 0, 1, 0, NULL, 'created', 0, 0, 0, NULL, 0),
	(371, 19, '名称', '名称', 'text', 'name', 'varchar', 50, NULL, NULL, NULL, NULL, 8, 1, 15, 1, 0, 0, 1, 0, NULL, 'created', 0, 0, 0, NULL, 0),
	(372, 20, '全局唯一ID', '全局唯一ID', 'text', 'guid', 'varchar', 15, NULL, NULL, NULL, NULL, 0, 0, 0, 0, 1, 0, 0, 0, NULL, 'created', 1, 0, 0, NULL, 0),
	(373, 20, '唯一名称', '唯一名称', 'text', 'key_name', 'varchar', 200, NULL, NULL, NULL, NULL, 1, 1, 1, 0, 1, 0, 0, 0, NULL, 'created', 1, 0, 1, '[{"type":"delimiter","value":""},{"type":"rule","value":"[{\\"ciTypeId\\":20},{\\"ciTypeId\\":19,\\"parentRs\\":{\\"attrId\\":386,\\"isReferedFromParent\\":1}},{\\"ciTypeId\\":19,\\"parentRs\\":{\\"attrId\\":356,\\"isReferedFromParent\\":1}}]"},{"type":"delimiter","value":"-"},{"type":"rule","value":"[{\\"ciTypeId\\":20},{\\"ciTypeId\\":26,\\"parentRs\\":{\\"attrId\\":387,\\"isReferedFromParent\\":1}},{\\"ciTypeId\\":26,\\"parentRs\\":{\\"attrId\\":485,\\"isReferedFromParent\\":1}}]"},{"type":"delimiter","value":""}]', 0),
	(374, 20, '状态', '状态', 'select', 'state', 'int', 15, 8, NULL, NULL, NULL, 2, 1, 2, 0, 0, 0, 0, 0, NULL, 'created', 1, 0, 0, NULL, 0),
	(375, 20, '确认日期', '确认日期', 'text', 'fixed_date', 'varchar', 19, NULL, NULL, NULL, NULL, 3, 1, 3, 1, 0, 0, 0, 0, NULL, 'created', 1, 0, 0, NULL, 0),
	(376, 20, '前全局唯一ID', '前一版本数据的guid', 'text', 'p_guid', 'varchar', 15, NULL, NULL, NULL, NULL, 0, 0, 0, 1, 0, 1, 0, 0, NULL, 'created', 1, 0, 0, NULL, 0),
	(377, 20, '根全局唯一ID', '原始数据guid', 'text', 'r_guid', 'varchar', 15, NULL, NULL, NULL, NULL, 0, 0, 0, 0, 0, 0, 0, 0, NULL, 'created', 1, 0, 0, NULL, 0),
	(378, 20, '描述说明', '描述说明', 'textArea', 'description', 'varchar', 1000, NULL, NULL, NULL, NULL, 4, 1, 4, 1, 0, 0, 1, 0, NULL, 'created', 1, 0, 0, NULL, 0),
	(379, 20, '编码', '编码', 'text', 'code', 'varchar', 50, NULL, NULL, NULL, NULL, 5, 1, 5, 0, 0, 0, 1, 0, NULL, 'created', 1, 0, 1, '[{"type":"delimiter","value":""},{"type":"rule","value":"[{\\"ciTypeId\\":20},{\\"ciTypeId\\":26,\\"parentRs\\":{\\"attrId\\":387,\\"isReferedFromParent\\":1}},{\\"ciTypeId\\":26,\\"parentRs\\":{\\"attrId\\":485,\\"isReferedFromParent\\":1}}]"},{"type":"delimiter","value":""}]', 0),
	(380, 20, '编排', '编排', 'select', 'orchestration', 'int', 15, 61, NULL, NULL, NULL, 0, 1, 6, 1, 0, 0, 1, 0, NULL, 'created', 0, 0, 0, NULL, 1),
	(381, 20, '编排实例ID', '编排实例ID', 'text', 'biz_key', 'varchar', 50, NULL, NULL, NULL, NULL, 0, 0, 0, 1, 0, 0, 1, 0, NULL, 'created', 0, 0, 0, NULL, 1),
	(382, 20, '更新用户', '更新用户', 'text', 'updated_by', 'varchar', 50, NULL, NULL, NULL, NULL, 0, 0, 0, 0, 0, 1, 0, 0, NULL, 'created', 1, 0, 0, NULL, 0),
	(383, 20, '更新日期', '更新日期', 'date', 'updated_date', 'datetime', 1, NULL, NULL, NULL, NULL, 0, 0, 0, 0, 0, 1, 0, 0, NULL, 'created', 1, 0, 0, NULL, 0),
	(384, 20, '创建用户', '创建用户', 'text', 'created_by', 'varchar', 50, NULL, NULL, NULL, NULL, 0, 0, 0, 0, 0, 1, 0, 0, NULL, 'created', 1, 0, 0, NULL, 0),
	(385, 20, '创建日期', '创建日期', 'date', 'created_date', 'datetime', 1, NULL, NULL, NULL, NULL, 0, 0, 0, 0, 0, 1, 0, 0, NULL, 'created', 1, 0, 0, NULL, 0),
	(386, 20, 'DCN', 'DCN', 'ref', 'dcn', 'varchar', 15, 19, '属于', 29, NULL, 6, 1, 7, 0, 0, 0, 1, 0, NULL, 'created', 0, 0, 0, NULL, 0),
	(387, 20, '资源集设计', '资源集设计', 'ref', 'resource_set_design', 'varchar', 15, 26, '实现', 33, '[{"filter_1":{"left":"[{\\"ciTypeId\\":26},{\\"ciTypeId\\":25,\\"parentRs\\":{\\"attrId\\":492,\\"isReferedFromParent\\":1}},{\\"ciTypeId\\":25,\\"parentRs\\":{\\"attrId\\":461,\\"isReferedFromParent\\":1}}]","operator":"in","right":"[{\\"ciTypeId\\":20},{\\"ciTypeId\\":19,\\"parentRs\\":{\\"attrId\\":386,\\"isReferedFromParent\\":1}},{\\"ciTypeId\\":25,\\"parentRs\\":{\\"attrId\\":370,\\"isReferedFromParent\\":1}},{\\"ciTypeId\\":25,\\"parentRs\\":{\\"attrId\\":461,\\"isReferedFromParent\\":1}}]"}}]', 7, 1, 8, 0, 0, 0, 1, 0, NULL, 'created', 0, 0, 0, NULL, 0),
	(388, 20, '名称', '名称', 'text', 'name', 'varchar', 50, NULL, NULL, NULL, NULL, 8, 1, 9, 1, 0, 0, 1, 0, NULL, 'created', 0, 0, 0, NULL, 0),
	(389, 20, '环境', '环境', 'select', 'env', 'int', 15, 23, NULL, NULL, '[{"filter_1":{"left":"[{\\"ciTypeId\\":20},{\\"ciTypeId\\":20,\\"parentRs\\":{\\"attrId\\":389,\\"isReferedFromParent\\":1},\\"enumCodeAttr\\":\\"groupCodeId\\"}]","operator":"in","right":"[{\\"ciTypeId\\":20},{\\"ciTypeId\\":19,\\"parentRs\\":{\\"attrId\\":386,\\"isReferedFromParent\\":1}},{\\"ciTypeId\\":17,\\"parentRs\\":{\\"attrId\\":369,\\"isReferedFromParent\\":1}},{\\"ciTypeId\\":16,\\"parentRs\\":{\\"attrId\\":328,\\"isReferedFromParent\\":1}},{\\"ciTypeId\\":16,\\"parentRs\\":{\\"attrId\\":312,\\"isReferedFromParent\\":1},\\"enumCodeAttr\\":\\"codeId\\"}]"}}]', 9, 1, 10, 1, 0, 0, 1, 0, NULL, 'created', 0, 0, 0, NULL, 0),
	(390, 20, '网段', '网段', 'ref', 'network_segment', 'varchar', 15, 21, '关联', 32, NULL, 10, 1, 11, 1, 0, 0, 1, 0, NULL, 'created', 0, 0, 0, NULL, 0),
	(391, 20, '资产编码', '资产编码', 'text', 'asset_code', 'varchar', 50, NULL, NULL, NULL, NULL, 11, 1, 12, 1, 0, 0, 1, 0, NULL, 'created', 0, 0, 0, NULL, 0),
	(392, 21, '全局唯一ID', '全局唯一ID', 'text', 'guid', 'varchar', 15, NULL, NULL, NULL, NULL, 0, 0, 0, 0, 1, 0, 0, 0, NULL, 'created', 1, 0, 0, NULL, 0),
	(393, 21, '唯一名称', '唯一名称', 'text', 'key_name', 'varchar', 200, NULL, NULL, NULL, NULL, 1, 1, 1, 0, 1, 0, 0, 0, NULL, 'created', 1, 0, 1, '[{"type":"delimiter","value":""},{"type":"rule","value":"[{\\"ciTypeId\\":21},{\\"ciTypeId\\":21,\\"parentRs\\":{\\"attrId\\":399,\\"isReferedFromParent\\":1}}]"},{"type":"delimiter","value":"_"},{"type":"rule","value":"[{\\"ciTypeId\\":21},{\\"ciTypeId\\":21,\\"parentRs\\":{\\"attrId\\":407,\\"isReferedFromParent\\":1},\\"enumCodeAttr\\":\\"value\\"}]"},{"type":"delimiter","value":""}]', 0),
	(394, 21, '状态', '状态', 'select', 'state', 'int', 15, 8, NULL, NULL, NULL, 2, 1, 2, 0, 0, 0, 0, 0, NULL, 'created', 1, 0, 0, NULL, 0),
	(395, 21, '确认日期', '确认日期', 'text', 'fixed_date', 'varchar', 19, NULL, NULL, NULL, NULL, 3, 1, 3, 1, 0, 0, 0, 0, NULL, 'created', 1, 0, 0, NULL, 0),
	(396, 21, '前全局唯一ID', '前一版本数据的guid', 'text', 'p_guid', 'varchar', 15, NULL, NULL, NULL, NULL, 0, 0, 0, 1, 0, 1, 0, 0, NULL, 'created', 1, 0, 0, NULL, 0),
	(397, 21, '根全局唯一ID', '原始数据guid', 'text', 'r_guid', 'varchar', 15, NULL, NULL, NULL, NULL, 0, 0, 0, 0, 0, 0, 0, 0, NULL, 'created', 1, 0, 0, NULL, 0),
	(398, 21, '描述说明', '描述说明', 'textArea', 'description', 'varchar', 1000, NULL, NULL, NULL, NULL, 4, 1, 4, 1, 0, 0, 1, 0, NULL, 'created', 1, 0, 0, NULL, 0),
	(399, 21, '编码', '编码', 'text', 'code', 'varchar', 50, NULL, NULL, NULL, NULL, 5, 1, 5, 0, 0, 0, 1, 0, NULL, 'created', 1, 0, 0, NULL, 0),
	(400, 21, '编排', '编排', 'select', 'orchestration', 'int', 15, 63, NULL, NULL, NULL, 0, 1, 6, 1, 0, 0, 1, 0, NULL, 'created', 0, 0, 0, NULL, 1),
	(401, 21, '编排实例ID', '编排实例ID', 'text', 'biz_key', 'varchar', 50, NULL, NULL, NULL, NULL, 0, 0, 0, 1, 0, 0, 1, 0, NULL, 'created', 0, 0, 0, NULL, 1),
	(402, 21, '更新用户', '更新用户', 'text', 'updated_by', 'varchar', 50, NULL, NULL, NULL, NULL, 0, 0, 0, 0, 0, 1, 0, 0, NULL, 'created', 1, 0, 0, NULL, 0),
	(403, 21, '更新日期', '更新日期', 'date', 'updated_date', 'datetime', 1, NULL, NULL, NULL, NULL, 0, 0, 0, 0, 0, 1, 0, 0, NULL, 'created', 1, 0, 0, NULL, 0),
	(404, 21, '创建用户', '创建用户', 'text', 'created_by', 'varchar', 50, NULL, NULL, NULL, NULL, 0, 0, 0, 0, 0, 1, 0, 0, NULL, 'created', 1, 0, 0, NULL, 0),
	(405, 21, '创建日期', '创建日期', 'date', 'created_date', 'datetime', 1, NULL, NULL, NULL, NULL, 0, 0, 0, 0, 0, 1, 0, 0, NULL, 'created', 1, 0, 0, NULL, 0),
	(406, 21, '名称', '服务名称', 'text', 'name', 'varchar', 50, NULL, NULL, NULL, NULL, 6, 1, 7, 1, 0, 0, 1, 0, NULL, 'created', 0, 0, 0, NULL, 0),
	(407, 21, '类型', '类型', 'select', 'type', 'int', 15, 62, NULL, NULL, NULL, 7, 1, 8, 1, 0, 0, 1, 0, NULL, 'created', 0, 0, 0, NULL, 0),
	(408, 21, '子网掩码', '子网', 'number', 'mask', 'int', 15, NULL, NULL, NULL, NULL, 8, 1, 9, 1, 0, 0, 1, 0, NULL, 'created', 0, 0, 0, NULL, 0),
	(409, 21, '网关IP地址', '网关IP地址', 'ref', 'gateway_ip', 'varchar', 15, 14, '关联', 32, NULL, 9, 1, 10, 1, 0, 0, 1, 0, NULL, 'created', 0, 0, 0, NULL, 0),
	(410, 21, '父网段', '父网段', 'ref', 'f_network_segment', 'varchar', 15, 21, '属于', 29, NULL, 10, 1, 11, 1, 0, 0, 1, 0, NULL, 'created', 0, 0, 0, NULL, 0),
	(411, 21, '资产编码', '资产编码', 'text', 'asset_code', 'varchar', 50, NULL, NULL, NULL, NULL, 11, 1, 12, 1, 0, 0, 1, 0, NULL, 'created', 0, 0, 0, NULL, 0),
	(412, 22, '全局唯一ID', '全局唯一ID', 'text', 'guid', 'varchar', 15, NULL, NULL, NULL, NULL, 0, 0, 0, 0, 1, 0, 0, 0, NULL, 'created', 1, 0, 0, NULL, 0),
	(413, 22, '唯一名称', '唯一名称', 'text', 'key_name', 'varchar', 200, NULL, NULL, NULL, NULL, 1, 1, 1, 0, 1, 0, 0, 0, NULL, 'created', 1, 0, 1, '[{"type":"delimiter","value":""},{"type":"rule","value":"[{\\"ciTypeId\\":22},{\\"ciTypeId\\":22,\\"parentRs\\":{\\"attrId\\":419,\\"isReferedFromParent\\":1}}]"},{"type":"delimiter","value":""}]', 0),
	(414, 22, '状态', '状态', 'select', 'state', 'int', 15, 7, NULL, NULL, NULL, 2, 1, 2, 0, 0, 0, 0, 0, NULL, 'created', 1, 0, 0, NULL, 0),
	(415, 22, '确认日期', '确认日期', 'text', 'fixed_date', 'varchar', 19, NULL, NULL, NULL, NULL, 3, 1, 3, 1, 0, 0, 0, 0, NULL, 'created', 1, 0, 0, NULL, 0),
	(416, 22, '前全局唯一ID', '前一版本数据的guid', 'text', 'p_guid', 'varchar', 15, NULL, NULL, NULL, NULL, 0, 0, 0, 1, 0, 1, 0, 0, NULL, 'created', 1, 0, 0, NULL, 0),
	(417, 22, '根全局唯一ID', '原始数据guid', 'text', 'r_guid', 'varchar', 15, NULL, NULL, NULL, NULL, 0, 0, 0, 0, 0, 0, 0, 0, NULL, 'created', 1, 0, 0, NULL, 0),
	(418, 22, '描述说明', '描述说明', 'textArea', 'description', 'varchar', 1000, NULL, NULL, NULL, NULL, 4, 1, 4, 1, 0, 0, 1, 0, NULL, 'created', 1, 0, 0, NULL, 0),
	(419, 22, '编码', '编码', 'text', 'code', 'varchar', 50, NULL, NULL, NULL, NULL, 5, 1, 5, 0, 0, 0, 1, 0, NULL, 'created', 1, 0, 0, NULL, 0),
	(420, 22, '编排', '编排', 'select', 'orchestration', 'int', 15, 64, NULL, NULL, NULL, 0, 1, 6, 1, 0, 0, 1, 0, NULL, 'created', 0, 0, 0, NULL, 1),
	(421, 22, '编排实例ID', '编排实例ID', 'text', 'biz_key', 'varchar', 50, NULL, NULL, NULL, NULL, 0, 0, 0, 1, 0, 0, 1, 0, NULL, 'created', 0, 0, 0, NULL, 1),
	(422, 22, '更新用户', '更新用户', 'text', 'updated_by', 'varchar', 50, NULL, NULL, NULL, NULL, 0, 0, 0, 0, 0, 1, 0, 0, NULL, 'created', 1, 0, 0, NULL, 0),
	(423, 22, '更新日期', '更新日期', 'date', 'updated_date', 'datetime', 1, NULL, NULL, NULL, NULL, 0, 0, 0, 0, 0, 1, 0, 0, NULL, 'created', 1, 0, 0, NULL, 0),
	(424, 22, '创建用户', '创建用户', 'text', 'created_by', 'varchar', 50, NULL, NULL, NULL, NULL, 0, 0, 0, 0, 0, 1, 0, 0, NULL, 'created', 1, 0, 0, NULL, 0),
	(425, 22, '创建日期', '创建日期', 'date', 'created_date', 'datetime', 1, NULL, NULL, NULL, NULL, 0, 0, 0, 0, 0, 1, 0, 0, NULL, 'created', 1, 0, 0, NULL, 0),
	(426, 22, '名称', '名称', 'text', 'name', 'varchar', 50, NULL, NULL, NULL, NULL, 6, 1, 13, 0, 0, 0, 1, 0, NULL, 'created', 0, 0, 0, NULL, 0),
	(427, 22, '环境类型', '环境类型', 'select', 'env_type', 'int', 15, 22, NULL, NULL, NULL, 7, 1, 14, 0, 0, 0, 1, 0, NULL, 'created', 0, 0, 0, NULL, 0),
	(428, 23, '全局唯一ID', '全局唯一ID', 'text', 'guid', 'varchar', 15, NULL, NULL, NULL, NULL, 0, 0, 0, 0, 1, 0, 0, 0, NULL, 'created', 1, 0, 0, NULL, 0),
	(429, 23, '唯一名称', '唯一名称', 'text', 'key_name', 'varchar', 200, NULL, NULL, NULL, NULL, 1, 1, 1, 0, 1, 0, 0, 0, NULL, 'created', 1, 0, 1, '[{"type":"delimiter","value":""},{"type":"rule","value":"[{\\"ciTypeId\\":23},{\\"ciTypeId\\":22,\\"parentRs\\":{\\"attrId\\":442,\\"isReferedFromParent\\":1}},{\\"ciTypeId\\":22,\\"parentRs\\":{\\"attrId\\":413,\\"isReferedFromParent\\":1}}]"},{"type":"delimiter","value":"-"},{"type":"rule","value":"[{\\"ciTypeId\\":23},{\\"ciTypeId\\":23,\\"parentRs\\":{\\"attrId\\":435,\\"isReferedFromParent\\":1}}]"},{"type":"delimiter","value":""}]', 0),
	(430, 23, '状态', '状态', 'select', 'state', 'int', 15, 7, NULL, NULL, NULL, 2, 1, 2, 0, 0, 0, 0, 0, NULL, 'created', 1, 0, 0, NULL, 0),
	(431, 23, '确认日期', '确认日期', 'text', 'fixed_date', 'varchar', 19, NULL, NULL, NULL, NULL, 3, 1, 3, 1, 0, 0, 0, 0, NULL, 'created', 1, 0, 0, NULL, 0),
	(432, 23, '前全局唯一ID', '前一版本数据的guid', 'text', 'p_guid', 'varchar', 15, NULL, NULL, NULL, NULL, 0, 0, 0, 1, 0, 1, 0, 0, NULL, 'created', 1, 0, 0, NULL, 0),
	(433, 23, '根全局唯一ID', '原始数据guid', 'text', 'r_guid', 'varchar', 15, NULL, NULL, NULL, NULL, 0, 0, 0, 0, 0, 0, 0, 0, NULL, 'created', 1, 0, 0, NULL, 0),
	(434, 23, '描述说明', '描述说明', 'textArea', 'description', 'varchar', 1000, NULL, NULL, NULL, NULL, 4, 1, 4, 1, 0, 0, 1, 0, NULL, 'created', 1, 0, 0, NULL, 0),
	(435, 23, '编码', '编码', 'text', 'code', 'varchar', 50, NULL, NULL, NULL, NULL, 5, 1, 5, 0, 0, 0, 1, 0, NULL, 'created', 1, 0, 0, NULL, 0),
	(436, 23, '编排', '编排', 'select', 'orchestration', 'int', 15, 65, NULL, NULL, NULL, 0, 1, 6, 1, 0, 0, 1, 0, NULL, 'created', 0, 0, 0, NULL, 1),
	(437, 23, '编排实例ID', '编排实例ID', 'text', 'biz_key', 'varchar', 50, NULL, NULL, NULL, NULL, 0, 0, 0, 1, 0, 0, 1, 0, NULL, 'created', 0, 0, 0, NULL, 1),
	(438, 23, '更新用户', '更新用户', 'text', 'updated_by', 'varchar', 50, NULL, NULL, NULL, NULL, 0, 0, 0, 0, 0, 1, 0, 0, NULL, 'created', 1, 0, 0, NULL, 0),
	(439, 23, '更新日期', '更新日期', 'date', 'updated_date', 'datetime', 1, NULL, NULL, NULL, NULL, 0, 0, 0, 0, 0, 1, 0, 0, NULL, 'created', 1, 0, 0, NULL, 0),
	(440, 23, '创建用户', '创建用户', 'text', 'created_by', 'varchar', 50, NULL, NULL, NULL, NULL, 0, 0, 0, 0, 0, 1, 0, 0, NULL, 'created', 1, 0, 0, NULL, 0),
	(441, 23, '创建日期', '创建日期', 'date', 'created_date', 'datetime', 1, NULL, NULL, NULL, NULL, 0, 0, 0, 0, 0, 1, 0, 0, NULL, 'created', 1, 0, 0, NULL, 0),
	(442, 23, '机房设计', '机房设计', 'ref', 'idc_design', 'varchar', 15, 22, '属于', 29, NULL, 6, 1, 7, 0, 0, 0, 1, 0, NULL, 'created', 0, 0, 0, NULL, 0),
	(443, 23, '类型', '类型', 'select', 'type', 'int', 15, 25, NULL, NULL, NULL, 7, 1, 8, 0, 0, 0, 1, 0, NULL, 'created', 0, 0, 0, NULL, 0),
	(444, 23, '层级', '层级', 'select', 'zone_layer', 'int', 15, 26, NULL, NULL, NULL, 8, 1, 9, 0, 0, 0, 1, 0, NULL, 'created', 0, 0, 0, NULL, 0),
	(445, 24, '全局唯一ID', '全局唯一ID', 'text', 'guid', 'varchar', 15, NULL, NULL, NULL, NULL, 0, 0, 0, 0, 1, 0, 0, 0, NULL, 'created', 1, 0, 0, NULL, 0),
	(446, 24, '唯一名称', '唯一名称', 'text', 'key_name', 'varchar', 200, NULL, NULL, NULL, NULL, 1, 1, 1, 0, 1, 0, 0, 0, NULL, 'created', 1, 0, 1, '[{"type":"delimiter","value":""},{"type":"rule","value":"[{\\"ciTypeId\\":24},{\\"ciTypeId\\":23,\\"parentRs\\":{\\"attrId\\":459,\\"isReferedFromParent\\":1}},{\\"ciTypeId\\":23,\\"parentRs\\":{\\"attrId\\":429,\\"isReferedFromParent\\":1}}]"},{"type":"delimiter","value":"_link_"},{"type":"rule","value":"[{\\"ciTypeId\\":24},{\\"ciTypeId\\":23,\\"parentRs\\":{\\"attrId\\":460,\\"isReferedFromParent\\":1}},{\\"ciTypeId\\":23,\\"parentRs\\":{\\"attrId\\":429,\\"isReferedFromParent\\":1}}]"},{"type":"delimiter","value":""}]', 0),
	(447, 24, '状态', '状态', 'select', 'state', 'int', 15, 7, NULL, NULL, NULL, 2, 1, 2, 0, 0, 0, 0, 0, NULL, 'created', 1, 0, 0, NULL, 0),
	(448, 24, '确认日期', '确认日期', 'text', 'fixed_date', 'varchar', 19, NULL, NULL, NULL, NULL, 3, 1, 3, 1, 0, 0, 0, 0, NULL, 'created', 1, 0, 0, NULL, 0),
	(449, 24, '前全局唯一ID', '前一版本数据的guid', 'text', 'p_guid', 'varchar', 15, NULL, NULL, NULL, NULL, 0, 0, 0, 1, 0, 1, 0, 0, NULL, 'created', 1, 0, 0, NULL, 0),
	(450, 24, '根全局唯一ID', '原始数据guid', 'text', 'r_guid', 'varchar', 15, NULL, NULL, NULL, NULL, 0, 0, 0, 0, 0, 0, 0, 0, NULL, 'created', 1, 0, 0, NULL, 0),
	(451, 24, '描述说明', '描述说明', 'textArea', 'description', 'varchar', 1000, NULL, NULL, NULL, NULL, 4, 1, 4, 1, 0, 0, 1, 0, NULL, 'created', 1, 0, 0, NULL, 0),
	(452, 24, '编码', '编码', 'text', 'code', 'varchar', 50, NULL, NULL, NULL, NULL, 5, 1, 5, 0, 0, 0, 1, 0, NULL, 'created', 1, 0, 0, NULL, 0),
	(453, 24, '编排', '编排', 'select', 'orchestration', 'int', 15, 66, NULL, NULL, NULL, 0, 1, 6, 1, 0, 0, 1, 0, NULL, 'created', 0, 0, 0, NULL, 1),
	(454, 24, '编排实例ID', '编排实例ID', 'text', 'biz_key', 'varchar', 50, NULL, NULL, NULL, NULL, 0, 0, 0, 1, 0, 0, 1, 0, NULL, 'created', 0, 0, 0, NULL, 1),
	(455, 24, '更新用户', '更新用户', 'text', 'updated_by', 'varchar', 50, NULL, NULL, NULL, NULL, 0, 0, 0, 0, 0, 1, 0, 0, NULL, 'created', 1, 0, 0, NULL, 0),
	(456, 24, '更新日期', '更新日期', 'date', 'updated_date', 'datetime', 1, NULL, NULL, NULL, NULL, 0, 0, 0, 0, 0, 1, 0, 0, NULL, 'created', 1, 0, 0, NULL, 0),
	(457, 24, '创建用户', '创建用户', 'text', 'created_by', 'varchar', 50, NULL, NULL, NULL, NULL, 0, 0, 0, 0, 0, 1, 0, 0, NULL, 'created', 1, 0, 0, NULL, 0),
	(458, 24, '创建日期', '创建日期', 'date', 'created_date', 'datetime', 1, NULL, NULL, NULL, NULL, 0, 0, 0, 0, 0, 1, 0, 0, NULL, 'created', 1, 0, 0, NULL, 0),
	(459, 24, '安全区域设计1', '安全区域设计', 'ref', 'zone_design1', 'varchar', 15, 23, '关联', 32, NULL, 6, 1, 7, 0, 0, 0, 1, 0, NULL, 'created', 0, 0, 0, NULL, 0),
	(460, 24, '安全区域设计2', '安全区域设计', 'ref', 'zone_design2', 'varchar', 15, 23, '关联', 32, NULL, 7, 1, 8, 0, 0, 0, 1, 0, NULL, 'created', 0, 0, 0, NULL, 0),
	(461, 25, '全局唯一ID', '全局唯一ID', 'text', 'guid', 'varchar', 15, NULL, NULL, NULL, NULL, 0, 0, 0, 0, 1, 0, 0, 0, NULL, 'created', 1, 0, 0, NULL, 0),
	(462, 25, '唯一名称', '唯一名称', 'text', 'key_name', 'varchar', 200, NULL, NULL, NULL, NULL, 1, 1, 1, 0, 1, 0, 0, 0, NULL, 'created', 1, 0, 1, '[{"type":"delimiter","value":""},{"type":"rule","value":"[{\\"ciTypeId\\":25},{\\"ciTypeId\\":23,\\"parentRs\\":{\\"attrId\\":475,\\"isReferedFromParent\\":1}},{\\"ciTypeId\\":23,\\"parentRs\\":{\\"attrId\\":429,\\"isReferedFromParent\\":1}}]"},{"type":"delimiter","value":"-"},{"type":"rule","value":"[{\\"ciTypeId\\":25},{\\"ciTypeId\\":25,\\"parentRs\\":{\\"attrId\\":468,\\"isReferedFromParent\\":1}}]"},{"type":"delimiter","value":""}]', 0),
	(463, 25, '状态', '状态', 'select', 'state', 'int', 15, 7, NULL, NULL, NULL, 2, 1, 2, 0, 0, 0, 0, 0, NULL, 'created', 1, 0, 0, NULL, 0),
	(464, 25, '确认日期', '确认日期', 'text', 'fixed_date', 'varchar', 19, NULL, NULL, NULL, NULL, 3, 1, 3, 1, 0, 0, 0, 0, NULL, 'created', 1, 0, 0, NULL, 0),
	(465, 25, '前全局唯一ID', '前一版本数据的guid', 'text', 'p_guid', 'varchar', 15, NULL, NULL, NULL, NULL, 0, 0, 0, 1, 0, 1, 0, 0, NULL, 'created', 1, 0, 0, NULL, 0),
	(466, 25, '根全局唯一ID', '原始数据guid', 'text', 'r_guid', 'varchar', 15, NULL, NULL, NULL, NULL, 0, 0, 0, 0, 0, 0, 0, 0, NULL, 'created', 1, 0, 0, NULL, 0),
	(467, 25, '描述说明', '描述说明', 'textArea', 'description', 'varchar', 1000, NULL, NULL, NULL, NULL, 4, 1, 4, 1, 0, 0, 1, 0, NULL, 'created', 1, 0, 0, NULL, 0),
	(468, 25, '编码', '编码', 'text', 'code', 'varchar', 50, NULL, NULL, NULL, NULL, 5, 1, 5, 0, 0, 0, 1, 0, NULL, 'created', 1, 0, 0, NULL, 0),
	(469, 25, '编排', '编排', 'select', 'orchestration', 'int', 15, 67, NULL, NULL, NULL, 0, 1, 6, 1, 0, 0, 1, 0, NULL, 'created', 0, 0, 0, NULL, 1),
	(470, 25, '编排实例ID', '编排实例ID', 'text', 'biz_key', 'varchar', 50, NULL, NULL, NULL, NULL, 0, 0, 0, 1, 0, 0, 1, 0, NULL, 'created', 0, 0, 0, NULL, 1),
	(471, 25, '更新用户', '更新用户', 'text', 'updated_by', 'varchar', 50, NULL, NULL, NULL, NULL, 0, 0, 0, 0, 0, 1, 0, 0, NULL, 'created', 1, 0, 0, NULL, 0),
	(472, 25, '更新日期', '更新日期', 'date', 'updated_date', 'datetime', 1, NULL, NULL, NULL, NULL, 0, 0, 0, 0, 0, 1, 0, 0, NULL, 'created', 1, 0, 0, NULL, 0),
	(473, 25, '创建用户', '创建用户', 'text', 'created_by', 'varchar', 50, NULL, NULL, NULL, NULL, 0, 0, 0, 0, 0, 1, 0, 0, NULL, 'created', 1, 0, 0, NULL, 0),
	(474, 25, '创建日期', '创建日期', 'date', 'created_date', 'datetime', 1, NULL, NULL, NULL, NULL, 0, 0, 0, 0, 0, 1, 0, 0, NULL, 'created', 1, 0, 0, NULL, 0),
	(475, 25, '安全区域设计', '安全区域设计', 'ref', 'zone_design', 'varchar', 15, 23, '属于', 29, NULL, 6, 1, 7, 0, 0, 0, 1, 0, NULL, 'created', 0, 0, 0, NULL, 0),
	(476, 25, '业务群组', '业务群组', 'select', 'business_group', 'int', 15, 20, NULL, NULL, NULL, 7, 1, 8, 0, 0, 0, 1, 0, NULL, 'created', 0, 0, 0, NULL, 0),
	(477, 25, '类型', '类型', 'select', 'type', 'int', 15, 27, NULL, NULL, NULL, 8, 1, 9, 0, 0, 0, 1, 0, NULL, 'created', 0, 0, 0, NULL, 0),
	(478, 26, '全局唯一ID', '全局唯一ID', 'text', 'guid', 'varchar', 15, NULL, NULL, NULL, NULL, 0, 0, 0, 0, 1, 0, 0, 0, NULL, 'created', 1, 0, 0, NULL, 0),
	(479, 26, '唯一名称', '唯一名称', 'text', 'key_name', 'varchar', 200, NULL, NULL, NULL, NULL, 1, 1, 1, 0, 1, 0, 0, 0, NULL, 'created', 1, 0, 1, '[{"type":"delimiter","value":""},{"type":"rule","value":"[{\\"ciTypeId\\":26},{\\"ciTypeId\\":25,\\"parentRs\\":{\\"attrId\\":492,\\"isReferedFromParent\\":1}},{\\"ciTypeId\\":25,\\"parentRs\\":{\\"attrId\\":462,\\"isReferedFromParent\\":1}}]"},{"type":"delimiter","value":"-"},{"type":"rule","value":"[{\\"ciTypeId\\":26},{\\"ciTypeId\\":26,\\"parentRs\\":{\\"attrId\\":485,\\"isReferedFromParent\\":1}}]"},{"type":"delimiter","value":""}]', 0),
	(480, 26, '状态', '状态', 'select', 'state', 'int', 15, 7, NULL, NULL, NULL, 2, 1, 2, 0, 0, 0, 0, 0, NULL, 'created', 1, 0, 0, NULL, 0),
	(481, 26, '确认日期', '确认日期', 'text', 'fixed_date', 'varchar', 19, NULL, NULL, NULL, NULL, 3, 1, 3, 1, 0, 0, 0, 0, NULL, 'created', 1, 0, 0, NULL, 0),
	(482, 26, '前全局唯一ID', '前一版本数据的guid', 'text', 'p_guid', 'varchar', 15, NULL, NULL, NULL, NULL, 0, 0, 0, 1, 0, 1, 0, 0, NULL, 'created', 1, 0, 0, NULL, 0),
	(483, 26, '根全局唯一ID', '原始数据guid', 'text', 'r_guid', 'varchar', 15, NULL, NULL, NULL, NULL, 0, 0, 0, 0, 0, 0, 0, 0, NULL, 'created', 1, 0, 0, NULL, 0),
	(484, 26, '描述说明', '描述说明', 'textArea', 'description', 'varchar', 1000, NULL, NULL, NULL, NULL, 4, 1, 4, 1, 0, 0, 1, 0, NULL, 'created', 1, 0, 0, NULL, 0),
	(485, 26, '编码', '编码', 'text', 'code', 'varchar', 50, NULL, NULL, NULL, NULL, 5, 1, 5, 0, 0, 0, 1, 0, NULL, 'created', 1, 0, 0, NULL, 0),
	(486, 26, '编排', '编排', 'select', 'orchestration', 'int', 15, 68, NULL, NULL, NULL, 0, 1, 6, 1, 0, 0, 1, 0, NULL, 'created', 0, 0, 0, NULL, 1),
	(487, 26, '编排实例ID', '编排实例ID', 'text', 'biz_key', 'varchar', 50, NULL, NULL, NULL, NULL, 0, 0, 0, 1, 0, 0, 1, 0, NULL, 'created', 0, 0, 0, NULL, 1),
	(488, 26, '更新用户', '更新用户', 'text', 'updated_by', 'varchar', 50, NULL, NULL, NULL, NULL, 0, 0, 0, 0, 0, 1, 0, 0, NULL, 'created', 1, 0, 0, NULL, 0),
	(489, 26, '更新日期', '更新日期', 'date', 'updated_date', 'datetime', 1, NULL, NULL, NULL, NULL, 0, 0, 0, 0, 0, 1, 0, 0, NULL, 'created', 1, 0, 0, NULL, 0),
	(490, 26, '创建用户', '创建用户', 'text', 'created_by', 'varchar', 50, NULL, NULL, NULL, NULL, 0, 0, 0, 0, 0, 1, 0, 0, NULL, 'created', 1, 0, 0, NULL, 0),
	(491, 26, '创建日期', '创建日期', 'date', 'created_date', 'datetime', 1, NULL, NULL, NULL, NULL, 0, 0, 0, 0, 0, 1, 0, 0, NULL, 'created', 1, 0, 0, NULL, 0),
	(492, 26, '数据中心节点设计', '数据中心节点设计', 'ref', 'dcn_design', 'varchar', 15, 25, '属于', 29, NULL, 6, 1, 13, 0, 0, 0, 1, 0, NULL, 'created', 0, 0, 0, NULL, 0),
	(493, 26, '类型', '类型', 'select', 'type', 'int', 15, 28, NULL, NULL, NULL, 7, 1, 14, 0, 0, 0, 1, 0, NULL, 'created', 0, 0, 0, NULL, 0),
	(498, 16, '网段', '网段', 'ref', 'network_segment', 'varchar', 15, 21, '使用', 32, NULL, 13, 1, 13, 1, 0, 0, 1, 0, NULL, 'created', 0, 0, 0, NULL, 0),
	(499, 12, '用户名', '主机登陆用户名', 'text', 'username', 'varchar', 50, NULL, NULL, NULL, NULL, 16, 1, 17, 0, 0, 0, 1, 0, NULL, 'created', 0, 0, 0, NULL, 0),
	(500, 12, '密码', '主机登陆密码', 'text', 'password', 'varchar', 64, NULL, NULL, NULL, NULL, 17, 1, 18, 0, 0, 0, 1, 0, NULL, 'created', 0, 0, 0, NULL, 0);

INSERT INTO `adm_state_transition` (`id_adm_state_transition`, `current_state`, `current_state_is_confirmed`, `target_state`, `target_state_is_confirmed`, `operation`, `action`, `status`) VALUES
	(1, 37, 0, NULL, NULL, 48, 54, 'active'),
	(2, NULL, NULL, 37, 0, 45, 52, 'active'),
	(3, 37, 0, 37, 0, 46, 56, 'active'),
	(4, 37, 0, 37, 1, 49, 57, 'active'),
	(5, 37, 1, 38, 0, 46, 53, 'active'),
	(6, 38, 0, 37, 1, 47, 55, 'active'),
	(7, 37, 1, 39, 0, 48, 53, 'active'),
	(8, 39, 0, 37, 1, 47, 55, 'active'),
	(9, 38, 0, 38, 0, 46, 56, 'active'),
	(10, 38, 0, 38, 1, 49, 57, 'active'),
	(11, 38, 1, 38, 0, 46, 53, 'active'),
	(12, 38, 0, 38, 1, 47, 55, 'active'),
	(13, 38, 1, 39, 0, 48, 53, 'active'),
	(14, 39, 0, 38, 1, 47, 55, 'active'),
	(15, 39, 0, 39, 1, 49, 57, 'active'),
	(16, 40, 0, NULL, NULL, 48, 54, 'active'),
	(17, NULL, NULL, 40, 0, 45, 52, 'active'),
	(18, 40, 0, 40, 0, 46, 56, 'active'),
	(19, 40, 0, 40, 1, 49, 57, 'active'),
	(20, 40, 1, 41, 0, 50, 53, 'active'),
	(21, 41, 0, 40, 1, 47, 55, 'active'),
	(22, 41, 0, 41, 1, 49, 57, 'active'),
	(23, 40, 1, 43, 0, 51, 53, 'active'),
	(24, 43, 0, 40, 1, 47, 55, 'active'),
	(25, 43, 0, 43, 1, 49, 57, 'active'),
	(26, 41, 1, 43, 0, 51, 53, 'active'),
	(27, 43, 0, 41, 1, 47, 55, 'active'),
	(28, 43, 1, 41, 0, 50, 53, 'active'),
	(29, 41, 0, 43, 1, 47, 55, 'active'),
	(30, 41, 1, 42, 0, 46, 53, 'active'),
	(31, 42, 0, 41, 1, 47, 55, 'active'),
	(32, 43, 1, 42, 0, 46, 53, 'active'),
	(33, 42, 0, 43, 1, 47, 55, 'active'),
	(34, 42, 0, 42, 0, 46, 56, 'active'),
	(35, 42, 0, 42, 1, 49, 57, 'active'),
	(36, 42, 1, 43, 0, 51, 53, 'active'),
	(37, 43, 0, 42, 1, 47, 55, 'active'),
	(38, 42, 1, 41, 0, 50, 53, 'active'),
	(39, 41, 0, 42, 1, 47, 55, 'active'),
	(40, 43, 1, 44, 0, 48, 53, 'active'),
	(41, 44, 0, 43, 1, 47, 55, 'active'),
	(42, 44, 0, 44, 1, 49, 57, 'active'),
	(43, 34, 0, NULL, NULL, 48, 54, 'active'),
	(44, NULL, NULL, 34, 0, 45, 52, 'active'),
	(45, 34, 0, 34, 0, 46, 56, 'active'),
	(46, 34, 0, 34, 1, 49, 57, 'active'),
	(47, 34, 1, 35, 0, 46, 53, 'active'),
	(48, 35, 0, 34, 1, 47, 55, 'active'),
	(49, 34, 1, 36, 0, 48, 53, 'active'),
	(50, 36, 0, 34, 1, 47, 55, 'active'),
	(51, 35, 0, 35, 0, 46, 56, 'active'),
	(52, 35, 0, 35, 1, 49, 57, 'active'),
	(53, 35, 1, 35, 0, 46, 53, 'active'),
	(54, 35, 0, 35, 1, 47, 55, 'active'),
	(55, 35, 1, 36, 0, 48, 53, 'active'),
	(56, 36, 0, 35, 1, 47, 55, 'active'),
	(57, 36, 0, 36, 1, 49, 57, 'active');

INSERT INTO `adm_role` (`id_adm_role`, `role_name`, `description`, `id_adm_tenement`, `parent_id_adm_role`, `role_type`, `is_system`) VALUES
	(1, 'SUPER_ADMIN', '超级管理员', NULL, NULL, 'ADMIN', 1),
	(2, 'CMDB_ADMIN', 'CMDB管理员', NULL, NULL, 'ADMIN', 0),
	(3, 'PLUGIN_ADMIN', '插件管理员', NULL, NULL, 'ADMIN', 0),
	(4, 'IDC_ARCHITECT', '基础架构规划-IDC', NULL, NULL, 'ADMIN', 0),
	(5, 'NETWORK_ARCHITECT', '基础架构规划-网络', NULL, NULL, 'ADMIN', 0),
	(6, 'APP_ARCHITECT', '应用架构师', NULL, NULL, 'ADMIN', 0),
	(7, 'OPS-PROD', '生产环境运维', NULL, NULL, 'ADMIN', 0),
	(8, 'OPS-TEST', '测试环境运维', NULL, NULL, 'ADMIN', 0),
	(9, 'DEVELOPER', '开发人员', NULL, NULL, 'ADMIN', 0),
	(10, 'REGULAR', '普通用户', NULL, NULL, 'REGULAR', 0),
	(11, 'READONLY', '只读用户', NULL, NULL, 'READONLY', 0);

INSERT INTO `adm_user` (`id_adm_user`, `name`, `code`, `encrypted_password`, `description`, `id_adm_tenement`, `action_flag`, `is_system`) VALUES
	('1', 'admin', 'admin','$2a$10$Gh3WDwZ8kFpxbmo/h.oywuN.LuYwgrlx53ZeG.mz7P4eKgct7IYZm', 'admin', NULL, 0, 1);

INSERT INTO `adm_role_user` (`id_adm_role_user`, `id_adm_role`, `id_adm_user`, `is_system`) VALUES
    ('1', '1', '1', 1);

INSERT INTO `adm_menu` (`id_adm_menu`, `name`, `other_name`, `seq_no`, `parent_id_adm_menu`) VALUES
(1, 'DATA_QUERY', '数据查询', 1, NULL),
(2, 'DATA_MANAGEMENT', '数据管理', 2, NULL),
(5, 'ADMIN', '系统', 5, NULL),
(6, 'DESIGNING_CI_DATA_ENQUIRY', 'CI数据查询', 6, 1),
(7, 'DESIGNING_CI_INTEGRATED_QUERY_EXECUTION', 'CI数据综合查询', 7, 1),
(8, 'DESIGNING_ENUM_ENQUIRY', '枚举数据查询', 8, 1),
(9, 'DESIGNING_CI_DATA_MANAGEMENT', 'CI数据管理', 9, 2),
(10, 'DESIGNING_CI_INTEGRATED_QUERY_MANAGEMENT', 'CI综合查询管理', 10, 2),
(11, 'DESIGNING_ENUM_MANAGEMENT', '枚举数据管理', 11, 2),
(20, 'ADMIN_CMDB_MODEL_MANAGEMENT', 'CMDB模型管理', 20, 5),
(21, 'ADMIN_PERMISSION_MANAGEMENT', '系统权限管理', 21, 5),
(22, 'ADMIN_BASE_DATA_MANAGEMENT', '基础数据管理', 22, 5),
(23, 'ADMIN_QUERY_LOG', '日志查询', 23, 5);

INSERT INTO `adm_role_menu` (`id_adm_role_menu`, `id_adm_role`, `id_adm_menu`, `is_system`) VALUES
(1, 1, 1, 0),
(2, 1, 2, 0),
(5, 1, 5, 1),
(6, 1, 6, 0),
(7, 1, 7, 0),
(8, 1, 8, 0),
(9, 1, 9, 0),
(10, 1, 10, 0),
(11, 1, 11, 0),
(20, 1, 20, 0),
(21, 1, 21, 1),
(22, 1, 22, 0),
(23, 1, 23, 0);

SET FOREIGN_KEY_CHECKS=1;