SET NAMES utf8 ;


LOCK TABLES `app_instance` WRITE;
/*!40000 ALTER TABLE `app_instance` DISABLE KEYS */;
INSERT INTO `app_instance` (`guid`, `create_time`, `create_user`, `update_time`, `update_user`, `key_name`, `state`, `code`, `confirm_time`, `asset_id`, `name`, `unit`, `host_resource`, `port`, `monitor_port`, `cpu`, `memory`, `storage`, `deploy_package`, `deploy_package_url`, `deploy_user`, `deploy_user_password`, `variable_values`, `port_conflict`, `monitor_object_id`, `process_monitor_object_id`, `http_monitor_object_id`, `app_log_files`, `rw_dir`, `rw_file`, `lb_listener_attach_asset_id`) VALUES ('app_instance_60b9fd7b4c491b53','2021-06-04 10:16:27','umadmin','2021-06-08 06:52:41','umadmin','PRD_UM_AUTH_APP_umauthapp01_:10001','created_0','umauthapp01_:10001',NULL,'','umauthapp01','unit_60b9fd000623ac5b','host_resource_60b9da7b3f34bb8d','10001','10001','1','2','10','deploy_package_60bee893e9f52773','','appdep','','[{\"name\":\"MYSQL_SCHEMA\",\"value\":\"umdb\"},{\"name\":\"LISTEN_PORT\",\"value\":\"10001\"},{\"name\":\"MYSQL_USERNAME\",\"value\":\"umdbuser\"},{\"name\":\"MYSQL_PORT\",\"value\":\"3306\"},{\"name\":\"MYSQL_PASSWORD\",\"value\":\"\"},{\"name\":\"MYSQL_HOST\",\"value\":\"\"}]','host_resource_60b9da7b3f34bb8d:10001','','','','','','','');
INSERT INTO `app_instance` (`guid`, `create_time`, `create_user`, `update_time`, `update_user`, `key_name`, `state`, `code`, `confirm_time`, `asset_id`, `name`, `unit`, `host_resource`, `port`, `monitor_port`, `cpu`, `memory`, `storage`, `deploy_package`, `deploy_package_url`, `deploy_user`, `deploy_user_password`, `variable_values`, `port_conflict`, `monitor_object_id`, `process_monitor_object_id`, `http_monitor_object_id`, `app_log_files`, `rw_dir`, `rw_file`, `lb_listener_attach_asset_id`) VALUES ('app_instance_60b9fe027e756230','2021-06-04 10:18:42','umadmin','2021-06-08 06:52:41','umadmin','PRD_UM_AUTH_APP_umauthapp02_:10001','created_0','umauthapp02_:10001',NULL,'','umauthapp02','unit_60b9fd000623ac5b','host_resource_60b9da7b78f4eeb5','10001','10002','1','2','10','deploy_package_60bee893e9f52773','','appdep','','[{\"name\":\"MYSQL_SCHEMA\",\"value\":\"umdb\"},{\"name\":\"LISTEN_PORT\",\"value\":\"10001\"},{\"name\":\"MYSQL_USERNAME\",\"value\":\"umdbuser\"},{\"name\":\"MYSQL_PORT\",\"value\":\"3306\"},{\"name\":\"MYSQL_PASSWORD\",\"value\":\"\"},{\"name\":\"MYSQL_HOST\",\"value\":\"\"}]','host_resource_60b9da7b78f4eeb5:10001','','','','','','','');
INSERT INTO `app_instance` (`guid`, `create_time`, `create_user`, `update_time`, `update_user`, `key_name`, `state`, `code`, `confirm_time`, `asset_id`, `name`, `unit`, `host_resource`, `port`, `monitor_port`, `cpu`, `memory`, `storage`, `deploy_package`, `deploy_package_url`, `deploy_user`, `deploy_user_password`, `variable_values`, `port_conflict`, `monitor_object_id`, `process_monitor_object_id`, `http_monitor_object_id`, `app_log_files`, `rw_dir`, `rw_file`, `lb_listener_attach_asset_id`) VALUES ('app_instance_60ba00d8888a023b','2021-06-04 10:30:48','umadmin','2021-06-09 13:37:39','umadmin','PRD_DEMO_CORE_APP_democoreapp01_:10002','created_0','democoreapp01_:10002',NULL,'','democoreapp01','unit_60b9ff0b91933368','host_resource_60b9da7b3f34bb8d','10002','10002','1','1','10','deploy_package_60beea1e2b705cd8','','appdep','','[{\"name\":\"MYSQL_SCHEMA\",\"value\":\"demodb\"},{\"name\":\"MYSQL_USERNAME\",\"value\":\"demedbuser\"},{\"name\":\"LISTEN_PORT\",\"value\":\"10002\"},{\"name\":\"MYSQL_PASSWORD\",\"value\":\"\"},{\"name\":\"MYSQL_PORT\",\"value\":\"3306\"},{\"name\":\"MYSQL_HOST\",\"value\":\"\"},{\"name\":\"UM_AUTH_PORT\",\"value\":\"\"},{\"name\":\"UM_AUTH_HOST\",\"value\":\"\"}]','host_resource_60b9da7b3f34bb8d:10002','','','','','','','');
INSERT INTO `app_instance` (`guid`, `create_time`, `create_user`, `update_time`, `update_user`, `key_name`, `state`, `code`, `confirm_time`, `asset_id`, `name`, `unit`, `host_resource`, `port`, `monitor_port`, `cpu`, `memory`, `storage`, `deploy_package`, `deploy_package_url`, `deploy_user`, `deploy_user_password`, `variable_values`, `port_conflict`, `monitor_object_id`, `process_monitor_object_id`, `http_monitor_object_id`, `app_log_files`, `rw_dir`, `rw_file`, `lb_listener_attach_asset_id`) VALUES ('app_instance_60ba00f8229482ea','2021-06-04 10:31:20','umadmin','2021-06-08 06:52:41','umadmin','PRD_DEMO_CORE_APP_democoreapp02_:10002','created_0','democoreapp02_:10002',NULL,'','democoreapp02','unit_60b9ff0b91933368','host_resource_60b9da7b78f4eeb5','10002','10002','1','1','10','deploy_package_60beea1e2b705cd8','','appdep','','[{\"name\":\"MYSQL_SCHEMA\",\"value\":\"demodb\"},{\"name\":\"MYSQL_USERNAME\",\"value\":\"demedbuser\"},{\"name\":\"LISTEN_PORT\",\"value\":\"10002\"},{\"name\":\"MYSQL_PASSWORD\",\"value\":\"\"},{\"name\":\"MYSQL_PORT\",\"value\":\"3306\"},{\"name\":\"MYSQL_HOST\",\"value\":\"\"},{\"name\":\"UM_AUTH_PORT\",\"value\":\"\"},{\"name\":\"UM_AUTH_HOST\",\"value\":\"\"}]','host_resource_60b9da7b78f4eeb5:10002','','','','','','','');
INSERT INTO `app_instance` (`guid`, `create_time`, `create_user`, `update_time`, `update_user`, `key_name`, `state`, `code`, `confirm_time`, `asset_id`, `name`, `unit`, `host_resource`, `port`, `monitor_port`, `cpu`, `memory`, `storage`, `deploy_package`, `deploy_package_url`, `deploy_user`, `deploy_user_password`, `variable_values`, `port_conflict`, `monitor_object_id`, `process_monitor_object_id`, `http_monitor_object_id`, `app_log_files`, `rw_dir`, `rw_file`, `lb_listener_attach_asset_id`) VALUES ('app_instance_60ba01dd20606387','2021-06-04 10:35:09','umadmin','2021-06-08 06:52:41','umadmin','PRD_DEMO_PROXY_NGINX_nginx01_:10001','created_0','nginx01_:10001',NULL,'','nginx01','unit_60ba01a935209abb','host_resource_60b9da7b7ddef7f5','10001','10001','1','1','10','deploy_package_60beebfda4fcd35d','','appdep','','[{\"name\":\"LISTEN_PORT\",\"value\":\"10001\"},{\"name\":\"DEMO_CORE_HOST_1\",\"value\":\"\"},{\"name\":\"NGINX_ROOT_PATH\",\"value\":\"\"},{\"name\":\"DEMO_CORE_PORT_2\",\"value\":\"10002\"},{\"name\":\"DEMO_CORE_HOST_2\",\"value\":\"\"},{\"name\":\"DEMO_CORE_PORT_1\",\"value\":\"10002\"}]','host_resource_60b9da7b7ddef7f5:10001','','','','','','','');
INSERT INTO `app_instance` (`guid`, `create_time`, `create_user`, `update_time`, `update_user`, `key_name`, `state`, `code`, `confirm_time`, `asset_id`, `name`, `unit`, `host_resource`, `port`, `monitor_port`, `cpu`, `memory`, `storage`, `deploy_package`, `deploy_package_url`, `deploy_user`, `deploy_user_password`, `variable_values`, `port_conflict`, `monitor_object_id`, `process_monitor_object_id`, `http_monitor_object_id`, `app_log_files`, `rw_dir`, `rw_file`, `lb_listener_attach_asset_id`) VALUES ('app_instance_60ba020112370bd6','2021-06-04 10:35:45','umadmin','2021-06-08 06:52:41','umadmin','PRD_DEMO_PROXY_NGINX_nginx02_:10001','created_0','nginx02_:10001',NULL,'','nginx02','unit_60ba01a935209abb','host_resource_60b9da7bb6ebcc06','10001','10001','1','1','10','deploy_package_60beebfda4fcd35d','','appdep','','[{\"name\":\"LISTEN_PORT\",\"value\":\"10001\"},{\"name\":\"DEMO_CORE_HOST_1\",\"value\":\"\"},{\"name\":\"NGINX_ROOT_PATH\",\"value\":\"\"},{\"name\":\"DEMO_CORE_PORT_2\",\"value\":\"10002\"},{\"name\":\"DEMO_CORE_HOST_2\",\"value\":\"\"},{\"name\":\"DEMO_CORE_PORT_1\",\"value\":\"10002\"}]','host_resource_60b9da7bb6ebcc06:10001','','','','','','','');
/*!40000 ALTER TABLE `app_instance` ENABLE KEYS */;
UNLOCK TABLES;

--
-- Dumping data for table `app_system`
--

LOCK TABLES `app_system` WRITE;
/*!40000 ALTER TABLE `app_system` DISABLE KEYS */;
INSERT INTO `app_system` (`guid`, `create_time`, `create_user`, `update_time`, `update_user`, `key_name`, `state`, `code`, `confirm_time`, `asset_id`, `app_system_design`, `deploy_environment`) VALUES ('app_system_60b9f9524832f644','2021-06-04 09:58:42','umadmin','2021-06-04 09:58:42','umadmin','PRD_UM','created_0','UM',NULL,NULL,'app_system_design_60b9e0c9f0f4b40a','deploy_environment_60b9a84e4e003ee5');
INSERT INTO `app_system` (`guid`, `create_time`, `create_user`, `update_time`, `update_user`, `key_name`, `state`, `code`, `confirm_time`, `asset_id`, `app_system_design`, `deploy_environment`) VALUES ('app_system_60b9fea7dacae792','2021-06-04 10:21:27','umadmin','2021-06-04 10:21:27','umadmin','PRD_DEMO','created_0','DEMO',NULL,NULL,'app_system_design_60b9e3479afe1d2c','deploy_environment_60b9a84e4e003ee5');
/*!40000 ALTER TABLE `app_system` ENABLE KEYS */;
UNLOCK TABLES;

--
-- Dumping data for table `app_system$data_center`
--

LOCK TABLES `app_system$data_center` WRITE;
/*!40000 ALTER TABLE `app_system$data_center` DISABLE KEYS */;
INSERT INTO `app_system$data_center` (`id`, `from_guid`, `to_guid`, `seq_no`, `note`) VALUES (1,'app_system_60b9f9524832f644','data_center_60b9b6b752cca4a8',1,NULL);
INSERT INTO `app_system$data_center` (`id`, `from_guid`, `to_guid`, `seq_no`, `note`) VALUES (2,'app_system_60b9fea7dacae792','data_center_60b9b6b752cca4a8',1,NULL);
/*!40000 ALTER TABLE `app_system$data_center` ENABLE KEYS */;
UNLOCK TABLES;

--
-- Dumping data for table `app_system_design`
--

LOCK TABLES `app_system_design` WRITE;
/*!40000 ALTER TABLE `app_system_design` DISABLE KEYS */;
INSERT INTO `app_system_design` (`guid`, `create_time`, `create_user`, `update_time`, `update_user`, `key_name`, `state`, `code`, `confirm_time`, `name`, `app_system_design_id`, `application_domain`, `data_center_design`) VALUES ('app_system_design_60b9e0c9f0f4b40a','2021-06-04 08:14:01','umadmin','2021-06-04 08:24:01','umadmin','UM','added_1','UM','2021-06-04 08:24:01','用户管理','123456','application_domain_60b9a4a5e788c002','data_center_design_60b9aa42f3507a27');
INSERT INTO `app_system_design` (`guid`, `create_time`, `create_user`, `update_time`, `update_user`, `key_name`, `state`, `code`, `confirm_time`, `name`, `app_system_design_id`, `application_domain`, `data_center_design`) VALUES ('app_system_design_60b9e3479afe1d2c','2021-06-04 08:24:39','umadmin','2021-06-06 09:51:41','admin','DEMO','updated_0','DEMO',NULL,'演示系统','123458','application_domain_60b9a491b5d2c8df','data_center_design_60b9aa42f3507a27');
/*!40000 ALTER TABLE `app_system_design` ENABLE KEYS */;
UNLOCK TABLES;

--
-- Dumping data for table `application_domain`
--

LOCK TABLES `application_domain` WRITE;
/*!40000 ALTER TABLE `application_domain` DISABLE KEYS */;
INSERT INTO `application_domain` (`guid`, `create_time`, `create_user`, `update_time`, `update_user`, `key_name`, `state`, `code`, `confirm_time`, `name`) VALUES ('application_domain_60b9a491b5d2c8df','2021-06-04 03:57:05','umadmin','2021-06-04 04:00:58','umadmin','BD_业务应用域','added_0','BD',NULL,'业务应用域');
INSERT INTO `application_domain` (`guid`, `create_time`, `create_user`, `update_time`, `update_user`, `key_name`, `state`, `code`, `confirm_time`, `name`) VALUES ('application_domain_60b9a4a5e788c002','2021-06-04 03:57:25','umadmin','2021-06-04 03:57:25','umadmin','CD_公用应用域','added_0','CD',NULL,'公用应用域');
/*!40000 ALTER TABLE `application_domain` ENABLE KEYS */;
UNLOCK TABLES;

--
-- Dumping data for table `backup_rule`
--

LOCK TABLES `backup_rule` WRITE;
/*!40000 ALTER TABLE `backup_rule` DISABLE KEYS */;
/*!40000 ALTER TABLE `backup_rule` ENABLE KEYS */;
UNLOCK TABLES;

--
-- Dumping data for table `basic_security_group`
--

LOCK TABLES `basic_security_group` WRITE;
/*!40000 ALTER TABLE `basic_security_group` DISABLE KEYS */;
INSERT INTO `basic_security_group` (`guid`, `create_time`, `create_user`, `update_time`, `update_user`, `key_name`, `state`, `code`, `confirm_time`, `asset_id`, `name`, `data_center`, `basic_security_group_design`, `network_zone`) VALUES ('basic_security_group_60b9d3700e528624','2021-06-04 07:17:05','umadmin','2021-06-04 07:17:05','umadmin','TGR1_LINK_NGINX','created_0','NGINX',NULL,NULL,'NGINX','data_center_60b9b6b752cca4a8','basic_security_group_design_60b9c257af772649','network_zone_60b9ca52e4bdffd0');
INSERT INTO `basic_security_group` (`guid`, `create_time`, `create_user`, `update_time`, `update_user`, `key_name`, `state`, `code`, `confirm_time`, `asset_id`, `name`, `data_center`, `basic_security_group_design`, `network_zone`) VALUES ('basic_security_group_60b9d381f96658f0','2021-06-04 07:17:21','umadmin','2021-06-04 07:17:21','umadmin','TGR1_CORE_APP','created_0','APP',NULL,NULL,'APP','data_center_60b9b6b752cca4a8','basic_security_group_design_60b9c289d2aff7da','network_zone_60b9ca7c60b15196');
INSERT INTO `basic_security_group` (`guid`, `create_time`, `create_user`, `update_time`, `update_user`, `key_name`, `state`, `code`, `confirm_time`, `asset_id`, `name`, `data_center`, `basic_security_group_design`, `network_zone`) VALUES ('basic_security_group_60b9d39c4b2938fd','2021-06-04 07:17:48','umadmin','2021-06-04 07:17:48','umadmin','TGR1_CORE_RDB','created_0','RDB',NULL,NULL,'RDB','data_center_60b9b6b752cca4a8','basic_security_group_design_60b9c298ab45050e','network_zone_60b9ca7c60b15196');
INSERT INTO `basic_security_group` (`guid`, `create_time`, `create_user`, `update_time`, `update_user`, `key_name`, `state`, `code`, `confirm_time`, `asset_id`, `name`, `data_center`, `basic_security_group_design`, `network_zone`) VALUES ('basic_security_group_60b9d3b370a27c6f','2021-06-04 07:18:11','umadmin','2021-06-04 07:18:11','umadmin','TGR1_CORE_ILB','created_0','ILB',NULL,NULL,'ILB','data_center_60b9b6b752cca4a8','basic_security_group_design_60b9c2b374e6aa04','network_zone_60b9ca7c60b15196');
INSERT INTO `basic_security_group` (`guid`, `create_time`, `create_user`, `update_time`, `update_user`, `key_name`, `state`, `code`, `confirm_time`, `asset_id`, `name`, `data_center`, `basic_security_group_design`, `network_zone`) VALUES ('basic_security_group_60b9d3c4862297dc','2021-06-04 07:18:28','umadmin','2021-06-04 07:18:28','umadmin','TGR1_LINK_ELB','created_0','ELB',NULL,NULL,'ELB','data_center_60b9b6b752cca4a8','basic_security_group_design_60b9c2cd865a560a','network_zone_60b9ca52e4bdffd0');
INSERT INTO `basic_security_group` (`guid`, `create_time`, `create_user`, `update_time`, `update_user`, `key_name`, `state`, `code`, `confirm_time`, `asset_id`, `name`, `data_center`, `basic_security_group_design`, `network_zone`) VALUES ('basic_security_group_60b9d3da0e949548','2021-06-04 07:18:50','umadmin','2021-06-04 07:18:50','umadmin','TGR1_LINK_MAPP','created_0','MAPP',NULL,NULL,'MAPP','data_center_60b9b6b752cca4a8','basic_security_group_design_60b9c74d1f6d97af','network_zone_60b9ca52e4bdffd0');
/*!40000 ALTER TABLE `basic_security_group` ENABLE KEYS */;
UNLOCK TABLES;

--
-- Dumping data for table `basic_security_group_design`
--

LOCK TABLES `basic_security_group_design` WRITE;
/*!40000 ALTER TABLE `basic_security_group_design` DISABLE KEYS */;
INSERT INTO `basic_security_group_design` (`guid`, `create_time`, `create_user`, `update_time`, `update_user`, `key_name`, `state`, `code`, `confirm_time`, `name`, `data_center_design`, `network_zone_design`) VALUES ('basic_security_group_design_60b9c257af772649','2021-06-04 06:04:07','umadmin','2021-06-04 06:04:07','umadmin','RDC_LINK_NGINX','added_0','NGINX',NULL,'NGINX','data_center_design_60b9aa42f3507a27','network_zone_design_60b9aaa3c865b911');
INSERT INTO `basic_security_group_design` (`guid`, `create_time`, `create_user`, `update_time`, `update_user`, `key_name`, `state`, `code`, `confirm_time`, `name`, `data_center_design`, `network_zone_design`) VALUES ('basic_security_group_design_60b9c289d2aff7da','2021-06-04 06:04:57','umadmin','2021-06-04 06:04:57','umadmin','RDC_CORE_APP','added_0','APP',NULL,'APP','data_center_design_60b9aa42f3507a27','network_zone_design_60b9aac4a1fe3bec');
INSERT INTO `basic_security_group_design` (`guid`, `create_time`, `create_user`, `update_time`, `update_user`, `key_name`, `state`, `code`, `confirm_time`, `name`, `data_center_design`, `network_zone_design`) VALUES ('basic_security_group_design_60b9c298ab45050e','2021-06-04 06:05:12','umadmin','2021-06-04 06:05:12','umadmin','RDC_CORE_RDB','added_0','RDB',NULL,'RDB','data_center_design_60b9aa42f3507a27','network_zone_design_60b9aac4a1fe3bec');
INSERT INTO `basic_security_group_design` (`guid`, `create_time`, `create_user`, `update_time`, `update_user`, `key_name`, `state`, `code`, `confirm_time`, `name`, `data_center_design`, `network_zone_design`) VALUES ('basic_security_group_design_60b9c2b374e6aa04','2021-06-04 06:05:39','umadmin','2021-06-04 06:05:39','umadmin','RDC_CORE_ILB','added_0','ILB',NULL,'ILB','data_center_design_60b9aa42f3507a27','network_zone_design_60b9aac4a1fe3bec');
INSERT INTO `basic_security_group_design` (`guid`, `create_time`, `create_user`, `update_time`, `update_user`, `key_name`, `state`, `code`, `confirm_time`, `name`, `data_center_design`, `network_zone_design`) VALUES ('basic_security_group_design_60b9c2cd865a560a','2021-06-04 06:06:05','umadmin','2021-06-04 06:06:05','umadmin','RDC_LINK_ELB','added_0','ELB',NULL,'ELB','data_center_design_60b9aa42f3507a27','network_zone_design_60b9aaa3c865b911');
INSERT INTO `basic_security_group_design` (`guid`, `create_time`, `create_user`, `update_time`, `update_user`, `key_name`, `state`, `code`, `confirm_time`, `name`, `data_center_design`, `network_zone_design`) VALUES ('basic_security_group_design_60b9c74d1f6d97af','2021-06-04 06:25:17','umadmin','2021-06-04 06:25:17','umadmin','RDC_LINK_MAPP','added_0','MAPP',NULL,'MAPP','data_center_design_60b9aa42f3507a27','network_zone_design_60b9aaa3c865b911');
/*!40000 ALTER TABLE `basic_security_group_design` ENABLE KEYS */;
UNLOCK TABLES;

--
-- Dumping data for table `basic_security_policy`
--

LOCK TABLES `basic_security_policy` WRITE;
/*!40000 ALTER TABLE `basic_security_policy` DISABLE KEYS */;
INSERT INTO `basic_security_policy` (`guid`, `create_time`, `create_user`, `update_time`, `update_user`, `key_name`, `state`, `code`, `confirm_time`, `asset_id`, `basic_security_group`, `basic_security_policy_design`, `resource_set`, `network_subzone`, `security_policy_type`, `security_policy_action`, `cidr`, `protocol`, `port`, `begin_port`, `end_port`) VALUES ('basic_security_policy_60bc36bc49964141','2021-06-06 02:45:16','umadmin','2021-06-06 02:52:08','umadmin','TGR1_LINK_NGINX__ACCEPT__TGR1_MGMT_MAPP__INGRESS[TCP:1-65535]','created_0','INGRESS\\n1-65535',NULL,'','basic_security_group_60b9d3700e528624','basic_security_policy_design_60bc36055c63d1e5','resource_set_60b9d9082728baf7','network_subzone_60b9d58514e93956','INGRESS','ACCEPT','10.0.130.0/24','TCP','1-65535','1','65535');
INSERT INTO `basic_security_policy` (`guid`, `create_time`, `create_user`, `update_time`, `update_user`, `key_name`, `state`, `code`, `confirm_time`, `asset_id`, `basic_security_group`, `basic_security_policy_design`, `resource_set`, `network_subzone`, `security_policy_type`, `security_policy_action`, `cidr`, `protocol`, `port`, `begin_port`, `end_port`) VALUES ('basic_security_policy_60bc36bcc9a70bbc','2021-06-06 02:45:16','umadmin','2021-06-06 02:52:08','umadmin','TGR1_LINK_NGINX__ACCEPT__TGR1_MGMT_MAPP__INGRESS[TCP:1-65535]','created_0','INGRESS\\n1-65535',NULL,'','basic_security_group_60b9d3700e528624','basic_security_policy_design_60bc36055c63d1e5','resource_set_60b9d9082728baf7','network_subzone_60b9d5a039ac3db5','INGRESS','ACCEPT','10.0.131.0/24','TCP','1-65535','1','65535');
INSERT INTO `basic_security_policy` (`guid`, `create_time`, `create_user`, `update_time`, `update_user`, `key_name`, `state`, `code`, `confirm_time`, `asset_id`, `basic_security_group`, `basic_security_policy_design`, `resource_set`, `network_subzone`, `security_policy_type`, `security_policy_action`, `cidr`, `protocol`, `port`, `begin_port`, `end_port`) VALUES ('basic_security_policy_60bc36bcd1934a16','2021-06-06 02:45:16','umadmin','2021-06-06 02:52:08','umadmin','TGR1_LINK_NGINX__ACCEPT__TGR1_MGMT_MAPP__EGRESS[TCP:4500-9099]','created_0','EGRESS\\n4500-9099',NULL,'','basic_security_group_60b9d3700e528624','basic_security_policy_design_60bc366e204ba2e6','resource_set_60b9d9082728baf7','network_subzone_60b9d58514e93956','EGRESS','ACCEPT','10.0.130.0/24','TCP','4500-9099','4500','9099');
INSERT INTO `basic_security_policy` (`guid`, `create_time`, `create_user`, `update_time`, `update_user`, `key_name`, `state`, `code`, `confirm_time`, `asset_id`, `basic_security_group`, `basic_security_policy_design`, `resource_set`, `network_subzone`, `security_policy_type`, `security_policy_action`, `cidr`, `protocol`, `port`, `begin_port`, `end_port`) VALUES ('basic_security_policy_60bc36bce4aae5ee','2021-06-06 02:45:16','umadmin','2021-06-06 02:52:08','umadmin','TGR1_LINK_NGINX__ACCEPT__TGR1_MGMT_MAPP__EGRESS[TCP:4500-9099]','created_0','EGRESS\\n4500-9099',NULL,'','basic_security_group_60b9d3700e528624','basic_security_policy_design_60bc366e204ba2e6','resource_set_60b9d9082728baf7','network_subzone_60b9d5a039ac3db5','EGRESS','ACCEPT','10.0.131.0/24','TCP','4500-9099','4500','9099');
INSERT INTO `basic_security_policy` (`guid`, `create_time`, `create_user`, `update_time`, `update_user`, `key_name`, `state`, `code`, `confirm_time`, `asset_id`, `basic_security_group`, `basic_security_policy_design`, `resource_set`, `network_subzone`, `security_policy_type`, `security_policy_action`, `cidr`, `protocol`, `port`, `begin_port`, `end_port`) VALUES ('basic_security_policy_60bc383d4dd30f7f','2021-06-06 02:51:41','umadmin','2021-06-06 02:51:41','umadmin','TGR1_CORE_APP__ACCEPT__TGR1_MGMT_MAPP__INGRESS[TCP:1-65535]','created_0','INGRESS\\n1-65535',NULL,NULL,'basic_security_group_60b9d381f96658f0','basic_security_policy_design_60bc3605748a9bbc','resource_set_60b9d9082728baf7','network_subzone_60b9d58514e93956','INGRESS','ACCEPT','10.0.130.0/24','TCP','1-65535','1','65535');
INSERT INTO `basic_security_policy` (`guid`, `create_time`, `create_user`, `update_time`, `update_user`, `key_name`, `state`, `code`, `confirm_time`, `asset_id`, `basic_security_group`, `basic_security_policy_design`, `resource_set`, `network_subzone`, `security_policy_type`, `security_policy_action`, `cidr`, `protocol`, `port`, `begin_port`, `end_port`) VALUES ('basic_security_policy_60bc383db3fd7770','2021-06-06 02:51:41','umadmin','2021-06-06 02:51:41','umadmin','TGR1_CORE_APP__ACCEPT__TGR1_MGMT_MAPP__INGRESS[TCP:1-65535]','created_0','INGRESS\\n1-65535',NULL,NULL,'basic_security_group_60b9d381f96658f0','basic_security_policy_design_60bc3605748a9bbc','resource_set_60b9d9082728baf7','network_subzone_60b9d5a039ac3db5','INGRESS','ACCEPT','10.0.131.0/24','TCP','1-65535','1','65535');
INSERT INTO `basic_security_policy` (`guid`, `create_time`, `create_user`, `update_time`, `update_user`, `key_name`, `state`, `code`, `confirm_time`, `asset_id`, `basic_security_group`, `basic_security_policy_design`, `resource_set`, `network_subzone`, `security_policy_type`, `security_policy_action`, `cidr`, `protocol`, `port`, `begin_port`, `end_port`) VALUES ('basic_security_policy_60bc383db5f5a260','2021-06-06 02:51:41','umadmin','2021-06-06 02:51:41','umadmin','TGR1_CORE_APP__ACCEPT__TGR1_MGMT_MAPP__EGRESS[TCP:4500-9099]','created_0','EGRESS\\n4500-9099',NULL,NULL,'basic_security_group_60b9d381f96658f0','basic_security_policy_design_60bc366e448643e5','resource_set_60b9d9082728baf7','network_subzone_60b9d58514e93956','EGRESS','ACCEPT','10.0.130.0/24','TCP','4500-9099','4500','9099');
INSERT INTO `basic_security_policy` (`guid`, `create_time`, `create_user`, `update_time`, `update_user`, `key_name`, `state`, `code`, `confirm_time`, `asset_id`, `basic_security_group`, `basic_security_policy_design`, `resource_set`, `network_subzone`, `security_policy_type`, `security_policy_action`, `cidr`, `protocol`, `port`, `begin_port`, `end_port`) VALUES ('basic_security_policy_60bc383ddf6656cd','2021-06-06 02:51:41','umadmin','2021-06-06 02:51:41','umadmin','TGR1_CORE_APP__ACCEPT__TGR1_MGMT_MAPP__EGRESS[TCP:4500-9099]','created_0','EGRESS\\n4500-9099',NULL,NULL,'basic_security_group_60b9d381f96658f0','basic_security_policy_design_60bc366e448643e5','resource_set_60b9d9082728baf7','network_subzone_60b9d5a039ac3db5','EGRESS','ACCEPT','10.0.131.0/24','TCP','4500-9099','4500','9099');
INSERT INTO `basic_security_policy` (`guid`, `create_time`, `create_user`, `update_time`, `update_user`, `key_name`, `state`, `code`, `confirm_time`, `asset_id`, `basic_security_group`, `basic_security_policy_design`, `resource_set`, `network_subzone`, `security_policy_type`, `security_policy_action`, `cidr`, `protocol`, `port`, `begin_port`, `end_port`) VALUES ('basic_security_policy_60bc38ce3a7b8ce3','2021-06-06 02:54:06','umadmin','2021-06-09 12:36:50','umadmin','TGR1_CORE_RDB__ACCEPT__TGR1_MGMT_MAPP__INGRESS[TCP:3306]','created_0','INGRESS\\n3306',NULL,'','basic_security_group_60b9d39c4b2938fd','basic_security_policy_design_60bc36057d16fc02','resource_set_60b9d9082728baf7','network_subzone_60b9d58514e93956','INGRESS','ACCEPT','10.0.130.0/24','TCP','3306','3306','3306');
INSERT INTO `basic_security_policy` (`guid`, `create_time`, `create_user`, `update_time`, `update_user`, `key_name`, `state`, `code`, `confirm_time`, `asset_id`, `basic_security_group`, `basic_security_policy_design`, `resource_set`, `network_subzone`, `security_policy_type`, `security_policy_action`, `cidr`, `protocol`, `port`, `begin_port`, `end_port`) VALUES ('basic_security_policy_60bc38ce9d6abc85','2021-06-06 02:54:06','umadmin','2021-06-09 12:36:50','umadmin','TGR1_CORE_RDB__ACCEPT__TGR1_MGMT_MAPP__INGRESS[TCP:3306]','created_0','INGRESS\\n3306',NULL,'','basic_security_group_60b9d39c4b2938fd','basic_security_policy_design_60bc36057d16fc02','resource_set_60b9d9082728baf7','network_subzone_60b9d5a039ac3db5','INGRESS','ACCEPT','10.0.131.0/24','TCP','3306','3306','3306');
INSERT INTO `basic_security_policy` (`guid`, `create_time`, `create_user`, `update_time`, `update_user`, `key_name`, `state`, `code`, `confirm_time`, `asset_id`, `basic_security_group`, `basic_security_policy_design`, `resource_set`, `network_subzone`, `security_policy_type`, `security_policy_action`, `cidr`, `protocol`, `port`, `begin_port`, `end_port`) VALUES ('basic_security_policy_60bc38ce9debe7b3','2021-06-06 02:54:06','umadmin','2021-06-06 02:54:06','umadmin','TGR1_CORE_ILB__ACCEPT__TGR1_MGMT_MAPP__INGRESS[TCP:1-65535]','created_0','INGRESS\\n1-65535',NULL,NULL,'basic_security_group_60b9d3b370a27c6f','basic_security_policy_design_60bc3605e38f6211','resource_set_60b9d9082728baf7','network_subzone_60b9d58514e93956','INGRESS','ACCEPT','10.0.130.0/24','TCP','1-65535','1','65535');
INSERT INTO `basic_security_policy` (`guid`, `create_time`, `create_user`, `update_time`, `update_user`, `key_name`, `state`, `code`, `confirm_time`, `asset_id`, `basic_security_group`, `basic_security_policy_design`, `resource_set`, `network_subzone`, `security_policy_type`, `security_policy_action`, `cidr`, `protocol`, `port`, `begin_port`, `end_port`) VALUES ('basic_security_policy_60bc38cef1f32689','2021-06-06 02:54:06','umadmin','2021-06-06 02:54:06','umadmin','TGR1_CORE_ILB__ACCEPT__TGR1_MGMT_MAPP__INGRESS[TCP:1-65535]','created_0','INGRESS\\n1-65535',NULL,NULL,'basic_security_group_60b9d3b370a27c6f','basic_security_policy_design_60bc3605e38f6211','resource_set_60b9d9082728baf7','network_subzone_60b9d5a039ac3db5','INGRESS','ACCEPT','10.0.131.0/24','TCP','1-65535','1','65535');
INSERT INTO `basic_security_policy` (`guid`, `create_time`, `create_user`, `update_time`, `update_user`, `key_name`, `state`, `code`, `confirm_time`, `asset_id`, `basic_security_group`, `basic_security_policy_design`, `resource_set`, `network_subzone`, `security_policy_type`, `security_policy_action`, `cidr`, `protocol`, `port`, `begin_port`, `end_port`) VALUES ('basic_security_policy_60bc39e90b6f979e','2021-06-06 02:58:49','umadmin','2021-06-06 02:58:49','umadmin','TGR1_LINK_MAPP__ACCEPT__TGR1_DMZ_NGINX__EGRESS[TCP:1-65535]','created_0','EGRESS\\n1-65535',NULL,NULL,'basic_security_group_60b9d3da0e949548','basic_security_policy_design_60bc34961669bd0f','resource_set_60b9d40e7dea345c','network_subzone_60b9cb05ae2a9638','EGRESS','ACCEPT','10.0.128.0/24','TCP','1-65535','1','65535');
INSERT INTO `basic_security_policy` (`guid`, `create_time`, `create_user`, `update_time`, `update_user`, `key_name`, `state`, `code`, `confirm_time`, `asset_id`, `basic_security_group`, `basic_security_policy_design`, `resource_set`, `network_subzone`, `security_policy_type`, `security_policy_action`, `cidr`, `protocol`, `port`, `begin_port`, `end_port`) VALUES ('basic_security_policy_60bc39e90f310c9d','2021-06-06 02:58:49','umadmin','2021-06-06 02:58:49','umadmin','TGR1_LINK_MAPP__ACCEPT__TGR1_DMZ_NGINX__EGRESS[TCP:1-65535]','created_0','EGRESS\\n1-65535',NULL,NULL,'basic_security_group_60b9d3da0e949548','basic_security_policy_design_60bc34961669bd0f','resource_set_60b9d40e7dea345c','network_subzone_60b9cb203bff3a76','EGRESS','ACCEPT','10.0.129.0/24','TCP','1-65535','1','65535');
INSERT INTO `basic_security_policy` (`guid`, `create_time`, `create_user`, `update_time`, `update_user`, `key_name`, `state`, `code`, `confirm_time`, `asset_id`, `basic_security_group`, `basic_security_policy_design`, `resource_set`, `network_subzone`, `security_policy_type`, `security_policy_action`, `cidr`, `protocol`, `port`, `begin_port`, `end_port`) VALUES ('basic_security_policy_60bc39e911fcad63','2021-06-06 02:58:49','umadmin','2021-06-06 02:58:49','umadmin','TGR1_LINK_MAPP__ACCEPT__TGR1_MGMT_MAPP__EGRESS[TCP:1-65535]','created_0','EGRESS\\n1-65535',NULL,NULL,'basic_security_group_60b9d3da0e949548','basic_security_policy_design_60bc34961fe763b9','resource_set_60b9d9082728baf7','network_subzone_60b9d58514e93956','EGRESS','ACCEPT','10.0.130.0/24','TCP','1-65535','1','65535');
INSERT INTO `basic_security_policy` (`guid`, `create_time`, `create_user`, `update_time`, `update_user`, `key_name`, `state`, `code`, `confirm_time`, `asset_id`, `basic_security_group`, `basic_security_policy_design`, `resource_set`, `network_subzone`, `security_policy_type`, `security_policy_action`, `cidr`, `protocol`, `port`, `begin_port`, `end_port`) VALUES ('basic_security_policy_60bc39e93152b9d2','2021-06-06 02:58:49','umadmin','2021-06-06 02:58:49','umadmin','TGR1_LINK_MAPP__ACCEPT__TGR1_MGMT_MAPP__EGRESS[TCP:1-65535]','created_0','EGRESS\\n1-65535',NULL,NULL,'basic_security_group_60b9d3da0e949548','basic_security_policy_design_60bc34961fe763b9','resource_set_60b9d9082728baf7','network_subzone_60b9d5a039ac3db5','EGRESS','ACCEPT','10.0.131.0/24','TCP','1-65535','1','65535');
INSERT INTO `basic_security_policy` (`guid`, `create_time`, `create_user`, `update_time`, `update_user`, `key_name`, `state`, `code`, `confirm_time`, `asset_id`, `basic_security_group`, `basic_security_policy_design`, `resource_set`, `network_subzone`, `security_policy_type`, `security_policy_action`, `cidr`, `protocol`, `port`, `begin_port`, `end_port`) VALUES ('basic_security_policy_60bc39e933644385','2021-06-06 02:58:49','umadmin','2021-06-06 02:58:49','umadmin','TGR1_LINK_MAPP__ACCEPT__TGR1_SF_APP__EGRESS[TCP:1-65535]','created_0','EGRESS\\n1-65535',NULL,NULL,'basic_security_group_60b9d3da0e949548','basic_security_policy_design_60bc349640500ad1','resource_set_60b9d908105a0b30','network_subzone_60b9cb464ce69a07','EGRESS','ACCEPT','10.0.0.0/24','TCP','1-65535','1','65535');
INSERT INTO `basic_security_policy` (`guid`, `create_time`, `create_user`, `update_time`, `update_user`, `key_name`, `state`, `code`, `confirm_time`, `asset_id`, `basic_security_group`, `basic_security_policy_design`, `resource_set`, `network_subzone`, `security_policy_type`, `security_policy_action`, `cidr`, `protocol`, `port`, `begin_port`, `end_port`) VALUES ('basic_security_policy_60bc39e944c8ff8c','2021-06-06 02:58:49','umadmin','2021-06-06 02:58:49','umadmin','TGR1_LINK_MAPP__ACCEPT__TGR1_SF_APP__EGRESS[TCP:1-65535]','created_0','EGRESS\\n1-65535',NULL,NULL,'basic_security_group_60b9d3da0e949548','basic_security_policy_design_60bc349640500ad1','resource_set_60b9d908105a0b30','network_subzone_60b9cb62e0ab22b8','EGRESS','ACCEPT','10.0.1.0/24','TCP','1-65535','1','65535');
INSERT INTO `basic_security_policy` (`guid`, `create_time`, `create_user`, `update_time`, `update_user`, `key_name`, `state`, `code`, `confirm_time`, `asset_id`, `basic_security_group`, `basic_security_policy_design`, `resource_set`, `network_subzone`, `security_policy_type`, `security_policy_action`, `cidr`, `protocol`, `port`, `begin_port`, `end_port`) VALUES ('basic_security_policy_60bc39e95b6c4357','2021-06-06 02:58:49','umadmin','2021-06-06 02:58:49','umadmin','TGR1_LINK_MAPP__ACCEPT__TGR1_SF_K8S__EGRESS[TCP:1-65535]','created_0','EGRESS\\n1-65535',NULL,NULL,'basic_security_group_60b9d3da0e949548','basic_security_policy_design_60bc3496da385a52','resource_set_60b9fb6e3e4b3db9','network_subzone_60b9cb464ce69a07','EGRESS','ACCEPT','10.0.0.0/24','TCP','1-65535','1','65535');
INSERT INTO `basic_security_policy` (`guid`, `create_time`, `create_user`, `update_time`, `update_user`, `key_name`, `state`, `code`, `confirm_time`, `asset_id`, `basic_security_group`, `basic_security_policy_design`, `resource_set`, `network_subzone`, `security_policy_type`, `security_policy_action`, `cidr`, `protocol`, `port`, `begin_port`, `end_port`) VALUES ('basic_security_policy_60bc39e96215faeb','2021-06-06 02:58:49','umadmin','2021-06-06 02:58:49','umadmin','TGR1_LINK_MAPP__ACCEPT__TGR1_SF_K8S__EGRESS[TCP:1-65535]','created_0','EGRESS\\n1-65535',NULL,NULL,'basic_security_group_60b9d3da0e949548','basic_security_policy_design_60bc3496da385a52','resource_set_60b9fb6e3e4b3db9','network_subzone_60b9cb62e0ab22b8','EGRESS','ACCEPT','10.0.1.0/24','TCP','1-65535','1','65535');
INSERT INTO `basic_security_policy` (`guid`, `create_time`, `create_user`, `update_time`, `update_user`, `key_name`, `state`, `code`, `confirm_time`, `asset_id`, `basic_security_group`, `basic_security_policy_design`, `resource_set`, `network_subzone`, `security_policy_type`, `security_policy_action`, `cidr`, `protocol`, `port`, `begin_port`, `end_port`) VALUES ('basic_security_policy_60bc39e963c28600','2021-06-06 02:58:49','umadmin','2021-06-06 02:58:49','umadmin','TGR1_LINK_MAPP__ACCEPT__TGR1_SF_ILB__EGRESS[TCP:1-65535]','created_0','EGRESS\\n1-65535',NULL,NULL,'basic_security_group_60b9d3da0e949548','basic_security_policy_design_60bc3496e2fa40f8','resource_set_60b9d908d2b2fff7','network_subzone_60b9cb464ce69a07','EGRESS','ACCEPT','10.0.0.0/24','TCP','1-65535','1','65535');
INSERT INTO `basic_security_policy` (`guid`, `create_time`, `create_user`, `update_time`, `update_user`, `key_name`, `state`, `code`, `confirm_time`, `asset_id`, `basic_security_group`, `basic_security_policy_design`, `resource_set`, `network_subzone`, `security_policy_type`, `security_policy_action`, `cidr`, `protocol`, `port`, `begin_port`, `end_port`) VALUES ('basic_security_policy_60bc39e964adae14','2021-06-06 02:58:49','umadmin','2021-06-06 02:58:49','umadmin','TGR1_LINK_MAPP__ACCEPT__TGR1_SF_ILB__EGRESS[TCP:1-65535]','created_0','EGRESS\\n1-65535',NULL,NULL,'basic_security_group_60b9d3da0e949548','basic_security_policy_design_60bc3496e2fa40f8','resource_set_60b9d908d2b2fff7','network_subzone_60b9cb62e0ab22b8','EGRESS','ACCEPT','10.0.1.0/24','TCP','1-65535','1','65535');
INSERT INTO `basic_security_policy` (`guid`, `create_time`, `create_user`, `update_time`, `update_user`, `key_name`, `state`, `code`, `confirm_time`, `asset_id`, `basic_security_group`, `basic_security_policy_design`, `resource_set`, `network_subzone`, `security_policy_type`, `security_policy_action`, `cidr`, `protocol`, `port`, `begin_port`, `end_port`) VALUES ('basic_security_policy_60bc39e967957fe1','2021-06-06 02:58:49','umadmin','2021-06-09 12:36:50','umadmin','TGR1_LINK_MAPP__ACCEPT__TGR1_SF_MYSQL__EGRESS[TCP:3306]','created_0','EGRESS\\n3306',NULL,'','basic_security_group_60b9d3da0e949548','basic_security_policy_design_60bc34b249a46fef','resource_set_60b9d908179df27c','network_subzone_60b9cb83624fdc6d','EGRESS','ACCEPT','10.0.2.0/24','TCP','3306','3306','3306');
INSERT INTO `basic_security_policy` (`guid`, `create_time`, `create_user`, `update_time`, `update_user`, `key_name`, `state`, `code`, `confirm_time`, `asset_id`, `basic_security_group`, `basic_security_policy_design`, `resource_set`, `network_subzone`, `security_policy_type`, `security_policy_action`, `cidr`, `protocol`, `port`, `begin_port`, `end_port`) VALUES ('basic_security_policy_60bc39e96cc1649f','2021-06-06 02:58:49','umadmin','2021-06-09 12:36:50','umadmin','TGR1_LINK_MAPP__ACCEPT__TGR1_SF_MYSQL__EGRESS[TCP:3306]','created_0','EGRESS\\n3306',NULL,'','basic_security_group_60b9d3da0e949548','basic_security_policy_design_60bc34b249a46fef','resource_set_60b9d908179df27c','network_subzone_60b9cb9fab705d16','EGRESS','ACCEPT','10.0.3.0/24','TCP','3306','3306','3306');
INSERT INTO `basic_security_policy` (`guid`, `create_time`, `create_user`, `update_time`, `update_user`, `key_name`, `state`, `code`, `confirm_time`, `asset_id`, `basic_security_group`, `basic_security_policy_design`, `resource_set`, `network_subzone`, `security_policy_type`, `security_policy_action`, `cidr`, `protocol`, `port`, `begin_port`, `end_port`) VALUES ('basic_security_policy_60bc39e96da071cf','2021-06-06 02:58:49','umadmin','2021-06-06 02:58:49','umadmin','TGR1_LINK_MAPP__ACCEPT__TGR1_DMZ_NGINX__INGRESS[TCP:4500-9099]','created_0','INGRESS\\n4500-9099',NULL,NULL,'basic_security_group_60b9d3da0e949548','basic_security_policy_design_60bc355593a7c8db','resource_set_60b9d40e7dea345c','network_subzone_60b9cb05ae2a9638','INGRESS','ACCEPT','10.0.128.0/24','TCP','4500-9099','4500','9099');
INSERT INTO `basic_security_policy` (`guid`, `create_time`, `create_user`, `update_time`, `update_user`, `key_name`, `state`, `code`, `confirm_time`, `asset_id`, `basic_security_group`, `basic_security_policy_design`, `resource_set`, `network_subzone`, `security_policy_type`, `security_policy_action`, `cidr`, `protocol`, `port`, `begin_port`, `end_port`) VALUES ('basic_security_policy_60bc39e970989758','2021-06-06 02:58:49','umadmin','2021-06-06 02:58:49','umadmin','TGR1_LINK_MAPP__ACCEPT__TGR1_DMZ_NGINX__INGRESS[TCP:4500-9099]','created_0','INGRESS\\n4500-9099',NULL,NULL,'basic_security_group_60b9d3da0e949548','basic_security_policy_design_60bc355593a7c8db','resource_set_60b9d40e7dea345c','network_subzone_60b9cb203bff3a76','INGRESS','ACCEPT','10.0.129.0/24','TCP','4500-9099','4500','9099');
INSERT INTO `basic_security_policy` (`guid`, `create_time`, `create_user`, `update_time`, `update_user`, `key_name`, `state`, `code`, `confirm_time`, `asset_id`, `basic_security_group`, `basic_security_policy_design`, `resource_set`, `network_subzone`, `security_policy_type`, `security_policy_action`, `cidr`, `protocol`, `port`, `begin_port`, `end_port`) VALUES ('basic_security_policy_60bc39e97108b407','2021-06-06 02:58:49','umadmin','2021-06-06 02:58:49','umadmin','TGR1_LINK_MAPP__ACCEPT__TGR1_MGMT_MAPP__INGRESS[TCP:4500-9099]','created_0','INGRESS\\n4500-9099',NULL,NULL,'basic_security_group_60b9d3da0e949548','basic_security_policy_design_60bc35559a501c80','resource_set_60b9d9082728baf7','network_subzone_60b9d58514e93956','INGRESS','ACCEPT','10.0.130.0/24','TCP','4500-9099','4500','9099');
INSERT INTO `basic_security_policy` (`guid`, `create_time`, `create_user`, `update_time`, `update_user`, `key_name`, `state`, `code`, `confirm_time`, `asset_id`, `basic_security_group`, `basic_security_policy_design`, `resource_set`, `network_subzone`, `security_policy_type`, `security_policy_action`, `cidr`, `protocol`, `port`, `begin_port`, `end_port`) VALUES ('basic_security_policy_60bc39e99e655fb0','2021-06-06 02:58:49','umadmin','2021-06-06 02:58:49','umadmin','TGR1_LINK_MAPP__ACCEPT__TGR1_MGMT_MAPP__INGRESS[TCP:4500-9099]','created_0','INGRESS\\n4500-9099',NULL,NULL,'basic_security_group_60b9d3da0e949548','basic_security_policy_design_60bc35559a501c80','resource_set_60b9d9082728baf7','network_subzone_60b9d5a039ac3db5','INGRESS','ACCEPT','10.0.131.0/24','TCP','4500-9099','4500','9099');
INSERT INTO `basic_security_policy` (`guid`, `create_time`, `create_user`, `update_time`, `update_user`, `key_name`, `state`, `code`, `confirm_time`, `asset_id`, `basic_security_group`, `basic_security_policy_design`, `resource_set`, `network_subzone`, `security_policy_type`, `security_policy_action`, `cidr`, `protocol`, `port`, `begin_port`, `end_port`) VALUES ('basic_security_policy_60bc39e9e5eedef8','2021-06-06 02:58:49','umadmin','2021-06-06 02:58:49','umadmin','TGR1_LINK_MAPP__ACCEPT__TGR1_SF_APP__INGRESS[TCP:4500-9099]','created_0','INGRESS\\n4500-9099',NULL,NULL,'basic_security_group_60b9d3da0e949548','basic_security_policy_design_60bc3555a6360a66','resource_set_60b9d908105a0b30','network_subzone_60b9cb464ce69a07','INGRESS','ACCEPT','10.0.0.0/24','TCP','4500-9099','4500','9099');
INSERT INTO `basic_security_policy` (`guid`, `create_time`, `create_user`, `update_time`, `update_user`, `key_name`, `state`, `code`, `confirm_time`, `asset_id`, `basic_security_group`, `basic_security_policy_design`, `resource_set`, `network_subzone`, `security_policy_type`, `security_policy_action`, `cidr`, `protocol`, `port`, `begin_port`, `end_port`) VALUES ('basic_security_policy_60bc39e9eb4dc105','2021-06-06 02:58:49','umadmin','2021-06-06 02:58:49','umadmin','TGR1_LINK_MAPP__ACCEPT__TGR1_SF_APP__INGRESS[TCP:4500-9099]','created_0','INGRESS\\n4500-9099',NULL,NULL,'basic_security_group_60b9d3da0e949548','basic_security_policy_design_60bc3555a6360a66','resource_set_60b9d908105a0b30','network_subzone_60b9cb62e0ab22b8','INGRESS','ACCEPT','10.0.1.0/24','TCP','4500-9099','4500','9099');
INSERT INTO `basic_security_policy` (`guid`, `create_time`, `create_user`, `update_time`, `update_user`, `key_name`, `state`, `code`, `confirm_time`, `asset_id`, `basic_security_group`, `basic_security_policy_design`, `resource_set`, `network_subzone`, `security_policy_type`, `security_policy_action`, `cidr`, `protocol`, `port`, `begin_port`, `end_port`) VALUES ('basic_security_policy_60bc39e9f093ceb7','2021-06-06 02:58:49','umadmin','2021-06-06 02:58:49','umadmin','TGR1_LINK_MAPP__ACCEPT__TGR1_SF_K8S__INGRESS[TCP:4500-9099]','created_0','INGRESS\\n4500-9099',NULL,NULL,'basic_security_group_60b9d3da0e949548','basic_security_policy_design_60bc3555fc1b19c2','resource_set_60b9fb6e3e4b3db9','network_subzone_60b9cb464ce69a07','INGRESS','ACCEPT','10.0.0.0/24','TCP','4500-9099','4500','9099');
INSERT INTO `basic_security_policy` (`guid`, `create_time`, `create_user`, `update_time`, `update_user`, `key_name`, `state`, `code`, `confirm_time`, `asset_id`, `basic_security_group`, `basic_security_policy_design`, `resource_set`, `network_subzone`, `security_policy_type`, `security_policy_action`, `cidr`, `protocol`, `port`, `begin_port`, `end_port`) VALUES ('basic_security_policy_60bc39e9fae6aac5','2021-06-06 02:58:49','umadmin','2021-06-06 02:58:49','umadmin','TGR1_LINK_MAPP__ACCEPT__TGR1_SF_K8S__INGRESS[TCP:4500-9099]','created_0','INGRESS\\n4500-9099',NULL,NULL,'basic_security_group_60b9d3da0e949548','basic_security_policy_design_60bc3555fc1b19c2','resource_set_60b9fb6e3e4b3db9','network_subzone_60b9cb62e0ab22b8','INGRESS','ACCEPT','10.0.1.0/24','TCP','4500-9099','4500','9099');
INSERT INTO `basic_security_policy` (`guid`, `create_time`, `create_user`, `update_time`, `update_user`, `key_name`, `state`, `code`, `confirm_time`, `asset_id`, `basic_security_group`, `basic_security_policy_design`, `resource_set`, `network_subzone`, `security_policy_type`, `security_policy_action`, `cidr`, `protocol`, `port`, `begin_port`, `end_port`) VALUES ('basic_security_policy_60bc3a1c11dabf0a','2021-06-06 02:59:40','umadmin','2021-06-06 02:59:40','umadmin','TGR1_LINK_MAPP__ACCEPT__TGR1_MGMT_MAPP__INGRESS[TCP:1-65535]','created_0','INGRESS\\n1-65535',NULL,NULL,'basic_security_group_60b9d3da0e949548','basic_security_policy_design_60bc3605ac040709','resource_set_60b9d9082728baf7','network_subzone_60b9d58514e93956','INGRESS','ACCEPT','10.0.130.0/24','TCP','1-65535','1','65535');
INSERT INTO `basic_security_policy` (`guid`, `create_time`, `create_user`, `update_time`, `update_user`, `key_name`, `state`, `code`, `confirm_time`, `asset_id`, `basic_security_group`, `basic_security_policy_design`, `resource_set`, `network_subzone`, `security_policy_type`, `security_policy_action`, `cidr`, `protocol`, `port`, `begin_port`, `end_port`) VALUES ('basic_security_policy_60bc3a1c9c5c9683','2021-06-06 02:59:40','umadmin','2021-06-06 02:59:40','umadmin','TGR1_LINK_MAPP__ACCEPT__TGR1_MGMT_MAPP__INGRESS[TCP:1-65535]','created_0','INGRESS\\n1-65535',NULL,NULL,'basic_security_group_60b9d3da0e949548','basic_security_policy_design_60bc3605ac040709','resource_set_60b9d9082728baf7','network_subzone_60b9d5a039ac3db5','INGRESS','ACCEPT','10.0.131.0/24','TCP','1-65535','1','65535');
INSERT INTO `basic_security_policy` (`guid`, `create_time`, `create_user`, `update_time`, `update_user`, `key_name`, `state`, `code`, `confirm_time`, `asset_id`, `basic_security_group`, `basic_security_policy_design`, `resource_set`, `network_subzone`, `security_policy_type`, `security_policy_action`, `cidr`, `protocol`, `port`, `begin_port`, `end_port`) VALUES ('basic_security_policy_60bc3a1cb58691fe','2021-06-06 02:59:40','umadmin','2021-06-06 02:59:40','umadmin','TGR1_LINK_MAPP__ACCEPT__TGR1_MGMT_MAPP__EGRESS[TCP:4500-9099]','created_0','EGRESS\\n4500-9099',NULL,NULL,'basic_security_group_60b9d3da0e949548','basic_security_policy_design_60bc366e669dbe5a','resource_set_60b9d9082728baf7','network_subzone_60b9d58514e93956','EGRESS','ACCEPT','10.0.130.0/24','TCP','4500-9099','4500','9099');
INSERT INTO `basic_security_policy` (`guid`, `create_time`, `create_user`, `update_time`, `update_user`, `key_name`, `state`, `code`, `confirm_time`, `asset_id`, `basic_security_group`, `basic_security_policy_design`, `resource_set`, `network_subzone`, `security_policy_type`, `security_policy_action`, `cidr`, `protocol`, `port`, `begin_port`, `end_port`) VALUES ('basic_security_policy_60bc3a1cf6a67ea0','2021-06-06 02:59:40','umadmin','2021-06-06 02:59:40','umadmin','TGR1_LINK_MAPP__ACCEPT__TGR1_MGMT_MAPP__EGRESS[TCP:4500-9099]','created_0','EGRESS\\n4500-9099',NULL,NULL,'basic_security_group_60b9d3da0e949548','basic_security_policy_design_60bc366e669dbe5a','resource_set_60b9d9082728baf7','network_subzone_60b9d5a039ac3db5','EGRESS','ACCEPT','10.0.131.0/24','TCP','4500-9099','4500','9099');
INSERT INTO `basic_security_policy` (`guid`, `create_time`, `create_user`, `update_time`, `update_user`, `key_name`, `state`, `code`, `confirm_time`, `asset_id`, `basic_security_group`, `basic_security_policy_design`, `resource_set`, `network_subzone`, `security_policy_type`, `security_policy_action`, `cidr`, `protocol`, `port`, `begin_port`, `end_port`) VALUES ('basic_security_policy_60c0bbd0abefeb47','2021-06-09 13:02:08','umadmin','2021-06-09 13:02:08','umadmin','TGR1_LINK_NGINX__ACCEPT__TGR1_DMZ_ELB__INGRESS[TCP:10000-19999]','created_0','INGRESS\\n10000-19999',NULL,'','basic_security_group_60b9d3700e528624','basic_security_policy_design_60c0bb11cf01e909','resource_set_60b9d8ad61239c75','network_subzone_60b9d81aac7c782f','INGRESS','ACCEPT','0.0.0.0/0','TCP','10000-19999','10000','19999');
INSERT INTO `basic_security_policy` (`guid`, `create_time`, `create_user`, `update_time`, `update_user`, `key_name`, `state`, `code`, `confirm_time`, `asset_id`, `basic_security_group`, `basic_security_policy_design`, `resource_set`, `network_subzone`, `security_policy_type`, `security_policy_action`, `cidr`, `protocol`, `port`, `begin_port`, `end_port`) VALUES ('basic_security_policy_60c0bbfa79d6fd30','2021-06-09 13:02:50','umadmin','2021-06-09 13:02:50','umadmin','TGR1_LINK_ELB__ACCEPT__TGR1_WAN_BROWER__INGRESS[TCP:80-443]','created_0','INGRESS\\n80-443',NULL,'','basic_security_group_60b9d3c4862297dc','basic_security_policy_design_60c0ba63a873a5d5','resource_set_60ba0362d7355e3d','network_subzone_60b9cc9024499dcd','INGRESS','ACCEPT','0.0.0.0/0','TCP','80-443','80','443');
INSERT INTO `basic_security_policy` (`guid`, `create_time`, `create_user`, `update_time`, `update_user`, `key_name`, `state`, `code`, `confirm_time`, `asset_id`, `basic_security_group`, `basic_security_policy_design`, `resource_set`, `network_subzone`, `security_policy_type`, `security_policy_action`, `cidr`, `protocol`, `port`, `begin_port`, `end_port`) VALUES ('basic_security_policy_60c0bc4b2d9ce502','2021-06-09 13:04:11','umadmin','2021-06-09 13:04:11','umadmin','TGR1_CORE_APP__ACCEPT__TGR1_SF_ILB__INGRESS[TCP:10000-19999]','created_0','INGRESS\\n10000-19999',NULL,'','basic_security_group_60b9d381f96658f0','basic_security_policy_design_60c0bad8631b193b','resource_set_60b9d908d2b2fff7','network_subzone_60b9cb464ce69a07','INGRESS','ACCEPT','10.0.0.0/24','TCP','10000-19999','10000','19999');
INSERT INTO `basic_security_policy` (`guid`, `create_time`, `create_user`, `update_time`, `update_user`, `key_name`, `state`, `code`, `confirm_time`, `asset_id`, `basic_security_group`, `basic_security_policy_design`, `resource_set`, `network_subzone`, `security_policy_type`, `security_policy_action`, `cidr`, `protocol`, `port`, `begin_port`, `end_port`) VALUES ('basic_security_policy_60c0bc4b5da361f6','2021-06-09 13:04:11','umadmin','2021-06-09 13:04:11','umadmin','TGR1_CORE_APP__ACCEPT__TGR1_SF_ILB__INGRESS[TCP:10000-19999]','created_0','INGRESS\\n10000-19999',NULL,'','basic_security_group_60b9d381f96658f0','basic_security_policy_design_60c0bad8631b193b','resource_set_60b9d908d2b2fff7','network_subzone_60b9cb62e0ab22b8','INGRESS','ACCEPT','10.0.1.0/24','TCP','10000-19999','10000','19999');
INSERT INTO `basic_security_policy` (`guid`, `create_time`, `create_user`, `update_time`, `update_user`, `key_name`, `state`, `code`, `confirm_time`, `asset_id`, `basic_security_group`, `basic_security_policy_design`, `resource_set`, `network_subzone`, `security_policy_type`, `security_policy_action`, `cidr`, `protocol`, `port`, `begin_port`, `end_port`) VALUES ('basic_security_policy_60c0bc4b8f76815c','2021-06-09 13:04:11','umadmin','2021-06-09 13:04:11','umadmin','TGR1_CORE_APP__ACCEPT__TGR1_DMZ_NGINX__INGRESS[TCP:10000-19999]','created_0','INGRESS\\n10000-19999',NULL,'','basic_security_group_60b9d381f96658f0','basic_security_policy_design_60c0bb427f8ff892','resource_set_60b9d40e7dea345c','network_subzone_60b9cb05ae2a9638','INGRESS','ACCEPT','10.0.128.0/24','TCP','10000-19999','10000','19999');
INSERT INTO `basic_security_policy` (`guid`, `create_time`, `create_user`, `update_time`, `update_user`, `key_name`, `state`, `code`, `confirm_time`, `asset_id`, `basic_security_group`, `basic_security_policy_design`, `resource_set`, `network_subzone`, `security_policy_type`, `security_policy_action`, `cidr`, `protocol`, `port`, `begin_port`, `end_port`) VALUES ('basic_security_policy_60c0bc4b99bcddbc','2021-06-09 13:04:11','umadmin','2021-06-09 13:04:11','umadmin','TGR1_CORE_APP__ACCEPT__TGR1_DMZ_NGINX__INGRESS[TCP:10000-19999]','created_0','INGRESS\\n10000-19999',NULL,'','basic_security_group_60b9d381f96658f0','basic_security_policy_design_60c0bb427f8ff892','resource_set_60b9d40e7dea345c','network_subzone_60b9cb203bff3a76','INGRESS','ACCEPT','10.0.129.0/24','TCP','10000-19999','10000','19999');
INSERT INTO `basic_security_policy` (`guid`, `create_time`, `create_user`, `update_time`, `update_user`, `key_name`, `state`, `code`, `confirm_time`, `asset_id`, `basic_security_group`, `basic_security_policy_design`, `resource_set`, `network_subzone`, `security_policy_type`, `security_policy_action`, `cidr`, `protocol`, `port`, `begin_port`, `end_port`) VALUES ('basic_security_policy_60c0bc4be116b87d','2021-06-09 13:04:11','umadmin','2021-06-09 13:04:11','umadmin','TGR1_CORE_APP__ACCEPT__TGR1_SF_APP__INGRESS[TCP:10000-19999]','created_0','INGRESS\\n10000-19999',NULL,'','basic_security_group_60b9d381f96658f0','basic_security_policy_design_60c0bbaecbe8d915','resource_set_60b9d908105a0b30','network_subzone_60b9cb464ce69a07','INGRESS','ACCEPT','10.0.0.0/24','TCP','10000-19999','10000','19999');
INSERT INTO `basic_security_policy` (`guid`, `create_time`, `create_user`, `update_time`, `update_user`, `key_name`, `state`, `code`, `confirm_time`, `asset_id`, `basic_security_group`, `basic_security_policy_design`, `resource_set`, `network_subzone`, `security_policy_type`, `security_policy_action`, `cidr`, `protocol`, `port`, `begin_port`, `end_port`) VALUES ('basic_security_policy_60c0bc4be49e1043','2021-06-09 13:04:11','umadmin','2021-06-09 13:04:11','umadmin','TGR1_CORE_APP__ACCEPT__TGR1_SF_APP__INGRESS[TCP:10000-19999]','created_0','INGRESS\\n10000-19999',NULL,'','basic_security_group_60b9d381f96658f0','basic_security_policy_design_60c0bbaecbe8d915','resource_set_60b9d908105a0b30','network_subzone_60b9cb62e0ab22b8','INGRESS','ACCEPT','10.0.1.0/24','TCP','10000-19999','10000','19999');
INSERT INTO `basic_security_policy` (`guid`, `create_time`, `create_user`, `update_time`, `update_user`, `key_name`, `state`, `code`, `confirm_time`, `asset_id`, `basic_security_group`, `basic_security_policy_design`, `resource_set`, `network_subzone`, `security_policy_type`, `security_policy_action`, `cidr`, `protocol`, `port`, `begin_port`, `end_port`) VALUES ('basic_security_policy_60c0bc74853f01b0','2021-06-09 13:04:52','umadmin','2021-06-09 13:04:52','umadmin','TGR1_CORE_RDB__ACCEPT__TGR1_SF_APP__INGRESS[TCP:3306]','created_0','INGRESS\\n3306',NULL,'','basic_security_group_60b9d39c4b2938fd','basic_security_policy_design_60c0baad9c7db9b3','resource_set_60b9d908105a0b30','network_subzone_60b9cb464ce69a07','INGRESS','ACCEPT','10.0.0.0/24','TCP','3306','3306','3306');
INSERT INTO `basic_security_policy` (`guid`, `create_time`, `create_user`, `update_time`, `update_user`, `key_name`, `state`, `code`, `confirm_time`, `asset_id`, `basic_security_group`, `basic_security_policy_design`, `resource_set`, `network_subzone`, `security_policy_type`, `security_policy_action`, `cidr`, `protocol`, `port`, `begin_port`, `end_port`) VALUES ('basic_security_policy_60c0bc74a1fb305f','2021-06-09 13:04:52','umadmin','2021-06-09 13:04:52','umadmin','TGR1_CORE_RDB__ACCEPT__TGR1_SF_APP__INGRESS[TCP:3306]','created_0','INGRESS\\n3306',NULL,'','basic_security_group_60b9d39c4b2938fd','basic_security_policy_design_60c0baad9c7db9b3','resource_set_60b9d908105a0b30','network_subzone_60b9cb62e0ab22b8','INGRESS','ACCEPT','10.0.1.0/24','TCP','3306','3306','3306');
/*!40000 ALTER TABLE `basic_security_policy` ENABLE KEYS */;
UNLOCK TABLES;

--
-- Dumping data for table `basic_security_policy_design`
--

LOCK TABLES `basic_security_policy_design` WRITE;
/*!40000 ALTER TABLE `basic_security_policy_design` DISABLE KEYS */;
INSERT INTO `basic_security_policy_design` (`guid`, `create_time`, `create_user`, `update_time`, `update_user`, `key_name`, `state`, `code`, `confirm_time`, `basic_security_group_design`, `resource_set_design`, `network_subzone_design`, `security_policy_type`, `security_policy_action`, `protocol`, `port`, `begin_port`, `end_port`) VALUES ('basic_security_policy_design_60bc34961669bd0f','2021-06-06 02:36:06','umadmin','2021-06-06 02:52:29','umadmin','RDC_LINK_MAPP__ACCEPT__RDC_LINK_DMZ_NGINX__EGRESS[TCP:1-65535]','added_0','ACCEPT\\n1-65535',NULL,'basic_security_group_design_60b9c74d1f6d97af','resource_set_design_60b9c5002e95c475','network_subzone_design_60b9ad27efd7a53d','EGRESS','ACCEPT','TCP','1-65535','1','65535');
INSERT INTO `basic_security_policy_design` (`guid`, `create_time`, `create_user`, `update_time`, `update_user`, `key_name`, `state`, `code`, `confirm_time`, `basic_security_group_design`, `resource_set_design`, `network_subzone_design`, `security_policy_type`, `security_policy_action`, `protocol`, `port`, `begin_port`, `end_port`) VALUES ('basic_security_policy_design_60bc34961fe763b9','2021-06-06 02:36:06','umadmin','2021-06-06 02:52:29','umadmin','RDC_LINK_MAPP__ACCEPT__RDC_LINK_MGMT_MAPP__EGRESS[TCP:1-65535]','added_0','ACCEPT\\n1-65535',NULL,'basic_security_group_design_60b9c74d1f6d97af','resource_set_design_60b9c790a667f11c','network_subzone_design_60b9b91be3f13c6d','EGRESS','ACCEPT','TCP','1-65535','1','65535');
INSERT INTO `basic_security_policy_design` (`guid`, `create_time`, `create_user`, `update_time`, `update_user`, `key_name`, `state`, `code`, `confirm_time`, `basic_security_group_design`, `resource_set_design`, `network_subzone_design`, `security_policy_type`, `security_policy_action`, `protocol`, `port`, `begin_port`, `end_port`) VALUES ('basic_security_policy_design_60bc349640500ad1','2021-06-06 02:36:06','umadmin','2021-06-06 02:52:29','umadmin','RDC_LINK_MAPP__ACCEPT__RDC_CORE_SF_APP__EGRESS[TCP:1-65535]','added_0','ACCEPT\\n1-65535',NULL,'basic_security_group_design_60b9c74d1f6d97af','resource_set_design_60b9c7bd06431788','network_subzone_design_60b9ad57461efdd3','EGRESS','ACCEPT','TCP','1-65535','1','65535');
INSERT INTO `basic_security_policy_design` (`guid`, `create_time`, `create_user`, `update_time`, `update_user`, `key_name`, `state`, `code`, `confirm_time`, `basic_security_group_design`, `resource_set_design`, `network_subzone_design`, `security_policy_type`, `security_policy_action`, `protocol`, `port`, `begin_port`, `end_port`) VALUES ('basic_security_policy_design_60bc3496da385a52','2021-06-06 02:36:06','umadmin','2021-06-06 02:52:29','umadmin','RDC_LINK_MAPP__ACCEPT__RDC_CORE_SF_K8S__EGRESS[TCP:1-65535]','added_0','ACCEPT\\n1-65535',NULL,'basic_security_group_design_60b9c74d1f6d97af','resource_set_design_60b9fb49773cdc71','network_subzone_design_60b9ad57461efdd3','EGRESS','ACCEPT','TCP','1-65535','1','65535');
INSERT INTO `basic_security_policy_design` (`guid`, `create_time`, `create_user`, `update_time`, `update_user`, `key_name`, `state`, `code`, `confirm_time`, `basic_security_group_design`, `resource_set_design`, `network_subzone_design`, `security_policy_type`, `security_policy_action`, `protocol`, `port`, `begin_port`, `end_port`) VALUES ('basic_security_policy_design_60bc3496e2fa40f8','2021-06-06 02:36:06','umadmin','2021-06-06 02:52:29','umadmin','RDC_LINK_MAPP__ACCEPT__RDC_CORE_SF_ILB__EGRESS[TCP:1-65535]','added_0','ACCEPT\\n1-65535',NULL,'basic_security_group_design_60b9c74d1f6d97af','resource_set_design_60b9c7e0a8e99c0d','network_subzone_design_60b9ad57461efdd3','EGRESS','ACCEPT','TCP','1-65535','1','65535');
INSERT INTO `basic_security_policy_design` (`guid`, `create_time`, `create_user`, `update_time`, `update_user`, `key_name`, `state`, `code`, `confirm_time`, `basic_security_group_design`, `resource_set_design`, `network_subzone_design`, `security_policy_type`, `security_policy_action`, `protocol`, `port`, `begin_port`, `end_port`) VALUES ('basic_security_policy_design_60bc34b249a46fef','2021-06-06 02:36:34','umadmin','2021-06-09 12:37:13','umadmin','RDC_LINK_MAPP__ACCEPT__RDC_CORE_SF_MYSQL__EGRESS[TCP:3306]','added_0','ACCEPT\\n3306',NULL,'basic_security_group_design_60b9c74d1f6d97af','resource_set_design_60b9c809004e18d0','network_subzone_design_60b9adbe59d4e11f','EGRESS','ACCEPT','TCP','3306','3306','3306');
INSERT INTO `basic_security_policy_design` (`guid`, `create_time`, `create_user`, `update_time`, `update_user`, `key_name`, `state`, `code`, `confirm_time`, `basic_security_group_design`, `resource_set_design`, `network_subzone_design`, `security_policy_type`, `security_policy_action`, `protocol`, `port`, `begin_port`, `end_port`) VALUES ('basic_security_policy_design_60bc355593a7c8db','2021-06-06 02:39:17','umadmin','2021-06-06 02:52:29','umadmin','RDC_LINK_MAPP__ACCEPT__RDC_LINK_DMZ_NGINX__INGRESS[TCP:4500-9099]','added_0','ACCEPT\\n4500-9099',NULL,'basic_security_group_design_60b9c74d1f6d97af','resource_set_design_60b9c5002e95c475','network_subzone_design_60b9ad27efd7a53d','INGRESS','ACCEPT','TCP','4500-9099','4500','9099');
INSERT INTO `basic_security_policy_design` (`guid`, `create_time`, `create_user`, `update_time`, `update_user`, `key_name`, `state`, `code`, `confirm_time`, `basic_security_group_design`, `resource_set_design`, `network_subzone_design`, `security_policy_type`, `security_policy_action`, `protocol`, `port`, `begin_port`, `end_port`) VALUES ('basic_security_policy_design_60bc35559a501c80','2021-06-06 02:39:17','umadmin','2021-06-06 02:52:29','umadmin','RDC_LINK_MAPP__ACCEPT__RDC_LINK_MGMT_MAPP__INGRESS[TCP:4500-9099]','added_0','ACCEPT\\n4500-9099',NULL,'basic_security_group_design_60b9c74d1f6d97af','resource_set_design_60b9c790a667f11c','network_subzone_design_60b9b91be3f13c6d','INGRESS','ACCEPT','TCP','4500-9099','4500','9099');
INSERT INTO `basic_security_policy_design` (`guid`, `create_time`, `create_user`, `update_time`, `update_user`, `key_name`, `state`, `code`, `confirm_time`, `basic_security_group_design`, `resource_set_design`, `network_subzone_design`, `security_policy_type`, `security_policy_action`, `protocol`, `port`, `begin_port`, `end_port`) VALUES ('basic_security_policy_design_60bc3555a6360a66','2021-06-06 02:39:17','umadmin','2021-06-06 02:52:29','umadmin','RDC_LINK_MAPP__ACCEPT__RDC_CORE_SF_APP__INGRESS[TCP:4500-9099]','added_0','ACCEPT\\n4500-9099',NULL,'basic_security_group_design_60b9c74d1f6d97af','resource_set_design_60b9c7bd06431788','network_subzone_design_60b9ad57461efdd3','INGRESS','ACCEPT','TCP','4500-9099','4500','9099');
INSERT INTO `basic_security_policy_design` (`guid`, `create_time`, `create_user`, `update_time`, `update_user`, `key_name`, `state`, `code`, `confirm_time`, `basic_security_group_design`, `resource_set_design`, `network_subzone_design`, `security_policy_type`, `security_policy_action`, `protocol`, `port`, `begin_port`, `end_port`) VALUES ('basic_security_policy_design_60bc3555fc1b19c2','2021-06-06 02:39:17','umadmin','2021-06-06 02:52:29','umadmin','RDC_LINK_MAPP__ACCEPT__RDC_CORE_SF_K8S__INGRESS[TCP:4500-9099]','added_0','ACCEPT\\n4500-9099',NULL,'basic_security_group_design_60b9c74d1f6d97af','resource_set_design_60b9fb49773cdc71','network_subzone_design_60b9ad57461efdd3','INGRESS','ACCEPT','TCP','4500-9099','4500','9099');
INSERT INTO `basic_security_policy_design` (`guid`, `create_time`, `create_user`, `update_time`, `update_user`, `key_name`, `state`, `code`, `confirm_time`, `basic_security_group_design`, `resource_set_design`, `network_subzone_design`, `security_policy_type`, `security_policy_action`, `protocol`, `port`, `begin_port`, `end_port`) VALUES ('basic_security_policy_design_60bc36055c63d1e5','2021-06-06 02:42:13','umadmin','2021-06-06 02:52:29','umadmin','RDC_LINK_NGINX__ACCEPT__RDC_LINK_MGMT_MAPP__INGRESS[TCP:1-65535]','added_0','ACCEPT\\n1-65535',NULL,'basic_security_group_design_60b9c257af772649','resource_set_design_60b9c790a667f11c','network_subzone_design_60b9b91be3f13c6d','INGRESS','ACCEPT','TCP','1-65535','1','65535');
INSERT INTO `basic_security_policy_design` (`guid`, `create_time`, `create_user`, `update_time`, `update_user`, `key_name`, `state`, `code`, `confirm_time`, `basic_security_group_design`, `resource_set_design`, `network_subzone_design`, `security_policy_type`, `security_policy_action`, `protocol`, `port`, `begin_port`, `end_port`) VALUES ('basic_security_policy_design_60bc3605748a9bbc','2021-06-06 02:42:13','umadmin','2021-06-06 02:52:29','umadmin','RDC_CORE_APP__ACCEPT__RDC_LINK_MGMT_MAPP__INGRESS[TCP:1-65535]','added_0','ACCEPT\\n1-65535',NULL,'basic_security_group_design_60b9c289d2aff7da','resource_set_design_60b9c790a667f11c','network_subzone_design_60b9b91be3f13c6d','INGRESS','ACCEPT','TCP','1-65535','1','65535');
INSERT INTO `basic_security_policy_design` (`guid`, `create_time`, `create_user`, `update_time`, `update_user`, `key_name`, `state`, `code`, `confirm_time`, `basic_security_group_design`, `resource_set_design`, `network_subzone_design`, `security_policy_type`, `security_policy_action`, `protocol`, `port`, `begin_port`, `end_port`) VALUES ('basic_security_policy_design_60bc36057d16fc02','2021-06-06 02:42:13','umadmin','2021-06-09 12:37:13','umadmin','RDC_CORE_RDB__ACCEPT__RDC_LINK_MGMT_MAPP__INGRESS[TCP:3306]','added_0','ACCEPT\\n3306',NULL,'basic_security_group_design_60b9c298ab45050e','resource_set_design_60b9c790a667f11c','network_subzone_design_60b9b91be3f13c6d','INGRESS','ACCEPT','TCP','3306','3306','3306');
INSERT INTO `basic_security_policy_design` (`guid`, `create_time`, `create_user`, `update_time`, `update_user`, `key_name`, `state`, `code`, `confirm_time`, `basic_security_group_design`, `resource_set_design`, `network_subzone_design`, `security_policy_type`, `security_policy_action`, `protocol`, `port`, `begin_port`, `end_port`) VALUES ('basic_security_policy_design_60bc3605ac040709','2021-06-06 02:42:13','umadmin','2021-06-06 02:52:29','umadmin','RDC_LINK_MAPP__ACCEPT__RDC_LINK_MGMT_MAPP__INGRESS[TCP:1-65535]','added_0','ACCEPT\\n1-65535',NULL,'basic_security_group_design_60b9c74d1f6d97af','resource_set_design_60b9c790a667f11c','network_subzone_design_60b9b91be3f13c6d','INGRESS','ACCEPT','TCP','1-65535','1','65535');
INSERT INTO `basic_security_policy_design` (`guid`, `create_time`, `create_user`, `update_time`, `update_user`, `key_name`, `state`, `code`, `confirm_time`, `basic_security_group_design`, `resource_set_design`, `network_subzone_design`, `security_policy_type`, `security_policy_action`, `protocol`, `port`, `begin_port`, `end_port`) VALUES ('basic_security_policy_design_60bc3605e38f6211','2021-06-06 02:42:13','umadmin','2021-06-06 02:52:29','umadmin','RDC_CORE_ILB__ACCEPT__RDC_LINK_MGMT_MAPP__INGRESS[TCP:1-65535]','added_0','ACCEPT\\n1-65535',NULL,'basic_security_group_design_60b9c2b374e6aa04','resource_set_design_60b9c790a667f11c','network_subzone_design_60b9b91be3f13c6d','INGRESS','ACCEPT','TCP','1-65535','1','65535');
INSERT INTO `basic_security_policy_design` (`guid`, `create_time`, `create_user`, `update_time`, `update_user`, `key_name`, `state`, `code`, `confirm_time`, `basic_security_group_design`, `resource_set_design`, `network_subzone_design`, `security_policy_type`, `security_policy_action`, `protocol`, `port`, `begin_port`, `end_port`) VALUES ('basic_security_policy_design_60bc366e204ba2e6','2021-06-06 02:43:58','umadmin','2021-06-06 02:52:29','umadmin','RDC_LINK_NGINX__ACCEPT__RDC_LINK_MGMT_MAPP__EGRESS[TCP:4500-9099]','added_0','ACCEPT\\n4500-9099',NULL,'basic_security_group_design_60b9c257af772649','resource_set_design_60b9c790a667f11c','network_subzone_design_60b9b91be3f13c6d','EGRESS','ACCEPT','TCP','4500-9099','4500','9099');
INSERT INTO `basic_security_policy_design` (`guid`, `create_time`, `create_user`, `update_time`, `update_user`, `key_name`, `state`, `code`, `confirm_time`, `basic_security_group_design`, `resource_set_design`, `network_subzone_design`, `security_policy_type`, `security_policy_action`, `protocol`, `port`, `begin_port`, `end_port`) VALUES ('basic_security_policy_design_60bc366e448643e5','2021-06-06 02:43:58','umadmin','2021-06-06 02:52:29','umadmin','RDC_CORE_APP__ACCEPT__RDC_LINK_MGMT_MAPP__EGRESS[TCP:4500-9099]','added_0','ACCEPT\\n4500-9099',NULL,'basic_security_group_design_60b9c289d2aff7da','resource_set_design_60b9c790a667f11c','network_subzone_design_60b9b91be3f13c6d','EGRESS','ACCEPT','TCP','4500-9099','4500','9099');
INSERT INTO `basic_security_policy_design` (`guid`, `create_time`, `create_user`, `update_time`, `update_user`, `key_name`, `state`, `code`, `confirm_time`, `basic_security_group_design`, `resource_set_design`, `network_subzone_design`, `security_policy_type`, `security_policy_action`, `protocol`, `port`, `begin_port`, `end_port`) VALUES ('basic_security_policy_design_60bc366e669dbe5a','2021-06-06 02:43:58','umadmin','2021-06-06 02:52:29','umadmin','RDC_LINK_MAPP__ACCEPT__RDC_LINK_MGMT_MAPP__EGRESS[TCP:4500-9099]','added_0','ACCEPT\\n4500-9099',NULL,'basic_security_group_design_60b9c74d1f6d97af','resource_set_design_60b9c790a667f11c','network_subzone_design_60b9b91be3f13c6d','EGRESS','ACCEPT','TCP','4500-9099','4500','9099');
INSERT INTO `basic_security_policy_design` (`guid`, `create_time`, `create_user`, `update_time`, `update_user`, `key_name`, `state`, `code`, `confirm_time`, `basic_security_group_design`, `resource_set_design`, `network_subzone_design`, `security_policy_type`, `security_policy_action`, `protocol`, `port`, `begin_port`, `end_port`) VALUES ('basic_security_policy_design_60c0ba63a873a5d5','2021-06-09 12:56:03','umadmin','2021-06-09 12:56:26','umadmin','RDC_LINK_ELB__ACCEPT__RDC_WAN_WAN_BROWER__INGRESS[TCP:80-443]','added_0','ACCEPT\\n80-443',NULL,'basic_security_group_design_60b9c2cd865a560a','resource_set_design_60b9c880bef8524c','network_subzone_design_60b9b0d0bc697226','INGRESS','ACCEPT','TCP','80-443','80','443');
INSERT INTO `basic_security_policy_design` (`guid`, `create_time`, `create_user`, `update_time`, `update_user`, `key_name`, `state`, `code`, `confirm_time`, `basic_security_group_design`, `resource_set_design`, `network_subzone_design`, `security_policy_type`, `security_policy_action`, `protocol`, `port`, `begin_port`, `end_port`) VALUES ('basic_security_policy_design_60c0baad9c7db9b3','2021-06-09 12:57:17','umadmin','2021-06-09 12:57:17','umadmin','RDC_CORE_RDB__ACCEPT__RDC_CORE_SF_APP__INGRESS[TCP:3306]','added_0','ACCEPT\\n3306',NULL,'basic_security_group_design_60b9c298ab45050e','resource_set_design_60b9c7bd06431788','network_subzone_design_60b9ad57461efdd3','INGRESS','ACCEPT','TCP','3306','3306','3306');
INSERT INTO `basic_security_policy_design` (`guid`, `create_time`, `create_user`, `update_time`, `update_user`, `key_name`, `state`, `code`, `confirm_time`, `basic_security_group_design`, `resource_set_design`, `network_subzone_design`, `security_policy_type`, `security_policy_action`, `protocol`, `port`, `begin_port`, `end_port`) VALUES ('basic_security_policy_design_60c0bad8631b193b','2021-06-09 12:58:00','umadmin','2021-06-09 12:58:00','umadmin','RDC_CORE_APP__ACCEPT__RDC_CORE_SF_ILB__INGRESS[TCP:10000-19999]','added_0','ACCEPT\\n10000-19999',NULL,'basic_security_group_design_60b9c289d2aff7da','resource_set_design_60b9c7e0a8e99c0d','network_subzone_design_60b9ad57461efdd3','INGRESS','ACCEPT','TCP','10000-19999','10000','19999');
INSERT INTO `basic_security_policy_design` (`guid`, `create_time`, `create_user`, `update_time`, `update_user`, `key_name`, `state`, `code`, `confirm_time`, `basic_security_group_design`, `resource_set_design`, `network_subzone_design`, `security_policy_type`, `security_policy_action`, `protocol`, `port`, `begin_port`, `end_port`) VALUES ('basic_security_policy_design_60c0bb11cf01e909','2021-06-09 12:58:57','umadmin','2021-06-09 12:58:57','umadmin','RDC_LINK_NGINX__ACCEPT__RDC_LINK_DMZ_ELB__INGRESS[TCP:10000-19999]','added_0','ACCEPT\\n10000-19999',NULL,'basic_security_group_design_60b9c257af772649','resource_set_design_60b9c5eebfaa867f','network_subzone_design_60b9c560fd6075ca','INGRESS','ACCEPT','TCP','10000-19999','10000','19999');
INSERT INTO `basic_security_policy_design` (`guid`, `create_time`, `create_user`, `update_time`, `update_user`, `key_name`, `state`, `code`, `confirm_time`, `basic_security_group_design`, `resource_set_design`, `network_subzone_design`, `security_policy_type`, `security_policy_action`, `protocol`, `port`, `begin_port`, `end_port`) VALUES ('basic_security_policy_design_60c0bb427f8ff892','2021-06-09 12:59:46','umadmin','2021-06-09 12:59:46','umadmin','RDC_CORE_APP__ACCEPT__RDC_LINK_DMZ_NGINX__INGRESS[TCP:10000-19999]','added_0','ACCEPT\\n10000-19999',NULL,'basic_security_group_design_60b9c289d2aff7da','resource_set_design_60b9c5002e95c475','network_subzone_design_60b9ad27efd7a53d','INGRESS','ACCEPT','TCP','10000-19999','10000','19999');
INSERT INTO `basic_security_policy_design` (`guid`, `create_time`, `create_user`, `update_time`, `update_user`, `key_name`, `state`, `code`, `confirm_time`, `basic_security_group_design`, `resource_set_design`, `network_subzone_design`, `security_policy_type`, `security_policy_action`, `protocol`, `port`, `begin_port`, `end_port`) VALUES ('basic_security_policy_design_60c0bbaecbe8d915','2021-06-09 13:01:34','umadmin','2021-06-09 13:01:34','umadmin','RDC_CORE_APP__ACCEPT__RDC_CORE_SF_APP__INGRESS[TCP:10000-19999]','added_0','ACCEPT\\n10000-19999',NULL,'basic_security_group_design_60b9c289d2aff7da','resource_set_design_60b9c7bd06431788','network_subzone_design_60b9ad57461efdd3','INGRESS','ACCEPT','TCP','10000-19999','10000','19999');
/*!40000 ALTER TABLE `basic_security_policy_design` ENABLE KEYS */;
UNLOCK TABLES;

--
-- Dumping data for table `block_storage`
--

LOCK TABLES `block_storage` WRITE;
/*!40000 ALTER TABLE `block_storage` DISABLE KEYS */;
/*!40000 ALTER TABLE `block_storage` ENABLE KEYS */;
UNLOCK TABLES;

--
-- Dumping data for table `cache_instance`
--

LOCK TABLES `cache_instance` WRITE;
/*!40000 ALTER TABLE `cache_instance` DISABLE KEYS */;
/*!40000 ALTER TABLE `cache_instance` ENABLE KEYS */;
UNLOCK TABLES;

--
-- Dumping data for table `cache_resource`
--

LOCK TABLES `cache_resource` WRITE;
/*!40000 ALTER TABLE `cache_resource` DISABLE KEYS */;
/*!40000 ALTER TABLE `cache_resource` ENABLE KEYS */;
UNLOCK TABLES;

--
-- Dumping data for table `cos_instance`
--

LOCK TABLES `cos_instance` WRITE;
/*!40000 ALTER TABLE `cos_instance` DISABLE KEYS */;
/*!40000 ALTER TABLE `cos_instance` ENABLE KEYS */;
UNLOCK TABLES;

--
-- Dumping data for table `cos_resource`
--

LOCK TABLES `cos_resource` WRITE;
/*!40000 ALTER TABLE `cos_resource` DISABLE KEYS */;
/*!40000 ALTER TABLE `cos_resource` ENABLE KEYS */;
UNLOCK TABLES;

--
-- Dumping data for table `data_center`
--

LOCK TABLES `data_center` WRITE;
/*!40000 ALTER TABLE `data_center` DISABLE KEYS */;
INSERT INTO `data_center` (`guid`, `create_time`, `create_user`, `update_time`, `update_user`, `key_name`, `state`, `code`, `confirm_time`, `asset_id`, `name`, `data_center_design`, `data_center_type`, `global_dc`, `region_dc`, `location`, `cloud_uid`, `available_zone`, `region`, `cloud_provider`, `cloud_auth`) VALUES ('data_center_60b9b66dbdb047a7','2021-06-04 05:13:17','umadmin','2021-06-08 03:21:29','umadmin','TG','created_0','TG',NULL,'','腾讯云全局数据中心','data_center_design_60b9aa16e0e00c26','GLOBAL','','','','','','','tencentcloud','tcdemo');
INSERT INTO `data_center` (`guid`, `create_time`, `create_user`, `update_time`, `update_user`, `key_name`, `state`, `code`, `confirm_time`, `asset_id`, `name`, `data_center_design`, `data_center_type`, `global_dc`, `region_dc`, `location`, `cloud_uid`, `available_zone`, `region`, `cloud_provider`, `cloud_auth`) VALUES ('data_center_60b9b6b752cca4a8','2021-06-04 05:14:31','umadmin','2021-06-08 03:21:29','umadmin','TGR1','created_0','R1',NULL,'ap-beijing','beijing','data_center_design_60b9aa42f3507a27','REGION','data_center_60b9b66dbdb047a7','','{}','100008968227','','beijing','tencentcloud','tcdemo');
INSERT INTO `data_center` (`guid`, `create_time`, `create_user`, `update_time`, `update_user`, `key_name`, `state`, `code`, `confirm_time`, `asset_id`, `name`, `data_center_design`, `data_center_type`, `global_dc`, `region_dc`, `location`, `cloud_uid`, `available_zone`, `region`, `cloud_provider`, `cloud_auth`) VALUES ('data_center_60b9b7c7793e6723','2021-06-04 05:19:03','umadmin','2021-06-08 03:21:29','umadmin','R1Z1','created_0','Z1',NULL,'ap-beijing-4','beijing01','data_center_design_60b9abccc9bbaf53','AZ','','data_center_60b9b6b752cca4a8','{}','100008968227','beijing-4','beijing','tencentcloud','tcdemo');
INSERT INTO `data_center` (`guid`, `create_time`, `create_user`, `update_time`, `update_user`, `key_name`, `state`, `code`, `confirm_time`, `asset_id`, `name`, `data_center_design`, `data_center_type`, `global_dc`, `region_dc`, `location`, `cloud_uid`, `available_zone`, `region`, `cloud_provider`, `cloud_auth`) VALUES ('data_center_60b9c9691385869e','2021-06-04 06:34:17','umadmin','2021-06-08 03:21:29','umadmin','R1Z2','created_0','Z2',NULL,'ap-beijing-5','beijing02','data_center_design_60b9abccc9bbaf53','AZ','','data_center_60b9b6b752cca4a8','{}','100008968227','beijing-5','beijing','tencentcloud','tcdemo');
/*!40000 ALTER TABLE `data_center` ENABLE KEYS */;
UNLOCK TABLES;

--
-- Dumping data for table `data_center$deploy_environment`
--

LOCK TABLES `data_center$deploy_environment` WRITE;
/*!40000 ALTER TABLE `data_center$deploy_environment` DISABLE KEYS */;
INSERT INTO `data_center$deploy_environment` (`id`, `from_guid`, `to_guid`, `seq_no`, `note`) VALUES (5,'data_center_60b9b7f1267c43c0','deploy_environment_60b9a84e4e003ee5',1,NULL);
INSERT INTO `data_center$deploy_environment` (`id`, `from_guid`, `to_guid`, `seq_no`, `note`) VALUES (10,'data_center_60b9cc04d600c1a5','deploy_environment_60b9a84e4e003ee5',1,NULL);
INSERT INTO `data_center$deploy_environment` (`id`, `from_guid`, `to_guid`, `seq_no`, `note`) VALUES (11,'data_center_60b9cc04d600c1a5','deploy_environment_60b9a84e60e6068d',2,NULL);
INSERT INTO `data_center$deploy_environment` (`id`, `from_guid`, `to_guid`, `seq_no`, `note`) VALUES (37,'data_center_60b9b66dbdb047a7','deploy_environment_60b9a84e4e003ee5',1,NULL);
INSERT INTO `data_center$deploy_environment` (`id`, `from_guid`, `to_guid`, `seq_no`, `note`) VALUES (38,'data_center_60b9b6b752cca4a8','deploy_environment_60b9a84e4e003ee5',1,NULL);
INSERT INTO `data_center$deploy_environment` (`id`, `from_guid`, `to_guid`, `seq_no`, `note`) VALUES (39,'data_center_60b9b7c7793e6723','deploy_environment_60b9a84e4e003ee5',1,NULL);
INSERT INTO `data_center$deploy_environment` (`id`, `from_guid`, `to_guid`, `seq_no`, `note`) VALUES (40,'data_center_60b9c9691385869e','deploy_environment_60b9a84e4e003ee5',1,NULL);
/*!40000 ALTER TABLE `data_center$deploy_environment` ENABLE KEYS */;
UNLOCK TABLES;

--
-- Dumping data for table `data_center_design`
--

LOCK TABLES `data_center_design` WRITE;
/*!40000 ALTER TABLE `data_center_design` DISABLE KEYS */;
INSERT INTO `data_center_design` (`guid`, `create_time`, `create_user`, `update_time`, `update_user`, `key_name`, `state`, `code`, `confirm_time`, `name`, `data_center_type`, `global_dc_design`, `region_dc_design`) VALUES ('data_center_design_60b9aa16e0e00c26','2021-06-04 04:20:38','umadmin','2021-06-06 08:46:54','umadmin','GDC','added_0','GDC',NULL,'全局数据中心设计','GLOBAL','','');
INSERT INTO `data_center_design` (`guid`, `create_time`, `create_user`, `update_time`, `update_user`, `key_name`, `state`, `code`, `confirm_time`, `name`, `data_center_type`, `global_dc_design`, `region_dc_design`) VALUES ('data_center_design_60b9aa42f3507a27','2021-06-04 04:21:22','umadmin','2021-06-06 01:56:11','umadmin','RDC','added_0','RDC',NULL,'地域数据中心设计','REGION','data_center_design_60b9aa16e0e00c26','');
INSERT INTO `data_center_design` (`guid`, `create_time`, `create_user`, `update_time`, `update_user`, `key_name`, `state`, `code`, `confirm_time`, `name`, `data_center_type`, `global_dc_design`, `region_dc_design`) VALUES ('data_center_design_60b9abccc9bbaf53','2021-06-04 04:27:56','umadmin','2021-06-04 06:11:13','umadmin','ZDC','added_0','ZDC',NULL,'可用区数据中心设计','AZ','','data_center_design_60b9aa42f3507a27');
/*!40000 ALTER TABLE `data_center_design` ENABLE KEYS */;
UNLOCK TABLES;

--
-- Dumping data for table `deploy_environment`
--

LOCK TABLES `deploy_environment` WRITE;
/*!40000 ALTER TABLE `deploy_environment` DISABLE KEYS */;
INSERT INTO `deploy_environment` (`guid`, `create_time`, `create_user`, `update_time`, `update_user`, `key_name`, `state`, `code`, `confirm_time`, `name`) VALUES ('deploy_environment_60b9a84e4e003ee5','2021-06-04 04:13:02','umadmin','2021-06-04 04:13:02','umadmin','PRD_生产环境','added_0','PRD',NULL,'生产环境');
INSERT INTO `deploy_environment` (`guid`, `create_time`, `create_user`, `update_time`, `update_user`, `key_name`, `state`, `code`, `confirm_time`, `name`) VALUES ('deploy_environment_60b9a84e60e6068d','2021-06-04 04:13:02','umadmin','2021-06-04 04:13:02','umadmin','DEV_开发环境','added_0','DEV',NULL,'开发环境');
/*!40000 ALTER TABLE `deploy_environment` ENABLE KEYS */;
UNLOCK TABLES;

--
-- Dumping data for table `deploy_package`
--

LOCK TABLES `deploy_package` WRITE;
/*!40000 ALTER TABLE `deploy_package` DISABLE KEYS */;
INSERT INTO `deploy_package` (`guid`, `create_time`, `create_user`, `update_time`, `update_user`, `key_name`, `state`, `code`, `confirm_time`, `unit_design`, `name`, `md5_value`, `upload_user`, `upload_time`, `deploy_package_url`, `deploy_file_path`, `start_file_path`, `stop_file_path`, `diff_conf_file`, `is_decompression`, `baseline_package`, `package_type`, `db_upgrade_directory`, `db_rollback_directory`, `db_upgrade_file_path`, `db_rollback_file_path`, `db_deploy_file_path`, `db_diff_conf_file`) VALUES ('deploy_package_60bee893e9f52773','2021-06-08 03:48:35','umadmin','2021-06-08 03:50:09','umadmin','um_auth.tar.gz','added_0','',NULL,'unit_design_60b9e134e6c6ecd7','um_auth.tar.gz','75d564b67fae84fd355431b0c270de5e','umadmin','2021-06-08 03:50:09','http://10.0.130.3:19110/artifacts/repository/artifacts/UM_AUTH_APP/um_auth.tar.gz','um_auth/bin/deploy.sh|um_auth/bin/start.sh','um_auth/bin/start.sh','um_auth/bin/stop.sh','um_auth/conf/um_auth.conf','true','','mixed','','','','','','');
INSERT INTO `deploy_package` (`guid`, `create_time`, `create_user`, `update_time`, `update_user`, `key_name`, `state`, `code`, `confirm_time`, `unit_design`, `name`, `md5_value`, `upload_user`, `upload_time`, `deploy_package_url`, `deploy_file_path`, `start_file_path`, `stop_file_path`, `diff_conf_file`, `is_decompression`, `baseline_package`, `package_type`, `db_upgrade_directory`, `db_rollback_directory`, `db_upgrade_file_path`, `db_rollback_file_path`, `db_deploy_file_path`, `db_diff_conf_file`) VALUES ('deploy_package_60beea1e2b705cd8','2021-06-08 03:55:10','umadmin','2021-06-08 03:56:19','umadmin','demo_core.tar.gz','added_0','',NULL,'unit_design_60b9e3ea3e833a35','demo_core.tar.gz','35f688db4fb2171be13e4d8f5902c00c','umadmin','2021-06-08 03:56:19','http://10.0.130.3:19110/artifacts/repository/artifacts/DEMO_CORE_APP/demo_core.tar.gz','demo_core/bin/deploy.sh|demo_core/bin/start.sh','demo_core/bin/start.sh','demo_core/bin/stop.sh','demo_core/conf/demo_core.conf','true','','mixed','','','','','demo_core/sql/init.sql','');
INSERT INTO `deploy_package` (`guid`, `create_time`, `create_user`, `update_time`, `update_user`, `key_name`, `state`, `code`, `confirm_time`, `unit_design`, `name`, `md5_value`, `upload_user`, `upload_time`, `deploy_package_url`, `deploy_file_path`, `start_file_path`, `stop_file_path`, `diff_conf_file`, `is_decompression`, `baseline_package`, `package_type`, `db_upgrade_directory`, `db_rollback_directory`, `db_upgrade_file_path`, `db_rollback_file_path`, `db_deploy_file_path`, `db_diff_conf_file`) VALUES ('deploy_package_60beebfda4fcd35d','2021-06-08 04:03:09','umadmin','2021-06-08 04:03:44','umadmin','demo_proxy.tar.gz','added_0','',NULL,'unit_design_60b9e56f57e3cbc8','demo_proxy.tar.gz','97736997142276d07585f7fff7b747d6','umadmin','2021-06-08 04:03:44','http://10.0.130.3:19110/artifacts/repository/artifacts/DEMO_PROXY_NGINX/demo_proxy.tar.gz','demo_proxy/bin/deploy.sh|demo_proxy/bin/start.sh','demo_proxy/bin/start.sh','demo_proxy/bin/stop.sh','demo_proxy/conf/nginx-demo.conf','true','','mixed','','','','','','');
/*!40000 ALTER TABLE `deploy_package` ENABLE KEYS */;
UNLOCK TABLES;

--
-- Dumping data for table `deploy_package$db_diff_conf_variable`
--

LOCK TABLES `deploy_package$db_diff_conf_variable` WRITE;
/*!40000 ALTER TABLE `deploy_package$db_diff_conf_variable` DISABLE KEYS */;
INSERT INTO `deploy_package$db_diff_conf_variable` (`id`, `from_guid`, `to_guid`, `seq_no`, `note`) VALUES (1,'deploy_package_60bee893e9f52773','',1,NULL);
INSERT INTO `deploy_package$db_diff_conf_variable` (`id`, `from_guid`, `to_guid`, `seq_no`, `note`) VALUES (2,'deploy_package_60beea1e2b705cd8','',1,NULL);
INSERT INTO `deploy_package$db_diff_conf_variable` (`id`, `from_guid`, `to_guid`, `seq_no`, `note`) VALUES (3,'deploy_package_60beebfda4fcd35d','',1,NULL);
/*!40000 ALTER TABLE `deploy_package$db_diff_conf_variable` ENABLE KEYS */;
UNLOCK TABLES;

--
-- Dumping data for table `deploy_package$deploy_environment`
--

LOCK TABLES `deploy_package$deploy_environment` WRITE;
/*!40000 ALTER TABLE `deploy_package$deploy_environment` DISABLE KEYS */;
INSERT INTO `deploy_package$deploy_environment` (`id`, `from_guid`, `to_guid`, `seq_no`, `note`) VALUES (1,'deploy_package_60bee893e9f52773','',1,NULL);
INSERT INTO `deploy_package$deploy_environment` (`id`, `from_guid`, `to_guid`, `seq_no`, `note`) VALUES (2,'deploy_package_60beea1e2b705cd8','',1,NULL);
INSERT INTO `deploy_package$deploy_environment` (`id`, `from_guid`, `to_guid`, `seq_no`, `note`) VALUES (3,'deploy_package_60beebfda4fcd35d','',1,NULL);
/*!40000 ALTER TABLE `deploy_package$deploy_environment` ENABLE KEYS */;
UNLOCK TABLES;

--
-- Dumping data for table `deploy_package$diff_conf_variable`
--

LOCK TABLES `deploy_package$diff_conf_variable` WRITE;
/*!40000 ALTER TABLE `deploy_package$diff_conf_variable` DISABLE KEYS */;
INSERT INTO `deploy_package$diff_conf_variable` (`id`, `from_guid`, `to_guid`, `seq_no`, `note`) VALUES (1,'deploy_package_60bee893e9f52773','diff_configuration_60bee8f11eb4bb75',1,NULL);
INSERT INTO `deploy_package$diff_conf_variable` (`id`, `from_guid`, `to_guid`, `seq_no`, `note`) VALUES (2,'deploy_package_60bee893e9f52773','diff_configuration_60bee8f12b396768',2,NULL);
INSERT INTO `deploy_package$diff_conf_variable` (`id`, `from_guid`, `to_guid`, `seq_no`, `note`) VALUES (3,'deploy_package_60bee893e9f52773','diff_configuration_60bee8f1398b2072',3,NULL);
INSERT INTO `deploy_package$diff_conf_variable` (`id`, `from_guid`, `to_guid`, `seq_no`, `note`) VALUES (4,'deploy_package_60bee893e9f52773','diff_configuration_60bee8f15b606ff9',4,NULL);
INSERT INTO `deploy_package$diff_conf_variable` (`id`, `from_guid`, `to_guid`, `seq_no`, `note`) VALUES (5,'deploy_package_60bee893e9f52773','diff_configuration_60bee8f165136b49',5,NULL);
INSERT INTO `deploy_package$diff_conf_variable` (`id`, `from_guid`, `to_guid`, `seq_no`, `note`) VALUES (6,'deploy_package_60bee893e9f52773','diff_configuration_60bee8f18922487a',6,NULL);
INSERT INTO `deploy_package$diff_conf_variable` (`id`, `from_guid`, `to_guid`, `seq_no`, `note`) VALUES (7,'deploy_package_60beea1e2b705cd8','diff_configuration_60bee8f11eb4bb75',1,NULL);
INSERT INTO `deploy_package$diff_conf_variable` (`id`, `from_guid`, `to_guid`, `seq_no`, `note`) VALUES (8,'deploy_package_60beea1e2b705cd8','diff_configuration_60bee8f1398b2072',2,NULL);
INSERT INTO `deploy_package$diff_conf_variable` (`id`, `from_guid`, `to_guid`, `seq_no`, `note`) VALUES (9,'deploy_package_60beea1e2b705cd8','diff_configuration_60bee8f12b396768',3,NULL);
INSERT INTO `deploy_package$diff_conf_variable` (`id`, `from_guid`, `to_guid`, `seq_no`, `note`) VALUES (10,'deploy_package_60beea1e2b705cd8','diff_configuration_60bee8f165136b49',4,NULL);
INSERT INTO `deploy_package$diff_conf_variable` (`id`, `from_guid`, `to_guid`, `seq_no`, `note`) VALUES (11,'deploy_package_60beea1e2b705cd8','diff_configuration_60bee8f15b606ff9',5,NULL);
INSERT INTO `deploy_package$diff_conf_variable` (`id`, `from_guid`, `to_guid`, `seq_no`, `note`) VALUES (12,'deploy_package_60beea1e2b705cd8','diff_configuration_60bee8f18922487a',6,NULL);
INSERT INTO `deploy_package$diff_conf_variable` (`id`, `from_guid`, `to_guid`, `seq_no`, `note`) VALUES (13,'deploy_package_60beea1e2b705cd8','diff_configuration_60beea631d752ec6',7,NULL);
INSERT INTO `deploy_package$diff_conf_variable` (`id`, `from_guid`, `to_guid`, `seq_no`, `note`) VALUES (14,'deploy_package_60beea1e2b705cd8','diff_configuration_60beea637939b7f6',8,NULL);
INSERT INTO `deploy_package$diff_conf_variable` (`id`, `from_guid`, `to_guid`, `seq_no`, `note`) VALUES (15,'deploy_package_60beebfda4fcd35d','diff_configuration_60bee8f12b396768',1,NULL);
INSERT INTO `deploy_package$diff_conf_variable` (`id`, `from_guid`, `to_guid`, `seq_no`, `note`) VALUES (16,'deploy_package_60beebfda4fcd35d','diff_configuration_60beec20503d795a',2,NULL);
INSERT INTO `deploy_package$diff_conf_variable` (`id`, `from_guid`, `to_guid`, `seq_no`, `note`) VALUES (17,'deploy_package_60beebfda4fcd35d','diff_configuration_60beec2071d3af27',3,NULL);
INSERT INTO `deploy_package$diff_conf_variable` (`id`, `from_guid`, `to_guid`, `seq_no`, `note`) VALUES (18,'deploy_package_60beebfda4fcd35d','diff_configuration_60beec20814963a7',4,NULL);
INSERT INTO `deploy_package$diff_conf_variable` (`id`, `from_guid`, `to_guid`, `seq_no`, `note`) VALUES (19,'deploy_package_60beebfda4fcd35d','diff_configuration_60beec208ed4546a',5,NULL);
INSERT INTO `deploy_package$diff_conf_variable` (`id`, `from_guid`, `to_guid`, `seq_no`, `note`) VALUES (20,'deploy_package_60beebfda4fcd35d','diff_configuration_60beec20baccef4f',6,NULL);
/*!40000 ALTER TABLE `deploy_package$diff_conf_variable` ENABLE KEYS */;
UNLOCK TABLES;

--
-- Dumping data for table `deploy_plan`
--

LOCK TABLES `deploy_plan` WRITE;
/*!40000 ALTER TABLE `deploy_plan` DISABLE KEYS */;
/*!40000 ALTER TABLE `deploy_plan` ENABLE KEYS */;
UNLOCK TABLES;

--
-- Dumping data for table `deploy_plan$deploy_package`
--

LOCK TABLES `deploy_plan$deploy_package` WRITE;
/*!40000 ALTER TABLE `deploy_plan$deploy_package` DISABLE KEYS */;
/*!40000 ALTER TABLE `deploy_plan$deploy_package` ENABLE KEYS */;
UNLOCK TABLES;

--
-- Dumping data for table `diff_configuration`
--

LOCK TABLES `diff_configuration` WRITE;
/*!40000 ALTER TABLE `diff_configuration` DISABLE KEYS */;
INSERT INTO `diff_configuration` (`guid`, `create_time`, `create_user`, `update_time`, `update_user`, `key_name`, `state`, `code`, `confirm_time`, `variable_name`, `variable_value`) VALUES ('diff_configuration_60bee8f11eb4bb75','2021-06-08 03:50:09','umadmin','2021-06-08 03:54:20','wecube','MYSQL_SCHEMA','added_0','MYSQL_SCHEMA',NULL,'MYSQL_SCHEMA','[{\"type\":\"rule\",\"value\":\"[{\\\"ciTypeId\\\":\\\"app_instance\\\"},{\\\"ciTypeId\\\":\\\"unit\\\",\\\"parentRs\\\":{\\\"attrId\\\":\\\"app_instance__unit\\\",\\\"isReferedFromParent\\\":1}},{\\\"ciTypeId\\\":\\\"invoke\\\",\\\"parentRs\\\":{\\\"attrId\\\":\\\"invoke__invoke_unit\\\",\\\"isReferedFromParent\\\":0}},{\\\"ciTypeId\\\":\\\"unit\\\",\\\"parentRs\\\":{\\\"attrId\\\":\\\"invoke__invoked_unit\\\",\\\"isReferedFromParent\\\":1},\\\"filters\\\":[{\\\"name\\\":\\\"code\\\",\\\"operator\\\":\\\"eq\\\",\\\"type\\\":\\\"value\\\",\\\"value\\\":\\\"MYSQL\\\"}]},{\\\"ciTypeId\\\":\\\"rdb_instance\\\",\\\"parentRs\\\":{\\\"attrId\\\":\\\"rdb_instance__unit\\\",\\\"isReferedFromParent\\\":0}},{\\\"ciTypeId\\\":\\\"rdb_instance\\\",\\\"parentRs\\\":{\\\"attrId\\\":\\\"rdb_instance__name\\\",\\\"isReferedFromParent\\\":1}}]\"}]');
INSERT INTO `diff_configuration` (`guid`, `create_time`, `create_user`, `update_time`, `update_user`, `key_name`, `state`, `code`, `confirm_time`, `variable_name`, `variable_value`) VALUES ('diff_configuration_60bee8f12b396768','2021-06-08 03:50:09','umadmin','2021-06-08 03:53:35','wecube','LISTEN_PORT','added_0','LISTEN_PORT',NULL,'LISTEN_PORT','[{\"type\":\"rule\",\"value\":\"[{\\\"ciTypeId\\\":\\\"app_instance\\\"},{\\\"ciTypeId\\\":\\\"app_instance\\\",\\\"parentRs\\\":{\\\"attrId\\\":\\\"app_instance__port\\\",\\\"isReferedFromParent\\\":1}}]\"}]');
INSERT INTO `diff_configuration` (`guid`, `create_time`, `create_user`, `update_time`, `update_user`, `key_name`, `state`, `code`, `confirm_time`, `variable_name`, `variable_value`) VALUES ('diff_configuration_60bee8f1398b2072','2021-06-08 03:50:09','umadmin','2021-06-08 03:53:36','wecube','MYSQL_USERNAME','added_0','MYSQL_USERNAME',NULL,'MYSQL_USERNAME','[{\"type\":\"rule\",\"value\":\"[{\\\"ciTypeId\\\":\\\"app_instance\\\"},{\\\"ciTypeId\\\":\\\"unit\\\",\\\"parentRs\\\":{\\\"attrId\\\":\\\"app_instance__unit\\\",\\\"isReferedFromParent\\\":1}},{\\\"ciTypeId\\\":\\\"invoke\\\",\\\"parentRs\\\":{\\\"attrId\\\":\\\"invoke__invoke_unit\\\",\\\"isReferedFromParent\\\":0}},{\\\"ciTypeId\\\":\\\"unit\\\",\\\"parentRs\\\":{\\\"attrId\\\":\\\"invoke__invoked_unit\\\",\\\"isReferedFromParent\\\":1},\\\"filters\\\":[{\\\"name\\\":\\\"code\\\",\\\"operator\\\":\\\"eq\\\",\\\"type\\\":\\\"value\\\",\\\"value\\\":\\\"MYSQL\\\"}]},{\\\"ciTypeId\\\":\\\"rdb_instance\\\",\\\"parentRs\\\":{\\\"attrId\\\":\\\"rdb_instance__unit\\\",\\\"isReferedFromParent\\\":0}},{\\\"ciTypeId\\\":\\\"rdb_instance\\\",\\\"parentRs\\\":{\\\"attrId\\\":\\\"rdb_instance__deploy_user\\\",\\\"isReferedFromParent\\\":1}}]\"}]');
INSERT INTO `diff_configuration` (`guid`, `create_time`, `create_user`, `update_time`, `update_user`, `key_name`, `state`, `code`, `confirm_time`, `variable_name`, `variable_value`) VALUES ('diff_configuration_60bee8f15b606ff9','2021-06-08 03:50:09','umadmin','2021-06-08 03:54:08','wecube','MYSQL_PORT','added_0','MYSQL_PORT',NULL,'MYSQL_PORT','[{\"type\":\"rule\",\"value\":\"[{\\\"ciTypeId\\\":\\\"app_instance\\\"},{\\\"ciTypeId\\\":\\\"unit\\\",\\\"parentRs\\\":{\\\"attrId\\\":\\\"app_instance__unit\\\",\\\"isReferedFromParent\\\":1}},{\\\"ciTypeId\\\":\\\"invoke\\\",\\\"parentRs\\\":{\\\"attrId\\\":\\\"invoke__invoke_unit\\\",\\\"isReferedFromParent\\\":0}},{\\\"ciTypeId\\\":\\\"unit\\\",\\\"parentRs\\\":{\\\"attrId\\\":\\\"invoke__invoked_unit\\\",\\\"isReferedFromParent\\\":1},\\\"filters\\\":[{\\\"name\\\":\\\"code\\\",\\\"operator\\\":\\\"eq\\\",\\\"type\\\":\\\"value\\\",\\\"value\\\":\\\"MYSQL\\\"}]},{\\\"ciTypeId\\\":\\\"rdb_instance\\\",\\\"parentRs\\\":{\\\"attrId\\\":\\\"rdb_instance__unit\\\",\\\"isReferedFromParent\\\":0}},{\\\"ciTypeId\\\":\\\"rdb_instance\\\",\\\"parentRs\\\":{\\\"attrId\\\":\\\"rdb_instance__port\\\",\\\"isReferedFromParent\\\":1}}]\"}]');
INSERT INTO `diff_configuration` (`guid`, `create_time`, `create_user`, `update_time`, `update_user`, `key_name`, `state`, `code`, `confirm_time`, `variable_name`, `variable_value`) VALUES ('diff_configuration_60bee8f165136b49','2021-06-08 03:50:09','umadmin','2021-06-08 06:46:05','wecube','MYSQL_PASSWORD','added_0','MYSQL_PASSWORD',NULL,'MYSQL_PASSWORD','[{\"type\":\"rule\",\"value\":\"[{\\\"ciTypeId\\\":\\\"app_instance\\\"},{\\\"ciTypeId\\\":\\\"unit\\\",\\\"parentRs\\\":{\\\"attrId\\\":\\\"app_instance__unit\\\",\\\"isReferedFromParent\\\":1}},{\\\"ciTypeId\\\":\\\"invoke\\\",\\\"parentRs\\\":{\\\"attrId\\\":\\\"invoke__invoke_unit\\\",\\\"isReferedFromParent\\\":0}},{\\\"ciTypeId\\\":\\\"unit\\\",\\\"parentRs\\\":{\\\"attrId\\\":\\\"invoke__invoked_unit\\\",\\\"isReferedFromParent\\\":1},\\\"filters\\\":[{\\\"name\\\":\\\"code\\\",\\\"operator\\\":\\\"eq\\\",\\\"type\\\":\\\"value\\\",\\\"value\\\":\\\"MYSQL\\\"}]},{\\\"ciTypeId\\\":\\\"rdb_instance\\\",\\\"parentRs\\\":{\\\"attrId\\\":\\\"rdb_instance__unit\\\",\\\"isReferedFromParent\\\":0}},{\\\"ciTypeId\\\":\\\"rdb_instance\\\",\\\"parentRs\\\":{\\\"attrId\\\":\\\"rdb_instance__deploy_user_password\\\",\\\"isReferedFromParent\\\":1}}]\"}]');
INSERT INTO `diff_configuration` (`guid`, `create_time`, `create_user`, `update_time`, `update_user`, `key_name`, `state`, `code`, `confirm_time`, `variable_name`, `variable_value`) VALUES ('diff_configuration_60bee8f18922487a','2021-06-08 03:50:09','umadmin','2021-06-08 03:53:55','wecube','MYSQL_HOST','added_0','MYSQL_HOST',NULL,'MYSQL_HOST','[{\"type\":\"rule\",\"value\":\"[{\\\"ciTypeId\\\":\\\"app_instance\\\"},{\\\"ciTypeId\\\":\\\"unit\\\",\\\"parentRs\\\":{\\\"attrId\\\":\\\"app_instance__unit\\\",\\\"isReferedFromParent\\\":1}},{\\\"ciTypeId\\\":\\\"invoke\\\",\\\"parentRs\\\":{\\\"attrId\\\":\\\"invoke__invoke_unit\\\",\\\"isReferedFromParent\\\":0}},{\\\"ciTypeId\\\":\\\"unit\\\",\\\"parentRs\\\":{\\\"attrId\\\":\\\"invoke__invoked_unit\\\",\\\"isReferedFromParent\\\":1},\\\"filters\\\":[{\\\"name\\\":\\\"code\\\",\\\"operator\\\":\\\"eq\\\",\\\"type\\\":\\\"value\\\",\\\"value\\\":\\\"MYSQL\\\"}]},{\\\"ciTypeId\\\":\\\"rdb_instance\\\",\\\"parentRs\\\":{\\\"attrId\\\":\\\"rdb_instance__unit\\\",\\\"isReferedFromParent\\\":0}},{\\\"ciTypeId\\\":\\\"rdb_resource\\\",\\\"parentRs\\\":{\\\"attrId\\\":\\\"rdb_instance__rdb_resource\\\",\\\"isReferedFromParent\\\":1}},{\\\"ciTypeId\\\":\\\"rdb_resource\\\",\\\"parentRs\\\":{\\\"attrId\\\":\\\"rdb_resource__ip_address\\\",\\\"isReferedFromParent\\\":1}}]\"}]');
INSERT INTO `diff_configuration` (`guid`, `create_time`, `create_user`, `update_time`, `update_user`, `key_name`, `state`, `code`, `confirm_time`, `variable_name`, `variable_value`) VALUES ('diff_configuration_60beea631d752ec6','2021-06-08 03:56:19','umadmin','2021-06-09 13:30:54','wecube','UM_AUTH_PORT','added_0','UM_AUTH_PORT',NULL,'UM_AUTH_PORT','[{\"type\":\"rule\",\"value\":\"[{\\\"ciTypeId\\\":\\\"app_instance\\\"},{\\\"ciTypeId\\\":\\\"unit\\\",\\\"parentRs\\\":{\\\"attrId\\\":\\\"app_instance__unit\\\",\\\"isReferedFromParent\\\":1}},{\\\"ciTypeId\\\":\\\"invoke\\\",\\\"parentRs\\\":{\\\"attrId\\\":\\\"invoke__invoke_unit\\\",\\\"isReferedFromParent\\\":0}},{\\\"ciTypeId\\\":\\\"unit\\\",\\\"parentRs\\\":{\\\"attrId\\\":\\\"invoke__invoked_unit\\\",\\\"isReferedFromParent\\\":1},\\\"filters\\\":[{\\\"name\\\":\\\"key_name\\\",\\\"operator\\\":\\\"contains\\\",\\\"type\\\":\\\"value\\\",\\\"value\\\":\\\"UM_AUTH_ILB\\\"}]},{\\\"ciTypeId\\\":\\\"lb_instance\\\",\\\"parentRs\\\":{\\\"attrId\\\":\\\"lb_instance__unit\\\",\\\"isReferedFromParent\\\":0},\\\"filters\\\":[{\\\"name\\\":\\\"guid\\\",\\\"operator\\\":\\\"in\\\",\\\"type\\\":\\\"autoFill\\\",\\\"value\\\":\\\"[{\\\\\\\"type\\\\\\\":\\\\\\\"rule\\\\\\\",\\\\\\\"value\\\\\\\":\\\\\\\"[{\\\\\\\\\\\\\\\"ciTypeId\\\\\\\\\\\\\\\":\\\\\\\\\\\\\\\"app_instance\\\\\\\\\\\\\\\"},{\\\\\\\\\\\\\\\"ciTypeId\\\\\\\\\\\\\\\":\\\\\\\\\\\\\\\"host_resource\\\\\\\\\\\\\\\",\\\\\\\\\\\\\\\"parentRs\\\\\\\\\\\\\\\":{\\\\\\\\\\\\\\\"attrId\\\\\\\\\\\\\\\":\\\\\\\\\\\\\\\"app_instance__host_resource\\\\\\\\\\\\\\\",\\\\\\\\\\\\\\\"isReferedFromParent\\\\\\\\\\\\\\\":1}},{\\\\\\\\\\\\\\\"ciTypeId\\\\\\\\\\\\\\\":\\\\\\\\\\\\\\\"network_subzone\\\\\\\\\\\\\\\",\\\\\\\\\\\\\\\"parentRs\\\\\\\\\\\\\\\":{\\\\\\\\\\\\\\\"attrId\\\\\\\\\\\\\\\":\\\\\\\\\\\\\\\"host_resource__network_subzone\\\\\\\\\\\\\\\",\\\\\\\\\\\\\\\"isReferedFromParent\\\\\\\\\\\\\\\":1}},{\\\\\\\\\\\\\\\"ciTypeId\\\\\\\\\\\\\\\":\\\\\\\\\\\\\\\"data_center\\\\\\\\\\\\\\\",\\\\\\\\\\\\\\\"parentRs\\\\\\\\\\\\\\\":{\\\\\\\\\\\\\\\"attrId\\\\\\\\\\\\\\\":\\\\\\\\\\\\\\\"network_subzone__data_center\\\\\\\\\\\\\\\",\\\\\\\\\\\\\\\"isReferedFromParent\\\\\\\\\\\\\\\":1}},{\\\\\\\\\\\\\\\"ciTypeId\\\\\\\\\\\\\\\":\\\\\\\\\\\\\\\"network_subzone\\\\\\\\\\\\\\\",\\\\\\\\\\\\\\\"parentRs\\\\\\\\\\\\\\\":{\\\\\\\\\\\\\\\"attrId\\\\\\\\\\\\\\\":\\\\\\\\\\\\\\\"network_subzone__data_center\\\\\\\\\\\\\\\",\\\\\\\\\\\\\\\"isReferedFromParent\\\\\\\\\\\\\\\":0}},{\\\\\\\\\\\\\\\"ciTypeId\\\\\\\\\\\\\\\":\\\\\\\\\\\\\\\"lb_resource\\\\\\\\\\\\\\\",\\\\\\\\\\\\\\\"parentRs\\\\\\\\\\\\\\\":{\\\\\\\\\\\\\\\"attrId\\\\\\\\\\\\\\\":\\\\\\\\\\\\\\\"lb_resource__network_subzone\\\\\\\\\\\\\\\",\\\\\\\\\\\\\\\"isReferedFromParent\\\\\\\\\\\\\\\":0}},{\\\\\\\\\\\\\\\"ciTypeId\\\\\\\\\\\\\\\":\\\\\\\\\\\\\\\"lb_instance\\\\\\\\\\\\\\\",\\\\\\\\\\\\\\\"parentRs\\\\\\\\\\\\\\\":{\\\\\\\\\\\\\\\"attrId\\\\\\\\\\\\\\\":\\\\\\\\\\\\\\\"lb_instance__lb_resource\\\\\\\\\\\\\\\",\\\\\\\\\\\\\\\"isReferedFromParent\\\\\\\\\\\\\\\":0}},{\\\\\\\\\\\\\\\"ciTypeId\\\\\\\\\\\\\\\":\\\\\\\\\\\\\\\"lb_instance\\\\\\\\\\\\\\\",\\\\\\\\\\\\\\\"parentRs\\\\\\\\\\\\\\\":{\\\\\\\\\\\\\\\"attrId\\\\\\\\\\\\\\\":\\\\\\\\\\\\\\\"lb_instance__guid\\\\\\\\\\\\\\\",\\\\\\\\\\\\\\\"isReferedFromParent\\\\\\\\\\\\\\\":1}}]\\\\\\\"}]\\\"}]},{\\\"ciTypeId\\\":\\\"lb_instance\\\",\\\"parentRs\\\":{\\\"attrId\\\":\\\"lb_instance__port\\\",\\\"isReferedFromParent\\\":1}}]\"}]');
INSERT INTO `diff_configuration` (`guid`, `create_time`, `create_user`, `update_time`, `update_user`, `key_name`, `state`, `code`, `confirm_time`, `variable_name`, `variable_value`) VALUES ('diff_configuration_60beea637939b7f6','2021-06-08 03:56:19','umadmin','2021-06-09 13:37:18','wecube','UM_AUTH_HOST','added_0','UM_AUTH_HOST',NULL,'UM_AUTH_HOST','[{\"type\":\"rule\",\"value\":\"[{\\\"ciTypeId\\\":\\\"app_instance\\\"},{\\\"ciTypeId\\\":\\\"unit\\\",\\\"parentRs\\\":{\\\"attrId\\\":\\\"app_instance__unit\\\",\\\"isReferedFromParent\\\":1}},{\\\"ciTypeId\\\":\\\"invoke\\\",\\\"parentRs\\\":{\\\"attrId\\\":\\\"invoke__invoke_unit\\\",\\\"isReferedFromParent\\\":0}},{\\\"ciTypeId\\\":\\\"unit\\\",\\\"parentRs\\\":{\\\"attrId\\\":\\\"invoke__invoked_unit\\\",\\\"isReferedFromParent\\\":1},\\\"filters\\\":[{\\\"name\\\":\\\"key_name\\\",\\\"operator\\\":\\\"contains\\\",\\\"type\\\":\\\"value\\\",\\\"value\\\":\\\"UM_AUTH_ILB\\\"}]},{\\\"ciTypeId\\\":\\\"lb_instance\\\",\\\"parentRs\\\":{\\\"attrId\\\":\\\"lb_instance__unit\\\",\\\"isReferedFromParent\\\":0}},{\\\"ciTypeId\\\":\\\"lb_resource\\\",\\\"parentRs\\\":{\\\"attrId\\\":\\\"lb_instance__lb_resource\\\",\\\"isReferedFromParent\\\":1},\\\"filters\\\":[{\\\"name\\\":\\\"guid\\\",\\\"operator\\\":\\\"in\\\",\\\"type\\\":\\\"autoFill\\\",\\\"value\\\":\\\"[{\\\\\\\"type\\\\\\\":\\\\\\\"rule\\\\\\\",\\\\\\\"value\\\\\\\":\\\\\\\"[{\\\\\\\\\\\\\\\"ciTypeId\\\\\\\\\\\\\\\":\\\\\\\\\\\\\\\"app_instance\\\\\\\\\\\\\\\"},{\\\\\\\\\\\\\\\"ciTypeId\\\\\\\\\\\\\\\":\\\\\\\\\\\\\\\"host_resource\\\\\\\\\\\\\\\",\\\\\\\\\\\\\\\"parentRs\\\\\\\\\\\\\\\":{\\\\\\\\\\\\\\\"attrId\\\\\\\\\\\\\\\":\\\\\\\\\\\\\\\"app_instance__host_resource\\\\\\\\\\\\\\\",\\\\\\\\\\\\\\\"isReferedFromParent\\\\\\\\\\\\\\\":1}},{\\\\\\\\\\\\\\\"ciTypeId\\\\\\\\\\\\\\\":\\\\\\\\\\\\\\\"network_subzone\\\\\\\\\\\\\\\",\\\\\\\\\\\\\\\"parentRs\\\\\\\\\\\\\\\":{\\\\\\\\\\\\\\\"attrId\\\\\\\\\\\\\\\":\\\\\\\\\\\\\\\"host_resource__network_subzone\\\\\\\\\\\\\\\",\\\\\\\\\\\\\\\"isReferedFromParent\\\\\\\\\\\\\\\":1}},{\\\\\\\\\\\\\\\"ciTypeId\\\\\\\\\\\\\\\":\\\\\\\\\\\\\\\"data_center\\\\\\\\\\\\\\\",\\\\\\\\\\\\\\\"parentRs\\\\\\\\\\\\\\\":{\\\\\\\\\\\\\\\"attrId\\\\\\\\\\\\\\\":\\\\\\\\\\\\\\\"network_subzone__data_center\\\\\\\\\\\\\\\",\\\\\\\\\\\\\\\"isReferedFromParent\\\\\\\\\\\\\\\":1}},{\\\\\\\\\\\\\\\"ciTypeId\\\\\\\\\\\\\\\":\\\\\\\\\\\\\\\"network_subzone\\\\\\\\\\\\\\\",\\\\\\\\\\\\\\\"parentRs\\\\\\\\\\\\\\\":{\\\\\\\\\\\\\\\"attrId\\\\\\\\\\\\\\\":\\\\\\\\\\\\\\\"network_subzone__data_center\\\\\\\\\\\\\\\",\\\\\\\\\\\\\\\"isReferedFromParent\\\\\\\\\\\\\\\":0}},{\\\\\\\\\\\\\\\"ciTypeId\\\\\\\\\\\\\\\":\\\\\\\\\\\\\\\"lb_resource\\\\\\\\\\\\\\\",\\\\\\\\\\\\\\\"parentRs\\\\\\\\\\\\\\\":{\\\\\\\\\\\\\\\"attrId\\\\\\\\\\\\\\\":\\\\\\\\\\\\\\\"lb_resource__network_subzone\\\\\\\\\\\\\\\",\\\\\\\\\\\\\\\"isReferedFromParent\\\\\\\\\\\\\\\":0}},{\\\\\\\\\\\\\\\"ciTypeId\\\\\\\\\\\\\\\":\\\\\\\\\\\\\\\"lb_resource\\\\\\\\\\\\\\\",\\\\\\\\\\\\\\\"parentRs\\\\\\\\\\\\\\\":{\\\\\\\\\\\\\\\"attrId\\\\\\\\\\\\\\\":\\\\\\\\\\\\\\\"lb_resource__guid\\\\\\\\\\\\\\\",\\\\\\\\\\\\\\\"isReferedFromParent\\\\\\\\\\\\\\\":1}}]\\\\\\\"}]\\\"}]},{\\\"ciTypeId\\\":\\\"lb_resource\\\",\\\"parentRs\\\":{\\\"attrId\\\":\\\"lb_resource__ip_address\\\",\\\"isReferedFromParent\\\":1}}]\"}]');
INSERT INTO `diff_configuration` (`guid`, `create_time`, `create_user`, `update_time`, `update_user`, `key_name`, `state`, `code`, `confirm_time`, `variable_name`, `variable_value`) VALUES ('diff_configuration_60beec20503d795a','2021-06-08 04:03:44','umadmin','2021-06-08 04:06:44','wecube','DEMO_CORE_HOST_1','added_0','DEMO_CORE_HOST_1',NULL,'DEMO_CORE_HOST_1','[{\"type\":\"rule\",\"value\":\"[{\\\"ciTypeId\\\":\\\"app_instance\\\"},{\\\"ciTypeId\\\":\\\"unit\\\",\\\"parentRs\\\":{\\\"attrId\\\":\\\"app_instance__unit\\\",\\\"isReferedFromParent\\\":1}},{\\\"ciTypeId\\\":\\\"invoke\\\",\\\"parentRs\\\":{\\\"attrId\\\":\\\"invoke__invoke_unit\\\",\\\"isReferedFromParent\\\":0}},{\\\"ciTypeId\\\":\\\"unit\\\",\\\"parentRs\\\":{\\\"attrId\\\":\\\"invoke__invoked_unit\\\",\\\"isReferedFromParent\\\":1},\\\"filters\\\":[{\\\"name\\\":\\\"key_name\\\",\\\"operator\\\":\\\"contains\\\",\\\"type\\\":\\\"value\\\",\\\"value\\\":\\\"DEMO_CORE_APP\\\"}]},{\\\"ciTypeId\\\":\\\"app_instance\\\",\\\"parentRs\\\":{\\\"attrId\\\":\\\"app_instance__unit\\\",\\\"isReferedFromParent\\\":0},\\\"filters\\\":[{\\\"name\\\":\\\"name\\\",\\\"operator\\\":\\\"eq\\\",\\\"type\\\":\\\"value\\\",\\\"value\\\":\\\"democoreapp01\\\"}]},{\\\"ciTypeId\\\":\\\"host_resource\\\",\\\"parentRs\\\":{\\\"attrId\\\":\\\"app_instance__host_resource\\\",\\\"isReferedFromParent\\\":1}},{\\\"ciTypeId\\\":\\\"host_resource\\\",\\\"parentRs\\\":{\\\"attrId\\\":\\\"host_resource__ip_address\\\",\\\"isReferedFromParent\\\":1}}]\"}]');
INSERT INTO `diff_configuration` (`guid`, `create_time`, `create_user`, `update_time`, `update_user`, `key_name`, `state`, `code`, `confirm_time`, `variable_name`, `variable_value`) VALUES ('diff_configuration_60beec2071d3af27','2021-06-08 04:03:44','umadmin','2021-06-08 04:38:33','wecube','NGINX_ROOT_PATH','added_0','NGINX_ROOT_PATH',NULL,'NGINX_ROOT_PATH','[{\"type\":\"rule\",\"value\":\"[{\\\"ciTypeId\\\":\\\"app_instance\\\"},{\\\"ciTypeId\\\":\\\"unit\\\",\\\"parentRs\\\":{\\\"attrId\\\":\\\"app_instance__unit\\\",\\\"isReferedFromParent\\\":1}},{\\\"ciTypeId\\\":\\\"unit\\\",\\\"parentRs\\\":{\\\"attrId\\\":\\\"unit__deploy_path\\\",\\\"isReferedFromParent\\\":1}}]\"}]');
INSERT INTO `diff_configuration` (`guid`, `create_time`, `create_user`, `update_time`, `update_user`, `key_name`, `state`, `code`, `confirm_time`, `variable_name`, `variable_value`) VALUES ('diff_configuration_60beec20814963a7','2021-06-08 04:03:44','umadmin','2021-06-08 04:07:32','wecube','DEMO_CORE_PORT_2','added_0','DEMO_CORE_PORT_2',NULL,'DEMO_CORE_PORT_2','[{\"type\":\"rule\",\"value\":\"[{\\\"ciTypeId\\\":\\\"app_instance\\\"},{\\\"ciTypeId\\\":\\\"unit\\\",\\\"parentRs\\\":{\\\"attrId\\\":\\\"app_instance__unit\\\",\\\"isReferedFromParent\\\":1}},{\\\"ciTypeId\\\":\\\"invoke\\\",\\\"parentRs\\\":{\\\"attrId\\\":\\\"invoke__invoke_unit\\\",\\\"isReferedFromParent\\\":0}},{\\\"ciTypeId\\\":\\\"unit\\\",\\\"parentRs\\\":{\\\"attrId\\\":\\\"invoke__invoked_unit\\\",\\\"isReferedFromParent\\\":1},\\\"filters\\\":[{\\\"name\\\":\\\"key_name\\\",\\\"operator\\\":\\\"contains\\\",\\\"type\\\":\\\"value\\\",\\\"value\\\":\\\"DEMO_CORE_APP\\\"}]},{\\\"ciTypeId\\\":\\\"app_instance\\\",\\\"parentRs\\\":{\\\"attrId\\\":\\\"app_instance__unit\\\",\\\"isReferedFromParent\\\":0},\\\"filters\\\":[{\\\"name\\\":\\\"name\\\",\\\"operator\\\":\\\"eq\\\",\\\"type\\\":\\\"value\\\",\\\"value\\\":\\\"democoreapp02\\\"}]},{\\\"ciTypeId\\\":\\\"app_instance\\\",\\\"parentRs\\\":{\\\"attrId\\\":\\\"app_instance__port\\\",\\\"isReferedFromParent\\\":1}}]\"}]');
INSERT INTO `diff_configuration` (`guid`, `create_time`, `create_user`, `update_time`, `update_user`, `key_name`, `state`, `code`, `confirm_time`, `variable_name`, `variable_value`) VALUES ('diff_configuration_60beec208ed4546a','2021-06-08 04:03:44','umadmin','2021-06-08 04:07:19','wecube','DEMO_CORE_HOST_2','added_0','DEMO_CORE_HOST_2',NULL,'DEMO_CORE_HOST_2','[{\"type\":\"rule\",\"value\":\"[{\\\"ciTypeId\\\":\\\"app_instance\\\"},{\\\"ciTypeId\\\":\\\"unit\\\",\\\"parentRs\\\":{\\\"attrId\\\":\\\"app_instance__unit\\\",\\\"isReferedFromParent\\\":1}},{\\\"ciTypeId\\\":\\\"invoke\\\",\\\"parentRs\\\":{\\\"attrId\\\":\\\"invoke__invoke_unit\\\",\\\"isReferedFromParent\\\":0}},{\\\"ciTypeId\\\":\\\"unit\\\",\\\"parentRs\\\":{\\\"attrId\\\":\\\"invoke__invoked_unit\\\",\\\"isReferedFromParent\\\":1},\\\"filters\\\":[{\\\"name\\\":\\\"key_name\\\",\\\"operator\\\":\\\"contains\\\",\\\"type\\\":\\\"value\\\",\\\"value\\\":\\\"DEMO_CORE_APP\\\"}]},{\\\"ciTypeId\\\":\\\"app_instance\\\",\\\"parentRs\\\":{\\\"attrId\\\":\\\"app_instance__unit\\\",\\\"isReferedFromParent\\\":0},\\\"filters\\\":[{\\\"name\\\":\\\"name\\\",\\\"operator\\\":\\\"eq\\\",\\\"type\\\":\\\"value\\\",\\\"value\\\":\\\"democoreapp02\\\"}]},{\\\"ciTypeId\\\":\\\"host_resource\\\",\\\"parentRs\\\":{\\\"attrId\\\":\\\"app_instance__host_resource\\\",\\\"isReferedFromParent\\\":1}},{\\\"ciTypeId\\\":\\\"host_resource\\\",\\\"parentRs\\\":{\\\"attrId\\\":\\\"host_resource__ip_address\\\",\\\"isReferedFromParent\\\":1}}]\"}]');
INSERT INTO `diff_configuration` (`guid`, `create_time`, `create_user`, `update_time`, `update_user`, `key_name`, `state`, `code`, `confirm_time`, `variable_name`, `variable_value`) VALUES ('diff_configuration_60beec20baccef4f','2021-06-08 04:03:44','umadmin','2021-06-08 04:07:05','wecube','DEMO_CORE_PORT_1','added_0','DEMO_CORE_PORT_1',NULL,'DEMO_CORE_PORT_1','[{\"type\":\"rule\",\"value\":\"[{\\\"ciTypeId\\\":\\\"app_instance\\\"},{\\\"ciTypeId\\\":\\\"unit\\\",\\\"parentRs\\\":{\\\"attrId\\\":\\\"app_instance__unit\\\",\\\"isReferedFromParent\\\":1}},{\\\"ciTypeId\\\":\\\"invoke\\\",\\\"parentRs\\\":{\\\"attrId\\\":\\\"invoke__invoke_unit\\\",\\\"isReferedFromParent\\\":0}},{\\\"ciTypeId\\\":\\\"unit\\\",\\\"parentRs\\\":{\\\"attrId\\\":\\\"invoke__invoked_unit\\\",\\\"isReferedFromParent\\\":1},\\\"filters\\\":[{\\\"name\\\":\\\"key_name\\\",\\\"operator\\\":\\\"contains\\\",\\\"type\\\":\\\"value\\\",\\\"value\\\":\\\"DEMO_CORE_APP\\\"}]},{\\\"ciTypeId\\\":\\\"app_instance\\\",\\\"parentRs\\\":{\\\"attrId\\\":\\\"app_instance__unit\\\",\\\"isReferedFromParent\\\":0},\\\"filters\\\":[{\\\"name\\\":\\\"name\\\",\\\"operator\\\":\\\"eq\\\",\\\"type\\\":\\\"value\\\",\\\"value\\\":\\\"democoreapp01\\\"}]},{\\\"ciTypeId\\\":\\\"app_instance\\\",\\\"parentRs\\\":{\\\"attrId\\\":\\\"app_instance__port\\\",\\\"isReferedFromParent\\\":1}}]\"}]');
/*!40000 ALTER TABLE `diff_configuration` ENABLE KEYS */;
UNLOCK TABLES;

--
-- Dumping data for table `history_app_instance`
--

LOCK TABLES `history_app_instance` WRITE;
/*!40000 ALTER TABLE `history_app_instance` DISABLE KEYS */;
INSERT INTO `history_app_instance` (`id`, `guid`, `create_time`, `create_user`, `update_time`, `update_user`, `key_name`, `state`, `code`, `confirm_time`, `asset_id`, `name`, `unit`, `host_resource`, `port`, `monitor_port`, `cpu`, `memory`, `storage`, `deploy_package`, `deploy_package_url`, `deploy_user`, `deploy_user_password`, `variable_values`, `port_conflict`, `monitor_object_id`, `process_monitor_object_id`, `http_monitor_object_id`, `app_log_files`, `rw_dir`, `rw_file`, `history_action`, `history_state_confirmed`, `history_time`, `lb_listener_attach_asset_id`) VALUES (1,'app_instance_60b9fd7b4c491b53','2021-06-04 10:16:27','umadmin','2021-06-04 10:16:27','umadmin','PRD_UM_AUTH_APP_app01_:10001','created_0','app01_:10001',NULL,NULL,'app01','unit_60b9fd000623ac5b','host_resource_60b9da7b3f34bb8d','10001','10001','1','2','10',NULL,NULL,'appdep','','[{\"name\":,\"value\":}]','host_resource_60b9da7b3f34bb8d:10001',NULL,NULL,NULL,NULL,NULL,NULL,'insert',0,'2021-06-04 10:16:27','');
INSERT INTO `history_app_instance` (`id`, `guid`, `create_time`, `create_user`, `update_time`, `update_user`, `key_name`, `state`, `code`, `confirm_time`, `asset_id`, `name`, `unit`, `host_resource`, `port`, `monitor_port`, `cpu`, `memory`, `storage`, `deploy_package`, `deploy_package_url`, `deploy_user`, `deploy_user_password`, `variable_values`, `port_conflict`, `monitor_object_id`, `process_monitor_object_id`, `http_monitor_object_id`, `app_log_files`, `rw_dir`, `rw_file`, `history_action`, `history_state_confirmed`, `history_time`, `lb_listener_attach_asset_id`) VALUES (2,'app_instance_60b9fe027e756230','2021-06-04 10:18:42','umadmin','2021-06-04 10:18:42','umadmin','PRD_UM_AUTH_APP_app2_:10001','created_0','app2_:10001',NULL,NULL,'app2','unit_60b9fd000623ac5b','host_resource_60b9da7b78f4eeb5','10001','10002','1','2','10',NULL,NULL,'appdep','','[{\"name\":,\"value\":}]','host_resource_60b9da7b78f4eeb5:10001',NULL,NULL,NULL,NULL,NULL,NULL,'insert',0,'2021-06-04 10:18:42','');
INSERT INTO `history_app_instance` (`id`, `guid`, `create_time`, `create_user`, `update_time`, `update_user`, `key_name`, `state`, `code`, `confirm_time`, `asset_id`, `name`, `unit`, `host_resource`, `port`, `monitor_port`, `cpu`, `memory`, `storage`, `deploy_package`, `deploy_package_url`, `deploy_user`, `deploy_user_password`, `variable_values`, `port_conflict`, `monitor_object_id`, `process_monitor_object_id`, `http_monitor_object_id`, `app_log_files`, `rw_dir`, `rw_file`, `history_action`, `history_state_confirmed`, `history_time`, `lb_listener_attach_asset_id`) VALUES (3,'app_instance_60ba00d8888a023b','2021-06-04 10:30:48','umadmin','2021-06-04 10:30:48','umadmin','PRD_DEMO_CORE_APP_demoapp01_:10002','created_0','demoapp01_:10002',NULL,NULL,'demoapp01','unit_60b9ff0b91933368','host_resource_60b9da7b3f34bb8d','10002','10002','1','1','10','',NULL,'appdep','','[{\"name\":,\"value\":}]','host_resource_60b9da7b3f34bb8d:10002',NULL,NULL,NULL,NULL,NULL,NULL,'insert',0,'2021-06-04 10:30:48','');
INSERT INTO `history_app_instance` (`id`, `guid`, `create_time`, `create_user`, `update_time`, `update_user`, `key_name`, `state`, `code`, `confirm_time`, `asset_id`, `name`, `unit`, `host_resource`, `port`, `monitor_port`, `cpu`, `memory`, `storage`, `deploy_package`, `deploy_package_url`, `deploy_user`, `deploy_user_password`, `variable_values`, `port_conflict`, `monitor_object_id`, `process_monitor_object_id`, `http_monitor_object_id`, `app_log_files`, `rw_dir`, `rw_file`, `history_action`, `history_state_confirmed`, `history_time`, `lb_listener_attach_asset_id`) VALUES (4,'app_instance_60ba00f8229482ea','2021-06-04 10:31:20','umadmin','2021-06-04 10:31:20','umadmin','PRD_DEMO_CORE_APP_demoapp02_:10002','created_0','demoapp02_:10002',NULL,NULL,'demoapp02','unit_60b9ff0b91933368','host_resource_60b9da7b78f4eeb5','10002','10002','1','1','10',NULL,NULL,'appdep','','[{\"name\":,\"value\":}]','host_resource_60b9da7b78f4eeb5:10002',NULL,NULL,NULL,NULL,NULL,NULL,'insert',0,'2021-06-04 10:31:20','');
INSERT INTO `history_app_instance` (`id`, `guid`, `create_time`, `create_user`, `update_time`, `update_user`, `key_name`, `state`, `code`, `confirm_time`, `asset_id`, `name`, `unit`, `host_resource`, `port`, `monitor_port`, `cpu`, `memory`, `storage`, `deploy_package`, `deploy_package_url`, `deploy_user`, `deploy_user_password`, `variable_values`, `port_conflict`, `monitor_object_id`, `process_monitor_object_id`, `http_monitor_object_id`, `app_log_files`, `rw_dir`, `rw_file`, `history_action`, `history_state_confirmed`, `history_time`, `lb_listener_attach_asset_id`) VALUES (5,'app_instance_60ba01dd20606387','2021-06-04 10:35:09','umadmin','2021-06-04 10:35:09','umadmin','PRD_DEMO_PROXY_NGINX_nginx01_:10001','created_0','nginx01_:10001',NULL,NULL,'nginx01','unit_60ba01a935209abb','host_resource_60b9da7b7ddef7f5','10001','10001','1','1','10',NULL,NULL,'appdep','','[{\"name\":,\"value\":}]','host_resource_60b9da7b7ddef7f5:10001',NULL,NULL,NULL,NULL,NULL,NULL,'insert',0,'2021-06-04 10:35:09','');
INSERT INTO `history_app_instance` (`id`, `guid`, `create_time`, `create_user`, `update_time`, `update_user`, `key_name`, `state`, `code`, `confirm_time`, `asset_id`, `name`, `unit`, `host_resource`, `port`, `monitor_port`, `cpu`, `memory`, `storage`, `deploy_package`, `deploy_package_url`, `deploy_user`, `deploy_user_password`, `variable_values`, `port_conflict`, `monitor_object_id`, `process_monitor_object_id`, `http_monitor_object_id`, `app_log_files`, `rw_dir`, `rw_file`, `history_action`, `history_state_confirmed`, `history_time`, `lb_listener_attach_asset_id`) VALUES (6,'app_instance_60ba020112370bd6','2021-06-04 10:35:45','umadmin','2021-06-04 10:35:45','umadmin','PRD_DEMO_PROXY_NGINX_nginx02_:10001','created_0','nginx02_:10001',NULL,NULL,'nginx02','unit_60ba01a935209abb','host_resource_60b9da7bb6ebcc06','10001','10001','1','1','10',NULL,NULL,'appdep','','[{\"name\":,\"value\":}]','host_resource_60b9da7bb6ebcc06:10001',NULL,NULL,NULL,NULL,NULL,NULL,'insert',0,'2021-06-04 10:35:45','');
INSERT INTO `history_app_instance` (`id`, `guid`, `create_time`, `create_user`, `update_time`, `update_user`, `key_name`, `state`, `code`, `confirm_time`, `asset_id`, `name`, `unit`, `host_resource`, `port`, `monitor_port`, `cpu`, `memory`, `storage`, `deploy_package`, `deploy_package_url`, `deploy_user`, `deploy_user_password`, `variable_values`, `port_conflict`, `monitor_object_id`, `process_monitor_object_id`, `http_monitor_object_id`, `app_log_files`, `rw_dir`, `rw_file`, `history_action`, `history_state_confirmed`, `history_time`, `lb_listener_attach_asset_id`) VALUES (7,'app_instance_60b9fe027e756230','2021-06-04 10:18:42','umadmin','2021-06-08 04:05:48','umadmin','PRD_UM_AUTH_APP_umauthapp02_:10001','created_0','umauthapp02_:10001',NULL,'','umauthapp02','unit_60b9fd000623ac5b','host_resource_60b9da7b78f4eeb5','10001','10002','1','2','10','','','appdep','','[{\"name\":,\"value\":}]','host_resource_60b9da7b78f4eeb5:10001','','','','','','','update',0,'2021-06-08 04:05:48','');
INSERT INTO `history_app_instance` (`id`, `guid`, `create_time`, `create_user`, `update_time`, `update_user`, `key_name`, `state`, `code`, `confirm_time`, `asset_id`, `name`, `unit`, `host_resource`, `port`, `monitor_port`, `cpu`, `memory`, `storage`, `deploy_package`, `deploy_package_url`, `deploy_user`, `deploy_user_password`, `variable_values`, `port_conflict`, `monitor_object_id`, `process_monitor_object_id`, `http_monitor_object_id`, `app_log_files`, `rw_dir`, `rw_file`, `history_action`, `history_state_confirmed`, `history_time`, `lb_listener_attach_asset_id`) VALUES (8,'app_instance_60b9fd7b4c491b53','2021-06-04 10:16:27','umadmin','2021-06-08 04:06:02','umadmin','PRD_UM_AUTH_APP_umauthapp01_:10001','created_0','umauthapp01_:10001',NULL,'','umauthapp01','unit_60b9fd000623ac5b','host_resource_60b9da7b3f34bb8d','10001','10001','1','2','10','','','appdep','','[{\"name\":,\"value\":}]','host_resource_60b9da7b3f34bb8d:10001','','','','','','','update',0,'2021-06-08 04:06:02','');
INSERT INTO `history_app_instance` (`id`, `guid`, `create_time`, `create_user`, `update_time`, `update_user`, `key_name`, `state`, `code`, `confirm_time`, `asset_id`, `name`, `unit`, `host_resource`, `port`, `monitor_port`, `cpu`, `memory`, `storage`, `deploy_package`, `deploy_package_url`, `deploy_user`, `deploy_user_password`, `variable_values`, `port_conflict`, `monitor_object_id`, `process_monitor_object_id`, `http_monitor_object_id`, `app_log_files`, `rw_dir`, `rw_file`, `history_action`, `history_state_confirmed`, `history_time`, `lb_listener_attach_asset_id`) VALUES (9,'app_instance_60ba00d8888a023b','2021-06-04 10:30:48','umadmin','2021-06-08 04:06:13','umadmin','PRD_DEMO_CORE_APP_democoreapp01_:10002','created_0','democoreapp01_:10002',NULL,'','democoreapp01','unit_60b9ff0b91933368','host_resource_60b9da7b3f34bb8d','10002','10002','1','1','10','','','appdep','','[{\"name\":,\"value\":}]','host_resource_60b9da7b3f34bb8d:10002','','','','','','','update',0,'2021-06-08 04:06:13','');
INSERT INTO `history_app_instance` (`id`, `guid`, `create_time`, `create_user`, `update_time`, `update_user`, `key_name`, `state`, `code`, `confirm_time`, `asset_id`, `name`, `unit`, `host_resource`, `port`, `monitor_port`, `cpu`, `memory`, `storage`, `deploy_package`, `deploy_package_url`, `deploy_user`, `deploy_user_password`, `variable_values`, `port_conflict`, `monitor_object_id`, `process_monitor_object_id`, `http_monitor_object_id`, `app_log_files`, `rw_dir`, `rw_file`, `history_action`, `history_state_confirmed`, `history_time`, `lb_listener_attach_asset_id`) VALUES (10,'app_instance_60ba00f8229482ea','2021-06-04 10:31:20','umadmin','2021-06-08 04:06:13','umadmin','PRD_DEMO_CORE_APP_democoreapp02_:10002','created_0','democoreapp02_:10002',NULL,'','democoreapp02','unit_60b9ff0b91933368','host_resource_60b9da7b78f4eeb5','10002','10002','1','1','10','','','appdep','','[{\"name\":,\"value\":}]','host_resource_60b9da7b78f4eeb5:10002','','','','','','','update',0,'2021-06-08 04:06:13','');
INSERT INTO `history_app_instance` (`id`, `guid`, `create_time`, `create_user`, `update_time`, `update_user`, `key_name`, `state`, `code`, `confirm_time`, `asset_id`, `name`, `unit`, `host_resource`, `port`, `monitor_port`, `cpu`, `memory`, `storage`, `deploy_package`, `deploy_package_url`, `deploy_user`, `deploy_user_password`, `variable_values`, `port_conflict`, `monitor_object_id`, `process_monitor_object_id`, `http_monitor_object_id`, `app_log_files`, `rw_dir`, `rw_file`, `history_action`, `history_state_confirmed`, `history_time`, `lb_listener_attach_asset_id`) VALUES (11,'app_instance_60ba00d8888a023b','2021-06-04 10:30:48','umadmin','2021-06-08 04:14:02','umadmin','PRD_DEMO_CORE_APP_democoreapp01_:10002','created_0','democoreapp01_:10002',NULL,'','democoreapp01','unit_60b9ff0b91933368','host_resource_60b9da7b3f34bb8d','10002','10002','1','1','10','deploy_package_60beea1e2b705cd8','','appdep','','[{\"name\":,\"value\":}]','host_resource_60b9da7b3f34bb8d:10002','','','','','','','update',0,'2021-06-08 04:14:02','');
INSERT INTO `history_app_instance` (`id`, `guid`, `create_time`, `create_user`, `update_time`, `update_user`, `key_name`, `state`, `code`, `confirm_time`, `asset_id`, `name`, `unit`, `host_resource`, `port`, `monitor_port`, `cpu`, `memory`, `storage`, `deploy_package`, `deploy_package_url`, `deploy_user`, `deploy_user_password`, `variable_values`, `port_conflict`, `monitor_object_id`, `process_monitor_object_id`, `http_monitor_object_id`, `app_log_files`, `rw_dir`, `rw_file`, `history_action`, `history_state_confirmed`, `history_time`, `lb_listener_attach_asset_id`) VALUES (12,'app_instance_60ba00f8229482ea','2021-06-04 10:31:20','umadmin','2021-06-08 04:14:02','umadmin','PRD_DEMO_CORE_APP_democoreapp02_:10002','created_0','democoreapp02_:10002',NULL,'','democoreapp02','unit_60b9ff0b91933368','host_resource_60b9da7b78f4eeb5','10002','10002','1','1','10','deploy_package_60beea1e2b705cd8','','appdep','','[{\"name\":,\"value\":}]','host_resource_60b9da7b78f4eeb5:10002','','','','','','','update',0,'2021-06-08 04:14:02','');
INSERT INTO `history_app_instance` (`id`, `guid`, `create_time`, `create_user`, `update_time`, `update_user`, `key_name`, `state`, `code`, `confirm_time`, `asset_id`, `name`, `unit`, `host_resource`, `port`, `monitor_port`, `cpu`, `memory`, `storage`, `deploy_package`, `deploy_package_url`, `deploy_user`, `deploy_user_password`, `variable_values`, `port_conflict`, `monitor_object_id`, `process_monitor_object_id`, `http_monitor_object_id`, `app_log_files`, `rw_dir`, `rw_file`, `history_action`, `history_state_confirmed`, `history_time`, `lb_listener_attach_asset_id`) VALUES (13,'app_instance_60ba00d8888a023b','2021-06-04 10:30:48','umadmin','2021-06-08 04:33:36','umadmin','PRD_DEMO_CORE_APP_democoreapp01_:10002','created_0','democoreapp01_:10002',NULL,'','democoreapp01','unit_60b9ff0b91933368','host_resource_60b9da7b3f34bb8d','10002','10002','1','1','10','deploy_package_60beea1e2b705cd8','','appdep','','[{\"name\":\"\",\"value\":\"\"}]','host_resource_60b9da7b3f34bb8d:10002','','','','','','','update',0,'2021-06-08 04:33:36','');
INSERT INTO `history_app_instance` (`id`, `guid`, `create_time`, `create_user`, `update_time`, `update_user`, `key_name`, `state`, `code`, `confirm_time`, `asset_id`, `name`, `unit`, `host_resource`, `port`, `monitor_port`, `cpu`, `memory`, `storage`, `deploy_package`, `deploy_package_url`, `deploy_user`, `deploy_user_password`, `variable_values`, `port_conflict`, `monitor_object_id`, `process_monitor_object_id`, `http_monitor_object_id`, `app_log_files`, `rw_dir`, `rw_file`, `history_action`, `history_state_confirmed`, `history_time`, `lb_listener_attach_asset_id`) VALUES (14,'app_instance_60b9fd7b4c491b53','2021-06-04 10:16:27','umadmin','2021-06-08 04:06:02','umadmin','PRD_UM_AUTH_APP_umauthapp01_:10001','created_0','umauthapp01_:10001',NULL,'','umauthapp01','unit_60b9fd000623ac5b','host_resource_60b9da7b3f34bb8d','10001','10001','1','2','10','','','appdep','','[{\"name\":\"\",\"value\":\"\"}]','host_resource_60b9da7b3f34bb8d:10001','','','','','','','autofill',0,'2021-06-08 04:38:33','');
INSERT INTO `history_app_instance` (`id`, `guid`, `create_time`, `create_user`, `update_time`, `update_user`, `key_name`, `state`, `code`, `confirm_time`, `asset_id`, `name`, `unit`, `host_resource`, `port`, `monitor_port`, `cpu`, `memory`, `storage`, `deploy_package`, `deploy_package_url`, `deploy_user`, `deploy_user_password`, `variable_values`, `port_conflict`, `monitor_object_id`, `process_monitor_object_id`, `http_monitor_object_id`, `app_log_files`, `rw_dir`, `rw_file`, `history_action`, `history_state_confirmed`, `history_time`, `lb_listener_attach_asset_id`) VALUES (15,'app_instance_60b9fe027e756230','2021-06-04 10:18:42','umadmin','2021-06-08 04:05:48','umadmin','PRD_UM_AUTH_APP_umauthapp02_:10001','created_0','umauthapp02_:10001',NULL,'','umauthapp02','unit_60b9fd000623ac5b','host_resource_60b9da7b78f4eeb5','10001','10002','1','2','10','','','appdep','','[{\"name\":\"\",\"value\":\"\"}]','host_resource_60b9da7b78f4eeb5:10001','','','','','','','autofill',0,'2021-06-08 04:38:33','');
INSERT INTO `history_app_instance` (`id`, `guid`, `create_time`, `create_user`, `update_time`, `update_user`, `key_name`, `state`, `code`, `confirm_time`, `asset_id`, `name`, `unit`, `host_resource`, `port`, `monitor_port`, `cpu`, `memory`, `storage`, `deploy_package`, `deploy_package_url`, `deploy_user`, `deploy_user_password`, `variable_values`, `port_conflict`, `monitor_object_id`, `process_monitor_object_id`, `http_monitor_object_id`, `app_log_files`, `rw_dir`, `rw_file`, `history_action`, `history_state_confirmed`, `history_time`, `lb_listener_attach_asset_id`) VALUES (16,'app_instance_60b9fd7b4c491b53','2021-06-04 10:16:27','umadmin','2021-06-08 05:16:04','umadmin','PRD_UM_AUTH_APP_umauthapp01_:10001','created_0','umauthapp01_:10001',NULL,'','umauthapp01','unit_60b9fd000623ac5b','host_resource_60b9da7b3f34bb8d','10001','10001','1','2','10','','','appdep','','[{\"name\":\"\",\"value\":\"\"}]','host_resource_60b9da7b3f34bb8d:10001','','','','','','','update',0,'2021-06-08 05:16:04','');
INSERT INTO `history_app_instance` (`id`, `guid`, `create_time`, `create_user`, `update_time`, `update_user`, `key_name`, `state`, `code`, `confirm_time`, `asset_id`, `name`, `unit`, `host_resource`, `port`, `monitor_port`, `cpu`, `memory`, `storage`, `deploy_package`, `deploy_package_url`, `deploy_user`, `deploy_user_password`, `variable_values`, `port_conflict`, `monitor_object_id`, `process_monitor_object_id`, `http_monitor_object_id`, `app_log_files`, `rw_dir`, `rw_file`, `history_action`, `history_state_confirmed`, `history_time`, `lb_listener_attach_asset_id`) VALUES (17,'app_instance_60ba00d8888a023b','2021-06-04 10:30:48','umadmin','2021-06-08 05:16:34','umadmin','PRD_DEMO_CORE_APP_democoreapp01_:10002','created_0','democoreapp01_:10002',NULL,'','democoreapp01','unit_60b9ff0b91933368','host_resource_60b9da7b3f34bb8d','10002','10002','1','1','10','deploy_package_60beea1e2b705cd8','','appdep','','[{\"name\":\"\",\"value\":\"\"}]','host_resource_60b9da7b3f34bb8d:10002','','','','','','','update',0,'2021-06-08 05:16:34','');
INSERT INTO `history_app_instance` (`id`, `guid`, `create_time`, `create_user`, `update_time`, `update_user`, `key_name`, `state`, `code`, `confirm_time`, `asset_id`, `name`, `unit`, `host_resource`, `port`, `monitor_port`, `cpu`, `memory`, `storage`, `deploy_package`, `deploy_package_url`, `deploy_user`, `deploy_user_password`, `variable_values`, `port_conflict`, `monitor_object_id`, `process_monitor_object_id`, `http_monitor_object_id`, `app_log_files`, `rw_dir`, `rw_file`, `history_action`, `history_state_confirmed`, `history_time`, `lb_listener_attach_asset_id`) VALUES (18,'app_instance_60ba00d8888a023b','2021-06-04 10:30:48','umadmin','2021-06-08 05:24:52','umadmin','PRD_DEMO_CORE_APP_democoreapp01_:10002','created_0','democoreapp01_:10002',NULL,'','democoreapp01','unit_60b9ff0b91933368','host_resource_60b9da7b3f34bb8d','10002','10002','1','1','10','deploy_package_60beea1e2b705cd8','','appdep','','[{\"name\":\"\",\"value\":\"\"}]','host_resource_60b9da7b3f34bb8d:10002','','','','','','','update',0,'2021-06-08 05:24:52','');
INSERT INTO `history_app_instance` (`id`, `guid`, `create_time`, `create_user`, `update_time`, `update_user`, `key_name`, `state`, `code`, `confirm_time`, `asset_id`, `name`, `unit`, `host_resource`, `port`, `monitor_port`, `cpu`, `memory`, `storage`, `deploy_package`, `deploy_package_url`, `deploy_user`, `deploy_user_password`, `variable_values`, `port_conflict`, `monitor_object_id`, `process_monitor_object_id`, `http_monitor_object_id`, `app_log_files`, `rw_dir`, `rw_file`, `history_action`, `history_state_confirmed`, `history_time`, `lb_listener_attach_asset_id`) VALUES (19,'app_instance_60ba00d8888a023b','2021-06-04 10:30:48','umadmin','2021-06-08 05:33:53','umadmin','PRD_DEMO_CORE_APP_democoreapp01_:10002','created_0','democoreapp01_:10002',NULL,'','democoreapp01','unit_60b9ff0b91933368','host_resource_60b9da7b3f34bb8d','10002','10002','1','1','10','deploy_package_60beea1e2b705cd8','','appdep','','[{\"name\":\"\",\"value\":\"\"}]','host_resource_60b9da7b3f34bb8d:10002','','','','','','','update',0,'2021-06-08 05:33:53','');
INSERT INTO `history_app_instance` (`id`, `guid`, `create_time`, `create_user`, `update_time`, `update_user`, `key_name`, `state`, `code`, `confirm_time`, `asset_id`, `name`, `unit`, `host_resource`, `port`, `monitor_port`, `cpu`, `memory`, `storage`, `deploy_package`, `deploy_package_url`, `deploy_user`, `deploy_user_password`, `variable_values`, `port_conflict`, `monitor_object_id`, `process_monitor_object_id`, `http_monitor_object_id`, `app_log_files`, `rw_dir`, `rw_file`, `history_action`, `history_state_confirmed`, `history_time`, `lb_listener_attach_asset_id`) VALUES (20,'app_instance_60ba00d8888a023b','2021-06-04 10:30:48','umadmin','2021-06-08 06:13:52','umadmin','PRD_DEMO_CORE_APP_democoreapp01_:10002','created_0','democoreapp01_:10002',NULL,'','democoreapp01','unit_60b9ff0b91933368','host_resource_60b9da7b3f34bb8d','10002','10002','1','1','10','deploy_package_60beea1e2b705cd8','','appdep','','[[{\"name\":\"MYSQL_SCHEMA\",\"value\":\"\"}],[{\"name\":\"MYSQL_USERNAME\",\"value\":\"\"}],[{\"name\":\"LISTEN_PORT\",\"value\":\"\"}],[{\"name\":\"MYSQL_PASSWORD\",\"value\":\"&\"}],[{\"name\":\"MYSQL_PORT\",\"value\":\"\"}],[{\"name\":\"MYSQL_HOST\",\"value\":\"\"}],[{\"name\":\"UM_AUTH_PORT\",\"value\":\"\"}],[{\"name\":\"UM_AUTH_HOST\",\"value\":\"\"}]]','host_resource_60b9da7b3f34bb8d:10002','','','','','','','update',0,'2021-06-08 06:13:52','');
INSERT INTO `history_app_instance` (`id`, `guid`, `create_time`, `create_user`, `update_time`, `update_user`, `key_name`, `state`, `code`, `confirm_time`, `asset_id`, `name`, `unit`, `host_resource`, `port`, `monitor_port`, `cpu`, `memory`, `storage`, `deploy_package`, `deploy_package_url`, `deploy_user`, `deploy_user_password`, `variable_values`, `port_conflict`, `monitor_object_id`, `process_monitor_object_id`, `http_monitor_object_id`, `app_log_files`, `rw_dir`, `rw_file`, `history_action`, `history_state_confirmed`, `history_time`, `lb_listener_attach_asset_id`) VALUES (21,'app_instance_60ba00d8888a023b','2021-06-04 10:30:48','umadmin','2021-06-08 06:16:07','umadmin','PRD_DEMO_CORE_APP_democoreapp01_:10002','created_0','democoreapp01_:10002',NULL,'','democoreapp01','unit_60b9ff0b91933368','host_resource_60b9da7b3f34bb8d','10002','10002','1','1','10','deploy_package_60beea1e2b705cd8','','appdep','','[{\"name\":\"MYSQL_SCHEMA,MYSQL_USERNAME,LISTEN_PORT,MYSQL_PASSWORD,MYSQL_PORT,MYSQL_HOST,UM_AUTH_PORT,UM_AUTH_HOST\",\"value\":\",,,&,,,,\"}]','host_resource_60b9da7b3f34bb8d:10002','','','','','','','update',0,'2021-06-08 06:16:07','');
INSERT INTO `history_app_instance` (`id`, `guid`, `create_time`, `create_user`, `update_time`, `update_user`, `key_name`, `state`, `code`, `confirm_time`, `asset_id`, `name`, `unit`, `host_resource`, `port`, `monitor_port`, `cpu`, `memory`, `storage`, `deploy_package`, `deploy_package_url`, `deploy_user`, `deploy_user_password`, `variable_values`, `port_conflict`, `monitor_object_id`, `process_monitor_object_id`, `http_monitor_object_id`, `app_log_files`, `rw_dir`, `rw_file`, `history_action`, `history_state_confirmed`, `history_time`, `lb_listener_attach_asset_id`) VALUES (22,'app_instance_60ba00d8888a023b','2021-06-04 10:30:48','umadmin','2021-06-08 06:29:31','umadmin','PRD_DEMO_CORE_APP_democoreapp01_:10002','created_0','democoreapp01_:10002',NULL,'','democoreapp01','unit_60b9ff0b91933368','host_resource_60b9da7b3f34bb8d','10002','10002','1','1','10','deploy_package_60beea1e2b705cd8','','appdep','','[{\"name\":\"MYSQL_SCHEMA,MYSQL_USERNAME,LISTEN_PORT,MYSQL_PASSWORD,MYSQL_PORT,MYSQL_HOST,UM_AUTH_PORT,UM_AUTH_HOST\",\"value\":\"[umdb,demodb],[umdbuser,demedbuser],[10001,10001,10002,10002,10001,10001],[&rdb_instance_60b9fe70db33d00b,&rdb_instance_60ba01878db2a5ed,&rdb_instance_60b9fe70db33d00b,&rdb_instance_60ba01878db2a5ed],[3306,3306],,[80,80],[,]\"}]','host_resource_60b9da7b3f34bb8d:10002','','','','','','','update',0,'2021-06-08 06:29:31','');
INSERT INTO `history_app_instance` (`id`, `guid`, `create_time`, `create_user`, `update_time`, `update_user`, `key_name`, `state`, `code`, `confirm_time`, `asset_id`, `name`, `unit`, `host_resource`, `port`, `monitor_port`, `cpu`, `memory`, `storage`, `deploy_package`, `deploy_package_url`, `deploy_user`, `deploy_user_password`, `variable_values`, `port_conflict`, `monitor_object_id`, `process_monitor_object_id`, `http_monitor_object_id`, `app_log_files`, `rw_dir`, `rw_file`, `history_action`, `history_state_confirmed`, `history_time`, `lb_listener_attach_asset_id`) VALUES (23,'app_instance_60ba00d8888a023b','2021-06-04 10:30:48','umadmin','2021-06-08 06:38:04','umadmin','PRD_DEMO_CORE_APP_democoreapp01_:10002','created_0','democoreapp01_:10002',NULL,'','democoreapp01','unit_60b9ff0b91933368','host_resource_60b9da7b3f34bb8d','10002','10002','1','1','10','deploy_package_60beea1e2b705cd8','','appdep','','[{\"name\":\"MYSQL_SCHEMA,MYSQL_USERNAME,LISTEN_PORT,MYSQL_PASSWORD,MYSQL_PORT,MYSQL_HOST,UM_AUTH_PORT,UM_AUTH_HOST\",\"value\":\"demodb,demedbuser,10002,&rdb_instance_60ba01878db2a5ed,3306,,[80,80],[,]\"}]','host_resource_60b9da7b3f34bb8d:10002','','','','','','','update',0,'2021-06-08 06:38:04','');
INSERT INTO `history_app_instance` (`id`, `guid`, `create_time`, `create_user`, `update_time`, `update_user`, `key_name`, `state`, `code`, `confirm_time`, `asset_id`, `name`, `unit`, `host_resource`, `port`, `monitor_port`, `cpu`, `memory`, `storage`, `deploy_package`, `deploy_package_url`, `deploy_user`, `deploy_user_password`, `variable_values`, `port_conflict`, `monitor_object_id`, `process_monitor_object_id`, `http_monitor_object_id`, `app_log_files`, `rw_dir`, `rw_file`, `history_action`, `history_state_confirmed`, `history_time`, `lb_listener_attach_asset_id`) VALUES (24,'app_instance_60ba00d8888a023b','2021-06-04 10:30:48','umadmin','2021-06-08 06:41:58','umadmin','PRD_DEMO_CORE_APP_democoreapp01_:10002','created_0','democoreapp01_:10002',NULL,'','democoreapp01','unit_60b9ff0b91933368','host_resource_60b9da7b3f34bb8d','10002','10002','1','1','10','deploy_package_60beea1e2b705cd8','','appdep','','[[{\"name\":\"MYSQL_SCHEMA\",\"value\":\"demodb\"}],[{\"name\":\"MYSQL_USERNAME\",\"value\":\"demedbuser\"}],[{\"name\":\"LISTEN_PORT\",\"value\":\"10002\"}],[{\"name\":\"MYSQL_PASSWORD\",\"value\":\"&rdb_instance_60ba01878db2a5ed\"}],[{\"name\":\"MYSQL_PORT\",\"value\":\"3306\"}],[{\"name\":\"MYSQL_HOST\",\"value\":\"\"}],[{\"name\":\"UM_AUTH_PORT\",\"value\":\"[80,80]\"}],[{\"name\":\"UM_AUTH_HOST\",\"value\":\"[,]\"}]]','host_resource_60b9da7b3f34bb8d:10002','','','','','','','update',0,'2021-06-08 06:41:58','');
INSERT INTO `history_app_instance` (`id`, `guid`, `create_time`, `create_user`, `update_time`, `update_user`, `key_name`, `state`, `code`, `confirm_time`, `asset_id`, `name`, `unit`, `host_resource`, `port`, `monitor_port`, `cpu`, `memory`, `storage`, `deploy_package`, `deploy_package_url`, `deploy_user`, `deploy_user_password`, `variable_values`, `port_conflict`, `monitor_object_id`, `process_monitor_object_id`, `http_monitor_object_id`, `app_log_files`, `rw_dir`, `rw_file`, `history_action`, `history_state_confirmed`, `history_time`, `lb_listener_attach_asset_id`) VALUES (25,'app_instance_60ba00d8888a023b','2021-06-04 10:30:48','umadmin','2021-06-08 06:44:26','umadmin','PRD_DEMO_CORE_APP_democoreapp01_:10002','created_0','democoreapp01_:10002',NULL,'','democoreapp01','unit_60b9ff0b91933368','host_resource_60b9da7b3f34bb8d','10002','10002','1','1','10','deploy_package_60beea1e2b705cd8','','appdep','','[{\"name\":\"MYSQL_SCHEMA\",\"value\":\"demodb\"},{\"name\":\"MYSQL_USERNAME\",\"value\":\"demedbuser\"},{\"name\":\"LISTEN_PORT\",\"value\":\"10002\"},{\"name\":\"MYSQL_PASSWORD\",\"value\":\"&rdb_instance_60ba01878db2a5ed\"},{\"name\":\"MYSQL_PORT\",\"value\":\"3306\"},{\"name\":\"MYSQL_HOST\",\"value\":\"\"},{\"name\":\"UM_AUTH_PORT\",\"value\":\"[80,80]\"},{\"name\":\"UM_AUTH_HOST\",\"value\":\"[,]\"}]','host_resource_60b9da7b3f34bb8d:10002','','','','','','','update',0,'2021-06-08 06:44:26','');
INSERT INTO `history_app_instance` (`id`, `guid`, `create_time`, `create_user`, `update_time`, `update_user`, `key_name`, `state`, `code`, `confirm_time`, `asset_id`, `name`, `unit`, `host_resource`, `port`, `monitor_port`, `cpu`, `memory`, `storage`, `deploy_package`, `deploy_package_url`, `deploy_user`, `deploy_user_password`, `variable_values`, `port_conflict`, `monitor_object_id`, `process_monitor_object_id`, `http_monitor_object_id`, `app_log_files`, `rw_dir`, `rw_file`, `history_action`, `history_state_confirmed`, `history_time`, `lb_listener_attach_asset_id`) VALUES (26,'app_instance_60ba00d8888a023b','2021-06-04 10:30:48','umadmin','2021-06-08 06:44:26','umadmin','PRD_DEMO_CORE_APP_democoreapp01_:10002','created_0','democoreapp01_:10002',NULL,'','democoreapp01','unit_60b9ff0b91933368','host_resource_60b9da7b3f34bb8d','10002','10002','1','1','10','deploy_package_60beea1e2b705cd8','','appdep','','[{\"name\":\"MYSQL_SCHEMA\",\"value\":\"demodb\"},{\"name\":\"MYSQL_USERNAME\",\"value\":\"demedbuser\"},{\"name\":\"LISTEN_PORT\",\"value\":\"10002\"},{\"name\":\"MYSQL_PASSWORD\",\"value\":\"\"},{\"name\":\"MYSQL_PORT\",\"value\":\"3306\"},{\"name\":\"MYSQL_HOST\",\"value\":\"\"},{\"name\":\"UM_AUTH_PORT\",\"value\":\"[80,80]\"},{\"name\":\"UM_AUTH_HOST\",\"value\":\"[,]\"}]','host_resource_60b9da7b3f34bb8d:10002','','','','','','','autofill',0,'2021-06-08 06:45:40','');
INSERT INTO `history_app_instance` (`id`, `guid`, `create_time`, `create_user`, `update_time`, `update_user`, `key_name`, `state`, `code`, `confirm_time`, `asset_id`, `name`, `unit`, `host_resource`, `port`, `monitor_port`, `cpu`, `memory`, `storage`, `deploy_package`, `deploy_package_url`, `deploy_user`, `deploy_user_password`, `variable_values`, `port_conflict`, `monitor_object_id`, `process_monitor_object_id`, `http_monitor_object_id`, `app_log_files`, `rw_dir`, `rw_file`, `history_action`, `history_state_confirmed`, `history_time`, `lb_listener_attach_asset_id`) VALUES (27,'app_instance_60ba00f8229482ea','2021-06-04 10:31:20','umadmin','2021-06-08 04:14:02','umadmin','PRD_DEMO_CORE_APP_democoreapp02_:10002','created_0','democoreapp02_:10002',NULL,'','democoreapp02','unit_60b9ff0b91933368','host_resource_60b9da7b78f4eeb5','10002','10002','1','1','10','deploy_package_60beea1e2b705cd8','','appdep','','[{\"name\":\"MYSQL_SCHEMA\",\"value\":\"demodb\"},{\"name\":\"MYSQL_USERNAME\",\"value\":\"demedbuser\"},{\"name\":\"LISTEN_PORT\",\"value\":\"10002\"},{\"name\":\"MYSQL_PASSWORD\",\"value\":\"\"},{\"name\":\"MYSQL_PORT\",\"value\":\"3306\"},{\"name\":\"MYSQL_HOST\",\"value\":\"\"},{\"name\":\"UM_AUTH_PORT\",\"value\":\"[80,80]\"},{\"name\":\"UM_AUTH_HOST\",\"value\":\"[,]\"}]','host_resource_60b9da7b78f4eeb5:10002','','','','','','','autofill',0,'2021-06-08 06:45:40','');
INSERT INTO `history_app_instance` (`id`, `guid`, `create_time`, `create_user`, `update_time`, `update_user`, `key_name`, `state`, `code`, `confirm_time`, `asset_id`, `name`, `unit`, `host_resource`, `port`, `monitor_port`, `cpu`, `memory`, `storage`, `deploy_package`, `deploy_package_url`, `deploy_user`, `deploy_user_password`, `variable_values`, `port_conflict`, `monitor_object_id`, `process_monitor_object_id`, `http_monitor_object_id`, `app_log_files`, `rw_dir`, `rw_file`, `history_action`, `history_state_confirmed`, `history_time`, `lb_listener_attach_asset_id`) VALUES (28,'app_instance_60ba00d8888a023b','2021-06-04 10:30:48','umadmin','2021-06-08 06:46:32','umadmin','PRD_DEMO_CORE_APP_democoreapp01_:10002','created_0','democoreapp01_:10002',NULL,'','democoreapp01','unit_60b9ff0b91933368','host_resource_60b9da7b3f34bb8d','10002','10002','1','1','10','deploy_package_60beea1e2b705cd8','','appdep','','[{\"name\":\"MYSQL_SCHEMA\",\"value\":\"demodb\"},{\"name\":\"MYSQL_USERNAME\",\"value\":\"demedbuser\"},{\"name\":\"LISTEN_PORT\",\"value\":\"10002\"},{\"name\":\"MYSQL_PASSWORD\",\"value\":\"\"},{\"name\":\"MYSQL_PORT\",\"value\":\"3306\"},{\"name\":\"MYSQL_HOST\",\"value\":\"\"},{\"name\":\"UM_AUTH_PORT\",\"value\":\"[80,80]\"},{\"name\":\"UM_AUTH_HOST\",\"value\":\"[,]\"}]','host_resource_60b9da7b3f34bb8d:10002','','','','','','','update',0,'2021-06-08 06:46:32','');
INSERT INTO `history_app_instance` (`id`, `guid`, `create_time`, `create_user`, `update_time`, `update_user`, `key_name`, `state`, `code`, `confirm_time`, `asset_id`, `name`, `unit`, `host_resource`, `port`, `monitor_port`, `cpu`, `memory`, `storage`, `deploy_package`, `deploy_package_url`, `deploy_user`, `deploy_user_password`, `variable_values`, `port_conflict`, `monitor_object_id`, `process_monitor_object_id`, `http_monitor_object_id`, `app_log_files`, `rw_dir`, `rw_file`, `history_action`, `history_state_confirmed`, `history_time`, `lb_listener_attach_asset_id`) VALUES (29,'app_instance_60ba00d8888a023b','2021-06-04 10:30:48','umadmin','2021-06-08 06:47:04','umadmin','PRD_DEMO_CORE_APP_democoreapp01_:10002','created_0','democoreapp01_:10002',NULL,'','democoreapp01','unit_60b9ff0b91933368','host_resource_60b9da7b3f34bb8d','10002','10002','1','1','10','deploy_package_60beea1e2b705cd8','','appdep','','[{\"name\":\"MYSQL_SCHEMA\",\"value\":\"demodb\"},{\"name\":\"MYSQL_USERNAME\",\"value\":\"demedbuser\"},{\"name\":\"LISTEN_PORT\",\"value\":\"10002\"},{\"name\":\"MYSQL_PASSWORD\",\"value\":\"\"},{\"name\":\"MYSQL_PORT\",\"value\":\"3306\"},{\"name\":\"MYSQL_HOST\",\"value\":\"\"},{\"name\":\"UM_AUTH_PORT\",\"value\":\"[80,80]\"},{\"name\":\"UM_AUTH_HOST\",\"value\":\"[,]\"}]','host_resource_60b9da7b3f34bb8d:10002','','','','','','','update',0,'2021-06-08 06:47:04','');
INSERT INTO `history_app_instance` (`id`, `guid`, `create_time`, `create_user`, `update_time`, `update_user`, `key_name`, `state`, `code`, `confirm_time`, `asset_id`, `name`, `unit`, `host_resource`, `port`, `monitor_port`, `cpu`, `memory`, `storage`, `deploy_package`, `deploy_package_url`, `deploy_user`, `deploy_user_password`, `variable_values`, `port_conflict`, `monitor_object_id`, `process_monitor_object_id`, `http_monitor_object_id`, `app_log_files`, `rw_dir`, `rw_file`, `history_action`, `history_state_confirmed`, `history_time`, `lb_listener_attach_asset_id`) VALUES (30,'app_instance_60ba00d8888a023b','2021-06-04 10:30:48','umadmin','2021-06-08 06:50:08','umadmin','PRD_DEMO_CORE_APP_democoreapp01_:10002','created_0','democoreapp01_:10002',NULL,'','democoreapp01','unit_60b9ff0b91933368','host_resource_60b9da7b3f34bb8d','10002','10002','1','1','10','deploy_package_60beea1e2b705cd8','','appdep','','[{\"name\":\"MYSQL_SCHEMA\",\"value\":\"demodb\"},{\"name\":\"MYSQL_USERNAME\",\"value\":\"demedbuser\"},{\"name\":\"LISTEN_PORT\",\"value\":\"10002\"},{\"name\":\"MYSQL_PASSWORD\",\"value\":\"\"},{\"name\":\"MYSQL_PORT\",\"value\":\"3306\"},{\"name\":\"MYSQL_HOST\",\"value\":\"\"},{\"name\":\"UM_AUTH_PORT\",\"value\":\"80\"},{\"name\":\"UM_AUTH_HOST\",\"value\":\"\"}]','host_resource_60b9da7b3f34bb8d:10002','','','','','','','update',0,'2021-06-08 06:50:08','');
INSERT INTO `history_app_instance` (`id`, `guid`, `create_time`, `create_user`, `update_time`, `update_user`, `key_name`, `state`, `code`, `confirm_time`, `asset_id`, `name`, `unit`, `host_resource`, `port`, `monitor_port`, `cpu`, `memory`, `storage`, `deploy_package`, `deploy_package_url`, `deploy_user`, `deploy_user_password`, `variable_values`, `port_conflict`, `monitor_object_id`, `process_monitor_object_id`, `http_monitor_object_id`, `app_log_files`, `rw_dir`, `rw_file`, `history_action`, `history_state_confirmed`, `history_time`, `lb_listener_attach_asset_id`) VALUES (31,'app_instance_60ba00f8229482ea','2021-06-04 10:31:20','umadmin','2021-06-08 06:50:08','umadmin','PRD_DEMO_CORE_APP_democoreapp02_:10002','created_0','democoreapp02_:10002',NULL,'','democoreapp02','unit_60b9ff0b91933368','host_resource_60b9da7b78f4eeb5','10002','10002','1','1','10','deploy_package_60beea1e2b705cd8','','appdep','','[{\"name\":\"MYSQL_SCHEMA\",\"value\":\"demodb\"},{\"name\":\"MYSQL_USERNAME\",\"value\":\"demedbuser\"},{\"name\":\"LISTEN_PORT\",\"value\":\"10002\"},{\"name\":\"MYSQL_PASSWORD\",\"value\":\"\"},{\"name\":\"MYSQL_PORT\",\"value\":\"3306\"},{\"name\":\"MYSQL_HOST\",\"value\":\"\"},{\"name\":\"UM_AUTH_PORT\",\"value\":\"80\"},{\"name\":\"UM_AUTH_HOST\",\"value\":\"\"}]','host_resource_60b9da7b78f4eeb5:10002','','','','','','','update',0,'2021-06-08 06:50:08','');
INSERT INTO `history_app_instance` (`id`, `guid`, `create_time`, `create_user`, `update_time`, `update_user`, `key_name`, `state`, `code`, `confirm_time`, `asset_id`, `name`, `unit`, `host_resource`, `port`, `monitor_port`, `cpu`, `memory`, `storage`, `deploy_package`, `deploy_package_url`, `deploy_user`, `deploy_user_password`, `variable_values`, `port_conflict`, `monitor_object_id`, `process_monitor_object_id`, `http_monitor_object_id`, `app_log_files`, `rw_dir`, `rw_file`, `history_action`, `history_state_confirmed`, `history_time`, `lb_listener_attach_asset_id`) VALUES (32,'app_instance_60b9fd7b4c491b53','2021-06-04 10:16:27','umadmin','2021-06-08 06:52:41','umadmin','PRD_UM_AUTH_APP_umauthapp01_:10001','created_0','umauthapp01_:10001',NULL,'','umauthapp01','unit_60b9fd000623ac5b','host_resource_60b9da7b3f34bb8d','10001','10001','1','2','10','deploy_package_60bee893e9f52773','','appdep','','[{\"name\":\"MYSQL_SCHEMA\",\"value\":\"umdb\"},{\"name\":\"LISTEN_PORT\",\"value\":\"10001\"},{\"name\":\"MYSQL_USERNAME\",\"value\":\"umdbuser\"},{\"name\":\"MYSQL_PORT\",\"value\":\"3306\"},{\"name\":\"MYSQL_PASSWORD\",\"value\":\"\"},{\"name\":\"MYSQL_HOST\",\"value\":\"\"}]','host_resource_60b9da7b3f34bb8d:10001','','','','','','','update',0,'2021-06-08 06:52:41','');
INSERT INTO `history_app_instance` (`id`, `guid`, `create_time`, `create_user`, `update_time`, `update_user`, `key_name`, `state`, `code`, `confirm_time`, `asset_id`, `name`, `unit`, `host_resource`, `port`, `monitor_port`, `cpu`, `memory`, `storage`, `deploy_package`, `deploy_package_url`, `deploy_user`, `deploy_user_password`, `variable_values`, `port_conflict`, `monitor_object_id`, `process_monitor_object_id`, `http_monitor_object_id`, `app_log_files`, `rw_dir`, `rw_file`, `history_action`, `history_state_confirmed`, `history_time`, `lb_listener_attach_asset_id`) VALUES (33,'app_instance_60b9fe027e756230','2021-06-04 10:18:42','umadmin','2021-06-08 06:52:41','umadmin','PRD_UM_AUTH_APP_umauthapp02_:10001','created_0','umauthapp02_:10001',NULL,'','umauthapp02','unit_60b9fd000623ac5b','host_resource_60b9da7b78f4eeb5','10001','10002','1','2','10','deploy_package_60bee893e9f52773','','appdep','','[{\"name\":\"MYSQL_SCHEMA\",\"value\":\"umdb\"},{\"name\":\"LISTEN_PORT\",\"value\":\"10001\"},{\"name\":\"MYSQL_USERNAME\",\"value\":\"umdbuser\"},{\"name\":\"MYSQL_PORT\",\"value\":\"3306\"},{\"name\":\"MYSQL_PASSWORD\",\"value\":\"\"},{\"name\":\"MYSQL_HOST\",\"value\":\"\"}]','host_resource_60b9da7b78f4eeb5:10001','','','','','','','update',0,'2021-06-08 06:52:41','');
INSERT INTO `history_app_instance` (`id`, `guid`, `create_time`, `create_user`, `update_time`, `update_user`, `key_name`, `state`, `code`, `confirm_time`, `asset_id`, `name`, `unit`, `host_resource`, `port`, `monitor_port`, `cpu`, `memory`, `storage`, `deploy_package`, `deploy_package_url`, `deploy_user`, `deploy_user_password`, `variable_values`, `port_conflict`, `monitor_object_id`, `process_monitor_object_id`, `http_monitor_object_id`, `app_log_files`, `rw_dir`, `rw_file`, `history_action`, `history_state_confirmed`, `history_time`, `lb_listener_attach_asset_id`) VALUES (34,'app_instance_60ba00d8888a023b','2021-06-04 10:30:48','umadmin','2021-06-08 06:52:41','umadmin','PRD_DEMO_CORE_APP_democoreapp01_:10002','created_0','democoreapp01_:10002',NULL,'','democoreapp01','unit_60b9ff0b91933368','host_resource_60b9da7b3f34bb8d','10002','10002','1','1','10','deploy_package_60beea1e2b705cd8','','appdep','','[{\"name\":\"MYSQL_SCHEMA\",\"value\":\"demodb\"},{\"name\":\"MYSQL_USERNAME\",\"value\":\"demedbuser\"},{\"name\":\"LISTEN_PORT\",\"value\":\"10002\"},{\"name\":\"MYSQL_PASSWORD\",\"value\":\"\"},{\"name\":\"MYSQL_PORT\",\"value\":\"3306\"},{\"name\":\"MYSQL_HOST\",\"value\":\"\"},{\"name\":\"UM_AUTH_PORT\",\"value\":\"80\"},{\"name\":\"UM_AUTH_HOST\",\"value\":\"\"}]','host_resource_60b9da7b3f34bb8d:10002','','','','','','','update',0,'2021-06-08 06:52:41','');
INSERT INTO `history_app_instance` (`id`, `guid`, `create_time`, `create_user`, `update_time`, `update_user`, `key_name`, `state`, `code`, `confirm_time`, `asset_id`, `name`, `unit`, `host_resource`, `port`, `monitor_port`, `cpu`, `memory`, `storage`, `deploy_package`, `deploy_package_url`, `deploy_user`, `deploy_user_password`, `variable_values`, `port_conflict`, `monitor_object_id`, `process_monitor_object_id`, `http_monitor_object_id`, `app_log_files`, `rw_dir`, `rw_file`, `history_action`, `history_state_confirmed`, `history_time`, `lb_listener_attach_asset_id`) VALUES (35,'app_instance_60ba00f8229482ea','2021-06-04 10:31:20','umadmin','2021-06-08 06:52:41','umadmin','PRD_DEMO_CORE_APP_democoreapp02_:10002','created_0','democoreapp02_:10002',NULL,'','democoreapp02','unit_60b9ff0b91933368','host_resource_60b9da7b78f4eeb5','10002','10002','1','1','10','deploy_package_60beea1e2b705cd8','','appdep','','[{\"name\":\"MYSQL_SCHEMA\",\"value\":\"demodb\"},{\"name\":\"MYSQL_USERNAME\",\"value\":\"demedbuser\"},{\"name\":\"LISTEN_PORT\",\"value\":\"10002\"},{\"name\":\"MYSQL_PASSWORD\",\"value\":\"\"},{\"name\":\"MYSQL_PORT\",\"value\":\"3306\"},{\"name\":\"MYSQL_HOST\",\"value\":\"\"},{\"name\":\"UM_AUTH_PORT\",\"value\":\"80\"},{\"name\":\"UM_AUTH_HOST\",\"value\":\"\"}]','host_resource_60b9da7b78f4eeb5:10002','','','','','','','update',0,'2021-06-08 06:52:41','');
INSERT INTO `history_app_instance` (`id`, `guid`, `create_time`, `create_user`, `update_time`, `update_user`, `key_name`, `state`, `code`, `confirm_time`, `asset_id`, `name`, `unit`, `host_resource`, `port`, `monitor_port`, `cpu`, `memory`, `storage`, `deploy_package`, `deploy_package_url`, `deploy_user`, `deploy_user_password`, `variable_values`, `port_conflict`, `monitor_object_id`, `process_monitor_object_id`, `http_monitor_object_id`, `app_log_files`, `rw_dir`, `rw_file`, `history_action`, `history_state_confirmed`, `history_time`, `lb_listener_attach_asset_id`) VALUES (36,'app_instance_60ba01dd20606387','2021-06-04 10:35:09','umadmin','2021-06-08 06:52:41','umadmin','PRD_DEMO_PROXY_NGINX_nginx01_:10001','created_0','nginx01_:10001',NULL,'','nginx01','unit_60ba01a935209abb','host_resource_60b9da7b7ddef7f5','10001','10001','1','1','10','deploy_package_60beebfda4fcd35d','','appdep','','[{\"name\":\"LISTEN_PORT\",\"value\":\"10001\"},{\"name\":\"DEMO_CORE_HOST_1\",\"value\":\"\"},{\"name\":\"NGINX_ROOT_PATH\",\"value\":\"\"},{\"name\":\"DEMO_CORE_PORT_2\",\"value\":\"10002\"},{\"name\":\"DEMO_CORE_HOST_2\",\"value\":\"\"},{\"name\":\"DEMO_CORE_PORT_1\",\"value\":\"10002\"}]','host_resource_60b9da7b7ddef7f5:10001','','','','','','','update',0,'2021-06-08 06:52:41','');
INSERT INTO `history_app_instance` (`id`, `guid`, `create_time`, `create_user`, `update_time`, `update_user`, `key_name`, `state`, `code`, `confirm_time`, `asset_id`, `name`, `unit`, `host_resource`, `port`, `monitor_port`, `cpu`, `memory`, `storage`, `deploy_package`, `deploy_package_url`, `deploy_user`, `deploy_user_password`, `variable_values`, `port_conflict`, `monitor_object_id`, `process_monitor_object_id`, `http_monitor_object_id`, `app_log_files`, `rw_dir`, `rw_file`, `history_action`, `history_state_confirmed`, `history_time`, `lb_listener_attach_asset_id`) VALUES (37,'app_instance_60ba020112370bd6','2021-06-04 10:35:45','umadmin','2021-06-08 06:52:41','umadmin','PRD_DEMO_PROXY_NGINX_nginx02_:10001','created_0','nginx02_:10001',NULL,'','nginx02','unit_60ba01a935209abb','host_resource_60b9da7bb6ebcc06','10001','10001','1','1','10','deploy_package_60beebfda4fcd35d','','appdep','','[{\"name\":\"LISTEN_PORT\",\"value\":\"10001\"},{\"name\":\"DEMO_CORE_HOST_1\",\"value\":\"\"},{\"name\":\"NGINX_ROOT_PATH\",\"value\":\"\"},{\"name\":\"DEMO_CORE_PORT_2\",\"value\":\"10002\"},{\"name\":\"DEMO_CORE_HOST_2\",\"value\":\"\"},{\"name\":\"DEMO_CORE_PORT_1\",\"value\":\"10002\"}]','host_resource_60b9da7bb6ebcc06:10001','','','','','','','update',0,'2021-06-08 06:52:41','');
INSERT INTO `history_app_instance` (`id`, `guid`, `create_time`, `create_user`, `update_time`, `update_user`, `key_name`, `state`, `code`, `confirm_time`, `asset_id`, `name`, `unit`, `host_resource`, `port`, `monitor_port`, `cpu`, `memory`, `storage`, `deploy_package`, `deploy_package_url`, `deploy_user`, `deploy_user_password`, `variable_values`, `port_conflict`, `monitor_object_id`, `process_monitor_object_id`, `http_monitor_object_id`, `app_log_files`, `rw_dir`, `rw_file`, `history_action`, `history_state_confirmed`, `history_time`, `lb_listener_attach_asset_id`) VALUES (38,'app_instance_60ba00d8888a023b','2021-06-04 10:30:48','umadmin','2021-06-08 06:52:41','umadmin','PRD_DEMO_CORE_APP_democoreapp01_:10002','created_0','democoreapp01_:10002',NULL,'','democoreapp01','unit_60b9ff0b91933368','host_resource_60b9da7b3f34bb8d','10002','10002','1','1','10','deploy_package_60beea1e2b705cd8','','appdep','','[{\"name\":\"MYSQL_SCHEMA\",\"value\":\"demodb\"},{\"name\":\"MYSQL_USERNAME\",\"value\":\"demedbuser\"},{\"name\":\"LISTEN_PORT\",\"value\":\"10002\"},{\"name\":\"MYSQL_PASSWORD\",\"value\":\"\"},{\"name\":\"MYSQL_PORT\",\"value\":\"3306\"},{\"name\":\"MYSQL_HOST\",\"value\":\"\"},{\"name\":\"UM_AUTH_PORT\",\"value\":\"\"},{\"name\":\"UM_AUTH_HOST\",\"value\":\"\"}]','host_resource_60b9da7b3f34bb8d:10002','','','','','','','autofill',0,'2021-06-09 13:07:24','');
INSERT INTO `history_app_instance` (`id`, `guid`, `create_time`, `create_user`, `update_time`, `update_user`, `key_name`, `state`, `code`, `confirm_time`, `asset_id`, `name`, `unit`, `host_resource`, `port`, `monitor_port`, `cpu`, `memory`, `storage`, `deploy_package`, `deploy_package_url`, `deploy_user`, `deploy_user_password`, `variable_values`, `port_conflict`, `monitor_object_id`, `process_monitor_object_id`, `http_monitor_object_id`, `app_log_files`, `rw_dir`, `rw_file`, `history_action`, `history_state_confirmed`, `history_time`, `lb_listener_attach_asset_id`) VALUES (39,'app_instance_60ba00f8229482ea','2021-06-04 10:31:20','umadmin','2021-06-08 06:52:41','umadmin','PRD_DEMO_CORE_APP_democoreapp02_:10002','created_0','democoreapp02_:10002',NULL,'','democoreapp02','unit_60b9ff0b91933368','host_resource_60b9da7b78f4eeb5','10002','10002','1','1','10','deploy_package_60beea1e2b705cd8','','appdep','','[{\"name\":\"MYSQL_SCHEMA\",\"value\":\"demodb\"},{\"name\":\"MYSQL_USERNAME\",\"value\":\"demedbuser\"},{\"name\":\"LISTEN_PORT\",\"value\":\"10002\"},{\"name\":\"MYSQL_PASSWORD\",\"value\":\"\"},{\"name\":\"MYSQL_PORT\",\"value\":\"3306\"},{\"name\":\"MYSQL_HOST\",\"value\":\"\"},{\"name\":\"UM_AUTH_PORT\",\"value\":\"\"},{\"name\":\"UM_AUTH_HOST\",\"value\":\"\"}]','host_resource_60b9da7b78f4eeb5:10002','','','','','','','autofill',0,'2021-06-09 13:07:24','');
INSERT INTO `history_app_instance` (`id`, `guid`, `create_time`, `create_user`, `update_time`, `update_user`, `key_name`, `state`, `code`, `confirm_time`, `asset_id`, `name`, `unit`, `host_resource`, `port`, `monitor_port`, `cpu`, `memory`, `storage`, `deploy_package`, `deploy_package_url`, `deploy_user`, `deploy_user_password`, `variable_values`, `port_conflict`, `monitor_object_id`, `process_monitor_object_id`, `http_monitor_object_id`, `app_log_files`, `rw_dir`, `rw_file`, `history_action`, `history_state_confirmed`, `history_time`, `lb_listener_attach_asset_id`) VALUES (40,'app_instance_60ba00d8888a023b','2021-06-04 10:30:48','umadmin','2021-06-09 13:32:30','umadmin','PRD_DEMO_CORE_APP_democoreapp01_:10002','created_0','democoreapp01_:10002',NULL,'','democoreapp01','unit_60b9ff0b91933368','host_resource_60b9da7b3f34bb8d','10002','10002','1','1','10','deploy_package_60beea1e2b705cd8','','appdep','','[{\"name\":\"MYSQL_SCHEMA\",\"value\":\"demodb\"},{\"name\":\"MYSQL_USERNAME\",\"value\":\"demedbuser\"},{\"name\":\"LISTEN_PORT\",\"value\":\"10002\"},{\"name\":\"MYSQL_PASSWORD\",\"value\":\"\"},{\"name\":\"MYSQL_PORT\",\"value\":\"3306\"},{\"name\":\"MYSQL_HOST\",\"value\":\"\"},{\"name\":\"UM_AUTH_PORT\",\"value\":\"\"},{\"name\":\"UM_AUTH_HOST\",\"value\":\"\"}]','host_resource_60b9da7b3f34bb8d:10002','','','','','','','update',0,'2021-06-09 13:32:30','');
INSERT INTO `history_app_instance` (`id`, `guid`, `create_time`, `create_user`, `update_time`, `update_user`, `key_name`, `state`, `code`, `confirm_time`, `asset_id`, `name`, `unit`, `host_resource`, `port`, `monitor_port`, `cpu`, `memory`, `storage`, `deploy_package`, `deploy_package_url`, `deploy_user`, `deploy_user_password`, `variable_values`, `port_conflict`, `monitor_object_id`, `process_monitor_object_id`, `http_monitor_object_id`, `app_log_files`, `rw_dir`, `rw_file`, `history_action`, `history_state_confirmed`, `history_time`, `lb_listener_attach_asset_id`) VALUES (41,'app_instance_60ba00d8888a023b','2021-06-04 10:30:48','umadmin','2021-06-09 13:35:21','umadmin','PRD_DEMO_CORE_APP_democoreapp01_:10002','created_0','democoreapp01_:10002',NULL,'','democoreapp01','unit_60b9ff0b91933368','host_resource_60b9da7b3f34bb8d','10002','10002','1','1','10','deploy_package_60beea1e2b705cd8','','appdep','','[{\"name\":\"MYSQL_SCHEMA\",\"value\":\"demodb\"},{\"name\":\"MYSQL_USERNAME\",\"value\":\"demedbuser\"},{\"name\":\"LISTEN_PORT\",\"value\":\"10002\"},{\"name\":\"MYSQL_PASSWORD\",\"value\":\"\"},{\"name\":\"MYSQL_PORT\",\"value\":\"3306\"},{\"name\":\"MYSQL_HOST\",\"value\":\"\"},{\"name\":\"UM_AUTH_PORT\",\"value\":\"\"},{\"name\":\"UM_AUTH_HOST\",\"value\":\"\"}]','host_resource_60b9da7b3f34bb8d:10002','','','','','','','update',0,'2021-06-09 13:35:21','');
INSERT INTO `history_app_instance` (`id`, `guid`, `create_time`, `create_user`, `update_time`, `update_user`, `key_name`, `state`, `code`, `confirm_time`, `asset_id`, `name`, `unit`, `host_resource`, `port`, `monitor_port`, `cpu`, `memory`, `storage`, `deploy_package`, `deploy_package_url`, `deploy_user`, `deploy_user_password`, `variable_values`, `port_conflict`, `monitor_object_id`, `process_monitor_object_id`, `http_monitor_object_id`, `app_log_files`, `rw_dir`, `rw_file`, `history_action`, `history_state_confirmed`, `history_time`, `lb_listener_attach_asset_id`) VALUES (42,'app_instance_60ba00d8888a023b','2021-06-04 10:30:48','umadmin','2021-06-09 13:35:21','umadmin','PRD_DEMO_CORE_APP_democoreapp01_:10002','created_0','democoreapp01_:10002',NULL,'','democoreapp01','unit_60b9ff0b91933368','host_resource_60b9da7b3f34bb8d','10002','10002','1','1','10','deploy_package_60beea1e2b705cd8','','appdep','','[{\"name\":\"MYSQL_SCHEMA\",\"value\":\"demodb\"},{\"name\":\"MYSQL_USERNAME\",\"value\":\"demedbuser\"},{\"name\":\"LISTEN_PORT\",\"value\":\"10002\"},{\"name\":\"MYSQL_PASSWORD\",\"value\":\"\"},{\"name\":\"MYSQL_PORT\",\"value\":\"3306\"},{\"name\":\"MYSQL_HOST\",\"value\":\"\"},{\"name\":\"UM_AUTH_PORT\",\"value\":\"\"},{\"name\":\"UM_AUTH_HOST\",\"value\":\"[,]\"}]','host_resource_60b9da7b3f34bb8d:10002','','','','','','','autofill',0,'2021-06-09 13:35:53','');
INSERT INTO `history_app_instance` (`id`, `guid`, `create_time`, `create_user`, `update_time`, `update_user`, `key_name`, `state`, `code`, `confirm_time`, `asset_id`, `name`, `unit`, `host_resource`, `port`, `monitor_port`, `cpu`, `memory`, `storage`, `deploy_package`, `deploy_package_url`, `deploy_user`, `deploy_user_password`, `variable_values`, `port_conflict`, `monitor_object_id`, `process_monitor_object_id`, `http_monitor_object_id`, `app_log_files`, `rw_dir`, `rw_file`, `history_action`, `history_state_confirmed`, `history_time`, `lb_listener_attach_asset_id`) VALUES (43,'app_instance_60ba00f8229482ea','2021-06-04 10:31:20','umadmin','2021-06-08 06:52:41','umadmin','PRD_DEMO_CORE_APP_democoreapp02_:10002','created_0','democoreapp02_:10002',NULL,'','democoreapp02','unit_60b9ff0b91933368','host_resource_60b9da7b78f4eeb5','10002','10002','1','1','10','deploy_package_60beea1e2b705cd8','','appdep','','[{\"name\":\"MYSQL_SCHEMA\",\"value\":\"demodb\"},{\"name\":\"MYSQL_USERNAME\",\"value\":\"demedbuser\"},{\"name\":\"LISTEN_PORT\",\"value\":\"10002\"},{\"name\":\"MYSQL_PASSWORD\",\"value\":\"\"},{\"name\":\"MYSQL_PORT\",\"value\":\"3306\"},{\"name\":\"MYSQL_HOST\",\"value\":\"\"},{\"name\":\"UM_AUTH_PORT\",\"value\":\"\"},{\"name\":\"UM_AUTH_HOST\",\"value\":\"[,]\"}]','host_resource_60b9da7b78f4eeb5:10002','','','','','','','autofill',0,'2021-06-09 13:35:53','');
INSERT INTO `history_app_instance` (`id`, `guid`, `create_time`, `create_user`, `update_time`, `update_user`, `key_name`, `state`, `code`, `confirm_time`, `asset_id`, `name`, `unit`, `host_resource`, `port`, `monitor_port`, `cpu`, `memory`, `storage`, `deploy_package`, `deploy_package_url`, `deploy_user`, `deploy_user_password`, `variable_values`, `port_conflict`, `monitor_object_id`, `process_monitor_object_id`, `http_monitor_object_id`, `app_log_files`, `rw_dir`, `rw_file`, `history_action`, `history_state_confirmed`, `history_time`, `lb_listener_attach_asset_id`) VALUES (44,'app_instance_60ba00d8888a023b','2021-06-04 10:30:48','umadmin','2021-06-09 13:36:03','umadmin','PRD_DEMO_CORE_APP_democoreapp01_:10002','created_0','democoreapp01_:10002',NULL,'','democoreapp01','unit_60b9ff0b91933368','host_resource_60b9da7b3f34bb8d','10002','10002','1','1','10','deploy_package_60beea1e2b705cd8','','appdep','','[{\"name\":\"MYSQL_SCHEMA\",\"value\":\"demodb\"},{\"name\":\"MYSQL_USERNAME\",\"value\":\"demedbuser\"},{\"name\":\"LISTEN_PORT\",\"value\":\"10002\"},{\"name\":\"MYSQL_PASSWORD\",\"value\":\"\"},{\"name\":\"MYSQL_PORT\",\"value\":\"3306\"},{\"name\":\"MYSQL_HOST\",\"value\":\"\"},{\"name\":\"UM_AUTH_PORT\",\"value\":\"\"},{\"name\":\"UM_AUTH_HOST\",\"value\":\"[,]\"}]','host_resource_60b9da7b3f34bb8d:10002','','','','','','','update',0,'2021-06-09 13:36:03','');
INSERT INTO `history_app_instance` (`id`, `guid`, `create_time`, `create_user`, `update_time`, `update_user`, `key_name`, `state`, `code`, `confirm_time`, `asset_id`, `name`, `unit`, `host_resource`, `port`, `monitor_port`, `cpu`, `memory`, `storage`, `deploy_package`, `deploy_package_url`, `deploy_user`, `deploy_user_password`, `variable_values`, `port_conflict`, `monitor_object_id`, `process_monitor_object_id`, `http_monitor_object_id`, `app_log_files`, `rw_dir`, `rw_file`, `history_action`, `history_state_confirmed`, `history_time`, `lb_listener_attach_asset_id`) VALUES (45,'app_instance_60ba00d8888a023b','2021-06-04 10:30:48','umadmin','2021-06-09 13:36:03','umadmin','PRD_DEMO_CORE_APP_democoreapp01_:10002','created_0','democoreapp01_:10002',NULL,'','democoreapp01','unit_60b9ff0b91933368','host_resource_60b9da7b3f34bb8d','10002','10002','1','1','10','deploy_package_60beea1e2b705cd8','','appdep','','[{\"name\":\"MYSQL_SCHEMA\",\"value\":\"demodb\"},{\"name\":\"MYSQL_USERNAME\",\"value\":\"demedbuser\"},{\"name\":\"LISTEN_PORT\",\"value\":\"10002\"},{\"name\":\"MYSQL_PASSWORD\",\"value\":\"\"},{\"name\":\"MYSQL_PORT\",\"value\":\"3306\"},{\"name\":\"MYSQL_HOST\",\"value\":\"\"},{\"name\":\"UM_AUTH_PORT\",\"value\":\"\"},{\"name\":\"UM_AUTH_HOST\",\"value\":\"\"}]','host_resource_60b9da7b3f34bb8d:10002','','','','','','','autofill',0,'2021-06-09 13:37:18','');
INSERT INTO `history_app_instance` (`id`, `guid`, `create_time`, `create_user`, `update_time`, `update_user`, `key_name`, `state`, `code`, `confirm_time`, `asset_id`, `name`, `unit`, `host_resource`, `port`, `monitor_port`, `cpu`, `memory`, `storage`, `deploy_package`, `deploy_package_url`, `deploy_user`, `deploy_user_password`, `variable_values`, `port_conflict`, `monitor_object_id`, `process_monitor_object_id`, `http_monitor_object_id`, `app_log_files`, `rw_dir`, `rw_file`, `history_action`, `history_state_confirmed`, `history_time`, `lb_listener_attach_asset_id`) VALUES (46,'app_instance_60ba00f8229482ea','2021-06-04 10:31:20','umadmin','2021-06-08 06:52:41','umadmin','PRD_DEMO_CORE_APP_democoreapp02_:10002','created_0','democoreapp02_:10002',NULL,'','democoreapp02','unit_60b9ff0b91933368','host_resource_60b9da7b78f4eeb5','10002','10002','1','1','10','deploy_package_60beea1e2b705cd8','','appdep','','[{\"name\":\"MYSQL_SCHEMA\",\"value\":\"demodb\"},{\"name\":\"MYSQL_USERNAME\",\"value\":\"demedbuser\"},{\"name\":\"LISTEN_PORT\",\"value\":\"10002\"},{\"name\":\"MYSQL_PASSWORD\",\"value\":\"\"},{\"name\":\"MYSQL_PORT\",\"value\":\"3306\"},{\"name\":\"MYSQL_HOST\",\"value\":\"\"},{\"name\":\"UM_AUTH_PORT\",\"value\":\"\"},{\"name\":\"UM_AUTH_HOST\",\"value\":\"\"}]','host_resource_60b9da7b78f4eeb5:10002','','','','','','','autofill',0,'2021-06-09 13:37:18','');
INSERT INTO `history_app_instance` (`id`, `guid`, `create_time`, `create_user`, `update_time`, `update_user`, `key_name`, `state`, `code`, `confirm_time`, `asset_id`, `name`, `unit`, `host_resource`, `port`, `monitor_port`, `cpu`, `memory`, `storage`, `deploy_package`, `deploy_package_url`, `deploy_user`, `deploy_user_password`, `variable_values`, `port_conflict`, `monitor_object_id`, `process_monitor_object_id`, `http_monitor_object_id`, `app_log_files`, `rw_dir`, `rw_file`, `history_action`, `history_state_confirmed`, `history_time`, `lb_listener_attach_asset_id`) VALUES (47,'app_instance_60ba00d8888a023b','2021-06-04 10:30:48','umadmin','2021-06-09 13:37:39','umadmin','PRD_DEMO_CORE_APP_democoreapp01_:10002','created_0','democoreapp01_:10002',NULL,'','democoreapp01','unit_60b9ff0b91933368','host_resource_60b9da7b3f34bb8d','10002','10002','1','1','10','deploy_package_60beea1e2b705cd8','','appdep','','[{\"name\":\"MYSQL_SCHEMA\",\"value\":\"demodb\"},{\"name\":\"MYSQL_USERNAME\",\"value\":\"demedbuser\"},{\"name\":\"LISTEN_PORT\",\"value\":\"10002\"},{\"name\":\"MYSQL_PASSWORD\",\"value\":\"\"},{\"name\":\"MYSQL_PORT\",\"value\":\"3306\"},{\"name\":\"MYSQL_HOST\",\"value\":\"\"},{\"name\":\"UM_AUTH_PORT\",\"value\":\"\"},{\"name\":\"UM_AUTH_HOST\",\"value\":\"\"}]','host_resource_60b9da7b3f34bb8d:10002','','','','','','','update',0,'2021-06-09 13:37:39','');
/*!40000 ALTER TABLE `history_app_instance` ENABLE KEYS */;
UNLOCK TABLES;

--
-- Dumping data for table `history_app_system`
--

LOCK TABLES `history_app_system` WRITE;
/*!40000 ALTER TABLE `history_app_system` DISABLE KEYS */;
INSERT INTO `history_app_system` (`id`, `guid`, `create_time`, `create_user`, `update_time`, `update_user`, `key_name`, `state`, `code`, `confirm_time`, `asset_id`, `app_system_design`, `deploy_environment`, `history_action`, `history_state_confirmed`, `history_time`) VALUES (1,'app_system_60b9f9524832f644','2021-06-04 09:58:42','umadmin','2021-06-04 09:58:42','umadmin','PRD_UM','created_0','UM',NULL,NULL,'app_system_design_60b9e0c9f0f4b40a','deploy_environment_60b9a84e4e003ee5','insert',0,'2021-06-04 09:58:42');
INSERT INTO `history_app_system` (`id`, `guid`, `create_time`, `create_user`, `update_time`, `update_user`, `key_name`, `state`, `code`, `confirm_time`, `asset_id`, `app_system_design`, `deploy_environment`, `history_action`, `history_state_confirmed`, `history_time`) VALUES (2,'app_system_60b9fea7dacae792','2021-06-04 10:21:27','umadmin','2021-06-04 10:21:27','umadmin','PRD_DEMO','created_0','DEMO',NULL,NULL,'app_system_design_60b9e3479afe1d2c','deploy_environment_60b9a84e4e003ee5','insert',0,'2021-06-04 10:21:27');
/*!40000 ALTER TABLE `history_app_system` ENABLE KEYS */;
UNLOCK TABLES;

--
-- Dumping data for table `history_app_system$data_center`
--

LOCK TABLES `history_app_system$data_center` WRITE;
/*!40000 ALTER TABLE `history_app_system$data_center` DISABLE KEYS */;
INSERT INTO `history_app_system$data_center` (`id`, `from_guid`, `to_guid`, `seq_no`, `note`, `history_to_id`, `history_time`) VALUES (1,'app_system_60b9f9524832f644','data_center_60b9b6b752cca4a8',0,NULL,8,'2021-06-04 09:58:42');
INSERT INTO `history_app_system$data_center` (`id`, `from_guid`, `to_guid`, `seq_no`, `note`, `history_to_id`, `history_time`) VALUES (2,'app_system_60b9fea7dacae792','data_center_60b9b6b752cca4a8',0,NULL,8,'2021-06-04 10:21:27');
/*!40000 ALTER TABLE `history_app_system$data_center` ENABLE KEYS */;
UNLOCK TABLES;

--
-- Dumping data for table `history_app_system_design`
--

LOCK TABLES `history_app_system_design` WRITE;
/*!40000 ALTER TABLE `history_app_system_design` DISABLE KEYS */;
INSERT INTO `history_app_system_design` (`id`, `guid`, `create_time`, `create_user`, `update_time`, `update_user`, `key_name`, `state`, `code`, `confirm_time`, `name`, `app_system_design_id`, `application_domain`, `data_center_design`, `history_action`, `history_state_confirmed`, `history_time`) VALUES (1,'app_system_design_60b9e0c9f0f4b40a','2021-06-04 08:14:01','umadmin','2021-06-04 08:14:01','umadmin','UM','added_0','UM',NULL,'用户管理','123456','application_domain_60b9a4a5e788c002','data_center_design_60b9aa42f3507a27','insert',0,'2021-06-04 08:14:01');
INSERT INTO `history_app_system_design` (`id`, `guid`, `create_time`, `create_user`, `update_time`, `update_user`, `key_name`, `state`, `code`, `confirm_time`, `name`, `app_system_design_id`, `application_domain`, `data_center_design`, `history_action`, `history_state_confirmed`, `history_time`) VALUES (2,'app_system_design_60b9e0c9f0f4b40a','2021-06-04 08:14:01','umadmin','2021-06-04 08:14:08','umadmin','UM','added_0','UM',NULL,'用户管理','123456','application_domain_60b9a4a5e788c002','data_center_design_60b9aa42f3507a27','update',0,'2021-06-04 08:14:08');
INSERT INTO `history_app_system_design` (`id`, `guid`, `create_time`, `create_user`, `update_time`, `update_user`, `key_name`, `state`, `code`, `confirm_time`, `name`, `app_system_design_id`, `application_domain`, `data_center_design`, `history_action`, `history_state_confirmed`, `history_time`) VALUES (3,'app_system_design_60b9e0c9f0f4b40a','2021-06-04 08:14:01','umadmin','2021-06-04 08:18:11','umadmin','UM','added_0','UM',NULL,'用户管理','123456','application_domain_60b9a4a5e788c002','data_center_design_60b9aa42f3507a27','update',0,'2021-06-04 08:18:11');
INSERT INTO `history_app_system_design` (`id`, `guid`, `create_time`, `create_user`, `update_time`, `update_user`, `key_name`, `state`, `code`, `confirm_time`, `name`, `app_system_design_id`, `application_domain`, `data_center_design`, `history_action`, `history_state_confirmed`, `history_time`) VALUES (4,'app_system_design_60b9e0c9f0f4b40a','2021-06-04 08:14:01','umadmin','2021-06-04 08:20:01','umadmin','UM','added_0','UM',NULL,'用户管理','123456','application_domain_60b9a4a5e788c002','data_center_design_60b9aa42f3507a27','update',0,'2021-06-04 08:20:01');
INSERT INTO `history_app_system_design` (`id`, `guid`, `create_time`, `create_user`, `update_time`, `update_user`, `key_name`, `state`, `code`, `confirm_time`, `name`, `app_system_design_id`, `application_domain`, `data_center_design`, `history_action`, `history_state_confirmed`, `history_time`) VALUES (5,'app_system_design_60b9e0c9f0f4b40a','2021-06-04 08:14:01','umadmin','2021-06-04 08:22:19','umadmin','UM','added_0','UM',NULL,'用户管理','123456','application_domain_60b9a4a5e788c002','data_center_design_60b9aa42f3507a27','update',0,'2021-06-04 08:22:19');
INSERT INTO `history_app_system_design` (`id`, `guid`, `create_time`, `create_user`, `update_time`, `update_user`, `key_name`, `state`, `code`, `confirm_time`, `name`, `app_system_design_id`, `application_domain`, `data_center_design`, `history_action`, `history_state_confirmed`, `history_time`) VALUES (6,'app_system_design_60b9e0c9f0f4b40a','2021-06-04 08:14:01','umadmin','2021-06-04 08:24:01','umadmin','UM','added_1','UM','2021-06-04 08:24:01','用户管理','123456','application_domain_60b9a4a5e788c002','data_center_design_60b9aa42f3507a27','confirm',1,'2021-06-04 08:24:01');
INSERT INTO `history_app_system_design` (`id`, `guid`, `create_time`, `create_user`, `update_time`, `update_user`, `key_name`, `state`, `code`, `confirm_time`, `name`, `app_system_design_id`, `application_domain`, `data_center_design`, `history_action`, `history_state_confirmed`, `history_time`) VALUES (7,'app_system_design_60b9e3479afe1d2c','2021-06-04 08:24:39','umadmin','2021-06-04 08:24:39','umadmin','DEMO','added_0','DEMO',NULL,'演示系统','123458','application_domain_60b9a491b5d2c8df','data_center_design_60b9aa42f3507a27','insert',0,'2021-06-04 08:24:39');
INSERT INTO `history_app_system_design` (`id`, `guid`, `create_time`, `create_user`, `update_time`, `update_user`, `key_name`, `state`, `code`, `confirm_time`, `name`, `app_system_design_id`, `application_domain`, `data_center_design`, `history_action`, `history_state_confirmed`, `history_time`) VALUES (8,'app_system_design_60b9e3479afe1d2c','2021-06-04 08:24:39','umadmin','2021-06-04 08:25:18','umadmin','DEMO','added_0','DEMO',NULL,'演示系统','123458','application_domain_60b9a491b5d2c8df','data_center_design_60b9aa42f3507a27','update',0,'2021-06-04 08:25:18');
INSERT INTO `history_app_system_design` (`id`, `guid`, `create_time`, `create_user`, `update_time`, `update_user`, `key_name`, `state`, `code`, `confirm_time`, `name`, `app_system_design_id`, `application_domain`, `data_center_design`, `history_action`, `history_state_confirmed`, `history_time`) VALUES (9,'app_system_design_60b9e3479afe1d2c','2021-06-04 08:24:39','umadmin','2021-06-04 08:26:26','umadmin','DEMO','added_0','DEMO',NULL,'演示系统','123458','application_domain_60b9a491b5d2c8df','data_center_design_60b9aa42f3507a27','update',0,'2021-06-04 08:26:26');
INSERT INTO `history_app_system_design` (`id`, `guid`, `create_time`, `create_user`, `update_time`, `update_user`, `key_name`, `state`, `code`, `confirm_time`, `name`, `app_system_design_id`, `application_domain`, `data_center_design`, `history_action`, `history_state_confirmed`, `history_time`) VALUES (10,'app_system_design_60b9e3479afe1d2c','2021-06-04 08:24:39','umadmin','2021-06-04 08:31:45','umadmin','DEMO','added_0','DEMO',NULL,'演示系统','123458','application_domain_60b9a491b5d2c8df','data_center_design_60b9aa42f3507a27','update',0,'2021-06-04 08:31:45');
INSERT INTO `history_app_system_design` (`id`, `guid`, `create_time`, `create_user`, `update_time`, `update_user`, `key_name`, `state`, `code`, `confirm_time`, `name`, `app_system_design_id`, `application_domain`, `data_center_design`, `history_action`, `history_state_confirmed`, `history_time`) VALUES (11,'app_system_design_60b9e3479afe1d2c','2021-06-04 08:24:39','umadmin','2021-06-04 08:32:05','umadmin','DEMO','added_1','DEMO','2021-06-04 08:32:05','演示系统','123458','application_domain_60b9a491b5d2c8df','data_center_design_60b9aa42f3507a27','confirm',1,'2021-06-04 08:32:05');
INSERT INTO `history_app_system_design` (`id`, `guid`, `create_time`, `create_user`, `update_time`, `update_user`, `key_name`, `state`, `code`, `confirm_time`, `name`, `app_system_design_id`, `application_domain`, `data_center_design`, `history_action`, `history_state_confirmed`, `history_time`) VALUES (12,'app_system_design_60b9e3479afe1d2c','2021-06-04 08:24:39','umadmin','2021-06-04 08:32:20','umadmin','DEMO','updated_0','DEMO',NULL,'演示系统','123458','application_domain_60b9a491b5d2c8df','data_center_design_60b9aa42f3507a27','update',0,'2021-06-04 08:32:20');
INSERT INTO `history_app_system_design` (`id`, `guid`, `create_time`, `create_user`, `update_time`, `update_user`, `key_name`, `state`, `code`, `confirm_time`, `name`, `app_system_design_id`, `application_domain`, `data_center_design`, `history_action`, `history_state_confirmed`, `history_time`) VALUES (13,'app_system_design_60b9e3479afe1d2c','2021-06-04 08:24:39','umadmin','2021-06-04 08:32:39','umadmin','DEMO','updated_0','DEMO',NULL,'演示系统','123458','application_domain_60b9a491b5d2c8df','data_center_design_60b9aa42f3507a27','update',0,'2021-06-04 08:32:39');
INSERT INTO `history_app_system_design` (`id`, `guid`, `create_time`, `create_user`, `update_time`, `update_user`, `key_name`, `state`, `code`, `confirm_time`, `name`, `app_system_design_id`, `application_domain`, `data_center_design`, `history_action`, `history_state_confirmed`, `history_time`) VALUES (14,'app_system_design_60b9e3479afe1d2c','2021-06-04 08:24:39','umadmin','2021-06-04 08:35:43','umadmin','DEMO','updated_0','DEMO',NULL,'演示系统','123458','application_domain_60b9a491b5d2c8df','data_center_design_60b9aa16e0e00c26','update',0,'2021-06-04 08:35:43');
INSERT INTO `history_app_system_design` (`id`, `guid`, `create_time`, `create_user`, `update_time`, `update_user`, `key_name`, `state`, `code`, `confirm_time`, `name`, `app_system_design_id`, `application_domain`, `data_center_design`, `history_action`, `history_state_confirmed`, `history_time`) VALUES (15,'app_system_design_60b9e3479afe1d2c','2021-06-04 08:24:39','umadmin','2021-06-04 08:43:46','umadmin','DEMO','updated_0','DEMO',NULL,'演示系统','123458','application_domain_60b9a491b5d2c8df','data_center_design_60b9aa16e0e00c26','update',0,'2021-06-04 08:43:46');
INSERT INTO `history_app_system_design` (`id`, `guid`, `create_time`, `create_user`, `update_time`, `update_user`, `key_name`, `state`, `code`, `confirm_time`, `name`, `app_system_design_id`, `application_domain`, `data_center_design`, `history_action`, `history_state_confirmed`, `history_time`) VALUES (16,'app_system_design_60b9e3479afe1d2c','2021-06-04 08:24:39','umadmin','2021-06-04 08:49:16','umadmin','DEMO','updated_0','DEMO',NULL,'演示系统','123458','application_domain_60b9a491b5d2c8df','data_center_design_60b9aa16e0e00c26','update',0,'2021-06-04 08:49:16');
INSERT INTO `history_app_system_design` (`id`, `guid`, `create_time`, `create_user`, `update_time`, `update_user`, `key_name`, `state`, `code`, `confirm_time`, `name`, `app_system_design_id`, `application_domain`, `data_center_design`, `history_action`, `history_state_confirmed`, `history_time`) VALUES (17,'app_system_design_60b9e3479afe1d2c','2021-06-04 08:24:39','umadmin','2021-06-04 08:49:44','umadmin','DEMO','updated_0','DEMO',NULL,'演示系统','123458','application_domain_60b9a491b5d2c8df','data_center_design_60b9aa42f3507a27','update',0,'2021-06-04 08:49:44');
INSERT INTO `history_app_system_design` (`id`, `guid`, `create_time`, `create_user`, `update_time`, `update_user`, `key_name`, `state`, `code`, `confirm_time`, `name`, `app_system_design_id`, `application_domain`, `data_center_design`, `history_action`, `history_state_confirmed`, `history_time`) VALUES (18,'app_system_design_60b9e3479afe1d2c','2021-06-04 08:24:39','umadmin','2021-06-04 09:03:37','umadmin','DEMO','updated_1','DEMO','2021-06-04 09:03:37','演示系统','123458','application_domain_60b9a491b5d2c8df','data_center_design_60b9aa42f3507a27','confirm',1,'2021-06-04 09:03:37');
INSERT INTO `history_app_system_design` (`id`, `guid`, `create_time`, `create_user`, `update_time`, `update_user`, `key_name`, `state`, `code`, `confirm_time`, `name`, `app_system_design_id`, `application_domain`, `data_center_design`, `history_action`, `history_state_confirmed`, `history_time`) VALUES (19,'app_system_design_60b9e3479afe1d2c','2021-06-04 08:24:39','umadmin','2021-06-04 10:28:50','umadmin','DEMO','updated_0','DEMO',NULL,'演示系统','123458','application_domain_60b9a491b5d2c8df','data_center_design_60b9aa42f3507a27','update',0,'2021-06-04 10:28:50');
INSERT INTO `history_app_system_design` (`id`, `guid`, `create_time`, `create_user`, `update_time`, `update_user`, `key_name`, `state`, `code`, `confirm_time`, `name`, `app_system_design_id`, `application_domain`, `data_center_design`, `history_action`, `history_state_confirmed`, `history_time`) VALUES (20,'app_system_design_60b9e3479afe1d2c','2021-06-04 08:24:39','umadmin','2021-06-06 03:15:51','admin','DEMO','updated_0','DEMO',NULL,'演示系统','123458','application_domain_60b9a491b5d2c8df','data_center_design_60b9aa42f3507a27','update',0,'2021-06-06 03:15:51');
INSERT INTO `history_app_system_design` (`id`, `guid`, `create_time`, `create_user`, `update_time`, `update_user`, `key_name`, `state`, `code`, `confirm_time`, `name`, `app_system_design_id`, `application_domain`, `data_center_design`, `history_action`, `history_state_confirmed`, `history_time`) VALUES (21,'app_system_design_60b9e3479afe1d2c','2021-06-04 08:24:39','umadmin','2021-06-06 03:20:56','admin','DEMO','updated_0','DEMO',NULL,'演示系统','123458','application_domain_60b9a491b5d2c8df','data_center_design_60b9aa42f3507a27','update',0,'2021-06-06 03:20:56');
INSERT INTO `history_app_system_design` (`id`, `guid`, `create_time`, `create_user`, `update_time`, `update_user`, `key_name`, `state`, `code`, `confirm_time`, `name`, `app_system_design_id`, `application_domain`, `data_center_design`, `history_action`, `history_state_confirmed`, `history_time`) VALUES (22,'app_system_design_60b9e3479afe1d2c','2021-06-04 08:24:39','umadmin','2021-06-06 03:32:24','admin','DEMO','updated_0','DEMO',NULL,'演示系统','123458','application_domain_60b9a491b5d2c8df','data_center_design_60b9aa42f3507a27','update',0,'2021-06-06 03:32:24');
INSERT INTO `history_app_system_design` (`id`, `guid`, `create_time`, `create_user`, `update_time`, `update_user`, `key_name`, `state`, `code`, `confirm_time`, `name`, `app_system_design_id`, `application_domain`, `data_center_design`, `history_action`, `history_state_confirmed`, `history_time`) VALUES (23,'app_system_design_60b9e3479afe1d2c','2021-06-04 08:24:39','umadmin','2021-06-06 09:36:27','admin','DEMO','updated_0','DEMO',NULL,'演示系统','123458','application_domain_60b9a491b5d2c8df','data_center_design_60b9aa42f3507a27','update',0,'2021-06-06 09:36:27');
INSERT INTO `history_app_system_design` (`id`, `guid`, `create_time`, `create_user`, `update_time`, `update_user`, `key_name`, `state`, `code`, `confirm_time`, `name`, `app_system_design_id`, `application_domain`, `data_center_design`, `history_action`, `history_state_confirmed`, `history_time`) VALUES (24,'app_system_design_60b9e3479afe1d2c','2021-06-04 08:24:39','umadmin','2021-06-06 09:48:59','admin','DEMO','updated_0','DEMO',NULL,'演示系统','123458','application_domain_60b9a491b5d2c8df','data_center_design_60b9aa42f3507a27','update',0,'2021-06-06 09:48:59');
INSERT INTO `history_app_system_design` (`id`, `guid`, `create_time`, `create_user`, `update_time`, `update_user`, `key_name`, `state`, `code`, `confirm_time`, `name`, `app_system_design_id`, `application_domain`, `data_center_design`, `history_action`, `history_state_confirmed`, `history_time`) VALUES (25,'app_system_design_60b9e3479afe1d2c','2021-06-04 08:24:39','umadmin','2021-06-06 09:51:41','admin','DEMO','updated_0','DEMO',NULL,'演示系统','123458','application_domain_60b9a491b5d2c8df','data_center_design_60b9aa42f3507a27','update',0,'2021-06-06 09:51:41');
/*!40000 ALTER TABLE `history_app_system_design` ENABLE KEYS */;
UNLOCK TABLES;

--
-- Dumping data for table `history_application_domain`
--

LOCK TABLES `history_application_domain` WRITE;
/*!40000 ALTER TABLE `history_application_domain` DISABLE KEYS */;
INSERT INTO `history_application_domain` (`id`, `guid`, `create_time`, `create_user`, `update_time`, `update_user`, `key_name`, `state`, `code`, `confirm_time`, `name`, `history_action`, `history_state_confirmed`, `history_time`) VALUES (1,'application_domain_60b9a491b5d2c8df','2021-06-04 03:57:05','umadmin','2021-06-04 03:57:05','umadmin','BD_业务域','added_0','BD',NULL,'业务域','insert',0,'2021-06-04 03:57:05');
INSERT INTO `history_application_domain` (`id`, `guid`, `create_time`, `create_user`, `update_time`, `update_user`, `key_name`, `state`, `code`, `confirm_time`, `name`, `history_action`, `history_state_confirmed`, `history_time`) VALUES (2,'application_domain_60b9a4a5e788c002','2021-06-04 03:57:25','umadmin','2021-06-04 03:57:25','umadmin','CD_公用应用域','added_0','CD',NULL,'公用应用域','insert',0,'2021-06-04 03:57:25');
INSERT INTO `history_application_domain` (`id`, `guid`, `create_time`, `create_user`, `update_time`, `update_user`, `key_name`, `state`, `code`, `confirm_time`, `name`, `history_action`, `history_state_confirmed`, `history_time`) VALUES (3,'application_domain_60b9a491b5d2c8df','2021-06-04 03:57:05','umadmin','2021-06-04 04:00:58','umadmin','BD_业务应用域','added_0','BD',NULL,'业务应用域','update',0,'2021-06-04 04:00:58');
/*!40000 ALTER TABLE `history_application_domain` ENABLE KEYS */;
UNLOCK TABLES;

--
-- Dumping data for table `history_backup_rule`
--

LOCK TABLES `history_backup_rule` WRITE;
/*!40000 ALTER TABLE `history_backup_rule` DISABLE KEYS */;
/*!40000 ALTER TABLE `history_backup_rule` ENABLE KEYS */;
UNLOCK TABLES;

--
-- Dumping data for table `history_basic_security_group`
--

LOCK TABLES `history_basic_security_group` WRITE;
/*!40000 ALTER TABLE `history_basic_security_group` DISABLE KEYS */;
INSERT INTO `history_basic_security_group` (`id`, `guid`, `create_time`, `create_user`, `update_time`, `update_user`, `key_name`, `state`, `code`, `confirm_time`, `asset_id`, `name`, `data_center`, `basic_security_group_design`, `network_zone`, `history_action`, `history_state_confirmed`, `history_time`) VALUES (1,'basic_security_group_60b9d3700e528624','2021-06-04 07:17:05','umadmin','2021-06-04 07:17:05','umadmin','TGR1_LINK_NGINX','created_0','NGINX',NULL,NULL,'NGINX','data_center_60b9b6b752cca4a8','basic_security_group_design_60b9c257af772649','network_zone_60b9ca52e4bdffd0','insert',0,'2021-06-04 07:17:05');
INSERT INTO `history_basic_security_group` (`id`, `guid`, `create_time`, `create_user`, `update_time`, `update_user`, `key_name`, `state`, `code`, `confirm_time`, `asset_id`, `name`, `data_center`, `basic_security_group_design`, `network_zone`, `history_action`, `history_state_confirmed`, `history_time`) VALUES (2,'basic_security_group_60b9d381f96658f0','2021-06-04 07:17:21','umadmin','2021-06-04 07:17:21','umadmin','TGR1_CORE_APP','created_0','APP',NULL,NULL,'APP','data_center_60b9b6b752cca4a8','basic_security_group_design_60b9c289d2aff7da','network_zone_60b9ca7c60b15196','insert',0,'2021-06-04 07:17:21');
INSERT INTO `history_basic_security_group` (`id`, `guid`, `create_time`, `create_user`, `update_time`, `update_user`, `key_name`, `state`, `code`, `confirm_time`, `asset_id`, `name`, `data_center`, `basic_security_group_design`, `network_zone`, `history_action`, `history_state_confirmed`, `history_time`) VALUES (3,'basic_security_group_60b9d39c4b2938fd','2021-06-04 07:17:48','umadmin','2021-06-04 07:17:48','umadmin','TGR1_CORE_RDB','created_0','RDB',NULL,NULL,'RDB','data_center_60b9b6b752cca4a8','basic_security_group_design_60b9c298ab45050e','network_zone_60b9ca7c60b15196','insert',0,'2021-06-04 07:17:48');
INSERT INTO `history_basic_security_group` (`id`, `guid`, `create_time`, `create_user`, `update_time`, `update_user`, `key_name`, `state`, `code`, `confirm_time`, `asset_id`, `name`, `data_center`, `basic_security_group_design`, `network_zone`, `history_action`, `history_state_confirmed`, `history_time`) VALUES (4,'basic_security_group_60b9d3b370a27c6f','2021-06-04 07:18:11','umadmin','2021-06-04 07:18:11','umadmin','TGR1_CORE_ILB','created_0','ILB',NULL,NULL,'ILB','data_center_60b9b6b752cca4a8','basic_security_group_design_60b9c2b374e6aa04','network_zone_60b9ca7c60b15196','insert',0,'2021-06-04 07:18:11');
INSERT INTO `history_basic_security_group` (`id`, `guid`, `create_time`, `create_user`, `update_time`, `update_user`, `key_name`, `state`, `code`, `confirm_time`, `asset_id`, `name`, `data_center`, `basic_security_group_design`, `network_zone`, `history_action`, `history_state_confirmed`, `history_time`) VALUES (5,'basic_security_group_60b9d3c4862297dc','2021-06-04 07:18:28','umadmin','2021-06-04 07:18:28','umadmin','TGR1_LINK_ELB','created_0','ELB',NULL,NULL,'ELB','data_center_60b9b6b752cca4a8','basic_security_group_design_60b9c2cd865a560a','network_zone_60b9ca52e4bdffd0','insert',0,'2021-06-04 07:18:28');
INSERT INTO `history_basic_security_group` (`id`, `guid`, `create_time`, `create_user`, `update_time`, `update_user`, `key_name`, `state`, `code`, `confirm_time`, `asset_id`, `name`, `data_center`, `basic_security_group_design`, `network_zone`, `history_action`, `history_state_confirmed`, `history_time`) VALUES (6,'basic_security_group_60b9d3da0e949548','2021-06-04 07:18:50','umadmin','2021-06-04 07:18:50','umadmin','TGR1_LINK_MAPP','created_0','MAPP',NULL,NULL,'MAPP','data_center_60b9b6b752cca4a8','basic_security_group_design_60b9c74d1f6d97af','network_zone_60b9ca52e4bdffd0','insert',0,'2021-06-04 07:18:50');
/*!40000 ALTER TABLE `history_basic_security_group` ENABLE KEYS */;
UNLOCK TABLES;

--
-- Dumping data for table `history_basic_security_group_design`
--

LOCK TABLES `history_basic_security_group_design` WRITE;
/*!40000 ALTER TABLE `history_basic_security_group_design` DISABLE KEYS */;
INSERT INTO `history_basic_security_group_design` (`id`, `guid`, `create_time`, `create_user`, `update_time`, `update_user`, `key_name`, `state`, `code`, `confirm_time`, `name`, `data_center_design`, `network_zone_design`, `history_action`, `history_state_confirmed`, `history_time`) VALUES (1,'basic_security_group_design_60b9c257af772649','2021-06-04 06:04:07','umadmin','2021-06-04 06:04:07','umadmin','RDC_LINK_NGINX','added_0','NGINX',NULL,'NGINX','data_center_design_60b9aa42f3507a27','network_zone_design_60b9aaa3c865b911','insert',0,'2021-06-04 06:04:07');
INSERT INTO `history_basic_security_group_design` (`id`, `guid`, `create_time`, `create_user`, `update_time`, `update_user`, `key_name`, `state`, `code`, `confirm_time`, `name`, `data_center_design`, `network_zone_design`, `history_action`, `history_state_confirmed`, `history_time`) VALUES (2,'basic_security_group_design_60b9c289d2aff7da','2021-06-04 06:04:57','umadmin','2021-06-04 06:04:57','umadmin','RDC_CORE_APP','added_0','APP',NULL,'APP','data_center_design_60b9aa42f3507a27','network_zone_design_60b9aac4a1fe3bec','insert',0,'2021-06-04 06:04:57');
INSERT INTO `history_basic_security_group_design` (`id`, `guid`, `create_time`, `create_user`, `update_time`, `update_user`, `key_name`, `state`, `code`, `confirm_time`, `name`, `data_center_design`, `network_zone_design`, `history_action`, `history_state_confirmed`, `history_time`) VALUES (3,'basic_security_group_design_60b9c298ab45050e','2021-06-04 06:05:12','umadmin','2021-06-04 06:05:12','umadmin','RDC_CORE_RDB','added_0','RDB',NULL,'RDB','data_center_design_60b9aa42f3507a27','network_zone_design_60b9aac4a1fe3bec','insert',0,'2021-06-04 06:05:12');
INSERT INTO `history_basic_security_group_design` (`id`, `guid`, `create_time`, `create_user`, `update_time`, `update_user`, `key_name`, `state`, `code`, `confirm_time`, `name`, `data_center_design`, `network_zone_design`, `history_action`, `history_state_confirmed`, `history_time`) VALUES (4,'basic_security_group_design_60b9c2b374e6aa04','2021-06-04 06:05:39','umadmin','2021-06-04 06:05:39','umadmin','RDC_CORE_ILB','added_0','ILB',NULL,'ILB','data_center_design_60b9aa42f3507a27','network_zone_design_60b9aac4a1fe3bec','insert',0,'2021-06-04 06:05:39');
INSERT INTO `history_basic_security_group_design` (`id`, `guid`, `create_time`, `create_user`, `update_time`, `update_user`, `key_name`, `state`, `code`, `confirm_time`, `name`, `data_center_design`, `network_zone_design`, `history_action`, `history_state_confirmed`, `history_time`) VALUES (5,'basic_security_group_design_60b9c2cd865a560a','2021-06-04 06:06:05','umadmin','2021-06-04 06:06:05','umadmin','RDC_LINK_ELB','added_0','ELB',NULL,'ELB','data_center_design_60b9aa42f3507a27','network_zone_design_60b9aaa3c865b911','insert',0,'2021-06-04 06:06:05');
INSERT INTO `history_basic_security_group_design` (`id`, `guid`, `create_time`, `create_user`, `update_time`, `update_user`, `key_name`, `state`, `code`, `confirm_time`, `name`, `data_center_design`, `network_zone_design`, `history_action`, `history_state_confirmed`, `history_time`) VALUES (6,'basic_security_group_design_60b9c74d1f6d97af','2021-06-04 06:25:17','umadmin','2021-06-04 06:25:17','umadmin','RDC_LINK_MAPP','added_0','MAPP',NULL,'MAPP','data_center_design_60b9aa42f3507a27','network_zone_design_60b9aaa3c865b911','insert',0,'2021-06-04 06:25:17');
/*!40000 ALTER TABLE `history_basic_security_group_design` ENABLE KEYS */;
UNLOCK TABLES;

--
-- Dumping data for table `history_basic_security_policy`
--

LOCK TABLES `history_basic_security_policy` WRITE;
/*!40000 ALTER TABLE `history_basic_security_policy` DISABLE KEYS */;
INSERT INTO `history_basic_security_policy` (`id`, `guid`, `create_time`, `create_user`, `update_time`, `update_user`, `key_name`, `state`, `code`, `confirm_time`, `asset_id`, `basic_security_group`, `basic_security_policy_design`, `resource_set`, `network_subzone`, `security_policy_type`, `security_policy_action`, `cidr`, `protocol`, `port`, `history_action`, `history_state_confirmed`, `history_time`, `begin_port`, `end_port`) VALUES (1,'basic_security_policy_60b9f01311b13b39','2021-06-04 09:19:15','umadmin','2021-06-04 09:19:15','umadmin','ACCEPT__TGR1_LINK_PROXY1__EGRESS[TCP:10000-20000]','created_0','EGRESS\\n10000-20000',NULL,NULL,'basic_security_group_60b9d3da0e949548','basic_security_policy_design_60b9ef7067cad2f9','resource_set_60b9d40e7dea345c','network_subzone_60b9cb05ae2a9638','EGRESS','ACCEPT','10.0.128.0/24','TCP','10000-20000','insert',0,'2021-06-04 09:19:15','10000','20000');
INSERT INTO `history_basic_security_policy` (`id`, `guid`, `create_time`, `create_user`, `update_time`, `update_user`, `key_name`, `state`, `code`, `confirm_time`, `asset_id`, `basic_security_group`, `basic_security_policy_design`, `resource_set`, `network_subzone`, `security_policy_type`, `security_policy_action`, `cidr`, `protocol`, `port`, `history_action`, `history_state_confirmed`, `history_time`, `begin_port`, `end_port`) VALUES (2,'basic_security_policy_60b9f0663cae115d','2021-06-04 09:20:38','umadmin','2021-06-04 09:20:38','umadmin','ACCEPT__TGR1_LINK_PROXY2__EGRESS[TCP:10000-20000]','created_0','EGRESS\\n10000-20000',NULL,NULL,'basic_security_group_60b9d3da0e949548','basic_security_policy_design_60b9ef7067cad2f9','resource_set_60b9d40e7dea345c','network_subzone_60b9cb203bff3a76','EGRESS','ACCEPT','10.0.129.0/24','TCP','10000-20000','insert',0,'2021-06-04 09:20:38','10000','20000');
INSERT INTO `history_basic_security_policy` (`id`, `guid`, `create_time`, `create_user`, `update_time`, `update_user`, `key_name`, `state`, `code`, `confirm_time`, `asset_id`, `basic_security_group`, `basic_security_policy_design`, `resource_set`, `network_subzone`, `security_policy_type`, `security_policy_action`, `cidr`, `protocol`, `port`, `history_action`, `history_state_confirmed`, `history_time`, `begin_port`, `end_port`) VALUES (3,'basic_security_policy_60b9f066657bee5d','2021-06-04 09:20:38','umadmin','2021-06-04 09:20:38','umadmin','ACCEPT__TGR1_CORE_APP1__EGRESS[TCP:10000-20000]','created_0','EGRESS\\n10000-20000',NULL,NULL,'basic_security_group_60b9d3da0e949548','basic_security_policy_design_60b9efd91588a67e','resource_set_60b9d908105a0b30','network_subzone_60b9cb464ce69a07','EGRESS','ACCEPT','10.0.0.0/24','TCP','10000-20000','insert',0,'2021-06-04 09:20:38','10000','20000');
INSERT INTO `history_basic_security_policy` (`id`, `guid`, `create_time`, `create_user`, `update_time`, `update_user`, `key_name`, `state`, `code`, `confirm_time`, `asset_id`, `basic_security_group`, `basic_security_policy_design`, `resource_set`, `network_subzone`, `security_policy_type`, `security_policy_action`, `cidr`, `protocol`, `port`, `history_action`, `history_state_confirmed`, `history_time`, `begin_port`, `end_port`) VALUES (4,'basic_security_policy_60b9f066b30fd692','2021-06-04 09:20:38','umadmin','2021-06-04 09:20:38','umadmin','ACCEPT__TGR1_CORE_APP2__EGRESS[TCP:10000-20000]','created_0','EGRESS\\n10000-20000',NULL,NULL,'basic_security_group_60b9d3da0e949548','basic_security_policy_design_60b9efd91588a67e','resource_set_60b9d908105a0b30','network_subzone_60b9cb62e0ab22b8','EGRESS','ACCEPT','10.0.1.0/24','TCP','10000-20000','insert',0,'2021-06-04 09:20:38','10000','20000');
INSERT INTO `history_basic_security_policy` (`id`, `guid`, `create_time`, `create_user`, `update_time`, `update_user`, `key_name`, `state`, `code`, `confirm_time`, `asset_id`, `basic_security_group`, `basic_security_policy_design`, `resource_set`, `network_subzone`, `security_policy_type`, `security_policy_action`, `cidr`, `protocol`, `port`, `history_action`, `history_state_confirmed`, `history_time`, `begin_port`, `end_port`) VALUES (5,'basic_security_policy_60b9f0bf5dbbddc1','2021-06-04 09:22:07','umadmin','2021-06-04 09:22:07','umadmin','ACCEPT__TGR1_CORE_APP1__EGRESS[TCP:80-20000]','created_0','EGRESS\\n80-20000',NULL,NULL,'basic_security_group_60b9d3da0e949548','basic_security_policy_design_60b9efd91ddcbd7f','resource_set_60b9d908d2b2fff7','network_subzone_60b9cb464ce69a07','EGRESS','ACCEPT','10.0.0.0/24','TCP','80-20000','insert',0,'2021-06-04 09:22:07','80','20000');
INSERT INTO `history_basic_security_policy` (`id`, `guid`, `create_time`, `create_user`, `update_time`, `update_user`, `key_name`, `state`, `code`, `confirm_time`, `asset_id`, `basic_security_group`, `basic_security_policy_design`, `resource_set`, `network_subzone`, `security_policy_type`, `security_policy_action`, `cidr`, `protocol`, `port`, `history_action`, `history_state_confirmed`, `history_time`, `begin_port`, `end_port`) VALUES (6,'basic_security_policy_60b9f0bf8460a5a2','2021-06-04 09:22:07','umadmin','2021-06-04 09:22:07','umadmin','ACCEPT__TGR1_CORE_APP2__EGRESS[TCP:80-20000]','created_0','EGRESS\\n80-20000',NULL,NULL,'basic_security_group_60b9d3da0e949548','basic_security_policy_design_60b9efd91ddcbd7f','resource_set_60b9d908d2b2fff7','network_subzone_60b9cb62e0ab22b8','EGRESS','ACCEPT','10.0.1.0/24','TCP','80-20000','insert',0,'2021-06-04 09:22:07','80','20000');
INSERT INTO `history_basic_security_policy` (`id`, `guid`, `create_time`, `create_user`, `update_time`, `update_user`, `key_name`, `state`, `code`, `confirm_time`, `asset_id`, `basic_security_group`, `basic_security_policy_design`, `resource_set`, `network_subzone`, `security_policy_type`, `security_policy_action`, `cidr`, `protocol`, `port`, `history_action`, `history_state_confirmed`, `history_time`, `begin_port`, `end_port`) VALUES (7,'basic_security_policy_60b9f0bfa52005ae','2021-06-04 09:22:07','umadmin','2021-06-04 09:22:07','umadmin','ACCEPT__TGR1_CORE_DB1__EGRESS[TCP:3306-3306]','created_0','EGRESS\\n3306-3306',NULL,NULL,'basic_security_group_60b9d3da0e949548','basic_security_policy_design_60b9efd920aa6093','resource_set_60b9d908179df27c','network_subzone_60b9cb83624fdc6d','EGRESS','ACCEPT','10.0.2.0/24','TCP','3306-3306','insert',0,'2021-06-04 09:22:07','3306','3306');
INSERT INTO `history_basic_security_policy` (`id`, `guid`, `create_time`, `create_user`, `update_time`, `update_user`, `key_name`, `state`, `code`, `confirm_time`, `asset_id`, `basic_security_group`, `basic_security_policy_design`, `resource_set`, `network_subzone`, `security_policy_type`, `security_policy_action`, `cidr`, `protocol`, `port`, `history_action`, `history_state_confirmed`, `history_time`, `begin_port`, `end_port`) VALUES (8,'basic_security_policy_60b9f0bfdea88a46','2021-06-04 09:22:07','umadmin','2021-06-04 09:22:07','umadmin','ACCEPT__TGR1_CORE_DB2__EGRESS[TCP:3306-3306]','created_0','EGRESS\\n3306-3306',NULL,NULL,'basic_security_group_60b9d3da0e949548','basic_security_policy_design_60b9efd920aa6093','resource_set_60b9d908179df27c','network_subzone_60b9cb9fab705d16','EGRESS','ACCEPT','10.0.3.0/24','TCP','3306-3306','insert',0,'2021-06-04 09:22:07','3306','3306');
INSERT INTO `history_basic_security_policy` (`id`, `guid`, `create_time`, `create_user`, `update_time`, `update_user`, `key_name`, `state`, `code`, `confirm_time`, `asset_id`, `basic_security_group`, `basic_security_policy_design`, `resource_set`, `network_subzone`, `security_policy_type`, `security_policy_action`, `cidr`, `protocol`, `port`, `history_action`, `history_state_confirmed`, `history_time`, `begin_port`, `end_port`) VALUES (9,'basic_security_policy_60b9f0bfe53a8f6c','2021-06-04 09:22:07','umadmin','2021-06-04 09:22:07','umadmin','ACCEPT__TGR1_LINK_WANNET__EGRESS[TCP:80-443]','created_0','EGRESS\\n80-443',NULL,NULL,'basic_security_group_60b9d3da0e949548','basic_security_policy_design_60b9efd9efcfba22','resource_set_60b9d8ad61239c75','network_subzone_60b9d81aac7c782f','EGRESS','ACCEPT','0.0.0.0/0','TCP','80-443','insert',0,'2021-06-04 09:22:07','80','443');
INSERT INTO `history_basic_security_policy` (`id`, `guid`, `create_time`, `create_user`, `update_time`, `update_user`, `key_name`, `state`, `code`, `confirm_time`, `asset_id`, `basic_security_group`, `basic_security_policy_design`, `resource_set`, `network_subzone`, `security_policy_type`, `security_policy_action`, `cidr`, `protocol`, `port`, `history_action`, `history_state_confirmed`, `history_time`, `begin_port`, `end_port`) VALUES (10,'basic_security_policy_60b9f01311b13b39','2021-06-04 09:19:15','umadmin','2021-06-04 09:19:15','umadmin','ACCEPT__TGR1_LINK_PROXY1__EGRESS[TCP:10000-20000]','null_0','EGRESS\\n10000-20000',NULL,'','basic_security_group_60b9d3da0e949548','basic_security_policy_design_60b9ef7067cad2f9','resource_set_60b9d40e7dea345c','network_subzone_60b9cb05ae2a9638','EGRESS','ACCEPT','10.0.128.0/24','TCP','10000-20000','delete',0,'2021-06-04 09:40:00','10000','20000');
INSERT INTO `history_basic_security_policy` (`id`, `guid`, `create_time`, `create_user`, `update_time`, `update_user`, `key_name`, `state`, `code`, `confirm_time`, `asset_id`, `basic_security_group`, `basic_security_policy_design`, `resource_set`, `network_subzone`, `security_policy_type`, `security_policy_action`, `cidr`, `protocol`, `port`, `history_action`, `history_state_confirmed`, `history_time`, `begin_port`, `end_port`) VALUES (11,'basic_security_policy_60b9f066657bee5d','2021-06-04 09:20:38','umadmin','2021-06-04 09:20:38','umadmin','ACCEPT__TGR1_CORE_APP1__EGRESS[TCP:10000-20000]','null_0','EGRESS\\n10000-20000',NULL,'','basic_security_group_60b9d3da0e949548','basic_security_policy_design_60b9efd91588a67e','resource_set_60b9d908105a0b30','network_subzone_60b9cb464ce69a07','EGRESS','ACCEPT','10.0.0.0/24','TCP','10000-20000','delete',0,'2021-06-04 09:40:03','10000','20000');
INSERT INTO `history_basic_security_policy` (`id`, `guid`, `create_time`, `create_user`, `update_time`, `update_user`, `key_name`, `state`, `code`, `confirm_time`, `asset_id`, `basic_security_group`, `basic_security_policy_design`, `resource_set`, `network_subzone`, `security_policy_type`, `security_policy_action`, `cidr`, `protocol`, `port`, `history_action`, `history_state_confirmed`, `history_time`, `begin_port`, `end_port`) VALUES (12,'basic_security_policy_60b9f0663cae115d','2021-06-04 09:20:38','umadmin','2021-06-04 09:20:38','umadmin','ACCEPT__TGR1_LINK_PROXY2__EGRESS[TCP:10000-20000]','null_0','EGRESS\\n10000-20000',NULL,'','basic_security_group_60b9d3da0e949548','basic_security_policy_design_60b9ef7067cad2f9','resource_set_60b9d40e7dea345c','network_subzone_60b9cb203bff3a76','EGRESS','ACCEPT','10.0.129.0/24','TCP','10000-20000','delete',0,'2021-06-04 09:40:08','10000','20000');
INSERT INTO `history_basic_security_policy` (`id`, `guid`, `create_time`, `create_user`, `update_time`, `update_user`, `key_name`, `state`, `code`, `confirm_time`, `asset_id`, `basic_security_group`, `basic_security_policy_design`, `resource_set`, `network_subzone`, `security_policy_type`, `security_policy_action`, `cidr`, `protocol`, `port`, `history_action`, `history_state_confirmed`, `history_time`, `begin_port`, `end_port`) VALUES (13,'basic_security_policy_60b9f0bf5dbbddc1','2021-06-04 09:22:07','umadmin','2021-06-04 09:22:07','umadmin','ACCEPT__TGR1_CORE_APP1__EGRESS[TCP:80-20000]','null_0','EGRESS\\n80-20000',NULL,'','basic_security_group_60b9d3da0e949548','basic_security_policy_design_60b9efd91ddcbd7f','resource_set_60b9d908d2b2fff7','network_subzone_60b9cb464ce69a07','EGRESS','ACCEPT','10.0.0.0/24','TCP','80-20000','delete',0,'2021-06-04 09:40:11','80','20000');
INSERT INTO `history_basic_security_policy` (`id`, `guid`, `create_time`, `create_user`, `update_time`, `update_user`, `key_name`, `state`, `code`, `confirm_time`, `asset_id`, `basic_security_group`, `basic_security_policy_design`, `resource_set`, `network_subzone`, `security_policy_type`, `security_policy_action`, `cidr`, `protocol`, `port`, `history_action`, `history_state_confirmed`, `history_time`, `begin_port`, `end_port`) VALUES (14,'basic_security_policy_60b9f0bf8460a5a2','2021-06-04 09:22:07','umadmin','2021-06-04 09:22:07','umadmin','ACCEPT__TGR1_CORE_APP2__EGRESS[TCP:80-20000]','null_0','EGRESS\\n80-20000',NULL,'','basic_security_group_60b9d3da0e949548','basic_security_policy_design_60b9efd91ddcbd7f','resource_set_60b9d908d2b2fff7','network_subzone_60b9cb62e0ab22b8','EGRESS','ACCEPT','10.0.1.0/24','TCP','80-20000','delete',0,'2021-06-04 09:40:15','80','20000');
INSERT INTO `history_basic_security_policy` (`id`, `guid`, `create_time`, `create_user`, `update_time`, `update_user`, `key_name`, `state`, `code`, `confirm_time`, `asset_id`, `basic_security_group`, `basic_security_policy_design`, `resource_set`, `network_subzone`, `security_policy_type`, `security_policy_action`, `cidr`, `protocol`, `port`, `history_action`, `history_state_confirmed`, `history_time`, `begin_port`, `end_port`) VALUES (15,'basic_security_policy_60b9f0bfa52005ae','2021-06-04 09:22:07','umadmin','2021-06-04 09:22:07','umadmin','ACCEPT__TGR1_CORE_DB1__EGRESS[TCP:3306-3306]','null_0','EGRESS\\n3306-3306',NULL,'','basic_security_group_60b9d3da0e949548','basic_security_policy_design_60b9efd920aa6093','resource_set_60b9d908179df27c','network_subzone_60b9cb83624fdc6d','EGRESS','ACCEPT','10.0.2.0/24','TCP','3306-3306','delete',0,'2021-06-04 09:40:18','3306','3306');
INSERT INTO `history_basic_security_policy` (`id`, `guid`, `create_time`, `create_user`, `update_time`, `update_user`, `key_name`, `state`, `code`, `confirm_time`, `asset_id`, `basic_security_group`, `basic_security_policy_design`, `resource_set`, `network_subzone`, `security_policy_type`, `security_policy_action`, `cidr`, `protocol`, `port`, `history_action`, `history_state_confirmed`, `history_time`, `begin_port`, `end_port`) VALUES (16,'basic_security_policy_60b9f0bfdea88a46','2021-06-04 09:22:07','umadmin','2021-06-04 09:22:07','umadmin','ACCEPT__TGR1_CORE_DB2__EGRESS[TCP:3306-3306]','null_0','EGRESS\\n3306-3306',NULL,'','basic_security_group_60b9d3da0e949548','basic_security_policy_design_60b9efd920aa6093','resource_set_60b9d908179df27c','network_subzone_60b9cb9fab705d16','EGRESS','ACCEPT','10.0.3.0/24','TCP','3306-3306','delete',0,'2021-06-04 09:40:22','3306','3306');
INSERT INTO `history_basic_security_policy` (`id`, `guid`, `create_time`, `create_user`, `update_time`, `update_user`, `key_name`, `state`, `code`, `confirm_time`, `asset_id`, `basic_security_group`, `basic_security_policy_design`, `resource_set`, `network_subzone`, `security_policy_type`, `security_policy_action`, `cidr`, `protocol`, `port`, `history_action`, `history_state_confirmed`, `history_time`, `begin_port`, `end_port`) VALUES (17,'basic_security_policy_60b9f066b30fd692','2021-06-04 09:20:38','umadmin','2021-06-04 09:20:38','umadmin','ACCEPT__TGR1_CORE_APP2__EGRESS[TCP:10000-20000]','null_0','EGRESS\\n10000-20000',NULL,'','basic_security_group_60b9d3da0e949548','basic_security_policy_design_60b9efd91588a67e','resource_set_60b9d908105a0b30','network_subzone_60b9cb62e0ab22b8','EGRESS','ACCEPT','10.0.1.0/24','TCP','10000-20000','delete',0,'2021-06-04 09:40:25','10000','20000');
INSERT INTO `history_basic_security_policy` (`id`, `guid`, `create_time`, `create_user`, `update_time`, `update_user`, `key_name`, `state`, `code`, `confirm_time`, `asset_id`, `basic_security_group`, `basic_security_policy_design`, `resource_set`, `network_subzone`, `security_policy_type`, `security_policy_action`, `cidr`, `protocol`, `port`, `history_action`, `history_state_confirmed`, `history_time`, `begin_port`, `end_port`) VALUES (18,'basic_security_policy_60b9f0bfe53a8f6c','2021-06-04 09:22:07','umadmin','2021-06-04 09:22:07','umadmin','ACCEPT__TGR1_LINK_WANNET__EGRESS[TCP:80-443]','null_0','EGRESS\\n80-443',NULL,'','basic_security_group_60b9d3da0e949548','basic_security_policy_design_60b9efd9efcfba22','resource_set_60b9d8ad61239c75','network_subzone_60b9d81aac7c782f','EGRESS','ACCEPT','0.0.0.0/0','TCP','80-443','delete',0,'2021-06-04 09:40:29','80','443');
INSERT INTO `history_basic_security_policy` (`id`, `guid`, `create_time`, `create_user`, `update_time`, `update_user`, `key_name`, `state`, `code`, `confirm_time`, `asset_id`, `basic_security_group`, `basic_security_policy_design`, `resource_set`, `network_subzone`, `security_policy_type`, `security_policy_action`, `cidr`, `protocol`, `port`, `history_action`, `history_state_confirmed`, `history_time`, `begin_port`, `end_port`) VALUES (19,'basic_security_policy_60bc36bc49964141','2021-06-06 02:45:16','umadmin','2021-06-06 02:45:16','umadmin','ACCEPT__TGR1_LINK_MAPP1__INGRESS[TCP:1-65535]','created_0','INGRESS\\n1-65535',NULL,NULL,'basic_security_group_60b9d3700e528624','basic_security_policy_design_60bc36055c63d1e5','resource_set_60b9d9082728baf7','network_subzone_60b9d58514e93956','INGRESS','ACCEPT','10.0.130.0/24','TCP','1-65535','insert',0,'2021-06-06 02:45:16','1','65535');
INSERT INTO `history_basic_security_policy` (`id`, `guid`, `create_time`, `create_user`, `update_time`, `update_user`, `key_name`, `state`, `code`, `confirm_time`, `asset_id`, `basic_security_group`, `basic_security_policy_design`, `resource_set`, `network_subzone`, `security_policy_type`, `security_policy_action`, `cidr`, `protocol`, `port`, `history_action`, `history_state_confirmed`, `history_time`, `begin_port`, `end_port`) VALUES (20,'basic_security_policy_60bc36bcc9a70bbc','2021-06-06 02:45:16','umadmin','2021-06-06 02:45:16','umadmin','ACCEPT__TGR1_LINK_MAPP2__INGRESS[TCP:1-65535]','created_0','INGRESS\\n1-65535',NULL,NULL,'basic_security_group_60b9d3700e528624','basic_security_policy_design_60bc36055c63d1e5','resource_set_60b9d9082728baf7','network_subzone_60b9d5a039ac3db5','INGRESS','ACCEPT','10.0.131.0/24','TCP','1-65535','insert',0,'2021-06-06 02:45:16','1','65535');
INSERT INTO `history_basic_security_policy` (`id`, `guid`, `create_time`, `create_user`, `update_time`, `update_user`, `key_name`, `state`, `code`, `confirm_time`, `asset_id`, `basic_security_group`, `basic_security_policy_design`, `resource_set`, `network_subzone`, `security_policy_type`, `security_policy_action`, `cidr`, `protocol`, `port`, `history_action`, `history_state_confirmed`, `history_time`, `begin_port`, `end_port`) VALUES (21,'basic_security_policy_60bc36bcd1934a16','2021-06-06 02:45:16','umadmin','2021-06-06 02:45:16','umadmin','ACCEPT__TGR1_LINK_MAPP1__EGRESS[TCP:4500-9099]','created_0','EGRESS\\n4500-9099',NULL,NULL,'basic_security_group_60b9d3700e528624','basic_security_policy_design_60bc366e204ba2e6','resource_set_60b9d9082728baf7','network_subzone_60b9d58514e93956','EGRESS','ACCEPT','10.0.130.0/24','TCP','4500-9099','insert',0,'2021-06-06 02:45:16','4500','9099');
INSERT INTO `history_basic_security_policy` (`id`, `guid`, `create_time`, `create_user`, `update_time`, `update_user`, `key_name`, `state`, `code`, `confirm_time`, `asset_id`, `basic_security_group`, `basic_security_policy_design`, `resource_set`, `network_subzone`, `security_policy_type`, `security_policy_action`, `cidr`, `protocol`, `port`, `history_action`, `history_state_confirmed`, `history_time`, `begin_port`, `end_port`) VALUES (22,'basic_security_policy_60bc36bce4aae5ee','2021-06-06 02:45:16','umadmin','2021-06-06 02:45:16','umadmin','ACCEPT__TGR1_LINK_MAPP2__EGRESS[TCP:4500-9099]','created_0','EGRESS\\n4500-9099',NULL,NULL,'basic_security_group_60b9d3700e528624','basic_security_policy_design_60bc366e204ba2e6','resource_set_60b9d9082728baf7','network_subzone_60b9d5a039ac3db5','EGRESS','ACCEPT','10.0.131.0/24','TCP','4500-9099','insert',0,'2021-06-06 02:45:16','4500','9099');
INSERT INTO `history_basic_security_policy` (`id`, `guid`, `create_time`, `create_user`, `update_time`, `update_user`, `key_name`, `state`, `code`, `confirm_time`, `asset_id`, `basic_security_group`, `basic_security_policy_design`, `resource_set`, `network_subzone`, `security_policy_type`, `security_policy_action`, `cidr`, `protocol`, `port`, `history_action`, `history_state_confirmed`, `history_time`, `begin_port`, `end_port`) VALUES (23,'basic_security_policy_60bc383d4dd30f7f','2021-06-06 02:51:41','umadmin','2021-06-06 02:51:41','umadmin','TGR1_CORE_APP__ACCEPT__TGR1_MGMT_MAPP__INGRESS[TCP:1-65535]','created_0','INGRESS\\n1-65535',NULL,NULL,'basic_security_group_60b9d381f96658f0','basic_security_policy_design_60bc3605748a9bbc','resource_set_60b9d9082728baf7','network_subzone_60b9d58514e93956','INGRESS','ACCEPT','10.0.130.0/24','TCP','1-65535','insert',0,'2021-06-06 02:51:41','1','65535');
INSERT INTO `history_basic_security_policy` (`id`, `guid`, `create_time`, `create_user`, `update_time`, `update_user`, `key_name`, `state`, `code`, `confirm_time`, `asset_id`, `basic_security_group`, `basic_security_policy_design`, `resource_set`, `network_subzone`, `security_policy_type`, `security_policy_action`, `cidr`, `protocol`, `port`, `history_action`, `history_state_confirmed`, `history_time`, `begin_port`, `end_port`) VALUES (24,'basic_security_policy_60bc383db3fd7770','2021-06-06 02:51:41','umadmin','2021-06-06 02:51:41','umadmin','TGR1_CORE_APP__ACCEPT__TGR1_MGMT_MAPP__INGRESS[TCP:1-65535]','created_0','INGRESS\\n1-65535',NULL,NULL,'basic_security_group_60b9d381f96658f0','basic_security_policy_design_60bc3605748a9bbc','resource_set_60b9d9082728baf7','network_subzone_60b9d5a039ac3db5','INGRESS','ACCEPT','10.0.131.0/24','TCP','1-65535','insert',0,'2021-06-06 02:51:41','1','65535');
INSERT INTO `history_basic_security_policy` (`id`, `guid`, `create_time`, `create_user`, `update_time`, `update_user`, `key_name`, `state`, `code`, `confirm_time`, `asset_id`, `basic_security_group`, `basic_security_policy_design`, `resource_set`, `network_subzone`, `security_policy_type`, `security_policy_action`, `cidr`, `protocol`, `port`, `history_action`, `history_state_confirmed`, `history_time`, `begin_port`, `end_port`) VALUES (25,'basic_security_policy_60bc383db5f5a260','2021-06-06 02:51:41','umadmin','2021-06-06 02:51:41','umadmin','TGR1_CORE_APP__ACCEPT__TGR1_MGMT_MAPP__EGRESS[TCP:4500-9099]','created_0','EGRESS\\n4500-9099',NULL,NULL,'basic_security_group_60b9d381f96658f0','basic_security_policy_design_60bc366e448643e5','resource_set_60b9d9082728baf7','network_subzone_60b9d58514e93956','EGRESS','ACCEPT','10.0.130.0/24','TCP','4500-9099','insert',0,'2021-06-06 02:51:41','4500','9099');
INSERT INTO `history_basic_security_policy` (`id`, `guid`, `create_time`, `create_user`, `update_time`, `update_user`, `key_name`, `state`, `code`, `confirm_time`, `asset_id`, `basic_security_group`, `basic_security_policy_design`, `resource_set`, `network_subzone`, `security_policy_type`, `security_policy_action`, `cidr`, `protocol`, `port`, `history_action`, `history_state_confirmed`, `history_time`, `begin_port`, `end_port`) VALUES (26,'basic_security_policy_60bc383ddf6656cd','2021-06-06 02:51:41','umadmin','2021-06-06 02:51:41','umadmin','TGR1_CORE_APP__ACCEPT__TGR1_MGMT_MAPP__EGRESS[TCP:4500-9099]','created_0','EGRESS\\n4500-9099',NULL,NULL,'basic_security_group_60b9d381f96658f0','basic_security_policy_design_60bc366e448643e5','resource_set_60b9d9082728baf7','network_subzone_60b9d5a039ac3db5','EGRESS','ACCEPT','10.0.131.0/24','TCP','4500-9099','insert',0,'2021-06-06 02:51:41','4500','9099');
INSERT INTO `history_basic_security_policy` (`id`, `guid`, `create_time`, `create_user`, `update_time`, `update_user`, `key_name`, `state`, `code`, `confirm_time`, `asset_id`, `basic_security_group`, `basic_security_policy_design`, `resource_set`, `network_subzone`, `security_policy_type`, `security_policy_action`, `cidr`, `protocol`, `port`, `history_action`, `history_state_confirmed`, `history_time`, `begin_port`, `end_port`) VALUES (27,'basic_security_policy_60bc36bc49964141','2021-06-06 02:45:16','umadmin','2021-06-06 02:52:08','umadmin','TGR1_LINK_NGINX__ACCEPT__TGR1_MGMT_MAPP__INGRESS[TCP:1-65535]','created_0','INGRESS\\n1-65535',NULL,'','basic_security_group_60b9d3700e528624','basic_security_policy_design_60bc36055c63d1e5','resource_set_60b9d9082728baf7','network_subzone_60b9d58514e93956','INGRESS','ACCEPT','10.0.130.0/24','TCP','1-65535','update',0,'2021-06-06 02:52:08','1','65535');
INSERT INTO `history_basic_security_policy` (`id`, `guid`, `create_time`, `create_user`, `update_time`, `update_user`, `key_name`, `state`, `code`, `confirm_time`, `asset_id`, `basic_security_group`, `basic_security_policy_design`, `resource_set`, `network_subzone`, `security_policy_type`, `security_policy_action`, `cidr`, `protocol`, `port`, `history_action`, `history_state_confirmed`, `history_time`, `begin_port`, `end_port`) VALUES (28,'basic_security_policy_60bc36bcc9a70bbc','2021-06-06 02:45:16','umadmin','2021-06-06 02:52:08','umadmin','TGR1_LINK_NGINX__ACCEPT__TGR1_MGMT_MAPP__INGRESS[TCP:1-65535]','created_0','INGRESS\\n1-65535',NULL,'','basic_security_group_60b9d3700e528624','basic_security_policy_design_60bc36055c63d1e5','resource_set_60b9d9082728baf7','network_subzone_60b9d5a039ac3db5','INGRESS','ACCEPT','10.0.131.0/24','TCP','1-65535','update',0,'2021-06-06 02:52:08','1','65535');
INSERT INTO `history_basic_security_policy` (`id`, `guid`, `create_time`, `create_user`, `update_time`, `update_user`, `key_name`, `state`, `code`, `confirm_time`, `asset_id`, `basic_security_group`, `basic_security_policy_design`, `resource_set`, `network_subzone`, `security_policy_type`, `security_policy_action`, `cidr`, `protocol`, `port`, `history_action`, `history_state_confirmed`, `history_time`, `begin_port`, `end_port`) VALUES (29,'basic_security_policy_60bc36bcd1934a16','2021-06-06 02:45:16','umadmin','2021-06-06 02:52:08','umadmin','TGR1_LINK_NGINX__ACCEPT__TGR1_MGMT_MAPP__EGRESS[TCP:4500-9099]','created_0','EGRESS\\n4500-9099',NULL,'','basic_security_group_60b9d3700e528624','basic_security_policy_design_60bc366e204ba2e6','resource_set_60b9d9082728baf7','network_subzone_60b9d58514e93956','EGRESS','ACCEPT','10.0.130.0/24','TCP','4500-9099','update',0,'2021-06-06 02:52:08','4500','9099');
INSERT INTO `history_basic_security_policy` (`id`, `guid`, `create_time`, `create_user`, `update_time`, `update_user`, `key_name`, `state`, `code`, `confirm_time`, `asset_id`, `basic_security_group`, `basic_security_policy_design`, `resource_set`, `network_subzone`, `security_policy_type`, `security_policy_action`, `cidr`, `protocol`, `port`, `history_action`, `history_state_confirmed`, `history_time`, `begin_port`, `end_port`) VALUES (30,'basic_security_policy_60bc36bce4aae5ee','2021-06-06 02:45:16','umadmin','2021-06-06 02:52:08','umadmin','TGR1_LINK_NGINX__ACCEPT__TGR1_MGMT_MAPP__EGRESS[TCP:4500-9099]','created_0','EGRESS\\n4500-9099',NULL,'','basic_security_group_60b9d3700e528624','basic_security_policy_design_60bc366e204ba2e6','resource_set_60b9d9082728baf7','network_subzone_60b9d5a039ac3db5','EGRESS','ACCEPT','10.0.131.0/24','TCP','4500-9099','update',0,'2021-06-06 02:52:08','4500','9099');
INSERT INTO `history_basic_security_policy` (`id`, `guid`, `create_time`, `create_user`, `update_time`, `update_user`, `key_name`, `state`, `code`, `confirm_time`, `asset_id`, `basic_security_group`, `basic_security_policy_design`, `resource_set`, `network_subzone`, `security_policy_type`, `security_policy_action`, `cidr`, `protocol`, `port`, `history_action`, `history_state_confirmed`, `history_time`, `begin_port`, `end_port`) VALUES (31,'basic_security_policy_60bc38ce3a7b8ce3','2021-06-06 02:54:06','umadmin','2021-06-06 02:54:06','umadmin','TGR1_CORE_RDB__ACCEPT__TGR1_MGMT_MAPP__INGRESS[TCP:3306-3306]','created_0','INGRESS\\n3306-3306',NULL,NULL,'basic_security_group_60b9d39c4b2938fd','basic_security_policy_design_60bc36057d16fc02','resource_set_60b9d9082728baf7','network_subzone_60b9d58514e93956','INGRESS','ACCEPT','10.0.130.0/24','TCP','3306-3306','insert',0,'2021-06-06 02:54:06','3306','3306');
INSERT INTO `history_basic_security_policy` (`id`, `guid`, `create_time`, `create_user`, `update_time`, `update_user`, `key_name`, `state`, `code`, `confirm_time`, `asset_id`, `basic_security_group`, `basic_security_policy_design`, `resource_set`, `network_subzone`, `security_policy_type`, `security_policy_action`, `cidr`, `protocol`, `port`, `history_action`, `history_state_confirmed`, `history_time`, `begin_port`, `end_port`) VALUES (32,'basic_security_policy_60bc38ce9d6abc85','2021-06-06 02:54:06','umadmin','2021-06-06 02:54:06','umadmin','TGR1_CORE_RDB__ACCEPT__TGR1_MGMT_MAPP__INGRESS[TCP:3306-3306]','created_0','INGRESS\\n3306-3306',NULL,NULL,'basic_security_group_60b9d39c4b2938fd','basic_security_policy_design_60bc36057d16fc02','resource_set_60b9d9082728baf7','network_subzone_60b9d5a039ac3db5','INGRESS','ACCEPT','10.0.131.0/24','TCP','3306-3306','insert',0,'2021-06-06 02:54:06','3306','3306');
INSERT INTO `history_basic_security_policy` (`id`, `guid`, `create_time`, `create_user`, `update_time`, `update_user`, `key_name`, `state`, `code`, `confirm_time`, `asset_id`, `basic_security_group`, `basic_security_policy_design`, `resource_set`, `network_subzone`, `security_policy_type`, `security_policy_action`, `cidr`, `protocol`, `port`, `history_action`, `history_state_confirmed`, `history_time`, `begin_port`, `end_port`) VALUES (33,'basic_security_policy_60bc38ce9debe7b3','2021-06-06 02:54:06','umadmin','2021-06-06 02:54:06','umadmin','TGR1_CORE_ILB__ACCEPT__TGR1_MGMT_MAPP__INGRESS[TCP:1-65535]','created_0','INGRESS\\n1-65535',NULL,NULL,'basic_security_group_60b9d3b370a27c6f','basic_security_policy_design_60bc3605e38f6211','resource_set_60b9d9082728baf7','network_subzone_60b9d58514e93956','INGRESS','ACCEPT','10.0.130.0/24','TCP','1-65535','insert',0,'2021-06-06 02:54:06','1','65535');
INSERT INTO `history_basic_security_policy` (`id`, `guid`, `create_time`, `create_user`, `update_time`, `update_user`, `key_name`, `state`, `code`, `confirm_time`, `asset_id`, `basic_security_group`, `basic_security_policy_design`, `resource_set`, `network_subzone`, `security_policy_type`, `security_policy_action`, `cidr`, `protocol`, `port`, `history_action`, `history_state_confirmed`, `history_time`, `begin_port`, `end_port`) VALUES (34,'basic_security_policy_60bc38cef1f32689','2021-06-06 02:54:06','umadmin','2021-06-06 02:54:06','umadmin','TGR1_CORE_ILB__ACCEPT__TGR1_MGMT_MAPP__INGRESS[TCP:1-65535]','created_0','INGRESS\\n1-65535',NULL,NULL,'basic_security_group_60b9d3b370a27c6f','basic_security_policy_design_60bc3605e38f6211','resource_set_60b9d9082728baf7','network_subzone_60b9d5a039ac3db5','INGRESS','ACCEPT','10.0.131.0/24','TCP','1-65535','insert',0,'2021-06-06 02:54:06','1','65535');
INSERT INTO `history_basic_security_policy` (`id`, `guid`, `create_time`, `create_user`, `update_time`, `update_user`, `key_name`, `state`, `code`, `confirm_time`, `asset_id`, `basic_security_group`, `basic_security_policy_design`, `resource_set`, `network_subzone`, `security_policy_type`, `security_policy_action`, `cidr`, `protocol`, `port`, `history_action`, `history_state_confirmed`, `history_time`, `begin_port`, `end_port`) VALUES (35,'basic_security_policy_60bc39e90b6f979e','2021-06-06 02:58:49','umadmin','2021-06-06 02:58:49','umadmin','TGR1_LINK_MAPP__ACCEPT__TGR1_DMZ_NGINX__EGRESS[TCP:1-65535]','created_0','EGRESS\\n1-65535',NULL,NULL,'basic_security_group_60b9d3da0e949548','basic_security_policy_design_60bc34961669bd0f','resource_set_60b9d40e7dea345c','network_subzone_60b9cb05ae2a9638','EGRESS','ACCEPT','10.0.128.0/24','TCP','1-65535','insert',0,'2021-06-06 02:58:49','1','65535');
INSERT INTO `history_basic_security_policy` (`id`, `guid`, `create_time`, `create_user`, `update_time`, `update_user`, `key_name`, `state`, `code`, `confirm_time`, `asset_id`, `basic_security_group`, `basic_security_policy_design`, `resource_set`, `network_subzone`, `security_policy_type`, `security_policy_action`, `cidr`, `protocol`, `port`, `history_action`, `history_state_confirmed`, `history_time`, `begin_port`, `end_port`) VALUES (36,'basic_security_policy_60bc39e90f310c9d','2021-06-06 02:58:49','umadmin','2021-06-06 02:58:49','umadmin','TGR1_LINK_MAPP__ACCEPT__TGR1_DMZ_NGINX__EGRESS[TCP:1-65535]','created_0','EGRESS\\n1-65535',NULL,NULL,'basic_security_group_60b9d3da0e949548','basic_security_policy_design_60bc34961669bd0f','resource_set_60b9d40e7dea345c','network_subzone_60b9cb203bff3a76','EGRESS','ACCEPT','10.0.129.0/24','TCP','1-65535','insert',0,'2021-06-06 02:58:49','1','65535');
INSERT INTO `history_basic_security_policy` (`id`, `guid`, `create_time`, `create_user`, `update_time`, `update_user`, `key_name`, `state`, `code`, `confirm_time`, `asset_id`, `basic_security_group`, `basic_security_policy_design`, `resource_set`, `network_subzone`, `security_policy_type`, `security_policy_action`, `cidr`, `protocol`, `port`, `history_action`, `history_state_confirmed`, `history_time`, `begin_port`, `end_port`) VALUES (37,'basic_security_policy_60bc39e911fcad63','2021-06-06 02:58:49','umadmin','2021-06-06 02:58:49','umadmin','TGR1_LINK_MAPP__ACCEPT__TGR1_MGMT_MAPP__EGRESS[TCP:1-65535]','created_0','EGRESS\\n1-65535',NULL,NULL,'basic_security_group_60b9d3da0e949548','basic_security_policy_design_60bc34961fe763b9','resource_set_60b9d9082728baf7','network_subzone_60b9d58514e93956','EGRESS','ACCEPT','10.0.130.0/24','TCP','1-65535','insert',0,'2021-06-06 02:58:49','1','65535');
INSERT INTO `history_basic_security_policy` (`id`, `guid`, `create_time`, `create_user`, `update_time`, `update_user`, `key_name`, `state`, `code`, `confirm_time`, `asset_id`, `basic_security_group`, `basic_security_policy_design`, `resource_set`, `network_subzone`, `security_policy_type`, `security_policy_action`, `cidr`, `protocol`, `port`, `history_action`, `history_state_confirmed`, `history_time`, `begin_port`, `end_port`) VALUES (38,'basic_security_policy_60bc39e93152b9d2','2021-06-06 02:58:49','umadmin','2021-06-06 02:58:49','umadmin','TGR1_LINK_MAPP__ACCEPT__TGR1_MGMT_MAPP__EGRESS[TCP:1-65535]','created_0','EGRESS\\n1-65535',NULL,NULL,'basic_security_group_60b9d3da0e949548','basic_security_policy_design_60bc34961fe763b9','resource_set_60b9d9082728baf7','network_subzone_60b9d5a039ac3db5','EGRESS','ACCEPT','10.0.131.0/24','TCP','1-65535','insert',0,'2021-06-06 02:58:49','1','65535');
INSERT INTO `history_basic_security_policy` (`id`, `guid`, `create_time`, `create_user`, `update_time`, `update_user`, `key_name`, `state`, `code`, `confirm_time`, `asset_id`, `basic_security_group`, `basic_security_policy_design`, `resource_set`, `network_subzone`, `security_policy_type`, `security_policy_action`, `cidr`, `protocol`, `port`, `history_action`, `history_state_confirmed`, `history_time`, `begin_port`, `end_port`) VALUES (39,'basic_security_policy_60bc39e933644385','2021-06-06 02:58:49','umadmin','2021-06-06 02:58:49','umadmin','TGR1_LINK_MAPP__ACCEPT__TGR1_SF_APP__EGRESS[TCP:1-65535]','created_0','EGRESS\\n1-65535',NULL,NULL,'basic_security_group_60b9d3da0e949548','basic_security_policy_design_60bc349640500ad1','resource_set_60b9d908105a0b30','network_subzone_60b9cb464ce69a07','EGRESS','ACCEPT','10.0.0.0/24','TCP','1-65535','insert',0,'2021-06-06 02:58:49','1','65535');
INSERT INTO `history_basic_security_policy` (`id`, `guid`, `create_time`, `create_user`, `update_time`, `update_user`, `key_name`, `state`, `code`, `confirm_time`, `asset_id`, `basic_security_group`, `basic_security_policy_design`, `resource_set`, `network_subzone`, `security_policy_type`, `security_policy_action`, `cidr`, `protocol`, `port`, `history_action`, `history_state_confirmed`, `history_time`, `begin_port`, `end_port`) VALUES (40,'basic_security_policy_60bc39e944c8ff8c','2021-06-06 02:58:49','umadmin','2021-06-06 02:58:49','umadmin','TGR1_LINK_MAPP__ACCEPT__TGR1_SF_APP__EGRESS[TCP:1-65535]','created_0','EGRESS\\n1-65535',NULL,NULL,'basic_security_group_60b9d3da0e949548','basic_security_policy_design_60bc349640500ad1','resource_set_60b9d908105a0b30','network_subzone_60b9cb62e0ab22b8','EGRESS','ACCEPT','10.0.1.0/24','TCP','1-65535','insert',0,'2021-06-06 02:58:49','1','65535');
INSERT INTO `history_basic_security_policy` (`id`, `guid`, `create_time`, `create_user`, `update_time`, `update_user`, `key_name`, `state`, `code`, `confirm_time`, `asset_id`, `basic_security_group`, `basic_security_policy_design`, `resource_set`, `network_subzone`, `security_policy_type`, `security_policy_action`, `cidr`, `protocol`, `port`, `history_action`, `history_state_confirmed`, `history_time`, `begin_port`, `end_port`) VALUES (41,'basic_security_policy_60bc39e95b6c4357','2021-06-06 02:58:49','umadmin','2021-06-06 02:58:49','umadmin','TGR1_LINK_MAPP__ACCEPT__TGR1_SF_K8S__EGRESS[TCP:1-65535]','created_0','EGRESS\\n1-65535',NULL,NULL,'basic_security_group_60b9d3da0e949548','basic_security_policy_design_60bc3496da385a52','resource_set_60b9fb6e3e4b3db9','network_subzone_60b9cb464ce69a07','EGRESS','ACCEPT','10.0.0.0/24','TCP','1-65535','insert',0,'2021-06-06 02:58:49','1','65535');
INSERT INTO `history_basic_security_policy` (`id`, `guid`, `create_time`, `create_user`, `update_time`, `update_user`, `key_name`, `state`, `code`, `confirm_time`, `asset_id`, `basic_security_group`, `basic_security_policy_design`, `resource_set`, `network_subzone`, `security_policy_type`, `security_policy_action`, `cidr`, `protocol`, `port`, `history_action`, `history_state_confirmed`, `history_time`, `begin_port`, `end_port`) VALUES (42,'basic_security_policy_60bc39e96215faeb','2021-06-06 02:58:49','umadmin','2021-06-06 02:58:49','umadmin','TGR1_LINK_MAPP__ACCEPT__TGR1_SF_K8S__EGRESS[TCP:1-65535]','created_0','EGRESS\\n1-65535',NULL,NULL,'basic_security_group_60b9d3da0e949548','basic_security_policy_design_60bc3496da385a52','resource_set_60b9fb6e3e4b3db9','network_subzone_60b9cb62e0ab22b8','EGRESS','ACCEPT','10.0.1.0/24','TCP','1-65535','insert',0,'2021-06-06 02:58:49','1','65535');
INSERT INTO `history_basic_security_policy` (`id`, `guid`, `create_time`, `create_user`, `update_time`, `update_user`, `key_name`, `state`, `code`, `confirm_time`, `asset_id`, `basic_security_group`, `basic_security_policy_design`, `resource_set`, `network_subzone`, `security_policy_type`, `security_policy_action`, `cidr`, `protocol`, `port`, `history_action`, `history_state_confirmed`, `history_time`, `begin_port`, `end_port`) VALUES (43,'basic_security_policy_60bc39e963c28600','2021-06-06 02:58:49','umadmin','2021-06-06 02:58:49','umadmin','TGR1_LINK_MAPP__ACCEPT__TGR1_SF_ILB__EGRESS[TCP:1-65535]','created_0','EGRESS\\n1-65535',NULL,NULL,'basic_security_group_60b9d3da0e949548','basic_security_policy_design_60bc3496e2fa40f8','resource_set_60b9d908d2b2fff7','network_subzone_60b9cb464ce69a07','EGRESS','ACCEPT','10.0.0.0/24','TCP','1-65535','insert',0,'2021-06-06 02:58:49','1','65535');
INSERT INTO `history_basic_security_policy` (`id`, `guid`, `create_time`, `create_user`, `update_time`, `update_user`, `key_name`, `state`, `code`, `confirm_time`, `asset_id`, `basic_security_group`, `basic_security_policy_design`, `resource_set`, `network_subzone`, `security_policy_type`, `security_policy_action`, `cidr`, `protocol`, `port`, `history_action`, `history_state_confirmed`, `history_time`, `begin_port`, `end_port`) VALUES (44,'basic_security_policy_60bc39e964adae14','2021-06-06 02:58:49','umadmin','2021-06-06 02:58:49','umadmin','TGR1_LINK_MAPP__ACCEPT__TGR1_SF_ILB__EGRESS[TCP:1-65535]','created_0','EGRESS\\n1-65535',NULL,NULL,'basic_security_group_60b9d3da0e949548','basic_security_policy_design_60bc3496e2fa40f8','resource_set_60b9d908d2b2fff7','network_subzone_60b9cb62e0ab22b8','EGRESS','ACCEPT','10.0.1.0/24','TCP','1-65535','insert',0,'2021-06-06 02:58:49','1','65535');
INSERT INTO `history_basic_security_policy` (`id`, `guid`, `create_time`, `create_user`, `update_time`, `update_user`, `key_name`, `state`, `code`, `confirm_time`, `asset_id`, `basic_security_group`, `basic_security_policy_design`, `resource_set`, `network_subzone`, `security_policy_type`, `security_policy_action`, `cidr`, `protocol`, `port`, `history_action`, `history_state_confirmed`, `history_time`, `begin_port`, `end_port`) VALUES (45,'basic_security_policy_60bc39e967957fe1','2021-06-06 02:58:49','umadmin','2021-06-06 02:58:49','umadmin','TGR1_LINK_MAPP__ACCEPT__TGR1_SF_MYSQL__EGRESS[TCP:3306-3306]','created_0','EGRESS\\n3306-3306',NULL,NULL,'basic_security_group_60b9d3da0e949548','basic_security_policy_design_60bc34b249a46fef','resource_set_60b9d908179df27c','network_subzone_60b9cb83624fdc6d','EGRESS','ACCEPT','10.0.2.0/24','TCP','3306-3306','insert',0,'2021-06-06 02:58:49','3306','3306');
INSERT INTO `history_basic_security_policy` (`id`, `guid`, `create_time`, `create_user`, `update_time`, `update_user`, `key_name`, `state`, `code`, `confirm_time`, `asset_id`, `basic_security_group`, `basic_security_policy_design`, `resource_set`, `network_subzone`, `security_policy_type`, `security_policy_action`, `cidr`, `protocol`, `port`, `history_action`, `history_state_confirmed`, `history_time`, `begin_port`, `end_port`) VALUES (46,'basic_security_policy_60bc39e96cc1649f','2021-06-06 02:58:49','umadmin','2021-06-06 02:58:49','umadmin','TGR1_LINK_MAPP__ACCEPT__TGR1_SF_MYSQL__EGRESS[TCP:3306-3306]','created_0','EGRESS\\n3306-3306',NULL,NULL,'basic_security_group_60b9d3da0e949548','basic_security_policy_design_60bc34b249a46fef','resource_set_60b9d908179df27c','network_subzone_60b9cb9fab705d16','EGRESS','ACCEPT','10.0.3.0/24','TCP','3306-3306','insert',0,'2021-06-06 02:58:49','3306','3306');
INSERT INTO `history_basic_security_policy` (`id`, `guid`, `create_time`, `create_user`, `update_time`, `update_user`, `key_name`, `state`, `code`, `confirm_time`, `asset_id`, `basic_security_group`, `basic_security_policy_design`, `resource_set`, `network_subzone`, `security_policy_type`, `security_policy_action`, `cidr`, `protocol`, `port`, `history_action`, `history_state_confirmed`, `history_time`, `begin_port`, `end_port`) VALUES (47,'basic_security_policy_60bc39e96da071cf','2021-06-06 02:58:49','umadmin','2021-06-06 02:58:49','umadmin','TGR1_LINK_MAPP__ACCEPT__TGR1_DMZ_NGINX__INGRESS[TCP:4500-9099]','created_0','INGRESS\\n4500-9099',NULL,NULL,'basic_security_group_60b9d3da0e949548','basic_security_policy_design_60bc355593a7c8db','resource_set_60b9d40e7dea345c','network_subzone_60b9cb05ae2a9638','INGRESS','ACCEPT','10.0.128.0/24','TCP','4500-9099','insert',0,'2021-06-06 02:58:49','4500','9099');
INSERT INTO `history_basic_security_policy` (`id`, `guid`, `create_time`, `create_user`, `update_time`, `update_user`, `key_name`, `state`, `code`, `confirm_time`, `asset_id`, `basic_security_group`, `basic_security_policy_design`, `resource_set`, `network_subzone`, `security_policy_type`, `security_policy_action`, `cidr`, `protocol`, `port`, `history_action`, `history_state_confirmed`, `history_time`, `begin_port`, `end_port`) VALUES (48,'basic_security_policy_60bc39e970989758','2021-06-06 02:58:49','umadmin','2021-06-06 02:58:49','umadmin','TGR1_LINK_MAPP__ACCEPT__TGR1_DMZ_NGINX__INGRESS[TCP:4500-9099]','created_0','INGRESS\\n4500-9099',NULL,NULL,'basic_security_group_60b9d3da0e949548','basic_security_policy_design_60bc355593a7c8db','resource_set_60b9d40e7dea345c','network_subzone_60b9cb203bff3a76','INGRESS','ACCEPT','10.0.129.0/24','TCP','4500-9099','insert',0,'2021-06-06 02:58:49','4500','9099');
INSERT INTO `history_basic_security_policy` (`id`, `guid`, `create_time`, `create_user`, `update_time`, `update_user`, `key_name`, `state`, `code`, `confirm_time`, `asset_id`, `basic_security_group`, `basic_security_policy_design`, `resource_set`, `network_subzone`, `security_policy_type`, `security_policy_action`, `cidr`, `protocol`, `port`, `history_action`, `history_state_confirmed`, `history_time`, `begin_port`, `end_port`) VALUES (49,'basic_security_policy_60bc39e97108b407','2021-06-06 02:58:49','umadmin','2021-06-06 02:58:49','umadmin','TGR1_LINK_MAPP__ACCEPT__TGR1_MGMT_MAPP__INGRESS[TCP:4500-9099]','created_0','INGRESS\\n4500-9099',NULL,NULL,'basic_security_group_60b9d3da0e949548','basic_security_policy_design_60bc35559a501c80','resource_set_60b9d9082728baf7','network_subzone_60b9d58514e93956','INGRESS','ACCEPT','10.0.130.0/24','TCP','4500-9099','insert',0,'2021-06-06 02:58:49','4500','9099');
INSERT INTO `history_basic_security_policy` (`id`, `guid`, `create_time`, `create_user`, `update_time`, `update_user`, `key_name`, `state`, `code`, `confirm_time`, `asset_id`, `basic_security_group`, `basic_security_policy_design`, `resource_set`, `network_subzone`, `security_policy_type`, `security_policy_action`, `cidr`, `protocol`, `port`, `history_action`, `history_state_confirmed`, `history_time`, `begin_port`, `end_port`) VALUES (50,'basic_security_policy_60bc39e99e655fb0','2021-06-06 02:58:49','umadmin','2021-06-06 02:58:49','umadmin','TGR1_LINK_MAPP__ACCEPT__TGR1_MGMT_MAPP__INGRESS[TCP:4500-9099]','created_0','INGRESS\\n4500-9099',NULL,NULL,'basic_security_group_60b9d3da0e949548','basic_security_policy_design_60bc35559a501c80','resource_set_60b9d9082728baf7','network_subzone_60b9d5a039ac3db5','INGRESS','ACCEPT','10.0.131.0/24','TCP','4500-9099','insert',0,'2021-06-06 02:58:49','4500','9099');
INSERT INTO `history_basic_security_policy` (`id`, `guid`, `create_time`, `create_user`, `update_time`, `update_user`, `key_name`, `state`, `code`, `confirm_time`, `asset_id`, `basic_security_group`, `basic_security_policy_design`, `resource_set`, `network_subzone`, `security_policy_type`, `security_policy_action`, `cidr`, `protocol`, `port`, `history_action`, `history_state_confirmed`, `history_time`, `begin_port`, `end_port`) VALUES (51,'basic_security_policy_60bc39e9e5eedef8','2021-06-06 02:58:49','umadmin','2021-06-06 02:58:49','umadmin','TGR1_LINK_MAPP__ACCEPT__TGR1_SF_APP__INGRESS[TCP:4500-9099]','created_0','INGRESS\\n4500-9099',NULL,NULL,'basic_security_group_60b9d3da0e949548','basic_security_policy_design_60bc3555a6360a66','resource_set_60b9d908105a0b30','network_subzone_60b9cb464ce69a07','INGRESS','ACCEPT','10.0.0.0/24','TCP','4500-9099','insert',0,'2021-06-06 02:58:49','4500','9099');
INSERT INTO `history_basic_security_policy` (`id`, `guid`, `create_time`, `create_user`, `update_time`, `update_user`, `key_name`, `state`, `code`, `confirm_time`, `asset_id`, `basic_security_group`, `basic_security_policy_design`, `resource_set`, `network_subzone`, `security_policy_type`, `security_policy_action`, `cidr`, `protocol`, `port`, `history_action`, `history_state_confirmed`, `history_time`, `begin_port`, `end_port`) VALUES (52,'basic_security_policy_60bc39e9eb4dc105','2021-06-06 02:58:49','umadmin','2021-06-06 02:58:49','umadmin','TGR1_LINK_MAPP__ACCEPT__TGR1_SF_APP__INGRESS[TCP:4500-9099]','created_0','INGRESS\\n4500-9099',NULL,NULL,'basic_security_group_60b9d3da0e949548','basic_security_policy_design_60bc3555a6360a66','resource_set_60b9d908105a0b30','network_subzone_60b9cb62e0ab22b8','INGRESS','ACCEPT','10.0.1.0/24','TCP','4500-9099','insert',0,'2021-06-06 02:58:49','4500','9099');
INSERT INTO `history_basic_security_policy` (`id`, `guid`, `create_time`, `create_user`, `update_time`, `update_user`, `key_name`, `state`, `code`, `confirm_time`, `asset_id`, `basic_security_group`, `basic_security_policy_design`, `resource_set`, `network_subzone`, `security_policy_type`, `security_policy_action`, `cidr`, `protocol`, `port`, `history_action`, `history_state_confirmed`, `history_time`, `begin_port`, `end_port`) VALUES (53,'basic_security_policy_60bc39e9f093ceb7','2021-06-06 02:58:49','umadmin','2021-06-06 02:58:49','umadmin','TGR1_LINK_MAPP__ACCEPT__TGR1_SF_K8S__INGRESS[TCP:4500-9099]','created_0','INGRESS\\n4500-9099',NULL,NULL,'basic_security_group_60b9d3da0e949548','basic_security_policy_design_60bc3555fc1b19c2','resource_set_60b9fb6e3e4b3db9','network_subzone_60b9cb464ce69a07','INGRESS','ACCEPT','10.0.0.0/24','TCP','4500-9099','insert',0,'2021-06-06 02:58:49','4500','9099');
INSERT INTO `history_basic_security_policy` (`id`, `guid`, `create_time`, `create_user`, `update_time`, `update_user`, `key_name`, `state`, `code`, `confirm_time`, `asset_id`, `basic_security_group`, `basic_security_policy_design`, `resource_set`, `network_subzone`, `security_policy_type`, `security_policy_action`, `cidr`, `protocol`, `port`, `history_action`, `history_state_confirmed`, `history_time`, `begin_port`, `end_port`) VALUES (54,'basic_security_policy_60bc39e9fae6aac5','2021-06-06 02:58:49','umadmin','2021-06-06 02:58:49','umadmin','TGR1_LINK_MAPP__ACCEPT__TGR1_SF_K8S__INGRESS[TCP:4500-9099]','created_0','INGRESS\\n4500-9099',NULL,NULL,'basic_security_group_60b9d3da0e949548','basic_security_policy_design_60bc3555fc1b19c2','resource_set_60b9fb6e3e4b3db9','network_subzone_60b9cb62e0ab22b8','INGRESS','ACCEPT','10.0.1.0/24','TCP','4500-9099','insert',0,'2021-06-06 02:58:49','4500','9099');
INSERT INTO `history_basic_security_policy` (`id`, `guid`, `create_time`, `create_user`, `update_time`, `update_user`, `key_name`, `state`, `code`, `confirm_time`, `asset_id`, `basic_security_group`, `basic_security_policy_design`, `resource_set`, `network_subzone`, `security_policy_type`, `security_policy_action`, `cidr`, `protocol`, `port`, `history_action`, `history_state_confirmed`, `history_time`, `begin_port`, `end_port`) VALUES (55,'basic_security_policy_60bc3a1c11dabf0a','2021-06-06 02:59:40','umadmin','2021-06-06 02:59:40','umadmin','TGR1_LINK_MAPP__ACCEPT__TGR1_MGMT_MAPP__INGRESS[TCP:1-65535]','created_0','INGRESS\\n1-65535',NULL,NULL,'basic_security_group_60b9d3da0e949548','basic_security_policy_design_60bc3605ac040709','resource_set_60b9d9082728baf7','network_subzone_60b9d58514e93956','INGRESS','ACCEPT','10.0.130.0/24','TCP','1-65535','insert',0,'2021-06-06 02:59:40','1','65535');
INSERT INTO `history_basic_security_policy` (`id`, `guid`, `create_time`, `create_user`, `update_time`, `update_user`, `key_name`, `state`, `code`, `confirm_time`, `asset_id`, `basic_security_group`, `basic_security_policy_design`, `resource_set`, `network_subzone`, `security_policy_type`, `security_policy_action`, `cidr`, `protocol`, `port`, `history_action`, `history_state_confirmed`, `history_time`, `begin_port`, `end_port`) VALUES (56,'basic_security_policy_60bc3a1c9c5c9683','2021-06-06 02:59:40','umadmin','2021-06-06 02:59:40','umadmin','TGR1_LINK_MAPP__ACCEPT__TGR1_MGMT_MAPP__INGRESS[TCP:1-65535]','created_0','INGRESS\\n1-65535',NULL,NULL,'basic_security_group_60b9d3da0e949548','basic_security_policy_design_60bc3605ac040709','resource_set_60b9d9082728baf7','network_subzone_60b9d5a039ac3db5','INGRESS','ACCEPT','10.0.131.0/24','TCP','1-65535','insert',0,'2021-06-06 02:59:40','1','65535');
INSERT INTO `history_basic_security_policy` (`id`, `guid`, `create_time`, `create_user`, `update_time`, `update_user`, `key_name`, `state`, `code`, `confirm_time`, `asset_id`, `basic_security_group`, `basic_security_policy_design`, `resource_set`, `network_subzone`, `security_policy_type`, `security_policy_action`, `cidr`, `protocol`, `port`, `history_action`, `history_state_confirmed`, `history_time`, `begin_port`, `end_port`) VALUES (57,'basic_security_policy_60bc3a1cb58691fe','2021-06-06 02:59:40','umadmin','2021-06-06 02:59:40','umadmin','TGR1_LINK_MAPP__ACCEPT__TGR1_MGMT_MAPP__EGRESS[TCP:4500-9099]','created_0','EGRESS\\n4500-9099',NULL,NULL,'basic_security_group_60b9d3da0e949548','basic_security_policy_design_60bc366e669dbe5a','resource_set_60b9d9082728baf7','network_subzone_60b9d58514e93956','EGRESS','ACCEPT','10.0.130.0/24','TCP','4500-9099','insert',0,'2021-06-06 02:59:40','4500','9099');
INSERT INTO `history_basic_security_policy` (`id`, `guid`, `create_time`, `create_user`, `update_time`, `update_user`, `key_name`, `state`, `code`, `confirm_time`, `asset_id`, `basic_security_group`, `basic_security_policy_design`, `resource_set`, `network_subzone`, `security_policy_type`, `security_policy_action`, `cidr`, `protocol`, `port`, `history_action`, `history_state_confirmed`, `history_time`, `begin_port`, `end_port`) VALUES (58,'basic_security_policy_60bc3a1cf6a67ea0','2021-06-06 02:59:40','umadmin','2021-06-06 02:59:40','umadmin','TGR1_LINK_MAPP__ACCEPT__TGR1_MGMT_MAPP__EGRESS[TCP:4500-9099]','created_0','EGRESS\\n4500-9099',NULL,NULL,'basic_security_group_60b9d3da0e949548','basic_security_policy_design_60bc366e669dbe5a','resource_set_60b9d9082728baf7','network_subzone_60b9d5a039ac3db5','EGRESS','ACCEPT','10.0.131.0/24','TCP','4500-9099','insert',0,'2021-06-06 02:59:40','4500','9099');
INSERT INTO `history_basic_security_policy` (`id`, `guid`, `create_time`, `create_user`, `update_time`, `update_user`, `key_name`, `state`, `code`, `confirm_time`, `asset_id`, `basic_security_group`, `basic_security_policy_design`, `resource_set`, `network_subzone`, `security_policy_type`, `security_policy_action`, `cidr`, `protocol`, `port`, `history_action`, `history_state_confirmed`, `history_time`, `begin_port`, `end_port`) VALUES (59,'basic_security_policy_60bc38ce3a7b8ce3','2021-06-06 02:54:06','umadmin','2021-06-09 12:36:50','umadmin','TGR1_CORE_RDB__ACCEPT__TGR1_MGMT_MAPP__INGRESS[TCP:3306]','created_0','INGRESS\\n3306',NULL,'','basic_security_group_60b9d39c4b2938fd','basic_security_policy_design_60bc36057d16fc02','resource_set_60b9d9082728baf7','network_subzone_60b9d58514e93956','INGRESS','ACCEPT','10.0.130.0/24','TCP','3306','update',0,'2021-06-09 12:36:50','3306','3306');
INSERT INTO `history_basic_security_policy` (`id`, `guid`, `create_time`, `create_user`, `update_time`, `update_user`, `key_name`, `state`, `code`, `confirm_time`, `asset_id`, `basic_security_group`, `basic_security_policy_design`, `resource_set`, `network_subzone`, `security_policy_type`, `security_policy_action`, `cidr`, `protocol`, `port`, `history_action`, `history_state_confirmed`, `history_time`, `begin_port`, `end_port`) VALUES (60,'basic_security_policy_60bc38ce9d6abc85','2021-06-06 02:54:06','umadmin','2021-06-09 12:36:50','umadmin','TGR1_CORE_RDB__ACCEPT__TGR1_MGMT_MAPP__INGRESS[TCP:3306]','created_0','INGRESS\\n3306',NULL,'','basic_security_group_60b9d39c4b2938fd','basic_security_policy_design_60bc36057d16fc02','resource_set_60b9d9082728baf7','network_subzone_60b9d5a039ac3db5','INGRESS','ACCEPT','10.0.131.0/24','TCP','3306','update',0,'2021-06-09 12:36:50','3306','3306');
INSERT INTO `history_basic_security_policy` (`id`, `guid`, `create_time`, `create_user`, `update_time`, `update_user`, `key_name`, `state`, `code`, `confirm_time`, `asset_id`, `basic_security_group`, `basic_security_policy_design`, `resource_set`, `network_subzone`, `security_policy_type`, `security_policy_action`, `cidr`, `protocol`, `port`, `history_action`, `history_state_confirmed`, `history_time`, `begin_port`, `end_port`) VALUES (61,'basic_security_policy_60bc39e967957fe1','2021-06-06 02:58:49','umadmin','2021-06-09 12:36:50','umadmin','TGR1_LINK_MAPP__ACCEPT__TGR1_SF_MYSQL__EGRESS[TCP:3306]','created_0','EGRESS\\n3306',NULL,'','basic_security_group_60b9d3da0e949548','basic_security_policy_design_60bc34b249a46fef','resource_set_60b9d908179df27c','network_subzone_60b9cb83624fdc6d','EGRESS','ACCEPT','10.0.2.0/24','TCP','3306','update',0,'2021-06-09 12:36:50','3306','3306');
INSERT INTO `history_basic_security_policy` (`id`, `guid`, `create_time`, `create_user`, `update_time`, `update_user`, `key_name`, `state`, `code`, `confirm_time`, `asset_id`, `basic_security_group`, `basic_security_policy_design`, `resource_set`, `network_subzone`, `security_policy_type`, `security_policy_action`, `cidr`, `protocol`, `port`, `history_action`, `history_state_confirmed`, `history_time`, `begin_port`, `end_port`) VALUES (62,'basic_security_policy_60bc39e96cc1649f','2021-06-06 02:58:49','umadmin','2021-06-09 12:36:50','umadmin','TGR1_LINK_MAPP__ACCEPT__TGR1_SF_MYSQL__EGRESS[TCP:3306]','created_0','EGRESS\\n3306',NULL,'','basic_security_group_60b9d3da0e949548','basic_security_policy_design_60bc34b249a46fef','resource_set_60b9d908179df27c','network_subzone_60b9cb9fab705d16','EGRESS','ACCEPT','10.0.3.0/24','TCP','3306','update',0,'2021-06-09 12:36:50','3306','3306');
INSERT INTO `history_basic_security_policy` (`id`, `guid`, `create_time`, `create_user`, `update_time`, `update_user`, `key_name`, `state`, `code`, `confirm_time`, `asset_id`, `basic_security_group`, `basic_security_policy_design`, `resource_set`, `network_subzone`, `security_policy_type`, `security_policy_action`, `cidr`, `protocol`, `port`, `history_action`, `history_state_confirmed`, `history_time`, `begin_port`, `end_port`) VALUES (63,'basic_security_policy_60c0bbd0abefeb47','2021-06-09 13:02:08','umadmin','2021-06-09 13:02:08','umadmin','TGR1_LINK_NGINX__ACCEPT__TGR1_DMZ_ELB__INGRESS[TCP:10000-19999]','created_0','INGRESS\\n10000-19999',NULL,'','basic_security_group_60b9d3700e528624','basic_security_policy_design_60c0bb11cf01e909','resource_set_60b9d8ad61239c75','network_subzone_60b9d81aac7c782f','INGRESS','ACCEPT','0.0.0.0/0','TCP','10000-19999','insert',0,'2021-06-09 13:02:08','10000','19999');
INSERT INTO `history_basic_security_policy` (`id`, `guid`, `create_time`, `create_user`, `update_time`, `update_user`, `key_name`, `state`, `code`, `confirm_time`, `asset_id`, `basic_security_group`, `basic_security_policy_design`, `resource_set`, `network_subzone`, `security_policy_type`, `security_policy_action`, `cidr`, `protocol`, `port`, `history_action`, `history_state_confirmed`, `history_time`, `begin_port`, `end_port`) VALUES (64,'basic_security_policy_60c0bbfa79d6fd30','2021-06-09 13:02:50','umadmin','2021-06-09 13:02:50','umadmin','TGR1_LINK_ELB__ACCEPT__TGR1_WAN_BROWER__INGRESS[TCP:80-443]','created_0','INGRESS\\n80-443',NULL,'','basic_security_group_60b9d3c4862297dc','basic_security_policy_design_60c0ba63a873a5d5','resource_set_60ba0362d7355e3d','network_subzone_60b9cc9024499dcd','INGRESS','ACCEPT','0.0.0.0/0','TCP','80-443','insert',0,'2021-06-09 13:02:50','80','443');
INSERT INTO `history_basic_security_policy` (`id`, `guid`, `create_time`, `create_user`, `update_time`, `update_user`, `key_name`, `state`, `code`, `confirm_time`, `asset_id`, `basic_security_group`, `basic_security_policy_design`, `resource_set`, `network_subzone`, `security_policy_type`, `security_policy_action`, `cidr`, `protocol`, `port`, `history_action`, `history_state_confirmed`, `history_time`, `begin_port`, `end_port`) VALUES (65,'basic_security_policy_60c0bc4b2d9ce502','2021-06-09 13:04:11','umadmin','2021-06-09 13:04:11','umadmin','TGR1_CORE_APP__ACCEPT__TGR1_SF_ILB__INGRESS[TCP:10000-19999]','created_0','INGRESS\\n10000-19999',NULL,'','basic_security_group_60b9d381f96658f0','basic_security_policy_design_60c0bad8631b193b','resource_set_60b9d908d2b2fff7','network_subzone_60b9cb464ce69a07','INGRESS','ACCEPT','10.0.0.0/24','TCP','10000-19999','insert',0,'2021-06-09 13:04:11','10000','19999');
INSERT INTO `history_basic_security_policy` (`id`, `guid`, `create_time`, `create_user`, `update_time`, `update_user`, `key_name`, `state`, `code`, `confirm_time`, `asset_id`, `basic_security_group`, `basic_security_policy_design`, `resource_set`, `network_subzone`, `security_policy_type`, `security_policy_action`, `cidr`, `protocol`, `port`, `history_action`, `history_state_confirmed`, `history_time`, `begin_port`, `end_port`) VALUES (66,'basic_security_policy_60c0bc4b5da361f6','2021-06-09 13:04:11','umadmin','2021-06-09 13:04:11','umadmin','TGR1_CORE_APP__ACCEPT__TGR1_SF_ILB__INGRESS[TCP:10000-19999]','created_0','INGRESS\\n10000-19999',NULL,'','basic_security_group_60b9d381f96658f0','basic_security_policy_design_60c0bad8631b193b','resource_set_60b9d908d2b2fff7','network_subzone_60b9cb62e0ab22b8','INGRESS','ACCEPT','10.0.1.0/24','TCP','10000-19999','insert',0,'2021-06-09 13:04:11','10000','19999');
INSERT INTO `history_basic_security_policy` (`id`, `guid`, `create_time`, `create_user`, `update_time`, `update_user`, `key_name`, `state`, `code`, `confirm_time`, `asset_id`, `basic_security_group`, `basic_security_policy_design`, `resource_set`, `network_subzone`, `security_policy_type`, `security_policy_action`, `cidr`, `protocol`, `port`, `history_action`, `history_state_confirmed`, `history_time`, `begin_port`, `end_port`) VALUES (67,'basic_security_policy_60c0bc4b8f76815c','2021-06-09 13:04:11','umadmin','2021-06-09 13:04:11','umadmin','TGR1_CORE_APP__ACCEPT__TGR1_DMZ_NGINX__INGRESS[TCP:10000-19999]','created_0','INGRESS\\n10000-19999',NULL,'','basic_security_group_60b9d381f96658f0','basic_security_policy_design_60c0bb427f8ff892','resource_set_60b9d40e7dea345c','network_subzone_60b9cb05ae2a9638','INGRESS','ACCEPT','10.0.128.0/24','TCP','10000-19999','insert',0,'2021-06-09 13:04:11','10000','19999');
INSERT INTO `history_basic_security_policy` (`id`, `guid`, `create_time`, `create_user`, `update_time`, `update_user`, `key_name`, `state`, `code`, `confirm_time`, `asset_id`, `basic_security_group`, `basic_security_policy_design`, `resource_set`, `network_subzone`, `security_policy_type`, `security_policy_action`, `cidr`, `protocol`, `port`, `history_action`, `history_state_confirmed`, `history_time`, `begin_port`, `end_port`) VALUES (68,'basic_security_policy_60c0bc4b99bcddbc','2021-06-09 13:04:11','umadmin','2021-06-09 13:04:11','umadmin','TGR1_CORE_APP__ACCEPT__TGR1_DMZ_NGINX__INGRESS[TCP:10000-19999]','created_0','INGRESS\\n10000-19999',NULL,'','basic_security_group_60b9d381f96658f0','basic_security_policy_design_60c0bb427f8ff892','resource_set_60b9d40e7dea345c','network_subzone_60b9cb203bff3a76','INGRESS','ACCEPT','10.0.129.0/24','TCP','10000-19999','insert',0,'2021-06-09 13:04:11','10000','19999');
INSERT INTO `history_basic_security_policy` (`id`, `guid`, `create_time`, `create_user`, `update_time`, `update_user`, `key_name`, `state`, `code`, `confirm_time`, `asset_id`, `basic_security_group`, `basic_security_policy_design`, `resource_set`, `network_subzone`, `security_policy_type`, `security_policy_action`, `cidr`, `protocol`, `port`, `history_action`, `history_state_confirmed`, `history_time`, `begin_port`, `end_port`) VALUES (69,'basic_security_policy_60c0bc4be116b87d','2021-06-09 13:04:11','umadmin','2021-06-09 13:04:11','umadmin','TGR1_CORE_APP__ACCEPT__TGR1_SF_APP__INGRESS[TCP:10000-19999]','created_0','INGRESS\\n10000-19999',NULL,'','basic_security_group_60b9d381f96658f0','basic_security_policy_design_60c0bbaecbe8d915','resource_set_60b9d908105a0b30','network_subzone_60b9cb464ce69a07','INGRESS','ACCEPT','10.0.0.0/24','TCP','10000-19999','insert',0,'2021-06-09 13:04:11','10000','19999');
INSERT INTO `history_basic_security_policy` (`id`, `guid`, `create_time`, `create_user`, `update_time`, `update_user`, `key_name`, `state`, `code`, `confirm_time`, `asset_id`, `basic_security_group`, `basic_security_policy_design`, `resource_set`, `network_subzone`, `security_policy_type`, `security_policy_action`, `cidr`, `protocol`, `port`, `history_action`, `history_state_confirmed`, `history_time`, `begin_port`, `end_port`) VALUES (70,'basic_security_policy_60c0bc4be49e1043','2021-06-09 13:04:11','umadmin','2021-06-09 13:04:11','umadmin','TGR1_CORE_APP__ACCEPT__TGR1_SF_APP__INGRESS[TCP:10000-19999]','created_0','INGRESS\\n10000-19999',NULL,'','basic_security_group_60b9d381f96658f0','basic_security_policy_design_60c0bbaecbe8d915','resource_set_60b9d908105a0b30','network_subzone_60b9cb62e0ab22b8','INGRESS','ACCEPT','10.0.1.0/24','TCP','10000-19999','insert',0,'2021-06-09 13:04:11','10000','19999');
INSERT INTO `history_basic_security_policy` (`id`, `guid`, `create_time`, `create_user`, `update_time`, `update_user`, `key_name`, `state`, `code`, `confirm_time`, `asset_id`, `basic_security_group`, `basic_security_policy_design`, `resource_set`, `network_subzone`, `security_policy_type`, `security_policy_action`, `cidr`, `protocol`, `port`, `history_action`, `history_state_confirmed`, `history_time`, `begin_port`, `end_port`) VALUES (71,'basic_security_policy_60c0bc74853f01b0','2021-06-09 13:04:52','umadmin','2021-06-09 13:04:52','umadmin','TGR1_CORE_RDB__ACCEPT__TGR1_SF_APP__INGRESS[TCP:3306]','created_0','INGRESS\\n3306',NULL,'','basic_security_group_60b9d39c4b2938fd','basic_security_policy_design_60c0baad9c7db9b3','resource_set_60b9d908105a0b30','network_subzone_60b9cb464ce69a07','INGRESS','ACCEPT','10.0.0.0/24','TCP','3306','insert',0,'2021-06-09 13:04:52','3306','3306');
INSERT INTO `history_basic_security_policy` (`id`, `guid`, `create_time`, `create_user`, `update_time`, `update_user`, `key_name`, `state`, `code`, `confirm_time`, `asset_id`, `basic_security_group`, `basic_security_policy_design`, `resource_set`, `network_subzone`, `security_policy_type`, `security_policy_action`, `cidr`, `protocol`, `port`, `history_action`, `history_state_confirmed`, `history_time`, `begin_port`, `end_port`) VALUES (72,'basic_security_policy_60c0bc74a1fb305f','2021-06-09 13:04:52','umadmin','2021-06-09 13:04:52','umadmin','TGR1_CORE_RDB__ACCEPT__TGR1_SF_APP__INGRESS[TCP:3306]','created_0','INGRESS\\n3306',NULL,'','basic_security_group_60b9d39c4b2938fd','basic_security_policy_design_60c0baad9c7db9b3','resource_set_60b9d908105a0b30','network_subzone_60b9cb62e0ab22b8','INGRESS','ACCEPT','10.0.1.0/24','TCP','3306','insert',0,'2021-06-09 13:04:52','3306','3306');
/*!40000 ALTER TABLE `history_basic_security_policy` ENABLE KEYS */;
UNLOCK TABLES;

--
-- Dumping data for table `history_basic_security_policy_design`
--

LOCK TABLES `history_basic_security_policy_design` WRITE;
/*!40000 ALTER TABLE `history_basic_security_policy_design` DISABLE KEYS */;
INSERT INTO `history_basic_security_policy_design` (`id`, `guid`, `create_time`, `create_user`, `update_time`, `update_user`, `key_name`, `state`, `code`, `confirm_time`, `basic_security_group_design`, `resource_set_design`, `network_subzone_design`, `security_policy_type`, `security_policy_action`, `protocol`, `port`, `history_action`, `history_state_confirmed`, `history_time`, `begin_port`, `end_port`) VALUES (1,'basic_security_policy_design_60b9ef7067cad2f9','2021-06-04 09:16:32','umadmin','2021-06-04 09:16:32','umadmin','ACCEPT__RDC_LINK_PROXY__EGRESS[TCP:10000-20000]','added_0','ACCEPT\\n10000-20000',NULL,'basic_security_group_design_60b9c74d1f6d97af','resource_set_design_60b9c5002e95c475','network_subzone_design_60b9ad27efd7a53d','EGRESS','ACCEPT','TCP','10000-20000','insert',0,'2021-06-04 09:16:32','10000','20000');
INSERT INTO `history_basic_security_policy_design` (`id`, `guid`, `create_time`, `create_user`, `update_time`, `update_user`, `key_name`, `state`, `code`, `confirm_time`, `basic_security_group_design`, `resource_set_design`, `network_subzone_design`, `security_policy_type`, `security_policy_action`, `protocol`, `port`, `history_action`, `history_state_confirmed`, `history_time`, `begin_port`, `end_port`) VALUES (2,'basic_security_policy_design_60b9efd91588a67e','2021-06-04 09:18:17','umadmin','2021-06-04 09:18:17','umadmin','ACCEPT__RDC_CORE_APP__EGRESS[TCP:10000-20000]','added_0','ACCEPT\\n10000-20000',NULL,'basic_security_group_design_60b9c74d1f6d97af','resource_set_design_60b9c7bd06431788','network_subzone_design_60b9ad57461efdd3','EGRESS','ACCEPT','TCP','10000-20000','insert',0,'2021-06-04 09:18:17','10000','20000');
INSERT INTO `history_basic_security_policy_design` (`id`, `guid`, `create_time`, `create_user`, `update_time`, `update_user`, `key_name`, `state`, `code`, `confirm_time`, `basic_security_group_design`, `resource_set_design`, `network_subzone_design`, `security_policy_type`, `security_policy_action`, `protocol`, `port`, `history_action`, `history_state_confirmed`, `history_time`, `begin_port`, `end_port`) VALUES (3,'basic_security_policy_design_60b9efd91ddcbd7f','2021-06-04 09:18:17','umadmin','2021-06-04 09:18:17','umadmin','ACCEPT__RDC_CORE_APP__EGRESS[TCP:80-20000]','added_0','ACCEPT\\n80-20000',NULL,'basic_security_group_design_60b9c74d1f6d97af','resource_set_design_60b9c7e0a8e99c0d','network_subzone_design_60b9ad57461efdd3','EGRESS','ACCEPT','TCP','80-20000','insert',0,'2021-06-04 09:18:17','80','20000');
INSERT INTO `history_basic_security_policy_design` (`id`, `guid`, `create_time`, `create_user`, `update_time`, `update_user`, `key_name`, `state`, `code`, `confirm_time`, `basic_security_group_design`, `resource_set_design`, `network_subzone_design`, `security_policy_type`, `security_policy_action`, `protocol`, `port`, `history_action`, `history_state_confirmed`, `history_time`, `begin_port`, `end_port`) VALUES (4,'basic_security_policy_design_60b9efd920aa6093','2021-06-04 09:18:17','umadmin','2021-06-04 09:18:17','umadmin','ACCEPT__RDC_CORE_DB__EGRESS[TCP:3306-3306]','added_0','ACCEPT\\n3306-3306',NULL,'basic_security_group_design_60b9c74d1f6d97af','resource_set_design_60b9c809004e18d0','network_subzone_design_60b9adbe59d4e11f','EGRESS','ACCEPT','TCP','3306-3306','insert',0,'2021-06-04 09:18:17','3306','3306');
INSERT INTO `history_basic_security_policy_design` (`id`, `guid`, `create_time`, `create_user`, `update_time`, `update_user`, `key_name`, `state`, `code`, `confirm_time`, `basic_security_group_design`, `resource_set_design`, `network_subzone_design`, `security_policy_type`, `security_policy_action`, `protocol`, `port`, `history_action`, `history_state_confirmed`, `history_time`, `begin_port`, `end_port`) VALUES (5,'basic_security_policy_design_60b9efd9efcfba22','2021-06-04 09:18:17','umadmin','2021-06-04 09:18:17','umadmin','ACCEPT__RDC_LINK_WANNET__EGRESS[TCP:80-443]','added_0','ACCEPT\\n80-443',NULL,'basic_security_group_design_60b9c74d1f6d97af','resource_set_design_60b9c5eebfaa867f','network_subzone_design_60b9c560fd6075ca','EGRESS','ACCEPT','TCP','80-443','insert',0,'2021-06-04 09:18:17','80','443');
INSERT INTO `history_basic_security_policy_design` (`id`, `guid`, `create_time`, `create_user`, `update_time`, `update_user`, `key_name`, `state`, `code`, `confirm_time`, `basic_security_group_design`, `resource_set_design`, `network_subzone_design`, `security_policy_type`, `security_policy_action`, `protocol`, `port`, `history_action`, `history_state_confirmed`, `history_time`, `begin_port`, `end_port`) VALUES (6,'basic_security_policy_design_60b9f219dd11ab65','2021-06-04 09:27:53','umadmin','2021-06-04 09:27:53','umadmin','ACCEPT__RDC_LINK_PROXY__INGRESS[TCP:4000-9999]','added_0','ACCEPT\\n4000-9999',NULL,'basic_security_group_design_60b9c74d1f6d97af','resource_set_design_60b9c5002e95c475','network_subzone_design_60b9ad27efd7a53d','INGRESS','ACCEPT','TCP','4000-9999','insert',0,'2021-06-04 09:27:53','4000','9999');
INSERT INTO `history_basic_security_policy_design` (`id`, `guid`, `create_time`, `create_user`, `update_time`, `update_user`, `key_name`, `state`, `code`, `confirm_time`, `basic_security_group_design`, `resource_set_design`, `network_subzone_design`, `security_policy_type`, `security_policy_action`, `protocol`, `port`, `history_action`, `history_state_confirmed`, `history_time`, `begin_port`, `end_port`) VALUES (7,'basic_security_policy_design_60b9f219ebb195fb','2021-06-04 09:27:53','umadmin','2021-06-04 09:27:53','umadmin','ACCEPT__RDC_LINK_MAPP__INGRESS[TCP:4000-9999]','added_0','ACCEPT\\n4000-9999',NULL,'basic_security_group_design_60b9c74d1f6d97af','resource_set_design_60b9c790a667f11c','network_subzone_design_60b9b91be3f13c6d','INGRESS','ACCEPT','TCP','4000-9999','insert',0,'2021-06-04 09:27:53','4000','9999');
INSERT INTO `history_basic_security_policy_design` (`id`, `guid`, `create_time`, `create_user`, `update_time`, `update_user`, `key_name`, `state`, `code`, `confirm_time`, `basic_security_group_design`, `resource_set_design`, `network_subzone_design`, `security_policy_type`, `security_policy_action`, `protocol`, `port`, `history_action`, `history_state_confirmed`, `history_time`, `begin_port`, `end_port`) VALUES (8,'basic_security_policy_design_60b9f248487c9a59','2021-06-04 09:28:40','umadmin','2021-06-04 09:28:40','umadmin','ACCEPT__RDC_CORE_APP__INGRESS[TCP:4000-9999]','added_0','ACCEPT\\n4000-9999',NULL,'basic_security_group_design_60b9c74d1f6d97af','resource_set_design_60b9c7bd06431788','network_subzone_design_60b9ad57461efdd3','INGRESS','ACCEPT','TCP','4000-9999','insert',0,'2021-06-04 09:28:40','4000','9999');
INSERT INTO `history_basic_security_policy_design` (`id`, `guid`, `create_time`, `create_user`, `update_time`, `update_user`, `key_name`, `state`, `code`, `confirm_time`, `basic_security_group_design`, `resource_set_design`, `network_subzone_design`, `security_policy_type`, `security_policy_action`, `protocol`, `port`, `history_action`, `history_state_confirmed`, `history_time`, `begin_port`, `end_port`) VALUES (9,'basic_security_policy_design_60b9f277c1d64ed7','2021-06-04 09:29:27','umadmin','2021-06-04 09:29:27','umadmin','ACCEPT__RDC_LINK_PROXY__EGRESS[TCP:22-22]','added_0','ACCEPT\\n22-22',NULL,'basic_security_group_design_60b9c74d1f6d97af','resource_set_design_60b9c5002e95c475','network_subzone_design_60b9ad27efd7a53d','EGRESS','ACCEPT','TCP','22-22','insert',0,'2021-06-04 09:29:27','22','22');
INSERT INTO `history_basic_security_policy_design` (`id`, `guid`, `create_time`, `create_user`, `update_time`, `update_user`, `key_name`, `state`, `code`, `confirm_time`, `basic_security_group_design`, `resource_set_design`, `network_subzone_design`, `security_policy_type`, `security_policy_action`, `protocol`, `port`, `history_action`, `history_state_confirmed`, `history_time`, `begin_port`, `end_port`) VALUES (10,'basic_security_policy_design_60b9f29b928455ce','2021-06-04 09:30:03','umadmin','2021-06-04 09:30:03','umadmin','ACCEPT__RDC_CORE_APP__EGRESS[TCP:22-22]','added_0','ACCEPT\\n22-22',NULL,'basic_security_group_design_60b9c74d1f6d97af','resource_set_design_60b9c7bd06431788','network_subzone_design_60b9ad57461efdd3','EGRESS','ACCEPT','TCP','22-22','insert',0,'2021-06-04 09:30:03','22','22');
INSERT INTO `history_basic_security_policy_design` (`id`, `guid`, `create_time`, `create_user`, `update_time`, `update_user`, `key_name`, `state`, `code`, `confirm_time`, `basic_security_group_design`, `resource_set_design`, `network_subzone_design`, `security_policy_type`, `security_policy_action`, `protocol`, `port`, `history_action`, `history_state_confirmed`, `history_time`, `begin_port`, `end_port`) VALUES (11,'basic_security_policy_design_60b9f29bc6f3b682','2021-06-04 09:30:03','umadmin','2021-06-04 09:30:03','umadmin','ACCEPT__RDC_LINK_MAPP__EGRESS[TCP:22-22]','added_0','ACCEPT\\n22-22',NULL,'basic_security_group_design_60b9c74d1f6d97af','resource_set_design_60b9c790a667f11c','network_subzone_design_60b9b91be3f13c6d','EGRESS','ACCEPT','TCP','22-22','insert',0,'2021-06-04 09:30:03','22','22');
INSERT INTO `history_basic_security_policy_design` (`id`, `guid`, `create_time`, `create_user`, `update_time`, `update_user`, `key_name`, `state`, `code`, `confirm_time`, `basic_security_group_design`, `resource_set_design`, `network_subzone_design`, `security_policy_type`, `security_policy_action`, `protocol`, `port`, `history_action`, `history_state_confirmed`, `history_time`, `begin_port`, `end_port`) VALUES (12,'basic_security_policy_design_60b9f2c4a91c7a19','2021-06-04 09:30:44','umadmin','2021-06-04 09:30:44','umadmin','ACCEPT__RDC_LINK_MAPP__EGRESS[TCP:10000-20000]','added_0','ACCEPT\\n10000-20000',NULL,'basic_security_group_design_60b9c74d1f6d97af','resource_set_design_60b9c790a667f11c','network_subzone_design_60b9b91be3f13c6d','EGRESS','ACCEPT','TCP','10000-20000','insert',0,'2021-06-04 09:30:44','10000','20000');
INSERT INTO `history_basic_security_policy_design` (`id`, `guid`, `create_time`, `create_user`, `update_time`, `update_user`, `key_name`, `state`, `code`, `confirm_time`, `basic_security_group_design`, `resource_set_design`, `network_subzone_design`, `security_policy_type`, `security_policy_action`, `protocol`, `port`, `history_action`, `history_state_confirmed`, `history_time`, `begin_port`, `end_port`) VALUES (13,'basic_security_policy_design_60b9f30166f459c8','2021-06-04 09:31:45','umadmin','2021-06-04 09:31:45','umadmin','ACCEPT__RDC_LINK_MAPP__INGRESS[TCP:10000-20000]','added_0','ACCEPT\\n10000-20000',NULL,'basic_security_group_design_60b9c257af772649','resource_set_design_60b9c790a667f11c','network_subzone_design_60b9b91be3f13c6d','INGRESS','ACCEPT','TCP','10000-20000','insert',0,'2021-06-04 09:31:45','10000','20000');
INSERT INTO `history_basic_security_policy_design` (`id`, `guid`, `create_time`, `create_user`, `update_time`, `update_user`, `key_name`, `state`, `code`, `confirm_time`, `basic_security_group_design`, `resource_set_design`, `network_subzone_design`, `security_policy_type`, `security_policy_action`, `protocol`, `port`, `history_action`, `history_state_confirmed`, `history_time`, `begin_port`, `end_port`) VALUES (14,'basic_security_policy_design_60b9ef7067cad2f9','2021-06-04 09:16:32','umadmin','2021-06-04 09:36:54','umadmin','ACCEPT__RDC_LINK_PROXY__EGRESS[TCP:1-65535]','added_0','ACCEPT\\n1-65535',NULL,'basic_security_group_design_60b9c74d1f6d97af','resource_set_design_60b9c5002e95c475','network_subzone_design_60b9ad27efd7a53d','EGRESS','ACCEPT','TCP','1-65535','update',0,'2021-06-04 09:36:54','1','65535');
INSERT INTO `history_basic_security_policy_design` (`id`, `guid`, `create_time`, `create_user`, `update_time`, `update_user`, `key_name`, `state`, `code`, `confirm_time`, `basic_security_group_design`, `resource_set_design`, `network_subzone_design`, `security_policy_type`, `security_policy_action`, `protocol`, `port`, `history_action`, `history_state_confirmed`, `history_time`, `begin_port`, `end_port`) VALUES (15,'basic_security_policy_design_60b9efd91588a67e','2021-06-04 09:18:17','umadmin','2021-06-04 09:37:14','umadmin','ACCEPT__RDC_CORE_APP__EGRESS[TCP:1-65535]','added_0','ACCEPT\\n1-65535',NULL,'basic_security_group_design_60b9c74d1f6d97af','resource_set_design_60b9c7bd06431788','network_subzone_design_60b9ad57461efdd3','EGRESS','ACCEPT','TCP','1-65535','update',0,'2021-06-04 09:37:14','1','65535');
INSERT INTO `history_basic_security_policy_design` (`id`, `guid`, `create_time`, `create_user`, `update_time`, `update_user`, `key_name`, `state`, `code`, `confirm_time`, `basic_security_group_design`, `resource_set_design`, `network_subzone_design`, `security_policy_type`, `security_policy_action`, `protocol`, `port`, `history_action`, `history_state_confirmed`, `history_time`, `begin_port`, `end_port`) VALUES (16,'basic_security_policy_design_60b9f29b928455ce','2021-06-04 09:30:03','umadmin','2021-06-04 09:30:03','umadmin','ACCEPT__RDC_CORE_APP__EGRESS[TCP:22-22]','null_0','ACCEPT\\n22-22',NULL,'basic_security_group_design_60b9c74d1f6d97af','resource_set_design_60b9c7bd06431788','network_subzone_design_60b9ad57461efdd3','EGRESS','ACCEPT','TCP','22-22','delete',0,'2021-06-04 09:37:54','22','22');
INSERT INTO `history_basic_security_policy_design` (`id`, `guid`, `create_time`, `create_user`, `update_time`, `update_user`, `key_name`, `state`, `code`, `confirm_time`, `basic_security_group_design`, `resource_set_design`, `network_subzone_design`, `security_policy_type`, `security_policy_action`, `protocol`, `port`, `history_action`, `history_state_confirmed`, `history_time`, `begin_port`, `end_port`) VALUES (17,'basic_security_policy_design_60b9f29bc6f3b682','2021-06-04 09:30:03','umadmin','2021-06-04 09:30:03','umadmin','ACCEPT__RDC_LINK_MAPP__EGRESS[TCP:22-22]','null_0','ACCEPT\\n22-22',NULL,'basic_security_group_design_60b9c74d1f6d97af','resource_set_design_60b9c790a667f11c','network_subzone_design_60b9b91be3f13c6d','EGRESS','ACCEPT','TCP','22-22','delete',0,'2021-06-04 09:37:58','22','22');
INSERT INTO `history_basic_security_policy_design` (`id`, `guid`, `create_time`, `create_user`, `update_time`, `update_user`, `key_name`, `state`, `code`, `confirm_time`, `basic_security_group_design`, `resource_set_design`, `network_subzone_design`, `security_policy_type`, `security_policy_action`, `protocol`, `port`, `history_action`, `history_state_confirmed`, `history_time`, `begin_port`, `end_port`) VALUES (18,'basic_security_policy_design_60b9f2c4a91c7a19','2021-06-04 09:30:44','umadmin','2021-06-04 09:30:44','umadmin','ACCEPT__RDC_LINK_MAPP__EGRESS[TCP:10000-20000]','null_0','ACCEPT\\n10000-20000',NULL,'basic_security_group_design_60b9c74d1f6d97af','resource_set_design_60b9c790a667f11c','network_subzone_design_60b9b91be3f13c6d','EGRESS','ACCEPT','TCP','10000-20000','delete',0,'2021-06-04 09:38:04','10000','20000');
INSERT INTO `history_basic_security_policy_design` (`id`, `guid`, `create_time`, `create_user`, `update_time`, `update_user`, `key_name`, `state`, `code`, `confirm_time`, `basic_security_group_design`, `resource_set_design`, `network_subzone_design`, `security_policy_type`, `security_policy_action`, `protocol`, `port`, `history_action`, `history_state_confirmed`, `history_time`, `begin_port`, `end_port`) VALUES (19,'basic_security_policy_design_60b9ef7067cad2f9','2021-06-04 09:16:32','umadmin','2021-06-04 09:36:54','umadmin','ACCEPT__RDC_LINK_PROXY__EGRESS[TCP:1-65535]','null_0','ACCEPT\\n1-65535',NULL,'basic_security_group_design_60b9c74d1f6d97af','resource_set_design_60b9c5002e95c475','network_subzone_design_60b9ad27efd7a53d','EGRESS','ACCEPT','TCP','1-65535','delete',0,'2021-06-04 09:40:38','1','65535');
INSERT INTO `history_basic_security_policy_design` (`id`, `guid`, `create_time`, `create_user`, `update_time`, `update_user`, `key_name`, `state`, `code`, `confirm_time`, `basic_security_group_design`, `resource_set_design`, `network_subzone_design`, `security_policy_type`, `security_policy_action`, `protocol`, `port`, `history_action`, `history_state_confirmed`, `history_time`, `begin_port`, `end_port`) VALUES (20,'basic_security_policy_design_60b9efd91588a67e','2021-06-04 09:18:17','umadmin','2021-06-04 09:37:14','umadmin','ACCEPT__RDC_CORE_APP__EGRESS[TCP:1-65535]','null_0','ACCEPT\\n1-65535',NULL,'basic_security_group_design_60b9c74d1f6d97af','resource_set_design_60b9c7bd06431788','network_subzone_design_60b9ad57461efdd3','EGRESS','ACCEPT','TCP','1-65535','delete',0,'2021-06-04 09:40:41','1','65535');
INSERT INTO `history_basic_security_policy_design` (`id`, `guid`, `create_time`, `create_user`, `update_time`, `update_user`, `key_name`, `state`, `code`, `confirm_time`, `basic_security_group_design`, `resource_set_design`, `network_subzone_design`, `security_policy_type`, `security_policy_action`, `protocol`, `port`, `history_action`, `history_state_confirmed`, `history_time`, `begin_port`, `end_port`) VALUES (21,'basic_security_policy_design_60b9efd91ddcbd7f','2021-06-04 09:18:17','umadmin','2021-06-04 09:18:17','umadmin','ACCEPT__RDC_CORE_APP__EGRESS[TCP:80-20000]','null_0','ACCEPT\\n80-20000',NULL,'basic_security_group_design_60b9c74d1f6d97af','resource_set_design_60b9c7e0a8e99c0d','network_subzone_design_60b9ad57461efdd3','EGRESS','ACCEPT','TCP','80-20000','delete',0,'2021-06-04 09:40:44','80','20000');
INSERT INTO `history_basic_security_policy_design` (`id`, `guid`, `create_time`, `create_user`, `update_time`, `update_user`, `key_name`, `state`, `code`, `confirm_time`, `basic_security_group_design`, `resource_set_design`, `network_subzone_design`, `security_policy_type`, `security_policy_action`, `protocol`, `port`, `history_action`, `history_state_confirmed`, `history_time`, `begin_port`, `end_port`) VALUES (22,'basic_security_policy_design_60b9efd920aa6093','2021-06-04 09:18:17','umadmin','2021-06-04 09:18:17','umadmin','ACCEPT__RDC_CORE_DB__EGRESS[TCP:3306-3306]','null_0','ACCEPT\\n3306-3306',NULL,'basic_security_group_design_60b9c74d1f6d97af','resource_set_design_60b9c809004e18d0','network_subzone_design_60b9adbe59d4e11f','EGRESS','ACCEPT','TCP','3306-3306','delete',0,'2021-06-04 09:40:51','3306','3306');
INSERT INTO `history_basic_security_policy_design` (`id`, `guid`, `create_time`, `create_user`, `update_time`, `update_user`, `key_name`, `state`, `code`, `confirm_time`, `basic_security_group_design`, `resource_set_design`, `network_subzone_design`, `security_policy_type`, `security_policy_action`, `protocol`, `port`, `history_action`, `history_state_confirmed`, `history_time`, `begin_port`, `end_port`) VALUES (23,'basic_security_policy_design_60b9efd9efcfba22','2021-06-04 09:18:17','umadmin','2021-06-04 09:18:17','umadmin','ACCEPT__RDC_LINK_WANNET__EGRESS[TCP:80-443]','null_0','ACCEPT\\n80-443',NULL,'basic_security_group_design_60b9c74d1f6d97af','resource_set_design_60b9c5eebfaa867f','network_subzone_design_60b9c560fd6075ca','EGRESS','ACCEPT','TCP','80-443','delete',0,'2021-06-04 09:40:54','80','443');
INSERT INTO `history_basic_security_policy_design` (`id`, `guid`, `create_time`, `create_user`, `update_time`, `update_user`, `key_name`, `state`, `code`, `confirm_time`, `basic_security_group_design`, `resource_set_design`, `network_subzone_design`, `security_policy_type`, `security_policy_action`, `protocol`, `port`, `history_action`, `history_state_confirmed`, `history_time`, `begin_port`, `end_port`) VALUES (24,'basic_security_policy_design_60b9f219dd11ab65','2021-06-04 09:27:53','umadmin','2021-06-04 09:27:53','umadmin','ACCEPT__RDC_LINK_PROXY__INGRESS[TCP:4000-9999]','null_0','ACCEPT\\n4000-9999',NULL,'basic_security_group_design_60b9c74d1f6d97af','resource_set_design_60b9c5002e95c475','network_subzone_design_60b9ad27efd7a53d','INGRESS','ACCEPT','TCP','4000-9999','delete',0,'2021-06-04 09:40:57','4000','9999');
INSERT INTO `history_basic_security_policy_design` (`id`, `guid`, `create_time`, `create_user`, `update_time`, `update_user`, `key_name`, `state`, `code`, `confirm_time`, `basic_security_group_design`, `resource_set_design`, `network_subzone_design`, `security_policy_type`, `security_policy_action`, `protocol`, `port`, `history_action`, `history_state_confirmed`, `history_time`, `begin_port`, `end_port`) VALUES (25,'basic_security_policy_design_60b9f219ebb195fb','2021-06-04 09:27:53','umadmin','2021-06-04 09:27:53','umadmin','ACCEPT__RDC_LINK_MAPP__INGRESS[TCP:4000-9999]','null_0','ACCEPT\\n4000-9999',NULL,'basic_security_group_design_60b9c74d1f6d97af','resource_set_design_60b9c790a667f11c','network_subzone_design_60b9b91be3f13c6d','INGRESS','ACCEPT','TCP','4000-9999','delete',0,'2021-06-04 09:41:00','4000','9999');
INSERT INTO `history_basic_security_policy_design` (`id`, `guid`, `create_time`, `create_user`, `update_time`, `update_user`, `key_name`, `state`, `code`, `confirm_time`, `basic_security_group_design`, `resource_set_design`, `network_subzone_design`, `security_policy_type`, `security_policy_action`, `protocol`, `port`, `history_action`, `history_state_confirmed`, `history_time`, `begin_port`, `end_port`) VALUES (26,'basic_security_policy_design_60b9f248487c9a59','2021-06-04 09:28:40','umadmin','2021-06-04 09:28:40','umadmin','ACCEPT__RDC_CORE_APP__INGRESS[TCP:4000-9999]','null_0','ACCEPT\\n4000-9999',NULL,'basic_security_group_design_60b9c74d1f6d97af','resource_set_design_60b9c7bd06431788','network_subzone_design_60b9ad57461efdd3','INGRESS','ACCEPT','TCP','4000-9999','delete',0,'2021-06-04 09:41:03','4000','9999');
INSERT INTO `history_basic_security_policy_design` (`id`, `guid`, `create_time`, `create_user`, `update_time`, `update_user`, `key_name`, `state`, `code`, `confirm_time`, `basic_security_group_design`, `resource_set_design`, `network_subzone_design`, `security_policy_type`, `security_policy_action`, `protocol`, `port`, `history_action`, `history_state_confirmed`, `history_time`, `begin_port`, `end_port`) VALUES (27,'basic_security_policy_design_60b9f277c1d64ed7','2021-06-04 09:29:27','umadmin','2021-06-04 09:29:27','umadmin','ACCEPT__RDC_LINK_PROXY__EGRESS[TCP:22-22]','null_0','ACCEPT\\n22-22',NULL,'basic_security_group_design_60b9c74d1f6d97af','resource_set_design_60b9c5002e95c475','network_subzone_design_60b9ad27efd7a53d','EGRESS','ACCEPT','TCP','22-22','delete',0,'2021-06-04 09:41:05','22','22');
INSERT INTO `history_basic_security_policy_design` (`id`, `guid`, `create_time`, `create_user`, `update_time`, `update_user`, `key_name`, `state`, `code`, `confirm_time`, `basic_security_group_design`, `resource_set_design`, `network_subzone_design`, `security_policy_type`, `security_policy_action`, `protocol`, `port`, `history_action`, `history_state_confirmed`, `history_time`, `begin_port`, `end_port`) VALUES (28,'basic_security_policy_design_60b9f30166f459c8','2021-06-04 09:31:45','umadmin','2021-06-04 09:31:45','umadmin','ACCEPT__RDC_LINK_MAPP__INGRESS[TCP:10000-20000]','null_0','ACCEPT\\n10000-20000',NULL,'basic_security_group_design_60b9c257af772649','resource_set_design_60b9c790a667f11c','network_subzone_design_60b9b91be3f13c6d','INGRESS','ACCEPT','TCP','10000-20000','delete',0,'2021-06-04 09:41:08','10000','20000');
INSERT INTO `history_basic_security_policy_design` (`id`, `guid`, `create_time`, `create_user`, `update_time`, `update_user`, `key_name`, `state`, `code`, `confirm_time`, `basic_security_group_design`, `resource_set_design`, `network_subzone_design`, `security_policy_type`, `security_policy_action`, `protocol`, `port`, `history_action`, `history_state_confirmed`, `history_time`, `begin_port`, `end_port`) VALUES (29,'basic_security_policy_design_60bc34961669bd0f','2021-06-06 02:36:06','umadmin','2021-06-06 02:36:06','umadmin','ACCEPT__RDC_LINK_PROXY__EGRESS[TCP:1-65535]','added_0','ACCEPT\\n1-65535',NULL,'basic_security_group_design_60b9c74d1f6d97af','resource_set_design_60b9c5002e95c475','network_subzone_design_60b9ad27efd7a53d','EGRESS','ACCEPT','TCP','1-65535','insert',0,'2021-06-06 02:36:06','1','65535');
INSERT INTO `history_basic_security_policy_design` (`id`, `guid`, `create_time`, `create_user`, `update_time`, `update_user`, `key_name`, `state`, `code`, `confirm_time`, `basic_security_group_design`, `resource_set_design`, `network_subzone_design`, `security_policy_type`, `security_policy_action`, `protocol`, `port`, `history_action`, `history_state_confirmed`, `history_time`, `begin_port`, `end_port`) VALUES (30,'basic_security_policy_design_60bc34961fe763b9','2021-06-06 02:36:06','umadmin','2021-06-06 02:36:06','umadmin','ACCEPT__RDC_LINK_MAPP__EGRESS[TCP:1-65535]','added_0','ACCEPT\\n1-65535',NULL,'basic_security_group_design_60b9c74d1f6d97af','resource_set_design_60b9c790a667f11c','network_subzone_design_60b9b91be3f13c6d','EGRESS','ACCEPT','TCP','1-65535','insert',0,'2021-06-06 02:36:06','1','65535');
INSERT INTO `history_basic_security_policy_design` (`id`, `guid`, `create_time`, `create_user`, `update_time`, `update_user`, `key_name`, `state`, `code`, `confirm_time`, `basic_security_group_design`, `resource_set_design`, `network_subzone_design`, `security_policy_type`, `security_policy_action`, `protocol`, `port`, `history_action`, `history_state_confirmed`, `history_time`, `begin_port`, `end_port`) VALUES (31,'basic_security_policy_design_60bc349640500ad1','2021-06-06 02:36:06','umadmin','2021-06-06 02:36:06','umadmin','ACCEPT__RDC_CORE_APP__EGRESS[TCP:1-65535]','added_0','ACCEPT\\n1-65535',NULL,'basic_security_group_design_60b9c74d1f6d97af','resource_set_design_60b9c7bd06431788','network_subzone_design_60b9ad57461efdd3','EGRESS','ACCEPT','TCP','1-65535','insert',0,'2021-06-06 02:36:06','1','65535');
INSERT INTO `history_basic_security_policy_design` (`id`, `guid`, `create_time`, `create_user`, `update_time`, `update_user`, `key_name`, `state`, `code`, `confirm_time`, `basic_security_group_design`, `resource_set_design`, `network_subzone_design`, `security_policy_type`, `security_policy_action`, `protocol`, `port`, `history_action`, `history_state_confirmed`, `history_time`, `begin_port`, `end_port`) VALUES (32,'basic_security_policy_design_60bc3496da385a52','2021-06-06 02:36:06','umadmin','2021-06-06 02:36:06','umadmin','ACCEPT__RDC_CORE_APP__EGRESS[TCP:1-65535]','added_0','ACCEPT\\n1-65535',NULL,'basic_security_group_design_60b9c74d1f6d97af','resource_set_design_60b9fb49773cdc71','network_subzone_design_60b9ad57461efdd3','EGRESS','ACCEPT','TCP','1-65535','insert',0,'2021-06-06 02:36:06','1','65535');
INSERT INTO `history_basic_security_policy_design` (`id`, `guid`, `create_time`, `create_user`, `update_time`, `update_user`, `key_name`, `state`, `code`, `confirm_time`, `basic_security_group_design`, `resource_set_design`, `network_subzone_design`, `security_policy_type`, `security_policy_action`, `protocol`, `port`, `history_action`, `history_state_confirmed`, `history_time`, `begin_port`, `end_port`) VALUES (33,'basic_security_policy_design_60bc3496e2fa40f8','2021-06-06 02:36:06','umadmin','2021-06-06 02:36:06','umadmin','ACCEPT__RDC_CORE_APP__EGRESS[TCP:1-65535]','added_0','ACCEPT\\n1-65535',NULL,'basic_security_group_design_60b9c74d1f6d97af','resource_set_design_60b9c7e0a8e99c0d','network_subzone_design_60b9ad57461efdd3','EGRESS','ACCEPT','TCP','1-65535','insert',0,'2021-06-06 02:36:06','1','65535');
INSERT INTO `history_basic_security_policy_design` (`id`, `guid`, `create_time`, `create_user`, `update_time`, `update_user`, `key_name`, `state`, `code`, `confirm_time`, `basic_security_group_design`, `resource_set_design`, `network_subzone_design`, `security_policy_type`, `security_policy_action`, `protocol`, `port`, `history_action`, `history_state_confirmed`, `history_time`, `begin_port`, `end_port`) VALUES (34,'basic_security_policy_design_60bc34b249a46fef','2021-06-06 02:36:34','umadmin','2021-06-06 02:36:34','umadmin','ACCEPT__RDC_CORE_DB__EGRESS[TCP:3306-3306]','added_0','ACCEPT\\n3306-3306',NULL,'basic_security_group_design_60b9c74d1f6d97af','resource_set_design_60b9c809004e18d0','network_subzone_design_60b9adbe59d4e11f','EGRESS','ACCEPT','TCP','3306-3306','insert',0,'2021-06-06 02:36:34','3306','3306');
INSERT INTO `history_basic_security_policy_design` (`id`, `guid`, `create_time`, `create_user`, `update_time`, `update_user`, `key_name`, `state`, `code`, `confirm_time`, `basic_security_group_design`, `resource_set_design`, `network_subzone_design`, `security_policy_type`, `security_policy_action`, `protocol`, `port`, `history_action`, `history_state_confirmed`, `history_time`, `begin_port`, `end_port`) VALUES (35,'basic_security_policy_design_60bc355593a7c8db','2021-06-06 02:39:17','umadmin','2021-06-06 02:39:17','umadmin','ACCEPT__RDC_LINK_PROXY__INGRESS[TCP:4500-9099]','added_0','ACCEPT\\n4500-9099',NULL,'basic_security_group_design_60b9c74d1f6d97af','resource_set_design_60b9c5002e95c475','network_subzone_design_60b9ad27efd7a53d','INGRESS','ACCEPT','TCP','4500-9099','insert',0,'2021-06-06 02:39:17','4500','9099');
INSERT INTO `history_basic_security_policy_design` (`id`, `guid`, `create_time`, `create_user`, `update_time`, `update_user`, `key_name`, `state`, `code`, `confirm_time`, `basic_security_group_design`, `resource_set_design`, `network_subzone_design`, `security_policy_type`, `security_policy_action`, `protocol`, `port`, `history_action`, `history_state_confirmed`, `history_time`, `begin_port`, `end_port`) VALUES (36,'basic_security_policy_design_60bc35559a501c80','2021-06-06 02:39:17','umadmin','2021-06-06 02:39:17','umadmin','ACCEPT__RDC_LINK_MAPP__INGRESS[TCP:4500-9099]','added_0','ACCEPT\\n4500-9099',NULL,'basic_security_group_design_60b9c74d1f6d97af','resource_set_design_60b9c790a667f11c','network_subzone_design_60b9b91be3f13c6d','INGRESS','ACCEPT','TCP','4500-9099','insert',0,'2021-06-06 02:39:17','4500','9099');
INSERT INTO `history_basic_security_policy_design` (`id`, `guid`, `create_time`, `create_user`, `update_time`, `update_user`, `key_name`, `state`, `code`, `confirm_time`, `basic_security_group_design`, `resource_set_design`, `network_subzone_design`, `security_policy_type`, `security_policy_action`, `protocol`, `port`, `history_action`, `history_state_confirmed`, `history_time`, `begin_port`, `end_port`) VALUES (37,'basic_security_policy_design_60bc3555a6360a66','2021-06-06 02:39:17','umadmin','2021-06-06 02:39:17','umadmin','ACCEPT__RDC_CORE_APP__INGRESS[TCP:4500-9099]','added_0','ACCEPT\\n4500-9099',NULL,'basic_security_group_design_60b9c74d1f6d97af','resource_set_design_60b9c7bd06431788','network_subzone_design_60b9ad57461efdd3','INGRESS','ACCEPT','TCP','4500-9099','insert',0,'2021-06-06 02:39:17','4500','9099');
INSERT INTO `history_basic_security_policy_design` (`id`, `guid`, `create_time`, `create_user`, `update_time`, `update_user`, `key_name`, `state`, `code`, `confirm_time`, `basic_security_group_design`, `resource_set_design`, `network_subzone_design`, `security_policy_type`, `security_policy_action`, `protocol`, `port`, `history_action`, `history_state_confirmed`, `history_time`, `begin_port`, `end_port`) VALUES (38,'basic_security_policy_design_60bc3555fc1b19c2','2021-06-06 02:39:17','umadmin','2021-06-06 02:39:17','umadmin','ACCEPT__RDC_CORE_APP__INGRESS[TCP:4500-9099]','added_0','ACCEPT\\n4500-9099',NULL,'basic_security_group_design_60b9c74d1f6d97af','resource_set_design_60b9fb49773cdc71','network_subzone_design_60b9ad57461efdd3','INGRESS','ACCEPT','TCP','4500-9099','insert',0,'2021-06-06 02:39:17','4500','9099');
INSERT INTO `history_basic_security_policy_design` (`id`, `guid`, `create_time`, `create_user`, `update_time`, `update_user`, `key_name`, `state`, `code`, `confirm_time`, `basic_security_group_design`, `resource_set_design`, `network_subzone_design`, `security_policy_type`, `security_policy_action`, `protocol`, `port`, `history_action`, `history_state_confirmed`, `history_time`, `begin_port`, `end_port`) VALUES (39,'basic_security_policy_design_60bc36055c63d1e5','2021-06-06 02:42:13','umadmin','2021-06-06 02:42:13','umadmin','ACCEPT__RDC_LINK_MAPP__INGRESS[TCP:1-65535]','added_0','ACCEPT\\n1-65535',NULL,'basic_security_group_design_60b9c257af772649','resource_set_design_60b9c790a667f11c','network_subzone_design_60b9b91be3f13c6d','INGRESS','ACCEPT','TCP','1-65535','insert',0,'2021-06-06 02:42:13','1','65535');
INSERT INTO `history_basic_security_policy_design` (`id`, `guid`, `create_time`, `create_user`, `update_time`, `update_user`, `key_name`, `state`, `code`, `confirm_time`, `basic_security_group_design`, `resource_set_design`, `network_subzone_design`, `security_policy_type`, `security_policy_action`, `protocol`, `port`, `history_action`, `history_state_confirmed`, `history_time`, `begin_port`, `end_port`) VALUES (40,'basic_security_policy_design_60bc3605748a9bbc','2021-06-06 02:42:13','umadmin','2021-06-06 02:42:13','umadmin','ACCEPT__RDC_LINK_MAPP__INGRESS[TCP:1-65535]','added_0','ACCEPT\\n1-65535',NULL,'basic_security_group_design_60b9c289d2aff7da','resource_set_design_60b9c790a667f11c','network_subzone_design_60b9b91be3f13c6d','INGRESS','ACCEPT','TCP','1-65535','insert',0,'2021-06-06 02:42:13','1','65535');
INSERT INTO `history_basic_security_policy_design` (`id`, `guid`, `create_time`, `create_user`, `update_time`, `update_user`, `key_name`, `state`, `code`, `confirm_time`, `basic_security_group_design`, `resource_set_design`, `network_subzone_design`, `security_policy_type`, `security_policy_action`, `protocol`, `port`, `history_action`, `history_state_confirmed`, `history_time`, `begin_port`, `end_port`) VALUES (41,'basic_security_policy_design_60bc36057d16fc02','2021-06-06 02:42:13','umadmin','2021-06-06 02:42:13','umadmin','ACCEPT__RDC_LINK_MAPP__INGRESS[TCP:3306-3306]','added_0','ACCEPT\\n3306-3306',NULL,'basic_security_group_design_60b9c298ab45050e','resource_set_design_60b9c790a667f11c','network_subzone_design_60b9b91be3f13c6d','INGRESS','ACCEPT','TCP','3306-3306','insert',0,'2021-06-06 02:42:13','3306','3306');
INSERT INTO `history_basic_security_policy_design` (`id`, `guid`, `create_time`, `create_user`, `update_time`, `update_user`, `key_name`, `state`, `code`, `confirm_time`, `basic_security_group_design`, `resource_set_design`, `network_subzone_design`, `security_policy_type`, `security_policy_action`, `protocol`, `port`, `history_action`, `history_state_confirmed`, `history_time`, `begin_port`, `end_port`) VALUES (42,'basic_security_policy_design_60bc3605ac040709','2021-06-06 02:42:13','umadmin','2021-06-06 02:42:13','umadmin','ACCEPT__RDC_LINK_MAPP__INGRESS[TCP:1-65535]','added_0','ACCEPT\\n1-65535',NULL,'basic_security_group_design_60b9c74d1f6d97af','resource_set_design_60b9c790a667f11c','network_subzone_design_60b9b91be3f13c6d','INGRESS','ACCEPT','TCP','1-65535','insert',0,'2021-06-06 02:42:13','1','65535');
INSERT INTO `history_basic_security_policy_design` (`id`, `guid`, `create_time`, `create_user`, `update_time`, `update_user`, `key_name`, `state`, `code`, `confirm_time`, `basic_security_group_design`, `resource_set_design`, `network_subzone_design`, `security_policy_type`, `security_policy_action`, `protocol`, `port`, `history_action`, `history_state_confirmed`, `history_time`, `begin_port`, `end_port`) VALUES (43,'basic_security_policy_design_60bc3605e38f6211','2021-06-06 02:42:13','umadmin','2021-06-06 02:42:13','umadmin','ACCEPT__RDC_LINK_MAPP__INGRESS[TCP:1-65535]','added_0','ACCEPT\\n1-65535',NULL,'basic_security_group_design_60b9c2b374e6aa04','resource_set_design_60b9c790a667f11c','network_subzone_design_60b9b91be3f13c6d','INGRESS','ACCEPT','TCP','1-65535','insert',0,'2021-06-06 02:42:13','1','65535');
INSERT INTO `history_basic_security_policy_design` (`id`, `guid`, `create_time`, `create_user`, `update_time`, `update_user`, `key_name`, `state`, `code`, `confirm_time`, `basic_security_group_design`, `resource_set_design`, `network_subzone_design`, `security_policy_type`, `security_policy_action`, `protocol`, `port`, `history_action`, `history_state_confirmed`, `history_time`, `begin_port`, `end_port`) VALUES (44,'basic_security_policy_design_60bc366e204ba2e6','2021-06-06 02:43:58','umadmin','2021-06-06 02:43:58','umadmin','ACCEPT__RDC_LINK_MAPP__EGRESS[TCP:4500-9099]','added_0','ACCEPT\\n4500-9099',NULL,'basic_security_group_design_60b9c257af772649','resource_set_design_60b9c790a667f11c','network_subzone_design_60b9b91be3f13c6d','EGRESS','ACCEPT','TCP','4500-9099','insert',0,'2021-06-06 02:43:58','4500','9099');
INSERT INTO `history_basic_security_policy_design` (`id`, `guid`, `create_time`, `create_user`, `update_time`, `update_user`, `key_name`, `state`, `code`, `confirm_time`, `basic_security_group_design`, `resource_set_design`, `network_subzone_design`, `security_policy_type`, `security_policy_action`, `protocol`, `port`, `history_action`, `history_state_confirmed`, `history_time`, `begin_port`, `end_port`) VALUES (45,'basic_security_policy_design_60bc366e448643e5','2021-06-06 02:43:58','umadmin','2021-06-06 02:43:58','umadmin','ACCEPT__RDC_LINK_MAPP__EGRESS[TCP:4500-9099]','added_0','ACCEPT\\n4500-9099',NULL,'basic_security_group_design_60b9c289d2aff7da','resource_set_design_60b9c790a667f11c','network_subzone_design_60b9b91be3f13c6d','EGRESS','ACCEPT','TCP','4500-9099','insert',0,'2021-06-06 02:43:58','4500','9099');
INSERT INTO `history_basic_security_policy_design` (`id`, `guid`, `create_time`, `create_user`, `update_time`, `update_user`, `key_name`, `state`, `code`, `confirm_time`, `basic_security_group_design`, `resource_set_design`, `network_subzone_design`, `security_policy_type`, `security_policy_action`, `protocol`, `port`, `history_action`, `history_state_confirmed`, `history_time`, `begin_port`, `end_port`) VALUES (46,'basic_security_policy_design_60bc366e669dbe5a','2021-06-06 02:43:58','umadmin','2021-06-06 02:43:58','umadmin','ACCEPT__RDC_LINK_MAPP__EGRESS[TCP:4500-9099]','added_0','ACCEPT\\n4500-9099',NULL,'basic_security_group_design_60b9c74d1f6d97af','resource_set_design_60b9c790a667f11c','network_subzone_design_60b9b91be3f13c6d','EGRESS','ACCEPT','TCP','4500-9099','insert',0,'2021-06-06 02:43:58','4500','9099');
INSERT INTO `history_basic_security_policy_design` (`id`, `guid`, `create_time`, `create_user`, `update_time`, `update_user`, `key_name`, `state`, `code`, `confirm_time`, `basic_security_group_design`, `resource_set_design`, `network_subzone_design`, `security_policy_type`, `security_policy_action`, `protocol`, `port`, `history_action`, `history_state_confirmed`, `history_time`, `begin_port`, `end_port`) VALUES (47,'basic_security_policy_design_60bc34961669bd0f','2021-06-06 02:36:06','umadmin','2021-06-06 02:52:29','umadmin','RDC_LINK_MAPP__ACCEPT__RDC_LINK_DMZ_NGINX__EGRESS[TCP:1-65535]','added_0','ACCEPT\\n1-65535',NULL,'basic_security_group_design_60b9c74d1f6d97af','resource_set_design_60b9c5002e95c475','network_subzone_design_60b9ad27efd7a53d','EGRESS','ACCEPT','TCP','1-65535','update',0,'2021-06-06 02:52:29','1','65535');
INSERT INTO `history_basic_security_policy_design` (`id`, `guid`, `create_time`, `create_user`, `update_time`, `update_user`, `key_name`, `state`, `code`, `confirm_time`, `basic_security_group_design`, `resource_set_design`, `network_subzone_design`, `security_policy_type`, `security_policy_action`, `protocol`, `port`, `history_action`, `history_state_confirmed`, `history_time`, `begin_port`, `end_port`) VALUES (48,'basic_security_policy_design_60bc34961fe763b9','2021-06-06 02:36:06','umadmin','2021-06-06 02:52:29','umadmin','RDC_LINK_MAPP__ACCEPT__RDC_LINK_MGMT_MAPP__EGRESS[TCP:1-65535]','added_0','ACCEPT\\n1-65535',NULL,'basic_security_group_design_60b9c74d1f6d97af','resource_set_design_60b9c790a667f11c','network_subzone_design_60b9b91be3f13c6d','EGRESS','ACCEPT','TCP','1-65535','update',0,'2021-06-06 02:52:29','1','65535');
INSERT INTO `history_basic_security_policy_design` (`id`, `guid`, `create_time`, `create_user`, `update_time`, `update_user`, `key_name`, `state`, `code`, `confirm_time`, `basic_security_group_design`, `resource_set_design`, `network_subzone_design`, `security_policy_type`, `security_policy_action`, `protocol`, `port`, `history_action`, `history_state_confirmed`, `history_time`, `begin_port`, `end_port`) VALUES (49,'basic_security_policy_design_60bc349640500ad1','2021-06-06 02:36:06','umadmin','2021-06-06 02:52:29','umadmin','RDC_LINK_MAPP__ACCEPT__RDC_CORE_SF_APP__EGRESS[TCP:1-65535]','added_0','ACCEPT\\n1-65535',NULL,'basic_security_group_design_60b9c74d1f6d97af','resource_set_design_60b9c7bd06431788','network_subzone_design_60b9ad57461efdd3','EGRESS','ACCEPT','TCP','1-65535','update',0,'2021-06-06 02:52:29','1','65535');
INSERT INTO `history_basic_security_policy_design` (`id`, `guid`, `create_time`, `create_user`, `update_time`, `update_user`, `key_name`, `state`, `code`, `confirm_time`, `basic_security_group_design`, `resource_set_design`, `network_subzone_design`, `security_policy_type`, `security_policy_action`, `protocol`, `port`, `history_action`, `history_state_confirmed`, `history_time`, `begin_port`, `end_port`) VALUES (50,'basic_security_policy_design_60bc3496da385a52','2021-06-06 02:36:06','umadmin','2021-06-06 02:52:29','umadmin','RDC_LINK_MAPP__ACCEPT__RDC_CORE_SF_K8S__EGRESS[TCP:1-65535]','added_0','ACCEPT\\n1-65535',NULL,'basic_security_group_design_60b9c74d1f6d97af','resource_set_design_60b9fb49773cdc71','network_subzone_design_60b9ad57461efdd3','EGRESS','ACCEPT','TCP','1-65535','update',0,'2021-06-06 02:52:29','1','65535');
INSERT INTO `history_basic_security_policy_design` (`id`, `guid`, `create_time`, `create_user`, `update_time`, `update_user`, `key_name`, `state`, `code`, `confirm_time`, `basic_security_group_design`, `resource_set_design`, `network_subzone_design`, `security_policy_type`, `security_policy_action`, `protocol`, `port`, `history_action`, `history_state_confirmed`, `history_time`, `begin_port`, `end_port`) VALUES (51,'basic_security_policy_design_60bc3496e2fa40f8','2021-06-06 02:36:06','umadmin','2021-06-06 02:52:29','umadmin','RDC_LINK_MAPP__ACCEPT__RDC_CORE_SF_ILB__EGRESS[TCP:1-65535]','added_0','ACCEPT\\n1-65535',NULL,'basic_security_group_design_60b9c74d1f6d97af','resource_set_design_60b9c7e0a8e99c0d','network_subzone_design_60b9ad57461efdd3','EGRESS','ACCEPT','TCP','1-65535','update',0,'2021-06-06 02:52:29','1','65535');
INSERT INTO `history_basic_security_policy_design` (`id`, `guid`, `create_time`, `create_user`, `update_time`, `update_user`, `key_name`, `state`, `code`, `confirm_time`, `basic_security_group_design`, `resource_set_design`, `network_subzone_design`, `security_policy_type`, `security_policy_action`, `protocol`, `port`, `history_action`, `history_state_confirmed`, `history_time`, `begin_port`, `end_port`) VALUES (52,'basic_security_policy_design_60bc34b249a46fef','2021-06-06 02:36:34','umadmin','2021-06-06 02:52:29','umadmin','RDC_LINK_MAPP__ACCEPT__RDC_CORE_SF_MYSQL__EGRESS[TCP:3306-3306]','added_0','ACCEPT\\n3306-3306',NULL,'basic_security_group_design_60b9c74d1f6d97af','resource_set_design_60b9c809004e18d0','network_subzone_design_60b9adbe59d4e11f','EGRESS','ACCEPT','TCP','3306-3306','update',0,'2021-06-06 02:52:29','3306','3306');
INSERT INTO `history_basic_security_policy_design` (`id`, `guid`, `create_time`, `create_user`, `update_time`, `update_user`, `key_name`, `state`, `code`, `confirm_time`, `basic_security_group_design`, `resource_set_design`, `network_subzone_design`, `security_policy_type`, `security_policy_action`, `protocol`, `port`, `history_action`, `history_state_confirmed`, `history_time`, `begin_port`, `end_port`) VALUES (53,'basic_security_policy_design_60bc355593a7c8db','2021-06-06 02:39:17','umadmin','2021-06-06 02:52:29','umadmin','RDC_LINK_MAPP__ACCEPT__RDC_LINK_DMZ_NGINX__INGRESS[TCP:4500-9099]','added_0','ACCEPT\\n4500-9099',NULL,'basic_security_group_design_60b9c74d1f6d97af','resource_set_design_60b9c5002e95c475','network_subzone_design_60b9ad27efd7a53d','INGRESS','ACCEPT','TCP','4500-9099','update',0,'2021-06-06 02:52:29','4500','9099');
INSERT INTO `history_basic_security_policy_design` (`id`, `guid`, `create_time`, `create_user`, `update_time`, `update_user`, `key_name`, `state`, `code`, `confirm_time`, `basic_security_group_design`, `resource_set_design`, `network_subzone_design`, `security_policy_type`, `security_policy_action`, `protocol`, `port`, `history_action`, `history_state_confirmed`, `history_time`, `begin_port`, `end_port`) VALUES (54,'basic_security_policy_design_60bc35559a501c80','2021-06-06 02:39:17','umadmin','2021-06-06 02:52:29','umadmin','RDC_LINK_MAPP__ACCEPT__RDC_LINK_MGMT_MAPP__INGRESS[TCP:4500-9099]','added_0','ACCEPT\\n4500-9099',NULL,'basic_security_group_design_60b9c74d1f6d97af','resource_set_design_60b9c790a667f11c','network_subzone_design_60b9b91be3f13c6d','INGRESS','ACCEPT','TCP','4500-9099','update',0,'2021-06-06 02:52:29','4500','9099');
INSERT INTO `history_basic_security_policy_design` (`id`, `guid`, `create_time`, `create_user`, `update_time`, `update_user`, `key_name`, `state`, `code`, `confirm_time`, `basic_security_group_design`, `resource_set_design`, `network_subzone_design`, `security_policy_type`, `security_policy_action`, `protocol`, `port`, `history_action`, `history_state_confirmed`, `history_time`, `begin_port`, `end_port`) VALUES (55,'basic_security_policy_design_60bc3555a6360a66','2021-06-06 02:39:17','umadmin','2021-06-06 02:52:29','umadmin','RDC_LINK_MAPP__ACCEPT__RDC_CORE_SF_APP__INGRESS[TCP:4500-9099]','added_0','ACCEPT\\n4500-9099',NULL,'basic_security_group_design_60b9c74d1f6d97af','resource_set_design_60b9c7bd06431788','network_subzone_design_60b9ad57461efdd3','INGRESS','ACCEPT','TCP','4500-9099','update',0,'2021-06-06 02:52:29','4500','9099');
INSERT INTO `history_basic_security_policy_design` (`id`, `guid`, `create_time`, `create_user`, `update_time`, `update_user`, `key_name`, `state`, `code`, `confirm_time`, `basic_security_group_design`, `resource_set_design`, `network_subzone_design`, `security_policy_type`, `security_policy_action`, `protocol`, `port`, `history_action`, `history_state_confirmed`, `history_time`, `begin_port`, `end_port`) VALUES (56,'basic_security_policy_design_60bc3555fc1b19c2','2021-06-06 02:39:17','umadmin','2021-06-06 02:52:29','umadmin','RDC_LINK_MAPP__ACCEPT__RDC_CORE_SF_K8S__INGRESS[TCP:4500-9099]','added_0','ACCEPT\\n4500-9099',NULL,'basic_security_group_design_60b9c74d1f6d97af','resource_set_design_60b9fb49773cdc71','network_subzone_design_60b9ad57461efdd3','INGRESS','ACCEPT','TCP','4500-9099','update',0,'2021-06-06 02:52:29','4500','9099');
INSERT INTO `history_basic_security_policy_design` (`id`, `guid`, `create_time`, `create_user`, `update_time`, `update_user`, `key_name`, `state`, `code`, `confirm_time`, `basic_security_group_design`, `resource_set_design`, `network_subzone_design`, `security_policy_type`, `security_policy_action`, `protocol`, `port`, `history_action`, `history_state_confirmed`, `history_time`, `begin_port`, `end_port`) VALUES (57,'basic_security_policy_design_60bc36055c63d1e5','2021-06-06 02:42:13','umadmin','2021-06-06 02:52:29','umadmin','RDC_LINK_NGINX__ACCEPT__RDC_LINK_MGMT_MAPP__INGRESS[TCP:1-65535]','added_0','ACCEPT\\n1-65535',NULL,'basic_security_group_design_60b9c257af772649','resource_set_design_60b9c790a667f11c','network_subzone_design_60b9b91be3f13c6d','INGRESS','ACCEPT','TCP','1-65535','update',0,'2021-06-06 02:52:29','1','65535');
INSERT INTO `history_basic_security_policy_design` (`id`, `guid`, `create_time`, `create_user`, `update_time`, `update_user`, `key_name`, `state`, `code`, `confirm_time`, `basic_security_group_design`, `resource_set_design`, `network_subzone_design`, `security_policy_type`, `security_policy_action`, `protocol`, `port`, `history_action`, `history_state_confirmed`, `history_time`, `begin_port`, `end_port`) VALUES (58,'basic_security_policy_design_60bc3605748a9bbc','2021-06-06 02:42:13','umadmin','2021-06-06 02:52:29','umadmin','RDC_CORE_APP__ACCEPT__RDC_LINK_MGMT_MAPP__INGRESS[TCP:1-65535]','added_0','ACCEPT\\n1-65535',NULL,'basic_security_group_design_60b9c289d2aff7da','resource_set_design_60b9c790a667f11c','network_subzone_design_60b9b91be3f13c6d','INGRESS','ACCEPT','TCP','1-65535','update',0,'2021-06-06 02:52:29','1','65535');
INSERT INTO `history_basic_security_policy_design` (`id`, `guid`, `create_time`, `create_user`, `update_time`, `update_user`, `key_name`, `state`, `code`, `confirm_time`, `basic_security_group_design`, `resource_set_design`, `network_subzone_design`, `security_policy_type`, `security_policy_action`, `protocol`, `port`, `history_action`, `history_state_confirmed`, `history_time`, `begin_port`, `end_port`) VALUES (59,'basic_security_policy_design_60bc36057d16fc02','2021-06-06 02:42:13','umadmin','2021-06-06 02:52:29','umadmin','RDC_CORE_RDB__ACCEPT__RDC_LINK_MGMT_MAPP__INGRESS[TCP:3306-3306]','added_0','ACCEPT\\n3306-3306',NULL,'basic_security_group_design_60b9c298ab45050e','resource_set_design_60b9c790a667f11c','network_subzone_design_60b9b91be3f13c6d','INGRESS','ACCEPT','TCP','3306-3306','update',0,'2021-06-06 02:52:29','3306','3306');
INSERT INTO `history_basic_security_policy_design` (`id`, `guid`, `create_time`, `create_user`, `update_time`, `update_user`, `key_name`, `state`, `code`, `confirm_time`, `basic_security_group_design`, `resource_set_design`, `network_subzone_design`, `security_policy_type`, `security_policy_action`, `protocol`, `port`, `history_action`, `history_state_confirmed`, `history_time`, `begin_port`, `end_port`) VALUES (60,'basic_security_policy_design_60bc3605ac040709','2021-06-06 02:42:13','umadmin','2021-06-06 02:52:29','umadmin','RDC_LINK_MAPP__ACCEPT__RDC_LINK_MGMT_MAPP__INGRESS[TCP:1-65535]','added_0','ACCEPT\\n1-65535',NULL,'basic_security_group_design_60b9c74d1f6d97af','resource_set_design_60b9c790a667f11c','network_subzone_design_60b9b91be3f13c6d','INGRESS','ACCEPT','TCP','1-65535','update',0,'2021-06-06 02:52:29','1','65535');
INSERT INTO `history_basic_security_policy_design` (`id`, `guid`, `create_time`, `create_user`, `update_time`, `update_user`, `key_name`, `state`, `code`, `confirm_time`, `basic_security_group_design`, `resource_set_design`, `network_subzone_design`, `security_policy_type`, `security_policy_action`, `protocol`, `port`, `history_action`, `history_state_confirmed`, `history_time`, `begin_port`, `end_port`) VALUES (61,'basic_security_policy_design_60bc3605e38f6211','2021-06-06 02:42:13','umadmin','2021-06-06 02:52:29','umadmin','RDC_CORE_ILB__ACCEPT__RDC_LINK_MGMT_MAPP__INGRESS[TCP:1-65535]','added_0','ACCEPT\\n1-65535',NULL,'basic_security_group_design_60b9c2b374e6aa04','resource_set_design_60b9c790a667f11c','network_subzone_design_60b9b91be3f13c6d','INGRESS','ACCEPT','TCP','1-65535','update',0,'2021-06-06 02:52:29','1','65535');
INSERT INTO `history_basic_security_policy_design` (`id`, `guid`, `create_time`, `create_user`, `update_time`, `update_user`, `key_name`, `state`, `code`, `confirm_time`, `basic_security_group_design`, `resource_set_design`, `network_subzone_design`, `security_policy_type`, `security_policy_action`, `protocol`, `port`, `history_action`, `history_state_confirmed`, `history_time`, `begin_port`, `end_port`) VALUES (62,'basic_security_policy_design_60bc366e204ba2e6','2021-06-06 02:43:58','umadmin','2021-06-06 02:52:29','umadmin','RDC_LINK_NGINX__ACCEPT__RDC_LINK_MGMT_MAPP__EGRESS[TCP:4500-9099]','added_0','ACCEPT\\n4500-9099',NULL,'basic_security_group_design_60b9c257af772649','resource_set_design_60b9c790a667f11c','network_subzone_design_60b9b91be3f13c6d','EGRESS','ACCEPT','TCP','4500-9099','update',0,'2021-06-06 02:52:29','4500','9099');
INSERT INTO `history_basic_security_policy_design` (`id`, `guid`, `create_time`, `create_user`, `update_time`, `update_user`, `key_name`, `state`, `code`, `confirm_time`, `basic_security_group_design`, `resource_set_design`, `network_subzone_design`, `security_policy_type`, `security_policy_action`, `protocol`, `port`, `history_action`, `history_state_confirmed`, `history_time`, `begin_port`, `end_port`) VALUES (63,'basic_security_policy_design_60bc366e448643e5','2021-06-06 02:43:58','umadmin','2021-06-06 02:52:29','umadmin','RDC_CORE_APP__ACCEPT__RDC_LINK_MGMT_MAPP__EGRESS[TCP:4500-9099]','added_0','ACCEPT\\n4500-9099',NULL,'basic_security_group_design_60b9c289d2aff7da','resource_set_design_60b9c790a667f11c','network_subzone_design_60b9b91be3f13c6d','EGRESS','ACCEPT','TCP','4500-9099','update',0,'2021-06-06 02:52:29','4500','9099');
INSERT INTO `history_basic_security_policy_design` (`id`, `guid`, `create_time`, `create_user`, `update_time`, `update_user`, `key_name`, `state`, `code`, `confirm_time`, `basic_security_group_design`, `resource_set_design`, `network_subzone_design`, `security_policy_type`, `security_policy_action`, `protocol`, `port`, `history_action`, `history_state_confirmed`, `history_time`, `begin_port`, `end_port`) VALUES (64,'basic_security_policy_design_60bc366e669dbe5a','2021-06-06 02:43:58','umadmin','2021-06-06 02:52:29','umadmin','RDC_LINK_MAPP__ACCEPT__RDC_LINK_MGMT_MAPP__EGRESS[TCP:4500-9099]','added_0','ACCEPT\\n4500-9099',NULL,'basic_security_group_design_60b9c74d1f6d97af','resource_set_design_60b9c790a667f11c','network_subzone_design_60b9b91be3f13c6d','EGRESS','ACCEPT','TCP','4500-9099','update',0,'2021-06-06 02:52:29','4500','9099');
INSERT INTO `history_basic_security_policy_design` (`id`, `guid`, `create_time`, `create_user`, `update_time`, `update_user`, `key_name`, `state`, `code`, `confirm_time`, `basic_security_group_design`, `resource_set_design`, `network_subzone_design`, `security_policy_type`, `security_policy_action`, `protocol`, `port`, `history_action`, `history_state_confirmed`, `history_time`, `begin_port`, `end_port`) VALUES (65,'basic_security_policy_design_60bc34b249a46fef','2021-06-06 02:36:34','umadmin','2021-06-09 12:37:13','umadmin','RDC_LINK_MAPP__ACCEPT__RDC_CORE_SF_MYSQL__EGRESS[TCP:3306]','added_0','ACCEPT\\n3306',NULL,'basic_security_group_design_60b9c74d1f6d97af','resource_set_design_60b9c809004e18d0','network_subzone_design_60b9adbe59d4e11f','EGRESS','ACCEPT','TCP','3306','update',0,'2021-06-09 12:37:13','3306','3306');
INSERT INTO `history_basic_security_policy_design` (`id`, `guid`, `create_time`, `create_user`, `update_time`, `update_user`, `key_name`, `state`, `code`, `confirm_time`, `basic_security_group_design`, `resource_set_design`, `network_subzone_design`, `security_policy_type`, `security_policy_action`, `protocol`, `port`, `history_action`, `history_state_confirmed`, `history_time`, `begin_port`, `end_port`) VALUES (66,'basic_security_policy_design_60bc36057d16fc02','2021-06-06 02:42:13','umadmin','2021-06-09 12:37:13','umadmin','RDC_CORE_RDB__ACCEPT__RDC_LINK_MGMT_MAPP__INGRESS[TCP:3306]','added_0','ACCEPT\\n3306',NULL,'basic_security_group_design_60b9c298ab45050e','resource_set_design_60b9c790a667f11c','network_subzone_design_60b9b91be3f13c6d','INGRESS','ACCEPT','TCP','3306','update',0,'2021-06-09 12:37:13','3306','3306');
INSERT INTO `history_basic_security_policy_design` (`id`, `guid`, `create_time`, `create_user`, `update_time`, `update_user`, `key_name`, `state`, `code`, `confirm_time`, `basic_security_group_design`, `resource_set_design`, `network_subzone_design`, `security_policy_type`, `security_policy_action`, `protocol`, `port`, `history_action`, `history_state_confirmed`, `history_time`, `begin_port`, `end_port`) VALUES (67,'basic_security_policy_design_60c0ba63a873a5d5','2021-06-09 12:56:03','umadmin','2021-06-09 12:56:03','umadmin','RDC_LINK_ELB__ACCEPT__RDC_WAN_WAN_BROWER__INGRESS[TCP:443]','added_0','ACCEPT\\n443',NULL,'basic_security_group_design_60b9c2cd865a560a','resource_set_design_60b9c880bef8524c','network_subzone_design_60b9b0d0bc697226','INGRESS','ACCEPT','TCP','443','insert',0,'2021-06-09 12:56:03','80','443');
INSERT INTO `history_basic_security_policy_design` (`id`, `guid`, `create_time`, `create_user`, `update_time`, `update_user`, `key_name`, `state`, `code`, `confirm_time`, `basic_security_group_design`, `resource_set_design`, `network_subzone_design`, `security_policy_type`, `security_policy_action`, `protocol`, `port`, `history_action`, `history_state_confirmed`, `history_time`, `begin_port`, `end_port`) VALUES (68,'basic_security_policy_design_60c0ba63a873a5d5','2021-06-09 12:56:03','umadmin','2021-06-09 12:56:26','umadmin','RDC_LINK_ELB__ACCEPT__RDC_WAN_WAN_BROWER__INGRESS[TCP:80-443]','added_0','ACCEPT\\n80-443',NULL,'basic_security_group_design_60b9c2cd865a560a','resource_set_design_60b9c880bef8524c','network_subzone_design_60b9b0d0bc697226','INGRESS','ACCEPT','TCP','80-443','update',0,'2021-06-09 12:56:26','80','443');
INSERT INTO `history_basic_security_policy_design` (`id`, `guid`, `create_time`, `create_user`, `update_time`, `update_user`, `key_name`, `state`, `code`, `confirm_time`, `basic_security_group_design`, `resource_set_design`, `network_subzone_design`, `security_policy_type`, `security_policy_action`, `protocol`, `port`, `history_action`, `history_state_confirmed`, `history_time`, `begin_port`, `end_port`) VALUES (69,'basic_security_policy_design_60c0baad9c7db9b3','2021-06-09 12:57:17','umadmin','2021-06-09 12:57:17','umadmin','RDC_CORE_RDB__ACCEPT__RDC_CORE_SF_APP__INGRESS[TCP:3306]','added_0','ACCEPT\\n3306',NULL,'basic_security_group_design_60b9c298ab45050e','resource_set_design_60b9c7bd06431788','network_subzone_design_60b9ad57461efdd3','INGRESS','ACCEPT','TCP','3306','insert',0,'2021-06-09 12:57:17','3306','3306');
INSERT INTO `history_basic_security_policy_design` (`id`, `guid`, `create_time`, `create_user`, `update_time`, `update_user`, `key_name`, `state`, `code`, `confirm_time`, `basic_security_group_design`, `resource_set_design`, `network_subzone_design`, `security_policy_type`, `security_policy_action`, `protocol`, `port`, `history_action`, `history_state_confirmed`, `history_time`, `begin_port`, `end_port`) VALUES (70,'basic_security_policy_design_60c0bad8631b193b','2021-06-09 12:58:00','umadmin','2021-06-09 12:58:00','umadmin','RDC_CORE_APP__ACCEPT__RDC_CORE_SF_ILB__INGRESS[TCP:10000-19999]','added_0','ACCEPT\\n10000-19999',NULL,'basic_security_group_design_60b9c289d2aff7da','resource_set_design_60b9c7e0a8e99c0d','network_subzone_design_60b9ad57461efdd3','INGRESS','ACCEPT','TCP','10000-19999','insert',0,'2021-06-09 12:58:00','10000','19999');
INSERT INTO `history_basic_security_policy_design` (`id`, `guid`, `create_time`, `create_user`, `update_time`, `update_user`, `key_name`, `state`, `code`, `confirm_time`, `basic_security_group_design`, `resource_set_design`, `network_subzone_design`, `security_policy_type`, `security_policy_action`, `protocol`, `port`, `history_action`, `history_state_confirmed`, `history_time`, `begin_port`, `end_port`) VALUES (71,'basic_security_policy_design_60c0bb11cf01e909','2021-06-09 12:58:57','umadmin','2021-06-09 12:58:57','umadmin','RDC_LINK_NGINX__ACCEPT__RDC_LINK_DMZ_ELB__INGRESS[TCP:10000-19999]','added_0','ACCEPT\\n10000-19999',NULL,'basic_security_group_design_60b9c257af772649','resource_set_design_60b9c5eebfaa867f','network_subzone_design_60b9c560fd6075ca','INGRESS','ACCEPT','TCP','10000-19999','insert',0,'2021-06-09 12:58:57','10000','19999');
INSERT INTO `history_basic_security_policy_design` (`id`, `guid`, `create_time`, `create_user`, `update_time`, `update_user`, `key_name`, `state`, `code`, `confirm_time`, `basic_security_group_design`, `resource_set_design`, `network_subzone_design`, `security_policy_type`, `security_policy_action`, `protocol`, `port`, `history_action`, `history_state_confirmed`, `history_time`, `begin_port`, `end_port`) VALUES (72,'basic_security_policy_design_60c0bb427f8ff892','2021-06-09 12:59:46','umadmin','2021-06-09 12:59:46','umadmin','RDC_CORE_APP__ACCEPT__RDC_LINK_DMZ_NGINX__INGRESS[TCP:10000-19999]','added_0','ACCEPT\\n10000-19999',NULL,'basic_security_group_design_60b9c289d2aff7da','resource_set_design_60b9c5002e95c475','network_subzone_design_60b9ad27efd7a53d','INGRESS','ACCEPT','TCP','10000-19999','insert',0,'2021-06-09 12:59:46','10000','19999');
INSERT INTO `history_basic_security_policy_design` (`id`, `guid`, `create_time`, `create_user`, `update_time`, `update_user`, `key_name`, `state`, `code`, `confirm_time`, `basic_security_group_design`, `resource_set_design`, `network_subzone_design`, `security_policy_type`, `security_policy_action`, `protocol`, `port`, `history_action`, `history_state_confirmed`, `history_time`, `begin_port`, `end_port`) VALUES (73,'basic_security_policy_design_60c0bbaecbe8d915','2021-06-09 13:01:34','umadmin','2021-06-09 13:01:34','umadmin','RDC_CORE_APP__ACCEPT__RDC_CORE_SF_APP__INGRESS[TCP:10000-19999]','added_0','ACCEPT\\n10000-19999',NULL,'basic_security_group_design_60b9c289d2aff7da','resource_set_design_60b9c7bd06431788','network_subzone_design_60b9ad57461efdd3','INGRESS','ACCEPT','TCP','10000-19999','insert',0,'2021-06-09 13:01:34','10000','19999');
/*!40000 ALTER TABLE `history_basic_security_policy_design` ENABLE KEYS */;
UNLOCK TABLES;

--
-- Dumping data for table `history_block_storage`
--

LOCK TABLES `history_block_storage` WRITE;
/*!40000 ALTER TABLE `history_block_storage` DISABLE KEYS */;
/*!40000 ALTER TABLE `history_block_storage` ENABLE KEYS */;
UNLOCK TABLES;

--
-- Dumping data for table `history_cache_instance`
--

LOCK TABLES `history_cache_instance` WRITE;
/*!40000 ALTER TABLE `history_cache_instance` DISABLE KEYS */;
/*!40000 ALTER TABLE `history_cache_instance` ENABLE KEYS */;
UNLOCK TABLES;

--
-- Dumping data for table `history_cache_resource`
--

LOCK TABLES `history_cache_resource` WRITE;
/*!40000 ALTER TABLE `history_cache_resource` DISABLE KEYS */;
/*!40000 ALTER TABLE `history_cache_resource` ENABLE KEYS */;
UNLOCK TABLES;

--
-- Dumping data for table `history_cos_instance`
--

LOCK TABLES `history_cos_instance` WRITE;
/*!40000 ALTER TABLE `history_cos_instance` DISABLE KEYS */;
/*!40000 ALTER TABLE `history_cos_instance` ENABLE KEYS */;
UNLOCK TABLES;

--
-- Dumping data for table `history_cos_resource`
--

LOCK TABLES `history_cos_resource` WRITE;
/*!40000 ALTER TABLE `history_cos_resource` DISABLE KEYS */;
/*!40000 ALTER TABLE `history_cos_resource` ENABLE KEYS */;
UNLOCK TABLES;

--
-- Dumping data for table `history_data_center`
--

LOCK TABLES `history_data_center` WRITE;
/*!40000 ALTER TABLE `history_data_center` DISABLE KEYS */;
INSERT INTO `history_data_center` (`id`, `guid`, `create_time`, `create_user`, `update_time`, `update_user`, `key_name`, `state`, `code`, `confirm_time`, `asset_id`, `name`, `data_center_design`, `data_center_type`, `global_dc`, `region_dc`, `location`, `cloud_uid`, `available_zone`, `region`, `history_action`, `history_state_confirmed`, `history_time`, `cloud_provider`, `cloud_auth`) VALUES (1,'data_center_60b9b66dbdb047a7','2021-06-04 05:13:17','umadmin','2021-06-04 05:13:17','umadmin','TG','created_0','TG',NULL,NULL,'腾讯云全局数据中心','data_center_design_60b9aa16e0e00c26','GLOBAL',NULL,NULL,'中国',NULL,NULL,NULL,'insert',0,'2021-06-04 05:13:17','tencentcloud',NULL);
INSERT INTO `history_data_center` (`id`, `guid`, `create_time`, `create_user`, `update_time`, `update_user`, `key_name`, `state`, `code`, `confirm_time`, `asset_id`, `name`, `data_center_design`, `data_center_type`, `global_dc`, `region_dc`, `location`, `cloud_uid`, `available_zone`, `region`, `history_action`, `history_state_confirmed`, `history_time`, `cloud_provider`, `cloud_auth`) VALUES (2,'data_center_60b9b6b752cca4a8','2021-06-04 05:14:31','umadmin','2021-06-04 05:14:31','umadmin','TGR1','created_0','R1',NULL,NULL,'北京','data_center_design_60b9aa42f3507a27','REGION','data_center_60b9b66dbdb047a7',NULL,'北京',NULL,NULL,NULL,'insert',0,'2021-06-04 05:14:31','tencentcloud',NULL);
INSERT INTO `history_data_center` (`id`, `guid`, `create_time`, `create_user`, `update_time`, `update_user`, `key_name`, `state`, `code`, `confirm_time`, `asset_id`, `name`, `data_center_design`, `data_center_type`, `global_dc`, `region_dc`, `location`, `cloud_uid`, `available_zone`, `region`, `history_action`, `history_state_confirmed`, `history_time`, `cloud_provider`, `cloud_auth`) VALUES (3,'data_center_60b9b7c7793e6723','2021-06-04 05:19:03','umadmin','2021-06-04 05:19:03','umadmin','R1Z1','created_0','Z1',NULL,NULL,'可用区1','data_center_design_60b9abccc9bbaf53','AZ',NULL,'data_center_60b9b6b752cca4a8',NULL,NULL,NULL,NULL,'insert',0,'2021-06-04 05:19:03','tencentcloud',NULL);
INSERT INTO `history_data_center` (`id`, `guid`, `create_time`, `create_user`, `update_time`, `update_user`, `key_name`, `state`, `code`, `confirm_time`, `asset_id`, `name`, `data_center_design`, `data_center_type`, `global_dc`, `region_dc`, `location`, `cloud_uid`, `available_zone`, `region`, `history_action`, `history_state_confirmed`, `history_time`, `cloud_provider`, `cloud_auth`) VALUES (4,'data_center_60b9b7f1267c43c0','2021-06-04 05:19:45','umadmin','2021-06-04 05:19:45','umadmin','R1Z2','created_0','Z2',NULL,NULL,'可用区2','data_center_design_60b9aca134c69132','AZ',NULL,'data_center_60b9b6b752cca4a8',NULL,NULL,NULL,NULL,'insert',0,'2021-06-04 05:19:45','tencentcloud',NULL);
INSERT INTO `history_data_center` (`id`, `guid`, `create_time`, `create_user`, `update_time`, `update_user`, `key_name`, `state`, `code`, `confirm_time`, `asset_id`, `name`, `data_center_design`, `data_center_type`, `global_dc`, `region_dc`, `location`, `cloud_uid`, `available_zone`, `region`, `history_action`, `history_state_confirmed`, `history_time`, `cloud_provider`, `cloud_auth`) VALUES (5,'data_center_60b9b7f1267c43c0','2021-06-04 05:19:45','umadmin','2021-06-04 05:19:45','umadmin','R1Z2','null_0','Z2',NULL,'','可用区2','data_center_design_60b9aca134c69132','AZ','','data_center_60b9b6b752cca4a8','','','','','delete',0,'2021-06-04 06:10:18','tencentcloud','');
INSERT INTO `history_data_center` (`id`, `guid`, `create_time`, `create_user`, `update_time`, `update_user`, `key_name`, `state`, `code`, `confirm_time`, `asset_id`, `name`, `data_center_design`, `data_center_type`, `global_dc`, `region_dc`, `location`, `cloud_uid`, `available_zone`, `region`, `history_action`, `history_state_confirmed`, `history_time`, `cloud_provider`, `cloud_auth`) VALUES (6,'data_center_60b9c9691385869e','2021-06-04 06:34:17','umadmin','2021-06-04 06:34:17','umadmin','R1Z2','created_0','Z2',NULL,NULL,'可用区2','data_center_design_60b9abccc9bbaf53','AZ',NULL,'data_center_60b9b6b752cca4a8',NULL,NULL,NULL,NULL,'insert',0,'2021-06-04 06:34:17','tencentcloud',NULL);
INSERT INTO `history_data_center` (`id`, `guid`, `create_time`, `create_user`, `update_time`, `update_user`, `key_name`, `state`, `code`, `confirm_time`, `asset_id`, `name`, `data_center_design`, `data_center_type`, `global_dc`, `region_dc`, `location`, `cloud_uid`, `available_zone`, `region`, `history_action`, `history_state_confirmed`, `history_time`, `cloud_provider`, `cloud_auth`) VALUES (7,'data_center_60b9cc04d600c1a5','2021-06-04 06:45:24','umadmin','2021-06-04 06:45:24','umadmin','TGWDC','created_0','WDC',NULL,NULL,'互联网','data_center_design_60b9b08ef60a67d7','REGION','data_center_60b9b66dbdb047a7',NULL,NULL,NULL,NULL,NULL,'insert',0,'2021-06-04 06:45:24',NULL,NULL);
INSERT INTO `history_data_center` (`id`, `guid`, `create_time`, `create_user`, `update_time`, `update_user`, `key_name`, `state`, `code`, `confirm_time`, `asset_id`, `name`, `data_center_design`, `data_center_type`, `global_dc`, `region_dc`, `location`, `cloud_uid`, `available_zone`, `region`, `history_action`, `history_state_confirmed`, `history_time`, `cloud_provider`, `cloud_auth`) VALUES (8,'data_center_60b9b6b752cca4a8','2021-06-04 05:14:31','umadmin','2021-06-04 06:45:59','umadmin','TGR1','created_0','R1',NULL,'','北京','data_center_design_60b9aa42f3507a27','REGION','data_center_60b9b66dbdb047a7','','北京','','','','update',0,'2021-06-04 06:45:59','tencentcloud','');
INSERT INTO `history_data_center` (`id`, `guid`, `create_time`, `create_user`, `update_time`, `update_user`, `key_name`, `state`, `code`, `confirm_time`, `asset_id`, `name`, `data_center_design`, `data_center_type`, `global_dc`, `region_dc`, `location`, `cloud_uid`, `available_zone`, `region`, `history_action`, `history_state_confirmed`, `history_time`, `cloud_provider`, `cloud_auth`) VALUES (9,'data_center_60b9cc04d600c1a5','2021-06-04 06:45:24','umadmin','2021-06-04 06:45:24','umadmin','TGWDC','null_0','WDC',NULL,'','互联网','data_center_design_60b9b08ef60a67d7','REGION','data_center_60b9b66dbdb047a7','','','','','','delete',0,'2021-06-04 08:45:39','','');
INSERT INTO `history_data_center` (`id`, `guid`, `create_time`, `create_user`, `update_time`, `update_user`, `key_name`, `state`, `code`, `confirm_time`, `asset_id`, `name`, `data_center_design`, `data_center_type`, `global_dc`, `region_dc`, `location`, `cloud_uid`, `available_zone`, `region`, `history_action`, `history_state_confirmed`, `history_time`, `cloud_provider`, `cloud_auth`) VALUES (10,'data_center_60b9b6b752cca4a8','2021-06-04 05:14:31','umadmin','2021-06-06 06:14:58','umadmin','TGR1','created_0','R1',NULL,'','北京','data_center_design_60b9aa42f3507a27','REGION','data_center_60b9b66dbdb047a7','','北京','100008968227','','beijing','update',0,'2021-06-06 06:14:58','tencentcloud','liuchao');
INSERT INTO `history_data_center` (`id`, `guid`, `create_time`, `create_user`, `update_time`, `update_user`, `key_name`, `state`, `code`, `confirm_time`, `asset_id`, `name`, `data_center_design`, `data_center_type`, `global_dc`, `region_dc`, `location`, `cloud_uid`, `available_zone`, `region`, `history_action`, `history_state_confirmed`, `history_time`, `cloud_provider`, `cloud_auth`) VALUES (11,'data_center_60b9b7c7793e6723','2021-06-04 05:19:03','umadmin','2021-06-06 06:14:58','umadmin','R1Z1','created_0','Z1',NULL,'','可用区1','data_center_design_60b9abccc9bbaf53','AZ','','data_center_60b9b6b752cca4a8','','100008968227','beijing-4','beijing','update',0,'2021-06-06 06:14:58','tencentcloud','liuchao');
INSERT INTO `history_data_center` (`id`, `guid`, `create_time`, `create_user`, `update_time`, `update_user`, `key_name`, `state`, `code`, `confirm_time`, `asset_id`, `name`, `data_center_design`, `data_center_type`, `global_dc`, `region_dc`, `location`, `cloud_uid`, `available_zone`, `region`, `history_action`, `history_state_confirmed`, `history_time`, `cloud_provider`, `cloud_auth`) VALUES (12,'data_center_60b9c9691385869e','2021-06-04 06:34:17','umadmin','2021-06-06 06:14:58','umadmin','R1Z2','created_0','Z2',NULL,'','可用区2','data_center_design_60b9abccc9bbaf53','AZ','','data_center_60b9b6b752cca4a8','','100008968227','beijing-5','beijing','update',0,'2021-06-06 06:14:58','tencentcloud','liuchao');
INSERT INTO `history_data_center` (`id`, `guid`, `create_time`, `create_user`, `update_time`, `update_user`, `key_name`, `state`, `code`, `confirm_time`, `asset_id`, `name`, `data_center_design`, `data_center_type`, `global_dc`, `region_dc`, `location`, `cloud_uid`, `available_zone`, `region`, `history_action`, `history_state_confirmed`, `history_time`, `cloud_provider`, `cloud_auth`) VALUES (13,'data_center_60b9b6b752cca4a8','2021-06-04 05:14:31','umadmin','2021-06-06 06:23:07','umadmin','TGR1','created_0','R1',NULL,'beijing','北京','data_center_design_60b9aa42f3507a27','REGION','data_center_60b9b66dbdb047a7','','北京','100008968227','','beijing','update',0,'2021-06-06 06:23:07','tencentcloud','liuchao');
INSERT INTO `history_data_center` (`id`, `guid`, `create_time`, `create_user`, `update_time`, `update_user`, `key_name`, `state`, `code`, `confirm_time`, `asset_id`, `name`, `data_center_design`, `data_center_type`, `global_dc`, `region_dc`, `location`, `cloud_uid`, `available_zone`, `region`, `history_action`, `history_state_confirmed`, `history_time`, `cloud_provider`, `cloud_auth`) VALUES (14,'data_center_60b9b7c7793e6723','2021-06-04 05:19:03','umadmin','2021-06-06 06:23:07','umadmin','R1Z1','created_0','Z1',NULL,'beijing-4','可用区1','data_center_design_60b9abccc9bbaf53','AZ','','data_center_60b9b6b752cca4a8','','100008968227','beijing-4','beijing','update',0,'2021-06-06 06:23:07','tencentcloud','liuchao');
INSERT INTO `history_data_center` (`id`, `guid`, `create_time`, `create_user`, `update_time`, `update_user`, `key_name`, `state`, `code`, `confirm_time`, `asset_id`, `name`, `data_center_design`, `data_center_type`, `global_dc`, `region_dc`, `location`, `cloud_uid`, `available_zone`, `region`, `history_action`, `history_state_confirmed`, `history_time`, `cloud_provider`, `cloud_auth`) VALUES (15,'data_center_60b9c9691385869e','2021-06-04 06:34:17','umadmin','2021-06-06 06:23:07','umadmin','R1Z2','created_0','Z2',NULL,'beijing-5','可用区2','data_center_design_60b9abccc9bbaf53','AZ','','data_center_60b9b6b752cca4a8','','100008968227','beijing-5','beijing','update',0,'2021-06-06 06:23:07','tencentcloud','liuchao');
INSERT INTO `history_data_center` (`id`, `guid`, `create_time`, `create_user`, `update_time`, `update_user`, `key_name`, `state`, `code`, `confirm_time`, `asset_id`, `name`, `data_center_design`, `data_center_type`, `global_dc`, `region_dc`, `location`, `cloud_uid`, `available_zone`, `region`, `history_action`, `history_state_confirmed`, `history_time`, `cloud_provider`, `cloud_auth`) VALUES (16,'data_center_60b9b6b752cca4a8','2021-06-04 05:14:31','umadmin','2021-06-06 08:52:59','umadmin','TGR1','created_0','R1',NULL,'beijing','beijing','data_center_design_60b9aa42f3507a27','REGION','data_center_60b9b66dbdb047a7','','北京','100008968227','','beijing','update',0,'2021-06-06 08:52:59','tencentcloud','liuchao');
INSERT INTO `history_data_center` (`id`, `guid`, `create_time`, `create_user`, `update_time`, `update_user`, `key_name`, `state`, `code`, `confirm_time`, `asset_id`, `name`, `data_center_design`, `data_center_type`, `global_dc`, `region_dc`, `location`, `cloud_uid`, `available_zone`, `region`, `history_action`, `history_state_confirmed`, `history_time`, `cloud_provider`, `cloud_auth`) VALUES (17,'data_center_60b9b7c7793e6723','2021-06-04 05:19:03','umadmin','2021-06-06 08:52:59','umadmin','R1Z1','created_0','Z1',NULL,'beijing-4','beijing01','data_center_design_60b9abccc9bbaf53','AZ','','data_center_60b9b6b752cca4a8','','100008968227','beijing-4','beijing','update',0,'2021-06-06 08:52:59','tencentcloud','liuchao');
INSERT INTO `history_data_center` (`id`, `guid`, `create_time`, `create_user`, `update_time`, `update_user`, `key_name`, `state`, `code`, `confirm_time`, `asset_id`, `name`, `data_center_design`, `data_center_type`, `global_dc`, `region_dc`, `location`, `cloud_uid`, `available_zone`, `region`, `history_action`, `history_state_confirmed`, `history_time`, `cloud_provider`, `cloud_auth`) VALUES (18,'data_center_60b9c9691385869e','2021-06-04 06:34:17','umadmin','2021-06-06 08:52:59','umadmin','R1Z2','created_0','Z2',NULL,'beijing-5','beijing02','data_center_design_60b9abccc9bbaf53','AZ','','data_center_60b9b6b752cca4a8','','100008968227','beijing-5','beijing','update',0,'2021-06-06 08:52:59','tencentcloud','liuchao');
INSERT INTO `history_data_center` (`id`, `guid`, `create_time`, `create_user`, `update_time`, `update_user`, `key_name`, `state`, `code`, `confirm_time`, `asset_id`, `name`, `data_center_design`, `data_center_type`, `global_dc`, `region_dc`, `location`, `cloud_uid`, `available_zone`, `region`, `history_action`, `history_state_confirmed`, `history_time`, `cloud_provider`, `cloud_auth`) VALUES (19,'data_center_60b9b6b752cca4a8','2021-06-04 05:14:31','umadmin','2021-06-06 08:56:28','umadmin','TGR1','created_0','R1',NULL,'ap-beijing','beijing','data_center_design_60b9aa42f3507a27','REGION','data_center_60b9b66dbdb047a7','','北京','100008968227','','beijing','update',0,'2021-06-06 08:56:28','tencentcloud','liuchao');
INSERT INTO `history_data_center` (`id`, `guid`, `create_time`, `create_user`, `update_time`, `update_user`, `key_name`, `state`, `code`, `confirm_time`, `asset_id`, `name`, `data_center_design`, `data_center_type`, `global_dc`, `region_dc`, `location`, `cloud_uid`, `available_zone`, `region`, `history_action`, `history_state_confirmed`, `history_time`, `cloud_provider`, `cloud_auth`) VALUES (20,'data_center_60b9b7c7793e6723','2021-06-04 05:19:03','umadmin','2021-06-06 08:56:28','umadmin','R1Z1','created_0','Z1',NULL,'ap-beijing-4','beijing01','data_center_design_60b9abccc9bbaf53','AZ','','data_center_60b9b6b752cca4a8','','100008968227','beijing-4','beijing','update',0,'2021-06-06 08:56:28','tencentcloud','liuchao');
INSERT INTO `history_data_center` (`id`, `guid`, `create_time`, `create_user`, `update_time`, `update_user`, `key_name`, `state`, `code`, `confirm_time`, `asset_id`, `name`, `data_center_design`, `data_center_type`, `global_dc`, `region_dc`, `location`, `cloud_uid`, `available_zone`, `region`, `history_action`, `history_state_confirmed`, `history_time`, `cloud_provider`, `cloud_auth`) VALUES (21,'data_center_60b9c9691385869e','2021-06-04 06:34:17','umadmin','2021-06-06 08:56:28','umadmin','R1Z2','created_0','Z2',NULL,'ap-beijing-5','beijing02','data_center_design_60b9abccc9bbaf53','AZ','','data_center_60b9b6b752cca4a8','','100008968227','beijing-5','beijing','update',0,'2021-06-06 08:56:28','tencentcloud','liuchao');
INSERT INTO `history_data_center` (`id`, `guid`, `create_time`, `create_user`, `update_time`, `update_user`, `key_name`, `state`, `code`, `confirm_time`, `asset_id`, `name`, `data_center_design`, `data_center_type`, `global_dc`, `region_dc`, `location`, `cloud_uid`, `available_zone`, `region`, `history_action`, `history_state_confirmed`, `history_time`, `cloud_provider`, `cloud_auth`) VALUES (22,'data_center_60b9b6b752cca4a8','2021-06-04 05:14:31','umadmin','2021-06-06 08:57:28','umadmin','TGR1','created_0','R1',NULL,'ap-beijing','北京生产','data_center_design_60b9aa42f3507a27','REGION','data_center_60b9b66dbdb047a7','','北京','100008968227','','beijing','update',0,'2021-06-06 08:57:28','tencentcloud','liuchao');
INSERT INTO `history_data_center` (`id`, `guid`, `create_time`, `create_user`, `update_time`, `update_user`, `key_name`, `state`, `code`, `confirm_time`, `asset_id`, `name`, `data_center_design`, `data_center_type`, `global_dc`, `region_dc`, `location`, `cloud_uid`, `available_zone`, `region`, `history_action`, `history_state_confirmed`, `history_time`, `cloud_provider`, `cloud_auth`) VALUES (23,'data_center_60b9b7c7793e6723','2021-06-04 05:19:03','umadmin','2021-06-06 08:57:28','umadmin','R1Z1','created_0','Z1',NULL,'ap-beijing-4','北京生产1','data_center_design_60b9abccc9bbaf53','AZ','','data_center_60b9b6b752cca4a8','','100008968227','beijing-4','beijing','update',0,'2021-06-06 08:57:28','tencentcloud','liuchao');
INSERT INTO `history_data_center` (`id`, `guid`, `create_time`, `create_user`, `update_time`, `update_user`, `key_name`, `state`, `code`, `confirm_time`, `asset_id`, `name`, `data_center_design`, `data_center_type`, `global_dc`, `region_dc`, `location`, `cloud_uid`, `available_zone`, `region`, `history_action`, `history_state_confirmed`, `history_time`, `cloud_provider`, `cloud_auth`) VALUES (24,'data_center_60b9c9691385869e','2021-06-04 06:34:17','umadmin','2021-06-06 08:57:28','umadmin','R1Z2','created_0','Z2',NULL,'ap-beijing-5','北京生产2','data_center_design_60b9abccc9bbaf53','AZ','','data_center_60b9b6b752cca4a8','','100008968227','beijing-5','beijing','update',0,'2021-06-06 08:57:28','tencentcloud','liuchao');
INSERT INTO `history_data_center` (`id`, `guid`, `create_time`, `create_user`, `update_time`, `update_user`, `key_name`, `state`, `code`, `confirm_time`, `asset_id`, `name`, `data_center_design`, `data_center_type`, `global_dc`, `region_dc`, `location`, `cloud_uid`, `available_zone`, `region`, `history_action`, `history_state_confirmed`, `history_time`, `cloud_provider`, `cloud_auth`) VALUES (25,'data_center_60b9b6b752cca4a8','2021-06-04 05:14:31','umadmin','2021-06-06 08:58:12','umadmin','TGR1','created_0','R1',NULL,'ap-beijing','beijing','data_center_design_60b9aa42f3507a27','REGION','data_center_60b9b66dbdb047a7','','北京','100008968227','','beijing','update',0,'2021-06-06 08:58:12','tencentcloud','liuchao');
INSERT INTO `history_data_center` (`id`, `guid`, `create_time`, `create_user`, `update_time`, `update_user`, `key_name`, `state`, `code`, `confirm_time`, `asset_id`, `name`, `data_center_design`, `data_center_type`, `global_dc`, `region_dc`, `location`, `cloud_uid`, `available_zone`, `region`, `history_action`, `history_state_confirmed`, `history_time`, `cloud_provider`, `cloud_auth`) VALUES (26,'data_center_60b9b7c7793e6723','2021-06-04 05:19:03','umadmin','2021-06-06 08:58:12','umadmin','R1Z1','created_0','Z1',NULL,'ap-beijing-4','beijing01','data_center_design_60b9abccc9bbaf53','AZ','','data_center_60b9b6b752cca4a8','','100008968227','beijing-4','beijing','update',0,'2021-06-06 08:58:12','tencentcloud','liuchao');
INSERT INTO `history_data_center` (`id`, `guid`, `create_time`, `create_user`, `update_time`, `update_user`, `key_name`, `state`, `code`, `confirm_time`, `asset_id`, `name`, `data_center_design`, `data_center_type`, `global_dc`, `region_dc`, `location`, `cloud_uid`, `available_zone`, `region`, `history_action`, `history_state_confirmed`, `history_time`, `cloud_provider`, `cloud_auth`) VALUES (27,'data_center_60b9c9691385869e','2021-06-04 06:34:17','umadmin','2021-06-06 08:58:12','umadmin','R1Z2','created_0','Z2',NULL,'ap-beijing-5','beijing02','data_center_design_60b9abccc9bbaf53','AZ','','data_center_60b9b6b752cca4a8','','100008968227','beijing-5','beijing','update',0,'2021-06-06 08:58:12','tencentcloud','liuchao');
INSERT INTO `history_data_center` (`id`, `guid`, `create_time`, `create_user`, `update_time`, `update_user`, `key_name`, `state`, `code`, `confirm_time`, `asset_id`, `name`, `data_center_design`, `data_center_type`, `global_dc`, `region_dc`, `location`, `cloud_uid`, `available_zone`, `region`, `history_action`, `history_state_confirmed`, `history_time`, `cloud_provider`, `cloud_auth`) VALUES (28,'data_center_60b9b66dbdb047a7','2021-06-04 05:13:17','umadmin','2021-06-06 09:02:03','umadmin','TG','created_0','TG',NULL,'','腾讯云全局数据中心','data_center_design_60b9aa16e0e00c26','GLOBAL','','','','','','','update',0,'2021-06-06 09:02:03','tencentcloud','');
INSERT INTO `history_data_center` (`id`, `guid`, `create_time`, `create_user`, `update_time`, `update_user`, `key_name`, `state`, `code`, `confirm_time`, `asset_id`, `name`, `data_center_design`, `data_center_type`, `global_dc`, `region_dc`, `location`, `cloud_uid`, `available_zone`, `region`, `history_action`, `history_state_confirmed`, `history_time`, `cloud_provider`, `cloud_auth`) VALUES (29,'data_center_60b9b6b752cca4a8','2021-06-04 05:14:31','umadmin','2021-06-06 09:02:03','umadmin','TGR1','created_0','R1',NULL,'ap-beijing','beijing','data_center_design_60b9aa42f3507a27','REGION','data_center_60b9b66dbdb047a7','','','100008968227','','beijing','update',0,'2021-06-06 09:02:03','tencentcloud','liuchao');
INSERT INTO `history_data_center` (`id`, `guid`, `create_time`, `create_user`, `update_time`, `update_user`, `key_name`, `state`, `code`, `confirm_time`, `asset_id`, `name`, `data_center_design`, `data_center_type`, `global_dc`, `region_dc`, `location`, `cloud_uid`, `available_zone`, `region`, `history_action`, `history_state_confirmed`, `history_time`, `cloud_provider`, `cloud_auth`) VALUES (30,'data_center_60b9b6b752cca4a8','2021-06-04 05:14:31','umadmin','2021-06-06 09:03:35','umadmin','TGR1','created_0','R1',NULL,'ap-beijing','beijing','data_center_design_60b9aa42f3507a27','REGION','data_center_60b9b66dbdb047a7','','{}','100008968227','','beijing','update',0,'2021-06-06 09:03:35','tencentcloud','liuchao');
INSERT INTO `history_data_center` (`id`, `guid`, `create_time`, `create_user`, `update_time`, `update_user`, `key_name`, `state`, `code`, `confirm_time`, `asset_id`, `name`, `data_center_design`, `data_center_type`, `global_dc`, `region_dc`, `location`, `cloud_uid`, `available_zone`, `region`, `history_action`, `history_state_confirmed`, `history_time`, `cloud_provider`, `cloud_auth`) VALUES (31,'data_center_60b9b6b752cca4a8','2021-06-04 05:14:31','umadmin','2021-06-06 09:18:55','umadmin','TGR1','created_0','R1',NULL,'ap-beijing','beijing','data_center_design_60b9aa42f3507a27','REGION','data_center_60b9b66dbdb047a7','','','100008968227','','beijing','update',0,'2021-06-06 09:18:55','tencentcloud','liuchao');
INSERT INTO `history_data_center` (`id`, `guid`, `create_time`, `create_user`, `update_time`, `update_user`, `key_name`, `state`, `code`, `confirm_time`, `asset_id`, `name`, `data_center_design`, `data_center_type`, `global_dc`, `region_dc`, `location`, `cloud_uid`, `available_zone`, `region`, `history_action`, `history_state_confirmed`, `history_time`, `cloud_provider`, `cloud_auth`) VALUES (32,'data_center_60b9b6b752cca4a8','2021-06-04 05:14:31','umadmin','2021-06-06 09:20:16','umadmin','TGR1','created_0','R1',NULL,'ap-beijing','beijing','data_center_design_60b9aa42f3507a27','REGION','data_center_60b9b66dbdb047a7','','{}','100008968227','','beijing','update',0,'2021-06-06 09:20:16','tencentcloud','liuchao');
INSERT INTO `history_data_center` (`id`, `guid`, `create_time`, `create_user`, `update_time`, `update_user`, `key_name`, `state`, `code`, `confirm_time`, `asset_id`, `name`, `data_center_design`, `data_center_type`, `global_dc`, `region_dc`, `location`, `cloud_uid`, `available_zone`, `region`, `history_action`, `history_state_confirmed`, `history_time`, `cloud_provider`, `cloud_auth`) VALUES (33,'data_center_60b9b7c7793e6723','2021-06-04 05:19:03','umadmin','2021-06-06 09:20:16','umadmin','R1Z1','created_0','Z1',NULL,'ap-beijing-4','beijing01','data_center_design_60b9abccc9bbaf53','AZ','','data_center_60b9b6b752cca4a8','{}','100008968227','beijing-4','beijing','update',0,'2021-06-06 09:20:16','tencentcloud','liuchao');
INSERT INTO `history_data_center` (`id`, `guid`, `create_time`, `create_user`, `update_time`, `update_user`, `key_name`, `state`, `code`, `confirm_time`, `asset_id`, `name`, `data_center_design`, `data_center_type`, `global_dc`, `region_dc`, `location`, `cloud_uid`, `available_zone`, `region`, `history_action`, `history_state_confirmed`, `history_time`, `cloud_provider`, `cloud_auth`) VALUES (34,'data_center_60b9c9691385869e','2021-06-04 06:34:17','umadmin','2021-06-06 09:20:16','umadmin','R1Z2','created_0','Z2',NULL,'ap-beijing-5','beijing02','data_center_design_60b9abccc9bbaf53','AZ','','data_center_60b9b6b752cca4a8','{}','100008968227','beijing-5','beijing','update',0,'2021-06-06 09:20:16','tencentcloud','liuchao');
INSERT INTO `history_data_center` (`id`, `guid`, `create_time`, `create_user`, `update_time`, `update_user`, `key_name`, `state`, `code`, `confirm_time`, `asset_id`, `name`, `data_center_design`, `data_center_type`, `global_dc`, `region_dc`, `location`, `cloud_uid`, `available_zone`, `region`, `history_action`, `history_state_confirmed`, `history_time`, `cloud_provider`, `cloud_auth`) VALUES (35,'data_center_60b9b66dbdb047a7','2021-06-04 05:13:17','umadmin','2021-06-08 03:21:29','umadmin','TG','created_0','TG',NULL,'','腾讯云全局数据中心','data_center_design_60b9aa16e0e00c26','GLOBAL','','','','','','','update',0,'2021-06-08 03:21:29','tencentcloud','tcdemo');
INSERT INTO `history_data_center` (`id`, `guid`, `create_time`, `create_user`, `update_time`, `update_user`, `key_name`, `state`, `code`, `confirm_time`, `asset_id`, `name`, `data_center_design`, `data_center_type`, `global_dc`, `region_dc`, `location`, `cloud_uid`, `available_zone`, `region`, `history_action`, `history_state_confirmed`, `history_time`, `cloud_provider`, `cloud_auth`) VALUES (36,'data_center_60b9b6b752cca4a8','2021-06-04 05:14:31','umadmin','2021-06-08 03:21:29','umadmin','TGR1','created_0','R1',NULL,'ap-beijing','beijing','data_center_design_60b9aa42f3507a27','REGION','data_center_60b9b66dbdb047a7','','{}','100008968227','','beijing','update',0,'2021-06-08 03:21:29','tencentcloud','tcdemo');
INSERT INTO `history_data_center` (`id`, `guid`, `create_time`, `create_user`, `update_time`, `update_user`, `key_name`, `state`, `code`, `confirm_time`, `asset_id`, `name`, `data_center_design`, `data_center_type`, `global_dc`, `region_dc`, `location`, `cloud_uid`, `available_zone`, `region`, `history_action`, `history_state_confirmed`, `history_time`, `cloud_provider`, `cloud_auth`) VALUES (37,'data_center_60b9b7c7793e6723','2021-06-04 05:19:03','umadmin','2021-06-08 03:21:29','umadmin','R1Z1','created_0','Z1',NULL,'ap-beijing-4','beijing01','data_center_design_60b9abccc9bbaf53','AZ','','data_center_60b9b6b752cca4a8','{}','100008968227','beijing-4','beijing','update',0,'2021-06-08 03:21:29','tencentcloud','tcdemo');
INSERT INTO `history_data_center` (`id`, `guid`, `create_time`, `create_user`, `update_time`, `update_user`, `key_name`, `state`, `code`, `confirm_time`, `asset_id`, `name`, `data_center_design`, `data_center_type`, `global_dc`, `region_dc`, `location`, `cloud_uid`, `available_zone`, `region`, `history_action`, `history_state_confirmed`, `history_time`, `cloud_provider`, `cloud_auth`) VALUES (38,'data_center_60b9c9691385869e','2021-06-04 06:34:17','umadmin','2021-06-08 03:21:29','umadmin','R1Z2','created_0','Z2',NULL,'ap-beijing-5','beijing02','data_center_design_60b9abccc9bbaf53','AZ','','data_center_60b9b6b752cca4a8','{}','100008968227','beijing-5','beijing','update',0,'2021-06-08 03:21:29','tencentcloud','tcdemo');
/*!40000 ALTER TABLE `history_data_center` ENABLE KEYS */;
UNLOCK TABLES;

--
-- Dumping data for table `history_data_center$deploy_environment`
--

LOCK TABLES `history_data_center$deploy_environment` WRITE;
/*!40000 ALTER TABLE `history_data_center$deploy_environment` DISABLE KEYS */;
INSERT INTO `history_data_center$deploy_environment` (`id`, `from_guid`, `to_guid`, `seq_no`, `note`, `history_to_id`, `history_time`) VALUES (1,'data_center_60b9b66dbdb047a7','deploy_environment_60b9a84e4e003ee5',0,NULL,1,'2021-06-04 05:13:17');
INSERT INTO `history_data_center$deploy_environment` (`id`, `from_guid`, `to_guid`, `seq_no`, `note`, `history_to_id`, `history_time`) VALUES (2,'data_center_60b9b6b752cca4a8','deploy_environment_60b9a84e4e003ee5',0,NULL,1,'2021-06-04 05:14:31');
INSERT INTO `history_data_center$deploy_environment` (`id`, `from_guid`, `to_guid`, `seq_no`, `note`, `history_to_id`, `history_time`) VALUES (3,'data_center_60b9b7c7793e6723','deploy_environment_60b9a84e4e003ee5',0,NULL,1,'2021-06-04 05:19:03');
INSERT INTO `history_data_center$deploy_environment` (`id`, `from_guid`, `to_guid`, `seq_no`, `note`, `history_to_id`, `history_time`) VALUES (4,'data_center_60b9b7f1267c43c0','deploy_environment_60b9a84e4e003ee5',0,NULL,1,'2021-06-04 05:19:45');
INSERT INTO `history_data_center$deploy_environment` (`id`, `from_guid`, `to_guid`, `seq_no`, `note`, `history_to_id`, `history_time`) VALUES (5,'data_center_60b9b7f1267c43c0','deploy_environment_60b9a84e4e003ee5',0,NULL,1,'2021-06-04 06:10:18');
INSERT INTO `history_data_center$deploy_environment` (`id`, `from_guid`, `to_guid`, `seq_no`, `note`, `history_to_id`, `history_time`) VALUES (6,'data_center_60b9c9691385869e','deploy_environment_60b9a84e4e003ee5',0,NULL,1,'2021-06-04 06:34:17');
INSERT INTO `history_data_center$deploy_environment` (`id`, `from_guid`, `to_guid`, `seq_no`, `note`, `history_to_id`, `history_time`) VALUES (7,'data_center_60b9cc04d600c1a5','deploy_environment_60b9a84e4e003ee5',0,NULL,1,'2021-06-04 06:45:24');
INSERT INTO `history_data_center$deploy_environment` (`id`, `from_guid`, `to_guid`, `seq_no`, `note`, `history_to_id`, `history_time`) VALUES (8,'data_center_60b9cc04d600c1a5','deploy_environment_60b9a84e60e6068d',1,NULL,2,'2021-06-04 06:45:24');
INSERT INTO `history_data_center$deploy_environment` (`id`, `from_guid`, `to_guid`, `seq_no`, `note`, `history_to_id`, `history_time`) VALUES (9,'data_center_60b9b6b752cca4a8','deploy_environment_60b9a84e4e003ee5',0,NULL,1,'2021-06-04 06:45:59');
INSERT INTO `history_data_center$deploy_environment` (`id`, `from_guid`, `to_guid`, `seq_no`, `note`, `history_to_id`, `history_time`) VALUES (10,'data_center_60b9cc04d600c1a5','deploy_environment_60b9a84e4e003ee5',0,NULL,1,'2021-06-04 08:45:39');
INSERT INTO `history_data_center$deploy_environment` (`id`, `from_guid`, `to_guid`, `seq_no`, `note`, `history_to_id`, `history_time`) VALUES (11,'data_center_60b9cc04d600c1a5','deploy_environment_60b9a84e60e6068d',1,NULL,2,'2021-06-04 08:45:39');
INSERT INTO `history_data_center$deploy_environment` (`id`, `from_guid`, `to_guid`, `seq_no`, `note`, `history_to_id`, `history_time`) VALUES (12,'data_center_60b9b6b752cca4a8','deploy_environment_60b9a84e4e003ee5',0,NULL,1,'2021-06-06 06:14:58');
INSERT INTO `history_data_center$deploy_environment` (`id`, `from_guid`, `to_guid`, `seq_no`, `note`, `history_to_id`, `history_time`) VALUES (13,'data_center_60b9b7c7793e6723','deploy_environment_60b9a84e4e003ee5',0,NULL,1,'2021-06-06 06:14:58');
INSERT INTO `history_data_center$deploy_environment` (`id`, `from_guid`, `to_guid`, `seq_no`, `note`, `history_to_id`, `history_time`) VALUES (14,'data_center_60b9c9691385869e','deploy_environment_60b9a84e4e003ee5',0,NULL,1,'2021-06-06 06:14:58');
INSERT INTO `history_data_center$deploy_environment` (`id`, `from_guid`, `to_guid`, `seq_no`, `note`, `history_to_id`, `history_time`) VALUES (15,'data_center_60b9b6b752cca4a8','deploy_environment_60b9a84e4e003ee5',0,NULL,1,'2021-06-06 06:23:07');
INSERT INTO `history_data_center$deploy_environment` (`id`, `from_guid`, `to_guid`, `seq_no`, `note`, `history_to_id`, `history_time`) VALUES (16,'data_center_60b9b7c7793e6723','deploy_environment_60b9a84e4e003ee5',0,NULL,1,'2021-06-06 06:23:07');
INSERT INTO `history_data_center$deploy_environment` (`id`, `from_guid`, `to_guid`, `seq_no`, `note`, `history_to_id`, `history_time`) VALUES (17,'data_center_60b9c9691385869e','deploy_environment_60b9a84e4e003ee5',0,NULL,1,'2021-06-06 06:23:07');
INSERT INTO `history_data_center$deploy_environment` (`id`, `from_guid`, `to_guid`, `seq_no`, `note`, `history_to_id`, `history_time`) VALUES (18,'data_center_60b9b6b752cca4a8','deploy_environment_60b9a84e4e003ee5',0,NULL,1,'2021-06-06 08:52:59');
INSERT INTO `history_data_center$deploy_environment` (`id`, `from_guid`, `to_guid`, `seq_no`, `note`, `history_to_id`, `history_time`) VALUES (19,'data_center_60b9b7c7793e6723','deploy_environment_60b9a84e4e003ee5',0,NULL,1,'2021-06-06 08:52:59');
INSERT INTO `history_data_center$deploy_environment` (`id`, `from_guid`, `to_guid`, `seq_no`, `note`, `history_to_id`, `history_time`) VALUES (20,'data_center_60b9c9691385869e','deploy_environment_60b9a84e4e003ee5',0,NULL,1,'2021-06-06 08:52:59');
INSERT INTO `history_data_center$deploy_environment` (`id`, `from_guid`, `to_guid`, `seq_no`, `note`, `history_to_id`, `history_time`) VALUES (21,'data_center_60b9b6b752cca4a8','deploy_environment_60b9a84e4e003ee5',0,NULL,1,'2021-06-06 08:56:28');
INSERT INTO `history_data_center$deploy_environment` (`id`, `from_guid`, `to_guid`, `seq_no`, `note`, `history_to_id`, `history_time`) VALUES (22,'data_center_60b9b7c7793e6723','deploy_environment_60b9a84e4e003ee5',0,NULL,1,'2021-06-06 08:56:28');
INSERT INTO `history_data_center$deploy_environment` (`id`, `from_guid`, `to_guid`, `seq_no`, `note`, `history_to_id`, `history_time`) VALUES (23,'data_center_60b9c9691385869e','deploy_environment_60b9a84e4e003ee5',0,NULL,1,'2021-06-06 08:56:28');
INSERT INTO `history_data_center$deploy_environment` (`id`, `from_guid`, `to_guid`, `seq_no`, `note`, `history_to_id`, `history_time`) VALUES (24,'data_center_60b9b6b752cca4a8','deploy_environment_60b9a84e4e003ee5',0,NULL,1,'2021-06-06 08:57:28');
INSERT INTO `history_data_center$deploy_environment` (`id`, `from_guid`, `to_guid`, `seq_no`, `note`, `history_to_id`, `history_time`) VALUES (25,'data_center_60b9b7c7793e6723','deploy_environment_60b9a84e4e003ee5',0,NULL,1,'2021-06-06 08:57:28');
INSERT INTO `history_data_center$deploy_environment` (`id`, `from_guid`, `to_guid`, `seq_no`, `note`, `history_to_id`, `history_time`) VALUES (26,'data_center_60b9c9691385869e','deploy_environment_60b9a84e4e003ee5',0,NULL,1,'2021-06-06 08:57:28');
INSERT INTO `history_data_center$deploy_environment` (`id`, `from_guid`, `to_guid`, `seq_no`, `note`, `history_to_id`, `history_time`) VALUES (27,'data_center_60b9b6b752cca4a8','deploy_environment_60b9a84e4e003ee5',0,NULL,1,'2021-06-06 08:58:12');
INSERT INTO `history_data_center$deploy_environment` (`id`, `from_guid`, `to_guid`, `seq_no`, `note`, `history_to_id`, `history_time`) VALUES (28,'data_center_60b9b7c7793e6723','deploy_environment_60b9a84e4e003ee5',0,NULL,1,'2021-06-06 08:58:12');
INSERT INTO `history_data_center$deploy_environment` (`id`, `from_guid`, `to_guid`, `seq_no`, `note`, `history_to_id`, `history_time`) VALUES (29,'data_center_60b9c9691385869e','deploy_environment_60b9a84e4e003ee5',0,NULL,1,'2021-06-06 08:58:12');
INSERT INTO `history_data_center$deploy_environment` (`id`, `from_guid`, `to_guid`, `seq_no`, `note`, `history_to_id`, `history_time`) VALUES (30,'data_center_60b9b66dbdb047a7','deploy_environment_60b9a84e4e003ee5',0,NULL,1,'2021-06-06 09:02:03');
INSERT INTO `history_data_center$deploy_environment` (`id`, `from_guid`, `to_guid`, `seq_no`, `note`, `history_to_id`, `history_time`) VALUES (31,'data_center_60b9b6b752cca4a8','deploy_environment_60b9a84e4e003ee5',0,NULL,1,'2021-06-06 09:02:03');
INSERT INTO `history_data_center$deploy_environment` (`id`, `from_guid`, `to_guid`, `seq_no`, `note`, `history_to_id`, `history_time`) VALUES (32,'data_center_60b9b6b752cca4a8','deploy_environment_60b9a84e4e003ee5',0,NULL,1,'2021-06-06 09:03:35');
INSERT INTO `history_data_center$deploy_environment` (`id`, `from_guid`, `to_guid`, `seq_no`, `note`, `history_to_id`, `history_time`) VALUES (33,'data_center_60b9b6b752cca4a8','deploy_environment_60b9a84e4e003ee5',0,NULL,1,'2021-06-06 09:18:55');
INSERT INTO `history_data_center$deploy_environment` (`id`, `from_guid`, `to_guid`, `seq_no`, `note`, `history_to_id`, `history_time`) VALUES (34,'data_center_60b9b6b752cca4a8','deploy_environment_60b9a84e4e003ee5',0,NULL,1,'2021-06-06 09:20:16');
INSERT INTO `history_data_center$deploy_environment` (`id`, `from_guid`, `to_guid`, `seq_no`, `note`, `history_to_id`, `history_time`) VALUES (35,'data_center_60b9b7c7793e6723','deploy_environment_60b9a84e4e003ee5',0,NULL,1,'2021-06-06 09:20:16');
INSERT INTO `history_data_center$deploy_environment` (`id`, `from_guid`, `to_guid`, `seq_no`, `note`, `history_to_id`, `history_time`) VALUES (36,'data_center_60b9c9691385869e','deploy_environment_60b9a84e4e003ee5',0,NULL,1,'2021-06-06 09:20:16');
INSERT INTO `history_data_center$deploy_environment` (`id`, `from_guid`, `to_guid`, `seq_no`, `note`, `history_to_id`, `history_time`) VALUES (37,'data_center_60b9b66dbdb047a7','deploy_environment_60b9a84e4e003ee5',0,NULL,1,'2021-06-08 03:21:29');
INSERT INTO `history_data_center$deploy_environment` (`id`, `from_guid`, `to_guid`, `seq_no`, `note`, `history_to_id`, `history_time`) VALUES (38,'data_center_60b9b6b752cca4a8','deploy_environment_60b9a84e4e003ee5',0,NULL,1,'2021-06-08 03:21:29');
INSERT INTO `history_data_center$deploy_environment` (`id`, `from_guid`, `to_guid`, `seq_no`, `note`, `history_to_id`, `history_time`) VALUES (39,'data_center_60b9b7c7793e6723','deploy_environment_60b9a84e4e003ee5',0,NULL,1,'2021-06-08 03:21:29');
INSERT INTO `history_data_center$deploy_environment` (`id`, `from_guid`, `to_guid`, `seq_no`, `note`, `history_to_id`, `history_time`) VALUES (40,'data_center_60b9c9691385869e','deploy_environment_60b9a84e4e003ee5',0,NULL,1,'2021-06-08 03:21:29');
/*!40000 ALTER TABLE `history_data_center$deploy_environment` ENABLE KEYS */;
UNLOCK TABLES;

--
-- Dumping data for table `history_data_center_design`
--

LOCK TABLES `history_data_center_design` WRITE;
/*!40000 ALTER TABLE `history_data_center_design` DISABLE KEYS */;
INSERT INTO `history_data_center_design` (`id`, `guid`, `create_time`, `create_user`, `update_time`, `update_user`, `key_name`, `state`, `code`, `confirm_time`, `name`, `data_center_type`, `global_dc_design`, `region_dc_design`, `history_action`, `history_state_confirmed`, `history_time`) VALUES (1,'data_center_design_60b9aa16e0e00c26','2021-06-04 04:20:38','umadmin','2021-06-04 04:20:38','umadmin','GDC','added_0','GDC',NULL,'全局数据中心设计','GLOBAL',NULL,NULL,'insert',0,'2021-06-04 04:20:38');
INSERT INTO `history_data_center_design` (`id`, `guid`, `create_time`, `create_user`, `update_time`, `update_user`, `key_name`, `state`, `code`, `confirm_time`, `name`, `data_center_type`, `global_dc_design`, `region_dc_design`, `history_action`, `history_state_confirmed`, `history_time`) VALUES (2,'data_center_design_60b9aa16e0e00c26','2021-06-04 04:20:38','umadmin','2021-06-04 04:20:51','umadmin','GDC','added_0','GDC',NULL,'全局数据中心设计','GLOBAL','','','update',0,'2021-06-04 04:20:51');
INSERT INTO `history_data_center_design` (`id`, `guid`, `create_time`, `create_user`, `update_time`, `update_user`, `key_name`, `state`, `code`, `confirm_time`, `name`, `data_center_type`, `global_dc_design`, `region_dc_design`, `history_action`, `history_state_confirmed`, `history_time`) VALUES (3,'data_center_design_60b9aa42f3507a27','2021-06-04 04:21:22','umadmin','2021-06-04 04:21:22','umadmin','RDC','added_0','RDC',NULL,'地域数据中心设计','REGION','data_center_design_60b9aa16e0e00c26',NULL,'insert',0,'2021-06-04 04:21:22');
INSERT INTO `history_data_center_design` (`id`, `guid`, `create_time`, `create_user`, `update_time`, `update_user`, `key_name`, `state`, `code`, `confirm_time`, `name`, `data_center_type`, `global_dc_design`, `region_dc_design`, `history_action`, `history_state_confirmed`, `history_time`) VALUES (4,'data_center_design_60b9aa16e0e00c26','2021-06-04 04:20:38','umadmin','2021-06-04 04:22:21','umadmin','GDC','added_0','GDC',NULL,'全局数据中心设计','GLOBAL','','','update',0,'2021-06-04 04:22:21');
INSERT INTO `history_data_center_design` (`id`, `guid`, `create_time`, `create_user`, `update_time`, `update_user`, `key_name`, `state`, `code`, `confirm_time`, `name`, `data_center_type`, `global_dc_design`, `region_dc_design`, `history_action`, `history_state_confirmed`, `history_time`) VALUES (5,'data_center_design_60b9abccc9bbaf53','2021-06-04 04:27:56','umadmin','2021-06-04 04:27:56','umadmin','ZDC','added_0','ZDC',NULL,'可用区数据中心设计','AZ',NULL,'data_center_design_60b9aa42f3507a27','insert',0,'2021-06-04 04:27:56');
INSERT INTO `history_data_center_design` (`id`, `guid`, `create_time`, `create_user`, `update_time`, `update_user`, `key_name`, `state`, `code`, `confirm_time`, `name`, `data_center_type`, `global_dc_design`, `region_dc_design`, `history_action`, `history_state_confirmed`, `history_time`) VALUES (6,'data_center_design_60b9abccc9bbaf53','2021-06-04 04:27:56','umadmin','2021-06-04 04:28:46','umadmin','ZDC1','added_0','ZDC1',NULL,'可用区数据中心设计','AZ','','data_center_design_60b9aa42f3507a27','update',0,'2021-06-04 04:28:46');
INSERT INTO `history_data_center_design` (`id`, `guid`, `create_time`, `create_user`, `update_time`, `update_user`, `key_name`, `state`, `code`, `confirm_time`, `name`, `data_center_type`, `global_dc_design`, `region_dc_design`, `history_action`, `history_state_confirmed`, `history_time`) VALUES (7,'data_center_design_60b9aca134c69132','2021-06-04 04:31:29','umadmin','2021-06-04 04:31:29','umadmin','ZDC2','added_0','ZDC2',NULL,'可用区数据中心设计2','AZ',NULL,'data_center_design_60b9aa42f3507a27','insert',0,'2021-06-04 04:31:29');
INSERT INTO `history_data_center_design` (`id`, `guid`, `create_time`, `create_user`, `update_time`, `update_user`, `key_name`, `state`, `code`, `confirm_time`, `name`, `data_center_type`, `global_dc_design`, `region_dc_design`, `history_action`, `history_state_confirmed`, `history_time`) VALUES (8,'data_center_design_60b9abccc9bbaf53','2021-06-04 04:27:56','umadmin','2021-06-04 04:31:36','umadmin','ZDC1','added_0','ZDC1',NULL,'可用区数据中心设计1','AZ','','data_center_design_60b9aa42f3507a27','update',0,'2021-06-04 04:31:36');
INSERT INTO `history_data_center_design` (`id`, `guid`, `create_time`, `create_user`, `update_time`, `update_user`, `key_name`, `state`, `code`, `confirm_time`, `name`, `data_center_type`, `global_dc_design`, `region_dc_design`, `history_action`, `history_state_confirmed`, `history_time`) VALUES (9,'data_center_design_60b9aa16e0e00c26','2021-06-04 04:20:38','umadmin','2021-06-04 04:32:27','umadmin','GDC','added_0','GDC',NULL,'全局数据中心设计','GLOBAL','','','update',0,'2021-06-04 04:32:27');
INSERT INTO `history_data_center_design` (`id`, `guid`, `create_time`, `create_user`, `update_time`, `update_user`, `key_name`, `state`, `code`, `confirm_time`, `name`, `data_center_type`, `global_dc_design`, `region_dc_design`, `history_action`, `history_state_confirmed`, `history_time`) VALUES (10,'data_center_design_60b9aa16e0e00c26','2021-06-04 04:20:38','umadmin','2021-06-04 04:32:46','umadmin','GDC','added_0','GDC',NULL,'全局数据中心设计','GLOBAL','','','update',0,'2021-06-04 04:32:46');
INSERT INTO `history_data_center_design` (`id`, `guid`, `create_time`, `create_user`, `update_time`, `update_user`, `key_name`, `state`, `code`, `confirm_time`, `name`, `data_center_type`, `global_dc_design`, `region_dc_design`, `history_action`, `history_state_confirmed`, `history_time`) VALUES (11,'data_center_design_60b9aa16e0e00c26','2021-06-04 04:20:38','umadmin','2021-06-04 04:38:39','umadmin','GDC','added_0','GDC',NULL,'全局数据中心设计','GLOBAL','','','update',0,'2021-06-04 04:38:39');
INSERT INTO `history_data_center_design` (`id`, `guid`, `create_time`, `create_user`, `update_time`, `update_user`, `key_name`, `state`, `code`, `confirm_time`, `name`, `data_center_type`, `global_dc_design`, `region_dc_design`, `history_action`, `history_state_confirmed`, `history_time`) VALUES (12,'data_center_design_60b9aa16e0e00c26','2021-06-04 04:20:38','umadmin','2021-06-04 04:39:18','umadmin','GDC','added_0','GDC',NULL,'全局数据中心设计','GLOBAL','','','update',0,'2021-06-04 04:39:18');
INSERT INTO `history_data_center_design` (`id`, `guid`, `create_time`, `create_user`, `update_time`, `update_user`, `key_name`, `state`, `code`, `confirm_time`, `name`, `data_center_type`, `global_dc_design`, `region_dc_design`, `history_action`, `history_state_confirmed`, `history_time`) VALUES (13,'data_center_design_60b9aa16e0e00c26','2021-06-04 04:20:38','umadmin','2021-06-04 04:40:36','umadmin','GDC','added_0','GDC',NULL,'全局数据中心设计','GLOBAL','','','update',0,'2021-06-04 04:40:36');
INSERT INTO `history_data_center_design` (`id`, `guid`, `create_time`, `create_user`, `update_time`, `update_user`, `key_name`, `state`, `code`, `confirm_time`, `name`, `data_center_type`, `global_dc_design`, `region_dc_design`, `history_action`, `history_state_confirmed`, `history_time`) VALUES (14,'data_center_design_60b9aa16e0e00c26','2021-06-04 04:20:38','umadmin','2021-06-04 04:41:11','umadmin','GDC','added_0','GDC',NULL,'全局数据中心设计','GLOBAL','','','update',0,'2021-06-04 04:41:11');
INSERT INTO `history_data_center_design` (`id`, `guid`, `create_time`, `create_user`, `update_time`, `update_user`, `key_name`, `state`, `code`, `confirm_time`, `name`, `data_center_type`, `global_dc_design`, `region_dc_design`, `history_action`, `history_state_confirmed`, `history_time`) VALUES (15,'data_center_design_60b9aa16e0e00c26','2021-06-04 04:20:38','umadmin','2021-06-04 04:45:14','umadmin','GDC','added_0','GDC',NULL,'全局数据中心设计','GLOBAL','','','update',0,'2021-06-04 04:45:14');
INSERT INTO `history_data_center_design` (`id`, `guid`, `create_time`, `create_user`, `update_time`, `update_user`, `key_name`, `state`, `code`, `confirm_time`, `name`, `data_center_type`, `global_dc_design`, `region_dc_design`, `history_action`, `history_state_confirmed`, `history_time`) VALUES (16,'data_center_design_60b9b08ef60a67d7','2021-06-04 04:48:14','umadmin','2021-06-04 04:48:14','umadmin','WDC','added_0','WDC',NULL,'互联网','REGION','data_center_design_60b9aa16e0e00c26',NULL,'insert',0,'2021-06-04 04:48:14');
INSERT INTO `history_data_center_design` (`id`, `guid`, `create_time`, `create_user`, `update_time`, `update_user`, `key_name`, `state`, `code`, `confirm_time`, `name`, `data_center_type`, `global_dc_design`, `region_dc_design`, `history_action`, `history_state_confirmed`, `history_time`) VALUES (17,'data_center_design_60b9aa16e0e00c26','2021-06-04 04:20:38','umadmin','2021-06-04 04:57:26','umadmin','GDC','added_0','GDC',NULL,'全局数据中心设计','GLOBAL','','','update',0,'2021-06-04 04:57:26');
INSERT INTO `history_data_center_design` (`id`, `guid`, `create_time`, `create_user`, `update_time`, `update_user`, `key_name`, `state`, `code`, `confirm_time`, `name`, `data_center_type`, `global_dc_design`, `region_dc_design`, `history_action`, `history_state_confirmed`, `history_time`) VALUES (18,'data_center_design_60b9aa16e0e00c26','2021-06-04 04:20:38','umadmin','2021-06-04 05:00:38','umadmin','GDC','added_0','GDC',NULL,'全局数据中心设计','GLOBAL','','','update',0,'2021-06-04 05:00:38');
INSERT INTO `history_data_center_design` (`id`, `guid`, `create_time`, `create_user`, `update_time`, `update_user`, `key_name`, `state`, `code`, `confirm_time`, `name`, `data_center_type`, `global_dc_design`, `region_dc_design`, `history_action`, `history_state_confirmed`, `history_time`) VALUES (19,'data_center_design_60b9aa16e0e00c26','2021-06-04 04:20:38','umadmin','2021-06-04 05:23:24','umadmin','GDC','added_0','GDC',NULL,'全局数据中心设计','GLOBAL','','','update',0,'2021-06-04 05:23:24');
INSERT INTO `history_data_center_design` (`id`, `guid`, `create_time`, `create_user`, `update_time`, `update_user`, `key_name`, `state`, `code`, `confirm_time`, `name`, `data_center_type`, `global_dc_design`, `region_dc_design`, `history_action`, `history_state_confirmed`, `history_time`) VALUES (20,'data_center_design_60b9aa42f3507a27','2021-06-04 04:21:22','umadmin','2021-06-04 06:02:16','umadmin','RDC','added_0','RDC',NULL,'地域数据中心设计','REGION','data_center_design_60b9aa16e0e00c26','','update',0,'2021-06-04 06:02:16');
INSERT INTO `history_data_center_design` (`id`, `guid`, `create_time`, `create_user`, `update_time`, `update_user`, `key_name`, `state`, `code`, `confirm_time`, `name`, `data_center_type`, `global_dc_design`, `region_dc_design`, `history_action`, `history_state_confirmed`, `history_time`) VALUES (21,'data_center_design_60b9aa16e0e00c26','2021-06-04 04:20:38','umadmin','2021-06-04 06:08:45','umadmin','GDC','added_0','GDC',NULL,'全局数据中心设计','GLOBAL','','','update',0,'2021-06-04 06:08:45');
INSERT INTO `history_data_center_design` (`id`, `guid`, `create_time`, `create_user`, `update_time`, `update_user`, `key_name`, `state`, `code`, `confirm_time`, `name`, `data_center_type`, `global_dc_design`, `region_dc_design`, `history_action`, `history_state_confirmed`, `history_time`) VALUES (22,'data_center_design_60b9aa16e0e00c26','2021-06-04 04:20:38','umadmin','2021-06-04 06:10:59','umadmin','GDC','added_0','GDC',NULL,'全局数据中心设计','GLOBAL','','','update',0,'2021-06-04 06:10:59');
INSERT INTO `history_data_center_design` (`id`, `guid`, `create_time`, `create_user`, `update_time`, `update_user`, `key_name`, `state`, `code`, `confirm_time`, `name`, `data_center_type`, `global_dc_design`, `region_dc_design`, `history_action`, `history_state_confirmed`, `history_time`) VALUES (23,'data_center_design_60b9aca134c69132','2021-06-04 04:31:29','umadmin','2021-06-04 04:31:29','umadmin','ZDC2','null_0','ZDC2',NULL,'可用区数据中心设计2','AZ','','data_center_design_60b9aa42f3507a27','delete',0,'2021-06-04 06:11:03');
INSERT INTO `history_data_center_design` (`id`, `guid`, `create_time`, `create_user`, `update_time`, `update_user`, `key_name`, `state`, `code`, `confirm_time`, `name`, `data_center_type`, `global_dc_design`, `region_dc_design`, `history_action`, `history_state_confirmed`, `history_time`) VALUES (24,'data_center_design_60b9abccc9bbaf53','2021-06-04 04:27:56','umadmin','2021-06-04 06:11:13','umadmin','ZDC','added_0','ZDC',NULL,'可用区数据中心设计','AZ','','data_center_design_60b9aa42f3507a27','update',0,'2021-06-04 06:11:13');
INSERT INTO `history_data_center_design` (`id`, `guid`, `create_time`, `create_user`, `update_time`, `update_user`, `key_name`, `state`, `code`, `confirm_time`, `name`, `data_center_type`, `global_dc_design`, `region_dc_design`, `history_action`, `history_state_confirmed`, `history_time`) VALUES (25,'data_center_design_60b9aa42f3507a27','2021-06-04 04:21:22','umadmin','2021-06-04 06:14:46','umadmin','RDC','added_0','RDC',NULL,'地域数据中心设计','REGION','data_center_design_60b9aa16e0e00c26','','update',0,'2021-06-04 06:14:46');
INSERT INTO `history_data_center_design` (`id`, `guid`, `create_time`, `create_user`, `update_time`, `update_user`, `key_name`, `state`, `code`, `confirm_time`, `name`, `data_center_type`, `global_dc_design`, `region_dc_design`, `history_action`, `history_state_confirmed`, `history_time`) VALUES (26,'data_center_design_60b9aa16e0e00c26','2021-06-04 04:20:38','umadmin','2021-06-04 06:16:09','umadmin','GDC','added_0','GDC',NULL,'全局数据中心设计','GLOBAL','','','update',0,'2021-06-04 06:16:09');
INSERT INTO `history_data_center_design` (`id`, `guid`, `create_time`, `create_user`, `update_time`, `update_user`, `key_name`, `state`, `code`, `confirm_time`, `name`, `data_center_type`, `global_dc_design`, `region_dc_design`, `history_action`, `history_state_confirmed`, `history_time`) VALUES (27,'data_center_design_60b9aa42f3507a27','2021-06-04 04:21:22','umadmin','2021-06-04 06:18:42','umadmin','RDC','added_0','RDC',NULL,'地域数据中心设计','REGION','data_center_design_60b9aa16e0e00c26','','update',0,'2021-06-04 06:18:42');
INSERT INTO `history_data_center_design` (`id`, `guid`, `create_time`, `create_user`, `update_time`, `update_user`, `key_name`, `state`, `code`, `confirm_time`, `name`, `data_center_type`, `global_dc_design`, `region_dc_design`, `history_action`, `history_state_confirmed`, `history_time`) VALUES (28,'data_center_design_60b9aa42f3507a27','2021-06-04 04:21:22','umadmin','2021-06-04 06:23:20','umadmin','RDC','added_0','RDC',NULL,'地域数据中心设计','REGION','data_center_design_60b9aa16e0e00c26','','update',0,'2021-06-04 06:23:20');
INSERT INTO `history_data_center_design` (`id`, `guid`, `create_time`, `create_user`, `update_time`, `update_user`, `key_name`, `state`, `code`, `confirm_time`, `name`, `data_center_type`, `global_dc_design`, `region_dc_design`, `history_action`, `history_state_confirmed`, `history_time`) VALUES (29,'data_center_design_60b9aa42f3507a27','2021-06-04 04:21:22','umadmin','2021-06-04 06:25:05','umadmin','RDC','added_0','RDC',NULL,'地域数据中心设计','REGION','data_center_design_60b9aa16e0e00c26','','update',0,'2021-06-04 06:25:05');
INSERT INTO `history_data_center_design` (`id`, `guid`, `create_time`, `create_user`, `update_time`, `update_user`, `key_name`, `state`, `code`, `confirm_time`, `name`, `data_center_type`, `global_dc_design`, `region_dc_design`, `history_action`, `history_state_confirmed`, `history_time`) VALUES (30,'data_center_design_60b9b08ef60a67d7','2021-06-04 04:48:14','umadmin','2021-06-04 06:29:01','umadmin','WDC','added_0','WDC',NULL,'互联网','REGION','data_center_design_60b9aa16e0e00c26','','update',0,'2021-06-04 06:29:01');
INSERT INTO `history_data_center_design` (`id`, `guid`, `create_time`, `create_user`, `update_time`, `update_user`, `key_name`, `state`, `code`, `confirm_time`, `name`, `data_center_type`, `global_dc_design`, `region_dc_design`, `history_action`, `history_state_confirmed`, `history_time`) VALUES (31,'data_center_design_60b9aa42f3507a27','2021-06-04 04:21:22','umadmin','2021-06-04 06:31:49','umadmin','RDC','added_0','RDC',NULL,'地域数据中心设计','REGION','data_center_design_60b9aa16e0e00c26','','update',0,'2021-06-04 06:31:49');
INSERT INTO `history_data_center_design` (`id`, `guid`, `create_time`, `create_user`, `update_time`, `update_user`, `key_name`, `state`, `code`, `confirm_time`, `name`, `data_center_type`, `global_dc_design`, `region_dc_design`, `history_action`, `history_state_confirmed`, `history_time`) VALUES (32,'data_center_design_60b9aa16e0e00c26','2021-06-04 04:20:38','umadmin','2021-06-04 08:44:29','umadmin','GDC','added_0','GDC',NULL,'全局数据中心设计','GLOBAL','','','update',0,'2021-06-04 08:44:29');
INSERT INTO `history_data_center_design` (`id`, `guid`, `create_time`, `create_user`, `update_time`, `update_user`, `key_name`, `state`, `code`, `confirm_time`, `name`, `data_center_type`, `global_dc_design`, `region_dc_design`, `history_action`, `history_state_confirmed`, `history_time`) VALUES (33,'data_center_design_60b9aa16e0e00c26','2021-06-04 04:20:38','umadmin','2021-06-04 08:46:08','umadmin','GDC','added_0','GDC',NULL,'全局数据中心设计','GLOBAL','','','update',0,'2021-06-04 08:46:08');
INSERT INTO `history_data_center_design` (`id`, `guid`, `create_time`, `create_user`, `update_time`, `update_user`, `key_name`, `state`, `code`, `confirm_time`, `name`, `data_center_type`, `global_dc_design`, `region_dc_design`, `history_action`, `history_state_confirmed`, `history_time`) VALUES (34,'data_center_design_60b9b08ef60a67d7','2021-06-04 04:48:14','umadmin','2021-06-04 08:47:18','umadmin','WDC','added_0','WDC',NULL,'互联网','REGION','data_center_design_60b9aa16e0e00c26','','update',0,'2021-06-04 08:47:18');
INSERT INTO `history_data_center_design` (`id`, `guid`, `create_time`, `create_user`, `update_time`, `update_user`, `key_name`, `state`, `code`, `confirm_time`, `name`, `data_center_type`, `global_dc_design`, `region_dc_design`, `history_action`, `history_state_confirmed`, `history_time`) VALUES (35,'data_center_design_60b9b08ef60a67d7','2021-06-04 04:48:14','umadmin','2021-06-04 08:47:18','umadmin','WDC','null_0','WDC',NULL,'互联网','REGION','data_center_design_60b9aa16e0e00c26','','delete',0,'2021-06-04 08:47:30');
INSERT INTO `history_data_center_design` (`id`, `guid`, `create_time`, `create_user`, `update_time`, `update_user`, `key_name`, `state`, `code`, `confirm_time`, `name`, `data_center_type`, `global_dc_design`, `region_dc_design`, `history_action`, `history_state_confirmed`, `history_time`) VALUES (36,'data_center_design_60b9aa42f3507a27','2021-06-04 04:21:22','umadmin','2021-06-04 09:05:00','umadmin','RDC','added_0','RDC',NULL,'地域数据中心设计','REGION','data_center_design_60b9aa16e0e00c26','','update',0,'2021-06-04 09:05:00');
INSERT INTO `history_data_center_design` (`id`, `guid`, `create_time`, `create_user`, `update_time`, `update_user`, `key_name`, `state`, `code`, `confirm_time`, `name`, `data_center_type`, `global_dc_design`, `region_dc_design`, `history_action`, `history_state_confirmed`, `history_time`) VALUES (37,'data_center_design_60b9aa42f3507a27','2021-06-04 04:21:22','umadmin','2021-06-04 09:14:33','umadmin','RDC','added_0','RDC',NULL,'地域数据中心设计','REGION','data_center_design_60b9aa16e0e00c26','','update',0,'2021-06-04 09:14:33');
INSERT INTO `history_data_center_design` (`id`, `guid`, `create_time`, `create_user`, `update_time`, `update_user`, `key_name`, `state`, `code`, `confirm_time`, `name`, `data_center_type`, `global_dc_design`, `region_dc_design`, `history_action`, `history_state_confirmed`, `history_time`) VALUES (38,'data_center_design_60b9aa42f3507a27','2021-06-04 04:21:22','umadmin','2021-06-06 01:56:11','umadmin','RDC','added_0','RDC',NULL,'地域数据中心设计','REGION','data_center_design_60b9aa16e0e00c26','','update',0,'2021-06-06 01:56:11');
INSERT INTO `history_data_center_design` (`id`, `guid`, `create_time`, `create_user`, `update_time`, `update_user`, `key_name`, `state`, `code`, `confirm_time`, `name`, `data_center_type`, `global_dc_design`, `region_dc_design`, `history_action`, `history_state_confirmed`, `history_time`) VALUES (39,'data_center_design_60b9aa16e0e00c26','2021-06-04 04:20:38','umadmin','2021-06-06 02:08:01','umadmin','GDC','added_0','GDC',NULL,'全局数据中心设计','GLOBAL','','','update',0,'2021-06-06 02:08:01');
INSERT INTO `history_data_center_design` (`id`, `guid`, `create_time`, `create_user`, `update_time`, `update_user`, `key_name`, `state`, `code`, `confirm_time`, `name`, `data_center_type`, `global_dc_design`, `region_dc_design`, `history_action`, `history_state_confirmed`, `history_time`) VALUES (40,'data_center_design_60b9aa16e0e00c26','2021-06-04 04:20:38','umadmin','2021-06-06 02:08:43','umadmin','GDC','added_0','GDC',NULL,'全局数据中心设计','GLOBAL','','','update',0,'2021-06-06 02:08:43');
INSERT INTO `history_data_center_design` (`id`, `guid`, `create_time`, `create_user`, `update_time`, `update_user`, `key_name`, `state`, `code`, `confirm_time`, `name`, `data_center_type`, `global_dc_design`, `region_dc_design`, `history_action`, `history_state_confirmed`, `history_time`) VALUES (41,'data_center_design_60b9aa16e0e00c26','2021-06-04 04:20:38','umadmin','2021-06-06 02:29:40','umadmin','GDC','added_0','GDC',NULL,'全局数据中心设计','GLOBAL','','','update',0,'2021-06-06 02:29:40');
INSERT INTO `history_data_center_design` (`id`, `guid`, `create_time`, `create_user`, `update_time`, `update_user`, `key_name`, `state`, `code`, `confirm_time`, `name`, `data_center_type`, `global_dc_design`, `region_dc_design`, `history_action`, `history_state_confirmed`, `history_time`) VALUES (42,'data_center_design_60b9aa16e0e00c26','2021-06-04 04:20:38','umadmin','2021-06-06 08:46:54','umadmin','GDC','added_0','GDC',NULL,'全局数据中心设计','GLOBAL','','','update',0,'2021-06-06 08:46:54');
/*!40000 ALTER TABLE `history_data_center_design` ENABLE KEYS */;
UNLOCK TABLES;

--
-- Dumping data for table `history_deploy_environment`
--

LOCK TABLES `history_deploy_environment` WRITE;
/*!40000 ALTER TABLE `history_deploy_environment` DISABLE KEYS */;
INSERT INTO `history_deploy_environment` (`id`, `guid`, `create_time`, `create_user`, `update_time`, `update_user`, `key_name`, `state`, `code`, `confirm_time`, `name`, `history_action`, `history_state_confirmed`, `history_time`) VALUES (1,'deploy_environment_60b9a84e4e003ee5','2021-06-04 04:13:02','umadmin','2021-06-04 04:13:02','umadmin','PRD_生产环境','added_0','PRD',NULL,'生产环境','insert',0,'2021-06-04 04:13:02');
INSERT INTO `history_deploy_environment` (`id`, `guid`, `create_time`, `create_user`, `update_time`, `update_user`, `key_name`, `state`, `code`, `confirm_time`, `name`, `history_action`, `history_state_confirmed`, `history_time`) VALUES (2,'deploy_environment_60b9a84e60e6068d','2021-06-04 04:13:02','umadmin','2021-06-04 04:13:02','umadmin','DEV_开发环境','added_0','DEV',NULL,'开发环境','insert',0,'2021-06-04 04:13:02');
/*!40000 ALTER TABLE `history_deploy_environment` ENABLE KEYS */;
UNLOCK TABLES;

--
-- Dumping data for table `history_deploy_package`
--

LOCK TABLES `history_deploy_package` WRITE;
/*!40000 ALTER TABLE `history_deploy_package` DISABLE KEYS */;
INSERT INTO `history_deploy_package` (`id`, `guid`, `create_time`, `create_user`, `update_time`, `update_user`, `key_name`, `state`, `code`, `confirm_time`, `unit_design`, `name`, `md5_value`, `upload_user`, `upload_time`, `deploy_package_url`, `deploy_file_path`, `start_file_path`, `stop_file_path`, `diff_conf_file`, `is_decompression`, `baseline_package`, `package_type`, `db_upgrade_directory`, `db_rollback_directory`, `db_upgrade_file_path`, `db_rollback_file_path`, `db_deploy_file_path`, `db_diff_conf_file`, `history_action`, `history_state_confirmed`, `history_time`) VALUES (1,'deploy_package_60bee893e9f52773','2021-06-08 03:48:35','umadmin','2021-06-08 03:48:35','umadmin','um_auth.tar.gz','added_0',NULL,NULL,'unit_design_60b9e134e6c6ecd7','um_auth.tar.gz','75d564b67fae84fd355431b0c270de5e','umadmin','2021-06-08 03:48:35','http://10.0.130.3:19110/artifacts/repository/artifacts/UM_AUTH_APP/um_auth.tar.gz',NULL,NULL,NULL,NULL,NULL,NULL,NULL,NULL,NULL,NULL,NULL,NULL,NULL,'insert',0,'2021-06-08 03:48:35');
INSERT INTO `history_deploy_package` (`id`, `guid`, `create_time`, `create_user`, `update_time`, `update_user`, `key_name`, `state`, `code`, `confirm_time`, `unit_design`, `name`, `md5_value`, `upload_user`, `upload_time`, `deploy_package_url`, `deploy_file_path`, `start_file_path`, `stop_file_path`, `diff_conf_file`, `is_decompression`, `baseline_package`, `package_type`, `db_upgrade_directory`, `db_rollback_directory`, `db_upgrade_file_path`, `db_rollback_file_path`, `db_deploy_file_path`, `db_diff_conf_file`, `history_action`, `history_state_confirmed`, `history_time`) VALUES (2,'deploy_package_60bee893e9f52773','2021-06-08 03:48:35','umadmin','2021-06-08 03:50:09','umadmin','um_auth.tar.gz','added_0','',NULL,'unit_design_60b9e134e6c6ecd7','um_auth.tar.gz','75d564b67fae84fd355431b0c270de5e','umadmin','2021-06-08 03:50:09','http://10.0.130.3:19110/artifacts/repository/artifacts/UM_AUTH_APP/um_auth.tar.gz','um_auth/bin/deploy.sh|um_auth/bin/start.sh','um_auth/bin/start.sh','um_auth/bin/stop.sh','um_auth/conf/um_auth.conf','true','','mixed','','','','','','','update',0,'2021-06-08 03:50:09');
INSERT INTO `history_deploy_package` (`id`, `guid`, `create_time`, `create_user`, `update_time`, `update_user`, `key_name`, `state`, `code`, `confirm_time`, `unit_design`, `name`, `md5_value`, `upload_user`, `upload_time`, `deploy_package_url`, `deploy_file_path`, `start_file_path`, `stop_file_path`, `diff_conf_file`, `is_decompression`, `baseline_package`, `package_type`, `db_upgrade_directory`, `db_rollback_directory`, `db_upgrade_file_path`, `db_rollback_file_path`, `db_deploy_file_path`, `db_diff_conf_file`, `history_action`, `history_state_confirmed`, `history_time`) VALUES (3,'deploy_package_60beea1e2b705cd8','2021-06-08 03:55:10','umadmin','2021-06-08 03:55:10','umadmin','demo_core.tar.gz','added_0',NULL,NULL,'unit_design_60b9e3ea3e833a35','demo_core.tar.gz','35f688db4fb2171be13e4d8f5902c00c','umadmin','2021-06-08 03:55:10','http://10.0.130.3:19110/artifacts/repository/artifacts/DEMO_CORE_APP/demo_core.tar.gz',NULL,NULL,NULL,NULL,NULL,NULL,NULL,NULL,NULL,NULL,NULL,NULL,NULL,'insert',0,'2021-06-08 03:55:10');
INSERT INTO `history_deploy_package` (`id`, `guid`, `create_time`, `create_user`, `update_time`, `update_user`, `key_name`, `state`, `code`, `confirm_time`, `unit_design`, `name`, `md5_value`, `upload_user`, `upload_time`, `deploy_package_url`, `deploy_file_path`, `start_file_path`, `stop_file_path`, `diff_conf_file`, `is_decompression`, `baseline_package`, `package_type`, `db_upgrade_directory`, `db_rollback_directory`, `db_upgrade_file_path`, `db_rollback_file_path`, `db_deploy_file_path`, `db_diff_conf_file`, `history_action`, `history_state_confirmed`, `history_time`) VALUES (4,'deploy_package_60beea1e2b705cd8','2021-06-08 03:55:10','umadmin','2021-06-08 03:56:19','umadmin','demo_core.tar.gz','added_0','',NULL,'unit_design_60b9e3ea3e833a35','demo_core.tar.gz','35f688db4fb2171be13e4d8f5902c00c','umadmin','2021-06-08 03:56:19','http://10.0.130.3:19110/artifacts/repository/artifacts/DEMO_CORE_APP/demo_core.tar.gz','demo_core/bin/deploy.sh|demo_core/bin/start.sh','demo_core/bin/start.sh','demo_core/bin/stop.sh','demo_core/conf/demo_core.conf','true','','mixed','','','','','demo_core/sql/init.sql','','update',0,'2021-06-08 03:56:19');
INSERT INTO `history_deploy_package` (`id`, `guid`, `create_time`, `create_user`, `update_time`, `update_user`, `key_name`, `state`, `code`, `confirm_time`, `unit_design`, `name`, `md5_value`, `upload_user`, `upload_time`, `deploy_package_url`, `deploy_file_path`, `start_file_path`, `stop_file_path`, `diff_conf_file`, `is_decompression`, `baseline_package`, `package_type`, `db_upgrade_directory`, `db_rollback_directory`, `db_upgrade_file_path`, `db_rollback_file_path`, `db_deploy_file_path`, `db_diff_conf_file`, `history_action`, `history_state_confirmed`, `history_time`) VALUES (5,'deploy_package_60beebfda4fcd35d','2021-06-08 04:03:09','umadmin','2021-06-08 04:03:09','umadmin','demo_proxy.tar.gz','added_0',NULL,NULL,'unit_design_60b9e56f57e3cbc8','demo_proxy.tar.gz','97736997142276d07585f7fff7b747d6','umadmin','2021-06-08 04:03:09','http://10.0.130.3:19110/artifacts/repository/artifacts/DEMO_PROXY_NGINX/demo_proxy.tar.gz',NULL,NULL,NULL,NULL,NULL,NULL,NULL,NULL,NULL,NULL,NULL,NULL,NULL,'insert',0,'2021-06-08 04:03:09');
INSERT INTO `history_deploy_package` (`id`, `guid`, `create_time`, `create_user`, `update_time`, `update_user`, `key_name`, `state`, `code`, `confirm_time`, `unit_design`, `name`, `md5_value`, `upload_user`, `upload_time`, `deploy_package_url`, `deploy_file_path`, `start_file_path`, `stop_file_path`, `diff_conf_file`, `is_decompression`, `baseline_package`, `package_type`, `db_upgrade_directory`, `db_rollback_directory`, `db_upgrade_file_path`, `db_rollback_file_path`, `db_deploy_file_path`, `db_diff_conf_file`, `history_action`, `history_state_confirmed`, `history_time`) VALUES (6,'deploy_package_60beebfda4fcd35d','2021-06-08 04:03:09','umadmin','2021-06-08 04:03:44','umadmin','demo_proxy.tar.gz','added_0','',NULL,'unit_design_60b9e56f57e3cbc8','demo_proxy.tar.gz','97736997142276d07585f7fff7b747d6','umadmin','2021-06-08 04:03:44','http://10.0.130.3:19110/artifacts/repository/artifacts/DEMO_PROXY_NGINX/demo_proxy.tar.gz','demo_proxy/bin/deploy.sh|demo_proxy/bin/start.sh','demo_proxy/bin/start.sh','demo_proxy/bin/stop.sh','demo_proxy/conf/nginx-demo.conf','true','','mixed','','','','','','','update',0,'2021-06-08 04:03:44');
/*!40000 ALTER TABLE `history_deploy_package` ENABLE KEYS */;
UNLOCK TABLES;

--
-- Dumping data for table `history_deploy_package$db_diff_conf_variable`
--

LOCK TABLES `history_deploy_package$db_diff_conf_variable` WRITE;
/*!40000 ALTER TABLE `history_deploy_package$db_diff_conf_variable` DISABLE KEYS */;
INSERT INTO `history_deploy_package$db_diff_conf_variable` (`id`, `from_guid`, `to_guid`, `seq_no`, `note`, `history_to_id`, `history_time`) VALUES (1,'deploy_package_60bee893e9f52773','',0,NULL,0,'2021-06-08 03:50:09');
INSERT INTO `history_deploy_package$db_diff_conf_variable` (`id`, `from_guid`, `to_guid`, `seq_no`, `note`, `history_to_id`, `history_time`) VALUES (2,'deploy_package_60beea1e2b705cd8','',0,NULL,0,'2021-06-08 03:56:19');
INSERT INTO `history_deploy_package$db_diff_conf_variable` (`id`, `from_guid`, `to_guid`, `seq_no`, `note`, `history_to_id`, `history_time`) VALUES (3,'deploy_package_60beebfda4fcd35d','',0,NULL,0,'2021-06-08 04:03:44');
/*!40000 ALTER TABLE `history_deploy_package$db_diff_conf_variable` ENABLE KEYS */;
UNLOCK TABLES;

--
-- Dumping data for table `history_deploy_package$deploy_environment`
--

LOCK TABLES `history_deploy_package$deploy_environment` WRITE;
/*!40000 ALTER TABLE `history_deploy_package$deploy_environment` DISABLE KEYS */;
INSERT INTO `history_deploy_package$deploy_environment` (`id`, `from_guid`, `to_guid`, `seq_no`, `note`, `history_to_id`, `history_time`) VALUES (1,'deploy_package_60bee893e9f52773','',0,NULL,0,'2021-06-08 03:50:09');
INSERT INTO `history_deploy_package$deploy_environment` (`id`, `from_guid`, `to_guid`, `seq_no`, `note`, `history_to_id`, `history_time`) VALUES (2,'deploy_package_60beea1e2b705cd8','',0,NULL,0,'2021-06-08 03:56:19');
INSERT INTO `history_deploy_package$deploy_environment` (`id`, `from_guid`, `to_guid`, `seq_no`, `note`, `history_to_id`, `history_time`) VALUES (3,'deploy_package_60beebfda4fcd35d','',0,NULL,0,'2021-06-08 04:03:44');
/*!40000 ALTER TABLE `history_deploy_package$deploy_environment` ENABLE KEYS */;
UNLOCK TABLES;

--
-- Dumping data for table `history_deploy_package$diff_conf_variable`
--

LOCK TABLES `history_deploy_package$diff_conf_variable` WRITE;
/*!40000 ALTER TABLE `history_deploy_package$diff_conf_variable` DISABLE KEYS */;
INSERT INTO `history_deploy_package$diff_conf_variable` (`id`, `from_guid`, `to_guid`, `seq_no`, `note`, `history_to_id`, `history_time`) VALUES (1,'deploy_package_60bee893e9f52773','diff_configuration_60bee8f11eb4bb75',0,NULL,1,'2021-06-08 03:50:09');
INSERT INTO `history_deploy_package$diff_conf_variable` (`id`, `from_guid`, `to_guid`, `seq_no`, `note`, `history_to_id`, `history_time`) VALUES (2,'deploy_package_60bee893e9f52773','diff_configuration_60bee8f12b396768',1,NULL,2,'2021-06-08 03:50:09');
INSERT INTO `history_deploy_package$diff_conf_variable` (`id`, `from_guid`, `to_guid`, `seq_no`, `note`, `history_to_id`, `history_time`) VALUES (3,'deploy_package_60bee893e9f52773','diff_configuration_60bee8f1398b2072',2,NULL,3,'2021-06-08 03:50:09');
INSERT INTO `history_deploy_package$diff_conf_variable` (`id`, `from_guid`, `to_guid`, `seq_no`, `note`, `history_to_id`, `history_time`) VALUES (4,'deploy_package_60bee893e9f52773','diff_configuration_60bee8f15b606ff9',3,NULL,4,'2021-06-08 03:50:09');
INSERT INTO `history_deploy_package$diff_conf_variable` (`id`, `from_guid`, `to_guid`, `seq_no`, `note`, `history_to_id`, `history_time`) VALUES (5,'deploy_package_60bee893e9f52773','diff_configuration_60bee8f165136b49',4,NULL,5,'2021-06-08 03:50:09');
INSERT INTO `history_deploy_package$diff_conf_variable` (`id`, `from_guid`, `to_guid`, `seq_no`, `note`, `history_to_id`, `history_time`) VALUES (6,'deploy_package_60bee893e9f52773','diff_configuration_60bee8f18922487a',5,NULL,6,'2021-06-08 03:50:09');
INSERT INTO `history_deploy_package$diff_conf_variable` (`id`, `from_guid`, `to_guid`, `seq_no`, `note`, `history_to_id`, `history_time`) VALUES (7,'deploy_package_60beea1e2b705cd8','diff_configuration_60bee8f11eb4bb75',0,NULL,12,'2021-06-08 03:56:19');
INSERT INTO `history_deploy_package$diff_conf_variable` (`id`, `from_guid`, `to_guid`, `seq_no`, `note`, `history_to_id`, `history_time`) VALUES (8,'deploy_package_60beea1e2b705cd8','diff_configuration_60bee8f1398b2072',1,NULL,8,'2021-06-08 03:56:19');
INSERT INTO `history_deploy_package$diff_conf_variable` (`id`, `from_guid`, `to_guid`, `seq_no`, `note`, `history_to_id`, `history_time`) VALUES (9,'deploy_package_60beea1e2b705cd8','diff_configuration_60bee8f12b396768',2,NULL,7,'2021-06-08 03:56:19');
INSERT INTO `history_deploy_package$diff_conf_variable` (`id`, `from_guid`, `to_guid`, `seq_no`, `note`, `history_to_id`, `history_time`) VALUES (10,'deploy_package_60beea1e2b705cd8','diff_configuration_60bee8f165136b49',3,NULL,9,'2021-06-08 03:56:19');
INSERT INTO `history_deploy_package$diff_conf_variable` (`id`, `from_guid`, `to_guid`, `seq_no`, `note`, `history_to_id`, `history_time`) VALUES (11,'deploy_package_60beea1e2b705cd8','diff_configuration_60bee8f15b606ff9',4,NULL,11,'2021-06-08 03:56:19');
INSERT INTO `history_deploy_package$diff_conf_variable` (`id`, `from_guid`, `to_guid`, `seq_no`, `note`, `history_to_id`, `history_time`) VALUES (12,'deploy_package_60beea1e2b705cd8','diff_configuration_60bee8f18922487a',5,NULL,10,'2021-06-08 03:56:19');
INSERT INTO `history_deploy_package$diff_conf_variable` (`id`, `from_guid`, `to_guid`, `seq_no`, `note`, `history_to_id`, `history_time`) VALUES (13,'deploy_package_60beea1e2b705cd8','diff_configuration_60beea631d752ec6',6,NULL,13,'2021-06-08 03:56:19');
INSERT INTO `history_deploy_package$diff_conf_variable` (`id`, `from_guid`, `to_guid`, `seq_no`, `note`, `history_to_id`, `history_time`) VALUES (14,'deploy_package_60beea1e2b705cd8','diff_configuration_60beea637939b7f6',7,NULL,14,'2021-06-08 03:56:19');
INSERT INTO `history_deploy_package$diff_conf_variable` (`id`, `from_guid`, `to_guid`, `seq_no`, `note`, `history_to_id`, `history_time`) VALUES (15,'deploy_package_60beebfda4fcd35d','diff_configuration_60bee8f12b396768',0,NULL,7,'2021-06-08 04:03:44');
INSERT INTO `history_deploy_package$diff_conf_variable` (`id`, `from_guid`, `to_guid`, `seq_no`, `note`, `history_to_id`, `history_time`) VALUES (16,'deploy_package_60beebfda4fcd35d','diff_configuration_60beec20503d795a',1,NULL,17,'2021-06-08 04:03:44');
INSERT INTO `history_deploy_package$diff_conf_variable` (`id`, `from_guid`, `to_guid`, `seq_no`, `note`, `history_to_id`, `history_time`) VALUES (17,'deploy_package_60beebfda4fcd35d','diff_configuration_60beec2071d3af27',2,NULL,18,'2021-06-08 04:03:44');
INSERT INTO `history_deploy_package$diff_conf_variable` (`id`, `from_guid`, `to_guid`, `seq_no`, `note`, `history_to_id`, `history_time`) VALUES (18,'deploy_package_60beebfda4fcd35d','diff_configuration_60beec20814963a7',3,NULL,19,'2021-06-08 04:03:44');
INSERT INTO `history_deploy_package$diff_conf_variable` (`id`, `from_guid`, `to_guid`, `seq_no`, `note`, `history_to_id`, `history_time`) VALUES (19,'deploy_package_60beebfda4fcd35d','diff_configuration_60beec208ed4546a',4,NULL,20,'2021-06-08 04:03:44');
INSERT INTO `history_deploy_package$diff_conf_variable` (`id`, `from_guid`, `to_guid`, `seq_no`, `note`, `history_to_id`, `history_time`) VALUES (20,'deploy_package_60beebfda4fcd35d','diff_configuration_60beec20baccef4f',5,NULL,21,'2021-06-08 04:03:44');
/*!40000 ALTER TABLE `history_deploy_package$diff_conf_variable` ENABLE KEYS */;
UNLOCK TABLES;

--
-- Dumping data for table `history_deploy_plan`
--

LOCK TABLES `history_deploy_plan` WRITE;
/*!40000 ALTER TABLE `history_deploy_plan` DISABLE KEYS */;
/*!40000 ALTER TABLE `history_deploy_plan` ENABLE KEYS */;
UNLOCK TABLES;

--
-- Dumping data for table `history_deploy_plan$deploy_package`
--

LOCK TABLES `history_deploy_plan$deploy_package` WRITE;
/*!40000 ALTER TABLE `history_deploy_plan$deploy_package` DISABLE KEYS */;
/*!40000 ALTER TABLE `history_deploy_plan$deploy_package` ENABLE KEYS */;
UNLOCK TABLES;

--
-- Dumping data for table `history_diff_configuration`
--

LOCK TABLES `history_diff_configuration` WRITE;
/*!40000 ALTER TABLE `history_diff_configuration` DISABLE KEYS */;
INSERT INTO `history_diff_configuration` (`id`, `guid`, `create_time`, `create_user`, `update_time`, `update_user`, `key_name`, `state`, `code`, `confirm_time`, `variable_name`, `variable_value`, `history_action`, `history_state_confirmed`, `history_time`) VALUES (1,'diff_configuration_60bee8f11eb4bb75','2021-06-08 03:50:09','umadmin','2021-06-08 03:50:09','umadmin','MYSQL_SCHEMA','added_0','MYSQL_SCHEMA',NULL,'MYSQL_SCHEMA',NULL,'insert',0,'2021-06-08 03:50:09');
INSERT INTO `history_diff_configuration` (`id`, `guid`, `create_time`, `create_user`, `update_time`, `update_user`, `key_name`, `state`, `code`, `confirm_time`, `variable_name`, `variable_value`, `history_action`, `history_state_confirmed`, `history_time`) VALUES (2,'diff_configuration_60bee8f12b396768','2021-06-08 03:50:09','umadmin','2021-06-08 03:50:09','umadmin','LISTEN_PORT','added_0','LISTEN_PORT',NULL,'LISTEN_PORT',NULL,'insert',0,'2021-06-08 03:50:09');
INSERT INTO `history_diff_configuration` (`id`, `guid`, `create_time`, `create_user`, `update_time`, `update_user`, `key_name`, `state`, `code`, `confirm_time`, `variable_name`, `variable_value`, `history_action`, `history_state_confirmed`, `history_time`) VALUES (3,'diff_configuration_60bee8f1398b2072','2021-06-08 03:50:09','umadmin','2021-06-08 03:50:09','umadmin','MYSQL_USERNAME','added_0','MYSQL_USERNAME',NULL,'MYSQL_USERNAME',NULL,'insert',0,'2021-06-08 03:50:09');
INSERT INTO `history_diff_configuration` (`id`, `guid`, `create_time`, `create_user`, `update_time`, `update_user`, `key_name`, `state`, `code`, `confirm_time`, `variable_name`, `variable_value`, `history_action`, `history_state_confirmed`, `history_time`) VALUES (4,'diff_configuration_60bee8f15b606ff9','2021-06-08 03:50:09','umadmin','2021-06-08 03:50:09','umadmin','MYSQL_PORT','added_0','MYSQL_PORT',NULL,'MYSQL_PORT',NULL,'insert',0,'2021-06-08 03:50:09');
INSERT INTO `history_diff_configuration` (`id`, `guid`, `create_time`, `create_user`, `update_time`, `update_user`, `key_name`, `state`, `code`, `confirm_time`, `variable_name`, `variable_value`, `history_action`, `history_state_confirmed`, `history_time`) VALUES (5,'diff_configuration_60bee8f165136b49','2021-06-08 03:50:09','umadmin','2021-06-08 03:50:09','umadmin','MYSQL_PASSWORD','added_0','MYSQL_PASSWORD',NULL,'MYSQL_PASSWORD',NULL,'insert',0,'2021-06-08 03:50:09');
INSERT INTO `history_diff_configuration` (`id`, `guid`, `create_time`, `create_user`, `update_time`, `update_user`, `key_name`, `state`, `code`, `confirm_time`, `variable_name`, `variable_value`, `history_action`, `history_state_confirmed`, `history_time`) VALUES (6,'diff_configuration_60bee8f18922487a','2021-06-08 03:50:09','umadmin','2021-06-08 03:50:09','umadmin','MYSQL_HOST','added_0','MYSQL_HOST',NULL,'MYSQL_HOST',NULL,'insert',0,'2021-06-08 03:50:09');
INSERT INTO `history_diff_configuration` (`id`, `guid`, `create_time`, `create_user`, `update_time`, `update_user`, `key_name`, `state`, `code`, `confirm_time`, `variable_name`, `variable_value`, `history_action`, `history_state_confirmed`, `history_time`) VALUES (7,'diff_configuration_60bee8f12b396768','2021-06-08 03:50:09','umadmin','2021-06-08 03:53:35','wecube','LISTEN_PORT','added_0','LISTEN_PORT',NULL,'LISTEN_PORT','[{\"type\":\"rule\",\"value\":\"[{\\\"ciTypeId\\\":\\\"app_instance\\\"},{\\\"ciTypeId\\\":\\\"app_instance\\\",\\\"parentRs\\\":{\\\"attrId\\\":\\\"app_instance__port\\\",\\\"isReferedFromParent\\\":1}}]\"}]','update',0,'2021-06-08 03:53:35');
INSERT INTO `history_diff_configuration` (`id`, `guid`, `create_time`, `create_user`, `update_time`, `update_user`, `key_name`, `state`, `code`, `confirm_time`, `variable_name`, `variable_value`, `history_action`, `history_state_confirmed`, `history_time`) VALUES (8,'diff_configuration_60bee8f1398b2072','2021-06-08 03:50:09','umadmin','2021-06-08 03:53:36','wecube','MYSQL_USERNAME','added_0','MYSQL_USERNAME',NULL,'MYSQL_USERNAME','[{\"type\":\"rule\",\"value\":\"[{\\\"ciTypeId\\\":\\\"app_instance\\\"},{\\\"ciTypeId\\\":\\\"unit\\\",\\\"parentRs\\\":{\\\"attrId\\\":\\\"app_instance__unit\\\",\\\"isReferedFromParent\\\":1}},{\\\"ciTypeId\\\":\\\"invoke\\\",\\\"parentRs\\\":{\\\"attrId\\\":\\\"invoke__invoke_unit\\\",\\\"isReferedFromParent\\\":0}},{\\\"ciTypeId\\\":\\\"unit\\\",\\\"parentRs\\\":{\\\"attrId\\\":\\\"invoke__invoked_unit\\\",\\\"isReferedFromParent\\\":1},\\\"filters\\\":[{\\\"name\\\":\\\"code\\\",\\\"operator\\\":\\\"eq\\\",\\\"type\\\":\\\"value\\\",\\\"value\\\":\\\"MYSQL\\\"}]},{\\\"ciTypeId\\\":\\\"rdb_instance\\\",\\\"parentRs\\\":{\\\"attrId\\\":\\\"rdb_instance__unit\\\",\\\"isReferedFromParent\\\":0}},{\\\"ciTypeId\\\":\\\"rdb_instance\\\",\\\"parentRs\\\":{\\\"attrId\\\":\\\"rdb_instance__deploy_user\\\",\\\"isReferedFromParent\\\":1}}]\"}]','update',0,'2021-06-08 03:53:36');
INSERT INTO `history_diff_configuration` (`id`, `guid`, `create_time`, `create_user`, `update_time`, `update_user`, `key_name`, `state`, `code`, `confirm_time`, `variable_name`, `variable_value`, `history_action`, `history_state_confirmed`, `history_time`) VALUES (9,'diff_configuration_60bee8f165136b49','2021-06-08 03:50:09','umadmin','2021-06-08 03:53:37','wecube','MYSQL_PASSWORD','added_0','MYSQL_PASSWORD',NULL,'MYSQL_PASSWORD','[{\"type\":\"rule\",\"value\":\"[{\\\"ciTypeId\\\":\\\"app_instance\\\"},{\\\"ciTypeId\\\":\\\"unit\\\",\\\"parentRs\\\":{\\\"attrId\\\":\\\"app_instance__unit\\\",\\\"isReferedFromParent\\\":1}},{\\\"ciTypeId\\\":\\\"invoke\\\",\\\"parentRs\\\":{\\\"attrId\\\":\\\"invoke__invoke_unit\\\",\\\"isReferedFromParent\\\":0}},{\\\"ciTypeId\\\":\\\"unit\\\",\\\"parentRs\\\":{\\\"attrId\\\":\\\"invoke__invoked_unit\\\",\\\"isReferedFromParent\\\":1},\\\"filters\\\":[{\\\"name\\\":\\\"code\\\",\\\"operator\\\":\\\"eq\\\",\\\"type\\\":\\\"value\\\",\\\"value\\\":\\\"MYSQL\\\"}]},{\\\"ciTypeId\\\":\\\"rdb_instance\\\",\\\"parentRs\\\":{\\\"attrId\\\":\\\"rdb_instance__unit\\\",\\\"isReferedFromParent\\\":0}},{\\\"ciTypeId\\\":\\\"rdb_instance\\\",\\\"parentRs\\\":{\\\"attrId\\\":\\\"rdb_instance__deploy_user_password\\\",\\\"isReferedFromParent\\\":1}}]\"},{\"type\":\"specialDelimiter\",\"value\":\"&\\u0001\"},{\"type\":\"rule\",\"value\":\"[{\\\"ciTypeId\\\":\\\"app_instance\\\"},{\\\"ciTypeId\\\":\\\"unit\\\",\\\"parentRs\\\":{\\\"attrId\\\":\\\"app_instance__unit\\\",\\\"isReferedFromParent\\\":1}},{\\\"ciTypeId\\\":\\\"invoke\\\",\\\"parentRs\\\":{\\\"attrId\\\":\\\"invoke__invoke_unit\\\",\\\"isReferedFromParent\\\":0}},{\\\"ciTypeId\\\":\\\"unit\\\",\\\"parentRs\\\":{\\\"attrId\\\":\\\"invoke__invoked_unit\\\",\\\"isReferedFromParent\\\":1},\\\"filters\\\":[{\\\"name\\\":\\\"code\\\",\\\"operator\\\":\\\"eq\\\",\\\"type\\\":\\\"value\\\",\\\"value\\\":\\\"MYSQL\\\"}]},{\\\"ciTypeId\\\":\\\"rdb_instance\\\",\\\"parentRs\\\":{\\\"attrId\\\":\\\"rdb_instance__unit\\\",\\\"isReferedFromParent\\\":0}},{\\\"ciTypeId\\\":\\\"rdb_instance\\\",\\\"parentRs\\\":{\\\"attrId\\\":\\\"rdb_instance__guid\\\",\\\"isReferedFromParent\\\":1}}]\"}]','update',0,'2021-06-08 03:53:37');
INSERT INTO `history_diff_configuration` (`id`, `guid`, `create_time`, `create_user`, `update_time`, `update_user`, `key_name`, `state`, `code`, `confirm_time`, `variable_name`, `variable_value`, `history_action`, `history_state_confirmed`, `history_time`) VALUES (10,'diff_configuration_60bee8f18922487a','2021-06-08 03:50:09','umadmin','2021-06-08 03:53:55','wecube','MYSQL_HOST','added_0','MYSQL_HOST',NULL,'MYSQL_HOST','[{\"type\":\"rule\",\"value\":\"[{\\\"ciTypeId\\\":\\\"app_instance\\\"},{\\\"ciTypeId\\\":\\\"unit\\\",\\\"parentRs\\\":{\\\"attrId\\\":\\\"app_instance__unit\\\",\\\"isReferedFromParent\\\":1}},{\\\"ciTypeId\\\":\\\"invoke\\\",\\\"parentRs\\\":{\\\"attrId\\\":\\\"invoke__invoke_unit\\\",\\\"isReferedFromParent\\\":0}},{\\\"ciTypeId\\\":\\\"unit\\\",\\\"parentRs\\\":{\\\"attrId\\\":\\\"invoke__invoked_unit\\\",\\\"isReferedFromParent\\\":1},\\\"filters\\\":[{\\\"name\\\":\\\"code\\\",\\\"operator\\\":\\\"eq\\\",\\\"type\\\":\\\"value\\\",\\\"value\\\":\\\"MYSQL\\\"}]},{\\\"ciTypeId\\\":\\\"rdb_instance\\\",\\\"parentRs\\\":{\\\"attrId\\\":\\\"rdb_instance__unit\\\",\\\"isReferedFromParent\\\":0}},{\\\"ciTypeId\\\":\\\"rdb_resource\\\",\\\"parentRs\\\":{\\\"attrId\\\":\\\"rdb_instance__rdb_resource\\\",\\\"isReferedFromParent\\\":1}},{\\\"ciTypeId\\\":\\\"rdb_resource\\\",\\\"parentRs\\\":{\\\"attrId\\\":\\\"rdb_resource__ip_address\\\",\\\"isReferedFromParent\\\":1}}]\"}]','update',0,'2021-06-08 03:53:55');
INSERT INTO `history_diff_configuration` (`id`, `guid`, `create_time`, `create_user`, `update_time`, `update_user`, `key_name`, `state`, `code`, `confirm_time`, `variable_name`, `variable_value`, `history_action`, `history_state_confirmed`, `history_time`) VALUES (11,'diff_configuration_60bee8f15b606ff9','2021-06-08 03:50:09','umadmin','2021-06-08 03:54:08','wecube','MYSQL_PORT','added_0','MYSQL_PORT',NULL,'MYSQL_PORT','[{\"type\":\"rule\",\"value\":\"[{\\\"ciTypeId\\\":\\\"app_instance\\\"},{\\\"ciTypeId\\\":\\\"unit\\\",\\\"parentRs\\\":{\\\"attrId\\\":\\\"app_instance__unit\\\",\\\"isReferedFromParent\\\":1}},{\\\"ciTypeId\\\":\\\"invoke\\\",\\\"parentRs\\\":{\\\"attrId\\\":\\\"invoke__invoke_unit\\\",\\\"isReferedFromParent\\\":0}},{\\\"ciTypeId\\\":\\\"unit\\\",\\\"parentRs\\\":{\\\"attrId\\\":\\\"invoke__invoked_unit\\\",\\\"isReferedFromParent\\\":1},\\\"filters\\\":[{\\\"name\\\":\\\"code\\\",\\\"operator\\\":\\\"eq\\\",\\\"type\\\":\\\"value\\\",\\\"value\\\":\\\"MYSQL\\\"}]},{\\\"ciTypeId\\\":\\\"rdb_instance\\\",\\\"parentRs\\\":{\\\"attrId\\\":\\\"rdb_instance__unit\\\",\\\"isReferedFromParent\\\":0}},{\\\"ciTypeId\\\":\\\"rdb_instance\\\",\\\"parentRs\\\":{\\\"attrId\\\":\\\"rdb_instance__port\\\",\\\"isReferedFromParent\\\":1}}]\"}]','update',0,'2021-06-08 03:54:08');
INSERT INTO `history_diff_configuration` (`id`, `guid`, `create_time`, `create_user`, `update_time`, `update_user`, `key_name`, `state`, `code`, `confirm_time`, `variable_name`, `variable_value`, `history_action`, `history_state_confirmed`, `history_time`) VALUES (12,'diff_configuration_60bee8f11eb4bb75','2021-06-08 03:50:09','umadmin','2021-06-08 03:54:20','wecube','MYSQL_SCHEMA','added_0','MYSQL_SCHEMA',NULL,'MYSQL_SCHEMA','[{\"type\":\"rule\",\"value\":\"[{\\\"ciTypeId\\\":\\\"app_instance\\\"},{\\\"ciTypeId\\\":\\\"unit\\\",\\\"parentRs\\\":{\\\"attrId\\\":\\\"app_instance__unit\\\",\\\"isReferedFromParent\\\":1}},{\\\"ciTypeId\\\":\\\"invoke\\\",\\\"parentRs\\\":{\\\"attrId\\\":\\\"invoke__invoke_unit\\\",\\\"isReferedFromParent\\\":0}},{\\\"ciTypeId\\\":\\\"unit\\\",\\\"parentRs\\\":{\\\"attrId\\\":\\\"invoke__invoked_unit\\\",\\\"isReferedFromParent\\\":1},\\\"filters\\\":[{\\\"name\\\":\\\"code\\\",\\\"operator\\\":\\\"eq\\\",\\\"type\\\":\\\"value\\\",\\\"value\\\":\\\"MYSQL\\\"}]},{\\\"ciTypeId\\\":\\\"rdb_instance\\\",\\\"parentRs\\\":{\\\"attrId\\\":\\\"rdb_instance__unit\\\",\\\"isReferedFromParent\\\":0}},{\\\"ciTypeId\\\":\\\"rdb_instance\\\",\\\"parentRs\\\":{\\\"attrId\\\":\\\"rdb_instance__name\\\",\\\"isReferedFromParent\\\":1}}]\"}]','update',0,'2021-06-08 03:54:20');
INSERT INTO `history_diff_configuration` (`id`, `guid`, `create_time`, `create_user`, `update_time`, `update_user`, `key_name`, `state`, `code`, `confirm_time`, `variable_name`, `variable_value`, `history_action`, `history_state_confirmed`, `history_time`) VALUES (13,'diff_configuration_60beea631d752ec6','2021-06-08 03:56:19','umadmin','2021-06-08 03:56:19','umadmin','UM_AUTH_PORT','added_0','UM_AUTH_PORT',NULL,'UM_AUTH_PORT',NULL,'insert',0,'2021-06-08 03:56:19');
INSERT INTO `history_diff_configuration` (`id`, `guid`, `create_time`, `create_user`, `update_time`, `update_user`, `key_name`, `state`, `code`, `confirm_time`, `variable_name`, `variable_value`, `history_action`, `history_state_confirmed`, `history_time`) VALUES (14,'diff_configuration_60beea637939b7f6','2021-06-08 03:56:19','umadmin','2021-06-08 03:56:19','umadmin','UM_AUTH_HOST','added_0','UM_AUTH_HOST',NULL,'UM_AUTH_HOST',NULL,'insert',0,'2021-06-08 03:56:19');
INSERT INTO `history_diff_configuration` (`id`, `guid`, `create_time`, `create_user`, `update_time`, `update_user`, `key_name`, `state`, `code`, `confirm_time`, `variable_name`, `variable_value`, `history_action`, `history_state_confirmed`, `history_time`) VALUES (15,'diff_configuration_60beea637939b7f6','2021-06-08 03:56:19','umadmin','2021-06-08 04:00:07','wecube','UM_AUTH_HOST','added_0','UM_AUTH_HOST',NULL,'UM_AUTH_HOST','[{\"type\":\"rule\",\"value\":\"[{\\\"ciTypeId\\\":\\\"app_instance\\\"},{\\\"ciTypeId\\\":\\\"unit\\\",\\\"parentRs\\\":{\\\"attrId\\\":\\\"app_instance__unit\\\",\\\"isReferedFromParent\\\":1}},{\\\"ciTypeId\\\":\\\"invoke\\\",\\\"parentRs\\\":{\\\"attrId\\\":\\\"invoke__invoke_unit\\\",\\\"isReferedFromParent\\\":0}},{\\\"ciTypeId\\\":\\\"unit\\\",\\\"parentRs\\\":{\\\"attrId\\\":\\\"invoke__invoked_unit\\\",\\\"isReferedFromParent\\\":1},\\\"filters\\\":[{\\\"name\\\":\\\"key_name\\\",\\\"operator\\\":\\\"contains\\\",\\\"type\\\":\\\"value\\\",\\\"value\\\":\\\"UM_AUTH_LB\\\"}]},{\\\"ciTypeId\\\":\\\"lb_instance\\\",\\\"parentRs\\\":{\\\"attrId\\\":\\\"lb_instance__unit\\\",\\\"isReferedFromParent\\\":0}},{\\\"ciTypeId\\\":\\\"lb_resource\\\",\\\"parentRs\\\":{\\\"attrId\\\":\\\"lb_instance__lb_resource\\\",\\\"isReferedFromParent\\\":1}},{\\\"ciTypeId\\\":\\\"lb_resource\\\",\\\"parentRs\\\":{\\\"attrId\\\":\\\"lb_resource__ip_address\\\",\\\"isReferedFromParent\\\":1}}]\"}]','update',0,'2021-06-08 04:00:07');
INSERT INTO `history_diff_configuration` (`id`, `guid`, `create_time`, `create_user`, `update_time`, `update_user`, `key_name`, `state`, `code`, `confirm_time`, `variable_name`, `variable_value`, `history_action`, `history_state_confirmed`, `history_time`) VALUES (16,'diff_configuration_60beea631d752ec6','2021-06-08 03:56:19','umadmin','2021-06-08 04:02:39','wecube','UM_AUTH_PORT','added_0','UM_AUTH_PORT',NULL,'UM_AUTH_PORT','[{\"type\":\"rule\",\"value\":\"[{\\\"ciTypeId\\\":\\\"app_instance\\\"},{\\\"ciTypeId\\\":\\\"unit\\\",\\\"parentRs\\\":{\\\"attrId\\\":\\\"app_instance__unit\\\",\\\"isReferedFromParent\\\":1}},{\\\"ciTypeId\\\":\\\"invoke\\\",\\\"parentRs\\\":{\\\"attrId\\\":\\\"invoke__invoke_unit\\\",\\\"isReferedFromParent\\\":0}},{\\\"ciTypeId\\\":\\\"unit\\\",\\\"parentRs\\\":{\\\"attrId\\\":\\\"invoke__invoked_unit\\\",\\\"isReferedFromParent\\\":1},\\\"filters\\\":[{\\\"name\\\":\\\"key_name\\\",\\\"operator\\\":\\\"contains\\\",\\\"type\\\":\\\"value\\\",\\\"value\\\":\\\"UM_AUTH_LB\\\"}]},{\\\"ciTypeId\\\":\\\"lb_instance\\\",\\\"parentRs\\\":{\\\"attrId\\\":\\\"lb_instance__unit\\\",\\\"isReferedFromParent\\\":0}},{\\\"ciTypeId\\\":\\\"lb_instance\\\",\\\"parentRs\\\":{\\\"attrId\\\":\\\"lb_instance__port\\\",\\\"isReferedFromParent\\\":1}}]\"}]','update',0,'2021-06-08 04:02:39');
INSERT INTO `history_diff_configuration` (`id`, `guid`, `create_time`, `create_user`, `update_time`, `update_user`, `key_name`, `state`, `code`, `confirm_time`, `variable_name`, `variable_value`, `history_action`, `history_state_confirmed`, `history_time`) VALUES (17,'diff_configuration_60beec20503d795a','2021-06-08 04:03:44','umadmin','2021-06-08 04:03:44','umadmin','DEMO_CORE_HOST_1','added_0','DEMO_CORE_HOST_1',NULL,'DEMO_CORE_HOST_1',NULL,'insert',0,'2021-06-08 04:03:44');
INSERT INTO `history_diff_configuration` (`id`, `guid`, `create_time`, `create_user`, `update_time`, `update_user`, `key_name`, `state`, `code`, `confirm_time`, `variable_name`, `variable_value`, `history_action`, `history_state_confirmed`, `history_time`) VALUES (18,'diff_configuration_60beec2071d3af27','2021-06-08 04:03:44','umadmin','2021-06-08 04:03:44','umadmin','NGINX_ROOT_PATH','added_0','NGINX_ROOT_PATH',NULL,'NGINX_ROOT_PATH',NULL,'insert',0,'2021-06-08 04:03:44');
INSERT INTO `history_diff_configuration` (`id`, `guid`, `create_time`, `create_user`, `update_time`, `update_user`, `key_name`, `state`, `code`, `confirm_time`, `variable_name`, `variable_value`, `history_action`, `history_state_confirmed`, `history_time`) VALUES (19,'diff_configuration_60beec20814963a7','2021-06-08 04:03:44','umadmin','2021-06-08 04:03:44','umadmin','DEMO_CORE_PORT_2','added_0','DEMO_CORE_PORT_2',NULL,'DEMO_CORE_PORT_2',NULL,'insert',0,'2021-06-08 04:03:44');
INSERT INTO `history_diff_configuration` (`id`, `guid`, `create_time`, `create_user`, `update_time`, `update_user`, `key_name`, `state`, `code`, `confirm_time`, `variable_name`, `variable_value`, `history_action`, `history_state_confirmed`, `history_time`) VALUES (20,'diff_configuration_60beec208ed4546a','2021-06-08 04:03:44','umadmin','2021-06-08 04:03:44','umadmin','DEMO_CORE_HOST_2','added_0','DEMO_CORE_HOST_2',NULL,'DEMO_CORE_HOST_2',NULL,'insert',0,'2021-06-08 04:03:44');
INSERT INTO `history_diff_configuration` (`id`, `guid`, `create_time`, `create_user`, `update_time`, `update_user`, `key_name`, `state`, `code`, `confirm_time`, `variable_name`, `variable_value`, `history_action`, `history_state_confirmed`, `history_time`) VALUES (21,'diff_configuration_60beec20baccef4f','2021-06-08 04:03:44','umadmin','2021-06-08 04:03:44','umadmin','DEMO_CORE_PORT_1','added_0','DEMO_CORE_PORT_1',NULL,'DEMO_CORE_PORT_1',NULL,'insert',0,'2021-06-08 04:03:44');
INSERT INTO `history_diff_configuration` (`id`, `guid`, `create_time`, `create_user`, `update_time`, `update_user`, `key_name`, `state`, `code`, `confirm_time`, `variable_name`, `variable_value`, `history_action`, `history_state_confirmed`, `history_time`) VALUES (22,'diff_configuration_60beec20503d795a','2021-06-08 04:03:44','umadmin','2021-06-08 04:06:44','wecube','DEMO_CORE_HOST_1','added_0','DEMO_CORE_HOST_1',NULL,'DEMO_CORE_HOST_1','[{\"type\":\"rule\",\"value\":\"[{\\\"ciTypeId\\\":\\\"app_instance\\\"},{\\\"ciTypeId\\\":\\\"unit\\\",\\\"parentRs\\\":{\\\"attrId\\\":\\\"app_instance__unit\\\",\\\"isReferedFromParent\\\":1}},{\\\"ciTypeId\\\":\\\"invoke\\\",\\\"parentRs\\\":{\\\"attrId\\\":\\\"invoke__invoke_unit\\\",\\\"isReferedFromParent\\\":0}},{\\\"ciTypeId\\\":\\\"unit\\\",\\\"parentRs\\\":{\\\"attrId\\\":\\\"invoke__invoked_unit\\\",\\\"isReferedFromParent\\\":1},\\\"filters\\\":[{\\\"name\\\":\\\"key_name\\\",\\\"operator\\\":\\\"contains\\\",\\\"type\\\":\\\"value\\\",\\\"value\\\":\\\"DEMO_CORE_APP\\\"}]},{\\\"ciTypeId\\\":\\\"app_instance\\\",\\\"parentRs\\\":{\\\"attrId\\\":\\\"app_instance__unit\\\",\\\"isReferedFromParent\\\":0},\\\"filters\\\":[{\\\"name\\\":\\\"name\\\",\\\"operator\\\":\\\"eq\\\",\\\"type\\\":\\\"value\\\",\\\"value\\\":\\\"democoreapp01\\\"}]},{\\\"ciTypeId\\\":\\\"host_resource\\\",\\\"parentRs\\\":{\\\"attrId\\\":\\\"app_instance__host_resource\\\",\\\"isReferedFromParent\\\":1}},{\\\"ciTypeId\\\":\\\"host_resource\\\",\\\"parentRs\\\":{\\\"attrId\\\":\\\"host_resource__ip_address\\\",\\\"isReferedFromParent\\\":1}}]\"}]','update',0,'2021-06-08 04:06:44');
INSERT INTO `history_diff_configuration` (`id`, `guid`, `create_time`, `create_user`, `update_time`, `update_user`, `key_name`, `state`, `code`, `confirm_time`, `variable_name`, `variable_value`, `history_action`, `history_state_confirmed`, `history_time`) VALUES (23,'diff_configuration_60beec20baccef4f','2021-06-08 04:03:44','umadmin','2021-06-08 04:07:05','wecube','DEMO_CORE_PORT_1','added_0','DEMO_CORE_PORT_1',NULL,'DEMO_CORE_PORT_1','[{\"type\":\"rule\",\"value\":\"[{\\\"ciTypeId\\\":\\\"app_instance\\\"},{\\\"ciTypeId\\\":\\\"unit\\\",\\\"parentRs\\\":{\\\"attrId\\\":\\\"app_instance__unit\\\",\\\"isReferedFromParent\\\":1}},{\\\"ciTypeId\\\":\\\"invoke\\\",\\\"parentRs\\\":{\\\"attrId\\\":\\\"invoke__invoke_unit\\\",\\\"isReferedFromParent\\\":0}},{\\\"ciTypeId\\\":\\\"unit\\\",\\\"parentRs\\\":{\\\"attrId\\\":\\\"invoke__invoked_unit\\\",\\\"isReferedFromParent\\\":1},\\\"filters\\\":[{\\\"name\\\":\\\"key_name\\\",\\\"operator\\\":\\\"contains\\\",\\\"type\\\":\\\"value\\\",\\\"value\\\":\\\"DEMO_CORE_APP\\\"}]},{\\\"ciTypeId\\\":\\\"app_instance\\\",\\\"parentRs\\\":{\\\"attrId\\\":\\\"app_instance__unit\\\",\\\"isReferedFromParent\\\":0},\\\"filters\\\":[{\\\"name\\\":\\\"name\\\",\\\"operator\\\":\\\"eq\\\",\\\"type\\\":\\\"value\\\",\\\"value\\\":\\\"democoreapp01\\\"}]},{\\\"ciTypeId\\\":\\\"app_instance\\\",\\\"parentRs\\\":{\\\"attrId\\\":\\\"app_instance__port\\\",\\\"isReferedFromParent\\\":1}}]\"}]','update',0,'2021-06-08 04:07:05');
INSERT INTO `history_diff_configuration` (`id`, `guid`, `create_time`, `create_user`, `update_time`, `update_user`, `key_name`, `state`, `code`, `confirm_time`, `variable_name`, `variable_value`, `history_action`, `history_state_confirmed`, `history_time`) VALUES (24,'diff_configuration_60beec208ed4546a','2021-06-08 04:03:44','umadmin','2021-06-08 04:07:19','wecube','DEMO_CORE_HOST_2','added_0','DEMO_CORE_HOST_2',NULL,'DEMO_CORE_HOST_2','[{\"type\":\"rule\",\"value\":\"[{\\\"ciTypeId\\\":\\\"app_instance\\\"},{\\\"ciTypeId\\\":\\\"unit\\\",\\\"parentRs\\\":{\\\"attrId\\\":\\\"app_instance__unit\\\",\\\"isReferedFromParent\\\":1}},{\\\"ciTypeId\\\":\\\"invoke\\\",\\\"parentRs\\\":{\\\"attrId\\\":\\\"invoke__invoke_unit\\\",\\\"isReferedFromParent\\\":0}},{\\\"ciTypeId\\\":\\\"unit\\\",\\\"parentRs\\\":{\\\"attrId\\\":\\\"invoke__invoked_unit\\\",\\\"isReferedFromParent\\\":1},\\\"filters\\\":[{\\\"name\\\":\\\"key_name\\\",\\\"operator\\\":\\\"contains\\\",\\\"type\\\":\\\"value\\\",\\\"value\\\":\\\"DEMO_CORE_APP\\\"}]},{\\\"ciTypeId\\\":\\\"app_instance\\\",\\\"parentRs\\\":{\\\"attrId\\\":\\\"app_instance__unit\\\",\\\"isReferedFromParent\\\":0},\\\"filters\\\":[{\\\"name\\\":\\\"name\\\",\\\"operator\\\":\\\"eq\\\",\\\"type\\\":\\\"value\\\",\\\"value\\\":\\\"democoreapp02\\\"}]},{\\\"ciTypeId\\\":\\\"host_resource\\\",\\\"parentRs\\\":{\\\"attrId\\\":\\\"app_instance__host_resource\\\",\\\"isReferedFromParent\\\":1}},{\\\"ciTypeId\\\":\\\"host_resource\\\",\\\"parentRs\\\":{\\\"attrId\\\":\\\"host_resource__ip_address\\\",\\\"isReferedFromParent\\\":1}}]\"}]','update',0,'2021-06-08 04:07:19');
INSERT INTO `history_diff_configuration` (`id`, `guid`, `create_time`, `create_user`, `update_time`, `update_user`, `key_name`, `state`, `code`, `confirm_time`, `variable_name`, `variable_value`, `history_action`, `history_state_confirmed`, `history_time`) VALUES (25,'diff_configuration_60beec20814963a7','2021-06-08 04:03:44','umadmin','2021-06-08 04:07:32','wecube','DEMO_CORE_PORT_2','added_0','DEMO_CORE_PORT_2',NULL,'DEMO_CORE_PORT_2','[{\"type\":\"rule\",\"value\":\"[{\\\"ciTypeId\\\":\\\"app_instance\\\"},{\\\"ciTypeId\\\":\\\"unit\\\",\\\"parentRs\\\":{\\\"attrId\\\":\\\"app_instance__unit\\\",\\\"isReferedFromParent\\\":1}},{\\\"ciTypeId\\\":\\\"invoke\\\",\\\"parentRs\\\":{\\\"attrId\\\":\\\"invoke__invoke_unit\\\",\\\"isReferedFromParent\\\":0}},{\\\"ciTypeId\\\":\\\"unit\\\",\\\"parentRs\\\":{\\\"attrId\\\":\\\"invoke__invoked_unit\\\",\\\"isReferedFromParent\\\":1},\\\"filters\\\":[{\\\"name\\\":\\\"key_name\\\",\\\"operator\\\":\\\"contains\\\",\\\"type\\\":\\\"value\\\",\\\"value\\\":\\\"DEMO_CORE_APP\\\"}]},{\\\"ciTypeId\\\":\\\"app_instance\\\",\\\"parentRs\\\":{\\\"attrId\\\":\\\"app_instance__unit\\\",\\\"isReferedFromParent\\\":0},\\\"filters\\\":[{\\\"name\\\":\\\"name\\\",\\\"operator\\\":\\\"eq\\\",\\\"type\\\":\\\"value\\\",\\\"value\\\":\\\"democoreapp02\\\"}]},{\\\"ciTypeId\\\":\\\"app_instance\\\",\\\"parentRs\\\":{\\\"attrId\\\":\\\"app_instance__port\\\",\\\"isReferedFromParent\\\":1}}]\"}]','update',0,'2021-06-08 04:07:32');
INSERT INTO `history_diff_configuration` (`id`, `guid`, `create_time`, `create_user`, `update_time`, `update_user`, `key_name`, `state`, `code`, `confirm_time`, `variable_name`, `variable_value`, `history_action`, `history_state_confirmed`, `history_time`) VALUES (26,'diff_configuration_60beec2071d3af27','2021-06-08 04:03:44','umadmin','2021-06-08 04:38:33','wecube','NGINX_ROOT_PATH','added_0','NGINX_ROOT_PATH',NULL,'NGINX_ROOT_PATH','[{\"type\":\"rule\",\"value\":\"[{\\\"ciTypeId\\\":\\\"app_instance\\\"},{\\\"ciTypeId\\\":\\\"unit\\\",\\\"parentRs\\\":{\\\"attrId\\\":\\\"app_instance__unit\\\",\\\"isReferedFromParent\\\":1}},{\\\"ciTypeId\\\":\\\"unit\\\",\\\"parentRs\\\":{\\\"attrId\\\":\\\"unit__deploy_path\\\",\\\"isReferedFromParent\\\":1}}]\"}]','update',0,'2021-06-08 04:38:33');
INSERT INTO `history_diff_configuration` (`id`, `guid`, `create_time`, `create_user`, `update_time`, `update_user`, `key_name`, `state`, `code`, `confirm_time`, `variable_name`, `variable_value`, `history_action`, `history_state_confirmed`, `history_time`) VALUES (27,'diff_configuration_60bee8f165136b49','2021-06-08 03:50:09','umadmin','2021-06-08 06:45:40','umadmin','MYSQL_PASSWORD','added_0','MYSQL_PASSWORD',NULL,'MYSQL_PASSWORD','','update',0,'2021-06-08 06:45:40');
INSERT INTO `history_diff_configuration` (`id`, `guid`, `create_time`, `create_user`, `update_time`, `update_user`, `key_name`, `state`, `code`, `confirm_time`, `variable_name`, `variable_value`, `history_action`, `history_state_confirmed`, `history_time`) VALUES (28,'diff_configuration_60bee8f165136b49','2021-06-08 03:50:09','umadmin','2021-06-08 06:46:05','wecube','MYSQL_PASSWORD','added_0','MYSQL_PASSWORD',NULL,'MYSQL_PASSWORD','[{\"type\":\"rule\",\"value\":\"[{\\\"ciTypeId\\\":\\\"app_instance\\\"},{\\\"ciTypeId\\\":\\\"unit\\\",\\\"parentRs\\\":{\\\"attrId\\\":\\\"app_instance__unit\\\",\\\"isReferedFromParent\\\":1}},{\\\"ciTypeId\\\":\\\"invoke\\\",\\\"parentRs\\\":{\\\"attrId\\\":\\\"invoke__invoke_unit\\\",\\\"isReferedFromParent\\\":0}},{\\\"ciTypeId\\\":\\\"unit\\\",\\\"parentRs\\\":{\\\"attrId\\\":\\\"invoke__invoked_unit\\\",\\\"isReferedFromParent\\\":1},\\\"filters\\\":[{\\\"name\\\":\\\"code\\\",\\\"operator\\\":\\\"eq\\\",\\\"type\\\":\\\"value\\\",\\\"value\\\":\\\"MYSQL\\\"}]},{\\\"ciTypeId\\\":\\\"rdb_instance\\\",\\\"parentRs\\\":{\\\"attrId\\\":\\\"rdb_instance__unit\\\",\\\"isReferedFromParent\\\":0}},{\\\"ciTypeId\\\":\\\"rdb_instance\\\",\\\"parentRs\\\":{\\\"attrId\\\":\\\"rdb_instance__deploy_user_password\\\",\\\"isReferedFromParent\\\":1}}]\"}]','update',0,'2021-06-08 06:46:05');
INSERT INTO `history_diff_configuration` (`id`, `guid`, `create_time`, `create_user`, `update_time`, `update_user`, `key_name`, `state`, `code`, `confirm_time`, `variable_name`, `variable_value`, `history_action`, `history_state_confirmed`, `history_time`) VALUES (29,'diff_configuration_60beea631d752ec6','2021-06-08 03:56:19','umadmin','2021-06-09 13:07:24','umadmin','UM_AUTH_PORT','added_0','UM_AUTH_PORT',NULL,'UM_AUTH_PORT','','update',0,'2021-06-09 13:07:24');
INSERT INTO `history_diff_configuration` (`id`, `guid`, `create_time`, `create_user`, `update_time`, `update_user`, `key_name`, `state`, `code`, `confirm_time`, `variable_name`, `variable_value`, `history_action`, `history_state_confirmed`, `history_time`) VALUES (30,'diff_configuration_60beea637939b7f6','2021-06-08 03:56:19','umadmin','2021-06-09 13:07:24','umadmin','UM_AUTH_HOST','added_0','UM_AUTH_HOST',NULL,'UM_AUTH_HOST','','update',0,'2021-06-09 13:07:24');
INSERT INTO `history_diff_configuration` (`id`, `guid`, `create_time`, `create_user`, `update_time`, `update_user`, `key_name`, `state`, `code`, `confirm_time`, `variable_name`, `variable_value`, `history_action`, `history_state_confirmed`, `history_time`) VALUES (31,'diff_configuration_60beea637939b7f6','2021-06-08 03:56:19','umadmin','2021-06-09 13:29:31','wecube','UM_AUTH_HOST','added_0','UM_AUTH_HOST',NULL,'UM_AUTH_HOST','[{\"type\":\"rule\",\"value\":\"[{\\\"ciTypeId\\\":\\\"app_instance\\\"},{\\\"ciTypeId\\\":\\\"unit\\\",\\\"parentRs\\\":{\\\"attrId\\\":\\\"app_instance__unit\\\",\\\"isReferedFromParent\\\":1}},{\\\"ciTypeId\\\":\\\"invoke\\\",\\\"parentRs\\\":{\\\"attrId\\\":\\\"invoke__invoke_unit\\\",\\\"isReferedFromParent\\\":0}},{\\\"ciTypeId\\\":\\\"unit\\\",\\\"parentRs\\\":{\\\"attrId\\\":\\\"invoke__invoked_unit\\\",\\\"isReferedFromParent\\\":1},\\\"filters\\\":[{\\\"name\\\":\\\"key_name\\\",\\\"operator\\\":\\\"contains\\\",\\\"type\\\":\\\"value\\\",\\\"value\\\":\\\"UM_AUTH_ILB\\\"}]},{\\\"ciTypeId\\\":\\\"lb_instance\\\",\\\"parentRs\\\":{\\\"attrId\\\":\\\"lb_instance__unit\\\",\\\"isReferedFromParent\\\":0}},{\\\"ciTypeId\\\":\\\"lb_resource\\\",\\\"parentRs\\\":{\\\"attrId\\\":\\\"lb_instance__lb_resource\\\",\\\"isReferedFromParent\\\":1},\\\"filters\\\":[{\\\"name\\\":\\\"guid\\\",\\\"operator\\\":\\\"in\\\",\\\"type\\\":\\\"autoFill\\\",\\\"value\\\":\\\"[{\\\\\\\"type\\\\\\\":\\\\\\\"rule\\\\\\\",\\\\\\\"value\\\\\\\":\\\\\\\"[{\\\\\\\\\\\\\\\"ciTypeId\\\\\\\\\\\\\\\":\\\\\\\\\\\\\\\"app_instance\\\\\\\\\\\\\\\"},{\\\\\\\\\\\\\\\"ciTypeId\\\\\\\\\\\\\\\":\\\\\\\\\\\\\\\"host_resource\\\\\\\\\\\\\\\",\\\\\\\\\\\\\\\"parentRs\\\\\\\\\\\\\\\":{\\\\\\\\\\\\\\\"attrId\\\\\\\\\\\\\\\":\\\\\\\\\\\\\\\"app_instance__host_resource\\\\\\\\\\\\\\\",\\\\\\\\\\\\\\\"isReferedFromParent\\\\\\\\\\\\\\\":1}},{\\\\\\\\\\\\\\\"ciTypeId\\\\\\\\\\\\\\\":\\\\\\\\\\\\\\\"network_subzone\\\\\\\\\\\\\\\",\\\\\\\\\\\\\\\"parentRs\\\\\\\\\\\\\\\":{\\\\\\\\\\\\\\\"attrId\\\\\\\\\\\\\\\":\\\\\\\\\\\\\\\"host_resource__network_subzone\\\\\\\\\\\\\\\",\\\\\\\\\\\\\\\"isReferedFromParent\\\\\\\\\\\\\\\":1}},{\\\\\\\\\\\\\\\"ciTypeId\\\\\\\\\\\\\\\":\\\\\\\\\\\\\\\"data_center\\\\\\\\\\\\\\\",\\\\\\\\\\\\\\\"parentRs\\\\\\\\\\\\\\\":{\\\\\\\\\\\\\\\"attrId\\\\\\\\\\\\\\\":\\\\\\\\\\\\\\\"network_subzone__data_center\\\\\\\\\\\\\\\",\\\\\\\\\\\\\\\"isReferedFromParent\\\\\\\\\\\\\\\":1}},{\\\\\\\\\\\\\\\"ciTypeId\\\\\\\\\\\\\\\":\\\\\\\\\\\\\\\"network_subzone\\\\\\\\\\\\\\\",\\\\\\\\\\\\\\\"parentRs\\\\\\\\\\\\\\\":{\\\\\\\\\\\\\\\"attrId\\\\\\\\\\\\\\\":\\\\\\\\\\\\\\\"network_subzone__data_center\\\\\\\\\\\\\\\",\\\\\\\\\\\\\\\"isReferedFromParent\\\\\\\\\\\\\\\":0}},{\\\\\\\\\\\\\\\"ciTypeId\\\\\\\\\\\\\\\":\\\\\\\\\\\\\\\"lb_resource\\\\\\\\\\\\\\\",\\\\\\\\\\\\\\\"parentRs\\\\\\\\\\\\\\\":{\\\\\\\\\\\\\\\"attrId\\\\\\\\\\\\\\\":\\\\\\\\\\\\\\\"lb_resource__network_subzone\\\\\\\\\\\\\\\",\\\\\\\\\\\\\\\"isReferedFromParent\\\\\\\\\\\\\\\":0}},{\\\\\\\\\\\\\\\"ciTypeId\\\\\\\\\\\\\\\":\\\\\\\\\\\\\\\"lb_resource\\\\\\\\\\\\\\\",\\\\\\\\\\\\\\\"parentRs\\\\\\\\\\\\\\\":{\\\\\\\\\\\\\\\"attrId\\\\\\\\\\\\\\\":\\\\\\\\\\\\\\\"lb_resource__guid\\\\\\\\\\\\\\\",\\\\\\\\\\\\\\\"isReferedFromParent\\\\\\\\\\\\\\\":1}}]\\\\\\\"}]\\\"}]},{\\\"ciTypeId\\\":\\\"lb_resource\\\",\\\"parentRs\\\":{\\\"attrId\\\":\\\"lb_resource__ip_address\\\",\\\"isReferedFromParent\\\":1}}]\"}]','update',0,'2021-06-09 13:29:31');
INSERT INTO `history_diff_configuration` (`id`, `guid`, `create_time`, `create_user`, `update_time`, `update_user`, `key_name`, `state`, `code`, `confirm_time`, `variable_name`, `variable_value`, `history_action`, `history_state_confirmed`, `history_time`) VALUES (32,'diff_configuration_60beea631d752ec6','2021-06-08 03:56:19','umadmin','2021-06-09 13:30:54','wecube','UM_AUTH_PORT','added_0','UM_AUTH_PORT',NULL,'UM_AUTH_PORT','[{\"type\":\"rule\",\"value\":\"[{\\\"ciTypeId\\\":\\\"app_instance\\\"},{\\\"ciTypeId\\\":\\\"unit\\\",\\\"parentRs\\\":{\\\"attrId\\\":\\\"app_instance__unit\\\",\\\"isReferedFromParent\\\":1}},{\\\"ciTypeId\\\":\\\"invoke\\\",\\\"parentRs\\\":{\\\"attrId\\\":\\\"invoke__invoke_unit\\\",\\\"isReferedFromParent\\\":0}},{\\\"ciTypeId\\\":\\\"unit\\\",\\\"parentRs\\\":{\\\"attrId\\\":\\\"invoke__invoked_unit\\\",\\\"isReferedFromParent\\\":1},\\\"filters\\\":[{\\\"name\\\":\\\"key_name\\\",\\\"operator\\\":\\\"contains\\\",\\\"type\\\":\\\"value\\\",\\\"value\\\":\\\"UM_AUTH_ILB\\\"}]},{\\\"ciTypeId\\\":\\\"lb_instance\\\",\\\"parentRs\\\":{\\\"attrId\\\":\\\"lb_instance__unit\\\",\\\"isReferedFromParent\\\":0},\\\"filters\\\":[{\\\"name\\\":\\\"guid\\\",\\\"operator\\\":\\\"in\\\",\\\"type\\\":\\\"autoFill\\\",\\\"value\\\":\\\"[{\\\\\\\"type\\\\\\\":\\\\\\\"rule\\\\\\\",\\\\\\\"value\\\\\\\":\\\\\\\"[{\\\\\\\\\\\\\\\"ciTypeId\\\\\\\\\\\\\\\":\\\\\\\\\\\\\\\"app_instance\\\\\\\\\\\\\\\"},{\\\\\\\\\\\\\\\"ciTypeId\\\\\\\\\\\\\\\":\\\\\\\\\\\\\\\"host_resource\\\\\\\\\\\\\\\",\\\\\\\\\\\\\\\"parentRs\\\\\\\\\\\\\\\":{\\\\\\\\\\\\\\\"attrId\\\\\\\\\\\\\\\":\\\\\\\\\\\\\\\"app_instance__host_resource\\\\\\\\\\\\\\\",\\\\\\\\\\\\\\\"isReferedFromParent\\\\\\\\\\\\\\\":1}},{\\\\\\\\\\\\\\\"ciTypeId\\\\\\\\\\\\\\\":\\\\\\\\\\\\\\\"network_subzone\\\\\\\\\\\\\\\",\\\\\\\\\\\\\\\"parentRs\\\\\\\\\\\\\\\":{\\\\\\\\\\\\\\\"attrId\\\\\\\\\\\\\\\":\\\\\\\\\\\\\\\"host_resource__network_subzone\\\\\\\\\\\\\\\",\\\\\\\\\\\\\\\"isReferedFromParent\\\\\\\\\\\\\\\":1}},{\\\\\\\\\\\\\\\"ciTypeId\\\\\\\\\\\\\\\":\\\\\\\\\\\\\\\"data_center\\\\\\\\\\\\\\\",\\\\\\\\\\\\\\\"parentRs\\\\\\\\\\\\\\\":{\\\\\\\\\\\\\\\"attrId\\\\\\\\\\\\\\\":\\\\\\\\\\\\\\\"network_subzone__data_center\\\\\\\\\\\\\\\",\\\\\\\\\\\\\\\"isReferedFromParent\\\\\\\\\\\\\\\":1}},{\\\\\\\\\\\\\\\"ciTypeId\\\\\\\\\\\\\\\":\\\\\\\\\\\\\\\"network_subzone\\\\\\\\\\\\\\\",\\\\\\\\\\\\\\\"parentRs\\\\\\\\\\\\\\\":{\\\\\\\\\\\\\\\"attrId\\\\\\\\\\\\\\\":\\\\\\\\\\\\\\\"network_subzone__data_center\\\\\\\\\\\\\\\",\\\\\\\\\\\\\\\"isReferedFromParent\\\\\\\\\\\\\\\":0}},{\\\\\\\\\\\\\\\"ciTypeId\\\\\\\\\\\\\\\":\\\\\\\\\\\\\\\"lb_resource\\\\\\\\\\\\\\\",\\\\\\\\\\\\\\\"parentRs\\\\\\\\\\\\\\\":{\\\\\\\\\\\\\\\"attrId\\\\\\\\\\\\\\\":\\\\\\\\\\\\\\\"lb_resource__network_subzone\\\\\\\\\\\\\\\",\\\\\\\\\\\\\\\"isReferedFromParent\\\\\\\\\\\\\\\":0}},{\\\\\\\\\\\\\\\"ciTypeId\\\\\\\\\\\\\\\":\\\\\\\\\\\\\\\"lb_instance\\\\\\\\\\\\\\\",\\\\\\\\\\\\\\\"parentRs\\\\\\\\\\\\\\\":{\\\\\\\\\\\\\\\"attrId\\\\\\\\\\\\\\\":\\\\\\\\\\\\\\\"lb_instance__lb_resource\\\\\\\\\\\\\\\",\\\\\\\\\\\\\\\"isReferedFromParent\\\\\\\\\\\\\\\":0}},{\\\\\\\\\\\\\\\"ciTypeId\\\\\\\\\\\\\\\":\\\\\\\\\\\\\\\"lb_instance\\\\\\\\\\\\\\\",\\\\\\\\\\\\\\\"parentRs\\\\\\\\\\\\\\\":{\\\\\\\\\\\\\\\"attrId\\\\\\\\\\\\\\\":\\\\\\\\\\\\\\\"lb_instance__guid\\\\\\\\\\\\\\\",\\\\\\\\\\\\\\\"isReferedFromParent\\\\\\\\\\\\\\\":1}}]\\\\\\\"}]\\\"}]},{\\\"ciTypeId\\\":\\\"lb_instance\\\",\\\"parentRs\\\":{\\\"attrId\\\":\\\"lb_instance__port\\\",\\\"isReferedFromParent\\\":1}}]\"}]','update',0,'2021-06-09 13:30:54');
INSERT INTO `history_diff_configuration` (`id`, `guid`, `create_time`, `create_user`, `update_time`, `update_user`, `key_name`, `state`, `code`, `confirm_time`, `variable_name`, `variable_value`, `history_action`, `history_state_confirmed`, `history_time`) VALUES (33,'diff_configuration_60beea637939b7f6','2021-06-08 03:56:19','umadmin','2021-06-09 13:35:53','wecube','UM_AUTH_HOST','added_0','UM_AUTH_HOST',NULL,'UM_AUTH_HOST','[{\"type\":\"rule\",\"value\":\"[{\\\"ciTypeId\\\":\\\"app_instance\\\"},{\\\"ciTypeId\\\":\\\"unit\\\",\\\"parentRs\\\":{\\\"attrId\\\":\\\"app_instance__unit\\\",\\\"isReferedFromParent\\\":1}},{\\\"ciTypeId\\\":\\\"invoke\\\",\\\"parentRs\\\":{\\\"attrId\\\":\\\"invoke__invoke_unit\\\",\\\"isReferedFromParent\\\":0}},{\\\"ciTypeId\\\":\\\"unit\\\",\\\"parentRs\\\":{\\\"attrId\\\":\\\"invoke__invoked_unit\\\",\\\"isReferedFromParent\\\":1},\\\"filters\\\":[{\\\"name\\\":\\\"key_name\\\",\\\"operator\\\":\\\"contains\\\",\\\"type\\\":\\\"value\\\",\\\"value\\\":\\\"UM_AUTH_ILB\\\"}]},{\\\"ciTypeId\\\":\\\"lb_instance\\\",\\\"parentRs\\\":{\\\"attrId\\\":\\\"lb_instance__unit\\\",\\\"isReferedFromParent\\\":0}},{\\\"ciTypeId\\\":\\\"lb_resource\\\",\\\"parentRs\\\":{\\\"attrId\\\":\\\"lb_instance__lb_resource\\\",\\\"isReferedFromParent\\\":1}},{\\\"ciTypeId\\\":\\\"lb_resource\\\",\\\"parentRs\\\":{\\\"attrId\\\":\\\"lb_resource__ip_address\\\",\\\"isReferedFromParent\\\":1}}]\"}]','update',0,'2021-06-09 13:35:53');
INSERT INTO `history_diff_configuration` (`id`, `guid`, `create_time`, `create_user`, `update_time`, `update_user`, `key_name`, `state`, `code`, `confirm_time`, `variable_name`, `variable_value`, `history_action`, `history_state_confirmed`, `history_time`) VALUES (34,'diff_configuration_60beea637939b7f6','2021-06-08 03:56:19','umadmin','2021-06-09 13:37:18','wecube','UM_AUTH_HOST','added_0','UM_AUTH_HOST',NULL,'UM_AUTH_HOST','[{\"type\":\"rule\",\"value\":\"[{\\\"ciTypeId\\\":\\\"app_instance\\\"},{\\\"ciTypeId\\\":\\\"unit\\\",\\\"parentRs\\\":{\\\"attrId\\\":\\\"app_instance__unit\\\",\\\"isReferedFromParent\\\":1}},{\\\"ciTypeId\\\":\\\"invoke\\\",\\\"parentRs\\\":{\\\"attrId\\\":\\\"invoke__invoke_unit\\\",\\\"isReferedFromParent\\\":0}},{\\\"ciTypeId\\\":\\\"unit\\\",\\\"parentRs\\\":{\\\"attrId\\\":\\\"invoke__invoked_unit\\\",\\\"isReferedFromParent\\\":1},\\\"filters\\\":[{\\\"name\\\":\\\"key_name\\\",\\\"operator\\\":\\\"contains\\\",\\\"type\\\":\\\"value\\\",\\\"value\\\":\\\"UM_AUTH_ILB\\\"}]},{\\\"ciTypeId\\\":\\\"lb_instance\\\",\\\"parentRs\\\":{\\\"attrId\\\":\\\"lb_instance__unit\\\",\\\"isReferedFromParent\\\":0}},{\\\"ciTypeId\\\":\\\"lb_resource\\\",\\\"parentRs\\\":{\\\"attrId\\\":\\\"lb_instance__lb_resource\\\",\\\"isReferedFromParent\\\":1},\\\"filters\\\":[{\\\"name\\\":\\\"guid\\\",\\\"operator\\\":\\\"in\\\",\\\"type\\\":\\\"autoFill\\\",\\\"value\\\":\\\"[{\\\\\\\"type\\\\\\\":\\\\\\\"rule\\\\\\\",\\\\\\\"value\\\\\\\":\\\\\\\"[{\\\\\\\\\\\\\\\"ciTypeId\\\\\\\\\\\\\\\":\\\\\\\\\\\\\\\"app_instance\\\\\\\\\\\\\\\"},{\\\\\\\\\\\\\\\"ciTypeId\\\\\\\\\\\\\\\":\\\\\\\\\\\\\\\"host_resource\\\\\\\\\\\\\\\",\\\\\\\\\\\\\\\"parentRs\\\\\\\\\\\\\\\":{\\\\\\\\\\\\\\\"attrId\\\\\\\\\\\\\\\":\\\\\\\\\\\\\\\"app_instance__host_resource\\\\\\\\\\\\\\\",\\\\\\\\\\\\\\\"isReferedFromParent\\\\\\\\\\\\\\\":1}},{\\\\\\\\\\\\\\\"ciTypeId\\\\\\\\\\\\\\\":\\\\\\\\\\\\\\\"network_subzone\\\\\\\\\\\\\\\",\\\\\\\\\\\\\\\"parentRs\\\\\\\\\\\\\\\":{\\\\\\\\\\\\\\\"attrId\\\\\\\\\\\\\\\":\\\\\\\\\\\\\\\"host_resource__network_subzone\\\\\\\\\\\\\\\",\\\\\\\\\\\\\\\"isReferedFromParent\\\\\\\\\\\\\\\":1}},{\\\\\\\\\\\\\\\"ciTypeId\\\\\\\\\\\\\\\":\\\\\\\\\\\\\\\"data_center\\\\\\\\\\\\\\\",\\\\\\\\\\\\\\\"parentRs\\\\\\\\\\\\\\\":{\\\\\\\\\\\\\\\"attrId\\\\\\\\\\\\\\\":\\\\\\\\\\\\\\\"network_subzone__data_center\\\\\\\\\\\\\\\",\\\\\\\\\\\\\\\"isReferedFromParent\\\\\\\\\\\\\\\":1}},{\\\\\\\\\\\\\\\"ciTypeId\\\\\\\\\\\\\\\":\\\\\\\\\\\\\\\"network_subzone\\\\\\\\\\\\\\\",\\\\\\\\\\\\\\\"parentRs\\\\\\\\\\\\\\\":{\\\\\\\\\\\\\\\"attrId\\\\\\\\\\\\\\\":\\\\\\\\\\\\\\\"network_subzone__data_center\\\\\\\\\\\\\\\",\\\\\\\\\\\\\\\"isReferedFromParent\\\\\\\\\\\\\\\":0}},{\\\\\\\\\\\\\\\"ciTypeId\\\\\\\\\\\\\\\":\\\\\\\\\\\\\\\"lb_resource\\\\\\\\\\\\\\\",\\\\\\\\\\\\\\\"parentRs\\\\\\\\\\\\\\\":{\\\\\\\\\\\\\\\"attrId\\\\\\\\\\\\\\\":\\\\\\\\\\\\\\\"lb_resource__network_subzone\\\\\\\\\\\\\\\",\\\\\\\\\\\\\\\"isReferedFromParent\\\\\\\\\\\\\\\":0}},{\\\\\\\\\\\\\\\"ciTypeId\\\\\\\\\\\\\\\":\\\\\\\\\\\\\\\"lb_resource\\\\\\\\\\\\\\\",\\\\\\\\\\\\\\\"parentRs\\\\\\\\\\\\\\\":{\\\\\\\\\\\\\\\"attrId\\\\\\\\\\\\\\\":\\\\\\\\\\\\\\\"lb_resource__guid\\\\\\\\\\\\\\\",\\\\\\\\\\\\\\\"isReferedFromParent\\\\\\\\\\\\\\\":1}}]\\\\\\\"}]\\\"}]},{\\\"ciTypeId\\\":\\\"lb_resource\\\",\\\"parentRs\\\":{\\\"attrId\\\":\\\"lb_resource__ip_address\\\",\\\"isReferedFromParent\\\":1}}]\"}]','update',0,'2021-06-09 13:37:18');
/*!40000 ALTER TABLE `history_diff_configuration` ENABLE KEYS */;
UNLOCK TABLES;

--
-- Dumping data for table `history_host_resource`
--

LOCK TABLES `history_host_resource` WRITE;
/*!40000 ALTER TABLE `history_host_resource` DISABLE KEYS */;
INSERT INTO `history_host_resource` (`id`, `guid`, `create_time`, `create_user`, `update_time`, `update_user`, `key_name`, `state`, `code`, `confirm_time`, `asset_id`, `name`, `resource_set`, `ip_address`, `cluster_node_type`, `master_host_resource`, `network_subzone`, `resource_type`, `resource_system`, `cpu`, `memory`, `storage_type`, `storage`, `charge_type`, `billing_cycle`, `end_date`, `root_user_name`, `root_user_password`, `general_user_name`, `general_user_password`, `login_port`, `monitor_port`, `monitor_object_id`, `history_action`, `history_state_confirmed`, `history_time`, `security_groups`, `resource_spec`) VALUES (1,'host_resource_60b9da7b3f34bb8d','2021-06-04 07:47:07','umadmin','2021-06-04 07:47:07','umadmin','TGR1_SF_APP__apphost1[]','created_0','apphost1[]',NULL,NULL,'apphost1','resource_set_60b9d908105a0b30','','LBNODE','','network_subzone_60b9cb464ce69a07','MEM','CENOS7.5','','','EFFICIENCY','50','POSTPAID','',NULL,'root','','lguser','','22','9100','','insert',0,'2021-06-04 07:47:07',',','');
INSERT INTO `history_host_resource` (`id`, `guid`, `create_time`, `create_user`, `update_time`, `update_user`, `key_name`, `state`, `code`, `confirm_time`, `asset_id`, `name`, `resource_set`, `ip_address`, `cluster_node_type`, `master_host_resource`, `network_subzone`, `resource_type`, `resource_system`, `cpu`, `memory`, `storage_type`, `storage`, `charge_type`, `billing_cycle`, `end_date`, `root_user_name`, `root_user_password`, `general_user_name`, `general_user_password`, `login_port`, `monitor_port`, `monitor_object_id`, `history_action`, `history_state_confirmed`, `history_time`, `security_groups`, `resource_spec`) VALUES (2,'host_resource_60b9da7b78f4eeb5','2021-06-04 07:47:07','umadmin','2021-06-04 07:47:07','umadmin','TGR1_SF_APP__apphos2[]','created_0','apphos2[]',NULL,NULL,'apphos2','resource_set_60b9d908105a0b30','','LBNODE','','network_subzone_60b9cb62e0ab22b8','MEM','CENOS7.5','','','EFFICIENCY','50','POSTPAID','',NULL,'root','','lguser','','22','9100','','insert',0,'2021-06-04 07:47:07',',','');
INSERT INTO `history_host_resource` (`id`, `guid`, `create_time`, `create_user`, `update_time`, `update_user`, `key_name`, `state`, `code`, `confirm_time`, `asset_id`, `name`, `resource_set`, `ip_address`, `cluster_node_type`, `master_host_resource`, `network_subzone`, `resource_type`, `resource_system`, `cpu`, `memory`, `storage_type`, `storage`, `charge_type`, `billing_cycle`, `end_date`, `root_user_name`, `root_user_password`, `general_user_name`, `general_user_password`, `login_port`, `monitor_port`, `monitor_object_id`, `history_action`, `history_state_confirmed`, `history_time`, `security_groups`, `resource_spec`) VALUES (3,'host_resource_60b9da7b7ddef7f5','2021-06-04 07:47:07','umadmin','2021-06-04 07:47:07','umadmin','TGR1_DMZ_NGINX__nginxhost1[]','created_0','nginxhost1[]',NULL,NULL,'nginxhost1','resource_set_60b9d40e7dea345c','','LBNODE','','network_subzone_60b9cb05ae2a9638','MEM','CENOS7.5','','','EFFICIENCY','50','POSTPAID','',NULL,'root','','lguser','','22','9100','','insert',0,'2021-06-04 07:47:07',',','');
INSERT INTO `history_host_resource` (`id`, `guid`, `create_time`, `create_user`, `update_time`, `update_user`, `key_name`, `state`, `code`, `confirm_time`, `asset_id`, `name`, `resource_set`, `ip_address`, `cluster_node_type`, `master_host_resource`, `network_subzone`, `resource_type`, `resource_system`, `cpu`, `memory`, `storage_type`, `storage`, `charge_type`, `billing_cycle`, `end_date`, `root_user_name`, `root_user_password`, `general_user_name`, `general_user_password`, `login_port`, `monitor_port`, `monitor_object_id`, `history_action`, `history_state_confirmed`, `history_time`, `security_groups`, `resource_spec`) VALUES (4,'host_resource_60b9da7bb6ebcc06','2021-06-04 07:47:07','umadmin','2021-06-04 07:47:07','umadmin','TGR1_DMZ_NGINX__nginxhost1[]','created_0','nginxhost1[]',NULL,NULL,'nginxhost1','resource_set_60b9d40e7dea345c','','LBNODE','','network_subzone_60b9cb203bff3a76','MEM','CENOS7.5','','','EFFICIENCY','50','POSTPAID','',NULL,'root','','lguser','','22','9100','','insert',0,'2021-06-04 07:47:07',',','');
INSERT INTO `history_host_resource` (`id`, `guid`, `create_time`, `create_user`, `update_time`, `update_user`, `key_name`, `state`, `code`, `confirm_time`, `asset_id`, `name`, `resource_set`, `ip_address`, `cluster_node_type`, `master_host_resource`, `network_subzone`, `resource_type`, `resource_system`, `cpu`, `memory`, `storage_type`, `storage`, `charge_type`, `billing_cycle`, `end_date`, `root_user_name`, `root_user_password`, `general_user_name`, `general_user_password`, `login_port`, `monitor_port`, `monitor_object_id`, `history_action`, `history_state_confirmed`, `history_time`, `security_groups`, `resource_spec`) VALUES (5,'host_resource_60b9da7bfa75098e','2021-06-04 07:47:07','umadmin','2021-06-04 07:47:07','umadmin','TGR1_MGMT_MAPP__mapphost1[]','created_0','mapphost1[]',NULL,NULL,'mapphost1','resource_set_60b9d9082728baf7','','LBNODE','','network_subzone_60b9d58514e93956','MEM','CENOS7.5','','','EFFICIENCY','50','POSTPAID','',NULL,'root','','lguser','','22','9100','','insert',0,'2021-06-04 07:47:07',',','');
INSERT INTO `history_host_resource` (`id`, `guid`, `create_time`, `create_user`, `update_time`, `update_user`, `key_name`, `state`, `code`, `confirm_time`, `asset_id`, `name`, `resource_set`, `ip_address`, `cluster_node_type`, `master_host_resource`, `network_subzone`, `resource_type`, `resource_system`, `cpu`, `memory`, `storage_type`, `storage`, `charge_type`, `billing_cycle`, `end_date`, `root_user_name`, `root_user_password`, `general_user_name`, `general_user_password`, `login_port`, `monitor_port`, `monitor_object_id`, `history_action`, `history_state_confirmed`, `history_time`, `security_groups`, `resource_spec`) VALUES (6,'host_resource_60b9da7b3f34bb8d','2021-06-04 07:47:07','umadmin','2021-06-04 08:09:09','umadmin','TGR1_SF_APP__apphost1[]','created_0','apphost1[]',NULL,'','apphost1','resource_set_60b9d908105a0b30','','LBNODE','','network_subzone_60b9cb464ce69a07','MEM','CENOS7.5','','','EFFICIENCY','50','POSTPAID','','2021-06-04 08:09:09','root','','lguser','','22','9100','','update',0,'2021-06-04 08:09:09',',','1C2G');
INSERT INTO `history_host_resource` (`id`, `guid`, `create_time`, `create_user`, `update_time`, `update_user`, `key_name`, `state`, `code`, `confirm_time`, `asset_id`, `name`, `resource_set`, `ip_address`, `cluster_node_type`, `master_host_resource`, `network_subzone`, `resource_type`, `resource_system`, `cpu`, `memory`, `storage_type`, `storage`, `charge_type`, `billing_cycle`, `end_date`, `root_user_name`, `root_user_password`, `general_user_name`, `general_user_password`, `login_port`, `monitor_port`, `monitor_object_id`, `history_action`, `history_state_confirmed`, `history_time`, `security_groups`, `resource_spec`) VALUES (7,'host_resource_60b9da7b78f4eeb5','2021-06-04 07:47:07','umadmin','2021-06-04 08:09:20','umadmin','TGR1_SF_APP__apphos2[]','created_0','apphos2[]',NULL,'','apphos2','resource_set_60b9d908105a0b30','','LBNODE','','network_subzone_60b9cb62e0ab22b8','MEM','CENOS7.5','','','EFFICIENCY','50','POSTPAID','','2021-06-04 08:09:20','root','','lguser','','22','9100','','update',0,'2021-06-04 08:09:20',',','1C2G');
INSERT INTO `history_host_resource` (`id`, `guid`, `create_time`, `create_user`, `update_time`, `update_user`, `key_name`, `state`, `code`, `confirm_time`, `asset_id`, `name`, `resource_set`, `ip_address`, `cluster_node_type`, `master_host_resource`, `network_subzone`, `resource_type`, `resource_system`, `cpu`, `memory`, `storage_type`, `storage`, `charge_type`, `billing_cycle`, `end_date`, `root_user_name`, `root_user_password`, `general_user_name`, `general_user_password`, `login_port`, `monitor_port`, `monitor_object_id`, `history_action`, `history_state_confirmed`, `history_time`, `security_groups`, `resource_spec`) VALUES (8,'host_resource_60b9da7bb6ebcc06','2021-06-04 07:47:07','umadmin','2021-06-04 08:09:53','umadmin','TGR1_DMZ_NGINX__nginxhost2[]','created_0','nginxhost2[]',NULL,'','nginxhost2','resource_set_60b9d40e7dea345c','','LBNODE','','network_subzone_60b9cb203bff3a76','MEM','CENOS7.5','','','EFFICIENCY','50','POSTPAID','','2021-06-04 08:09:53','root','','lguser','','22','9100','','update',0,'2021-06-04 08:09:53',',','1C2G');
INSERT INTO `history_host_resource` (`id`, `guid`, `create_time`, `create_user`, `update_time`, `update_user`, `key_name`, `state`, `code`, `confirm_time`, `asset_id`, `name`, `resource_set`, `ip_address`, `cluster_node_type`, `master_host_resource`, `network_subzone`, `resource_type`, `resource_system`, `cpu`, `memory`, `storage_type`, `storage`, `charge_type`, `billing_cycle`, `end_date`, `root_user_name`, `root_user_password`, `general_user_name`, `general_user_password`, `login_port`, `monitor_port`, `monitor_object_id`, `history_action`, `history_state_confirmed`, `history_time`, `security_groups`, `resource_spec`) VALUES (9,'host_resource_60b9da7b7ddef7f5','2021-06-04 07:47:07','umadmin','2021-06-04 08:09:59','umadmin','TGR1_DMZ_NGINX__nginxhost1[]','created_0','nginxhost1[]',NULL,'','nginxhost1','resource_set_60b9d40e7dea345c','','LBNODE','','network_subzone_60b9cb05ae2a9638','MEM','CENOS7.5','','','EFFICIENCY','50','POSTPAID','','2021-06-04 08:09:59','root','','lguser','','22','9100','','update',0,'2021-06-04 08:09:59',',','1C2G');
INSERT INTO `history_host_resource` (`id`, `guid`, `create_time`, `create_user`, `update_time`, `update_user`, `key_name`, `state`, `code`, `confirm_time`, `asset_id`, `name`, `resource_set`, `ip_address`, `cluster_node_type`, `master_host_resource`, `network_subzone`, `resource_type`, `resource_system`, `cpu`, `memory`, `storage_type`, `storage`, `charge_type`, `billing_cycle`, `end_date`, `root_user_name`, `root_user_password`, `general_user_name`, `general_user_password`, `login_port`, `monitor_port`, `monitor_object_id`, `history_action`, `history_state_confirmed`, `history_time`, `security_groups`, `resource_spec`) VALUES (10,'host_resource_60b9da7bfa75098e','2021-06-04 07:47:07','umadmin','2021-06-04 08:10:05','umadmin','TGR1_MGMT_MAPP__mapphost1[]','created_0','mapphost1[]',NULL,'','mapphost1','resource_set_60b9d9082728baf7','','LBNODE','','network_subzone_60b9d58514e93956','MEM','CENOS7.5','','','EFFICIENCY','50','POSTPAID','','2021-06-04 08:10:05','root','','lguser','','22','9100','','update',0,'2021-06-04 08:10:05',',','1C2G');
INSERT INTO `history_host_resource` (`id`, `guid`, `create_time`, `create_user`, `update_time`, `update_user`, `key_name`, `state`, `code`, `confirm_time`, `asset_id`, `name`, `resource_set`, `ip_address`, `cluster_node_type`, `master_host_resource`, `network_subzone`, `resource_type`, `resource_system`, `cpu`, `memory`, `storage_type`, `storage`, `charge_type`, `billing_cycle`, `end_date`, `root_user_name`, `root_user_password`, `general_user_name`, `general_user_password`, `login_port`, `monitor_port`, `monitor_object_id`, `history_action`, `history_state_confirmed`, `history_time`, `security_groups`, `resource_spec`) VALUES (11,'host_resource_60b9da7b3f34bb8d','2021-06-04 07:47:07','umadmin','2021-06-09 12:39:28','umadmin','TGR1_SF_APP__apphost1[]','created_0','apphost1[]',NULL,'','apphost1','resource_set_60b9d908105a0b30','','LBNODE','','network_subzone_60b9cb464ce69a07','MEM','CENOS7.5','','','EFFICIENCY','50','POSTPAID','','2021-06-09 12:39:28','root','Abcd1234','lguser','','22','9100','','update',0,'2021-06-09 12:39:28','[,,,]','1C2G');
INSERT INTO `history_host_resource` (`id`, `guid`, `create_time`, `create_user`, `update_time`, `update_user`, `key_name`, `state`, `code`, `confirm_time`, `asset_id`, `name`, `resource_set`, `ip_address`, `cluster_node_type`, `master_host_resource`, `network_subzone`, `resource_type`, `resource_system`, `cpu`, `memory`, `storage_type`, `storage`, `charge_type`, `billing_cycle`, `end_date`, `root_user_name`, `root_user_password`, `general_user_name`, `general_user_password`, `login_port`, `monitor_port`, `monitor_object_id`, `history_action`, `history_state_confirmed`, `history_time`, `security_groups`, `resource_spec`) VALUES (12,'host_resource_60b9da7b78f4eeb5','2021-06-04 07:47:07','umadmin','2021-06-09 12:39:28','umadmin','TGR1_SF_APP__apphos2[]','created_0','apphos2[]',NULL,'','apphos2','resource_set_60b9d908105a0b30','','LBNODE','','network_subzone_60b9cb62e0ab22b8','MEM','CENOS7.5','','','EFFICIENCY','50','POSTPAID','','2021-06-09 12:39:28','root','Abcd1234','lguser','','22','9100','','update',0,'2021-06-09 12:39:28','[,,,]','1C2G');
INSERT INTO `history_host_resource` (`id`, `guid`, `create_time`, `create_user`, `update_time`, `update_user`, `key_name`, `state`, `code`, `confirm_time`, `asset_id`, `name`, `resource_set`, `ip_address`, `cluster_node_type`, `master_host_resource`, `network_subzone`, `resource_type`, `resource_system`, `cpu`, `memory`, `storage_type`, `storage`, `charge_type`, `billing_cycle`, `end_date`, `root_user_name`, `root_user_password`, `general_user_name`, `general_user_password`, `login_port`, `monitor_port`, `monitor_object_id`, `history_action`, `history_state_confirmed`, `history_time`, `security_groups`, `resource_spec`) VALUES (13,'host_resource_60b9da7b7ddef7f5','2021-06-04 07:47:07','umadmin','2021-06-09 12:39:28','umadmin','TGR1_DMZ_NGINX__nginxhost1[]','created_0','nginxhost1[]',NULL,'','nginxhost1','resource_set_60b9d40e7dea345c','','LBNODE','','network_subzone_60b9cb05ae2a9638','MEM','CENOS7.5','','','EFFICIENCY','50','POSTPAID','','2021-06-09 12:39:28','root','Abcd1234','lguser','','22','9100','','update',0,'2021-06-09 12:39:28',',','1C2G');
INSERT INTO `history_host_resource` (`id`, `guid`, `create_time`, `create_user`, `update_time`, `update_user`, `key_name`, `state`, `code`, `confirm_time`, `asset_id`, `name`, `resource_set`, `ip_address`, `cluster_node_type`, `master_host_resource`, `network_subzone`, `resource_type`, `resource_system`, `cpu`, `memory`, `storage_type`, `storage`, `charge_type`, `billing_cycle`, `end_date`, `root_user_name`, `root_user_password`, `general_user_name`, `general_user_password`, `login_port`, `monitor_port`, `monitor_object_id`, `history_action`, `history_state_confirmed`, `history_time`, `security_groups`, `resource_spec`) VALUES (14,'host_resource_60b9da7bb6ebcc06','2021-06-04 07:47:07','umadmin','2021-06-09 12:39:28','umadmin','TGR1_DMZ_NGINX__nginxhost2[]','created_0','nginxhost2[]',NULL,'','nginxhost2','resource_set_60b9d40e7dea345c','','LBNODE','','network_subzone_60b9cb203bff3a76','MEM','CENOS7.5','','','EFFICIENCY','50','POSTPAID','','2021-06-09 12:39:28','root','Abcd1234','lguser','','22','9100','','update',0,'2021-06-09 12:39:28',',','1C2G');
INSERT INTO `history_host_resource` (`id`, `guid`, `create_time`, `create_user`, `update_time`, `update_user`, `key_name`, `state`, `code`, `confirm_time`, `asset_id`, `name`, `resource_set`, `ip_address`, `cluster_node_type`, `master_host_resource`, `network_subzone`, `resource_type`, `resource_system`, `cpu`, `memory`, `storage_type`, `storage`, `charge_type`, `billing_cycle`, `end_date`, `root_user_name`, `root_user_password`, `general_user_name`, `general_user_password`, `login_port`, `monitor_port`, `monitor_object_id`, `history_action`, `history_state_confirmed`, `history_time`, `security_groups`, `resource_spec`) VALUES (15,'host_resource_60b9da7bfa75098e','2021-06-04 07:47:07','umadmin','2021-06-09 12:39:59','umadmin','TGR1_MGMT_MAPP__mapphost1[]','created_0','mapphost1[]',NULL,'','mapphost1','resource_set_60b9d9082728baf7','','LBNODE','','network_subzone_60b9d58514e93956','MEM','CENOS7.5','','','EFFICIENCY','50','POSTPAID','','2021-06-09 12:39:59','root','Wecube@123456','lguser','','22','9100','','update',0,'2021-06-09 12:39:59',',','1C2G');
/*!40000 ALTER TABLE `history_host_resource` ENABLE KEYS */;
UNLOCK TABLES;

--
-- Dumping data for table `history_invoke`
--

LOCK TABLES `history_invoke` WRITE;
/*!40000 ALTER TABLE `history_invoke` DISABLE KEYS */;
INSERT INTO `history_invoke` (`id`, `guid`, `create_time`, `create_user`, `update_time`, `update_user`, `key_name`, `state`, `code`, `confirm_time`, `asset_id`, `invoke_unit`, `invoke_design`, `invoked_unit`, `invoke_type`, `invoke_resource_type`, `history_action`, `history_state_confirmed`, `history_time`) VALUES (1,'invoke_60b9fe80fb4bcd1c','2021-06-04 10:20:48','umadmin','2021-06-04 10:20:48','umadmin','PRD_UM_AUTH_ILB-->PRD_UM_AUTH_APP','created_0','ILB-->APP',NULL,NULL,'unit_60b9f98933f260c9','invoke_design_60b9e16b3b1a1836','unit_60b9fd000623ac5b','SYNC','HOST','insert',0,'2021-06-04 10:20:48');
INSERT INTO `history_invoke` (`id`, `guid`, `create_time`, `create_user`, `update_time`, `update_user`, `key_name`, `state`, `code`, `confirm_time`, `asset_id`, `invoke_unit`, `invoke_design`, `invoked_unit`, `invoke_type`, `invoke_resource_type`, `history_action`, `history_state_confirmed`, `history_time`) VALUES (2,'invoke_60b9fe8b899302b3','2021-06-04 10:20:59','umadmin','2021-06-04 10:20:59','umadmin','PRD_UM_AUTH_APP-->PRD_UM_AUTH_MYSQL','created_0','APP-->MYSQL',NULL,NULL,'unit_60b9fd000623ac5b','invoke_design_60b9e176858da50a','unit_60b9fe47899160b7','SYNC','RDB','insert',0,'2021-06-04 10:20:59');
INSERT INTO `history_invoke` (`id`, `guid`, `create_time`, `create_user`, `update_time`, `update_user`, `key_name`, `state`, `code`, `confirm_time`, `asset_id`, `invoke_unit`, `invoke_design`, `invoked_unit`, `invoke_type`, `invoke_resource_type`, `history_action`, `history_state_confirmed`, `history_time`) VALUES (3,'invoke_60ba02c1dc73ed02','2021-06-04 10:38:57','umadmin','2021-06-04 10:38:57','umadmin','PRD_DEMO_CORE_APP-->PRD_DEMO_CORE_MYSQL','created_0','APP-->MYSQL',NULL,NULL,'unit_60b9ff0b91933368','invoke_design_60b9e41d0099a4a5','unit_60b9ff33777f4e6e','SYNC','RDB','insert',0,'2021-06-04 10:38:57');
INSERT INTO `history_invoke` (`id`, `guid`, `create_time`, `create_user`, `update_time`, `update_user`, `key_name`, `state`, `code`, `confirm_time`, `asset_id`, `invoke_unit`, `invoke_design`, `invoked_unit`, `invoke_type`, `invoke_resource_type`, `history_action`, `history_state_confirmed`, `history_time`) VALUES (4,'invoke_60ba02ce5f068b98','2021-06-04 10:39:10','umadmin','2021-06-04 10:39:10','umadmin','PRD_DEMO_CORE_APP-->PRD_UM_AUTH_ILB','created_0','APP-->ILB',NULL,NULL,'unit_60b9ff0b91933368','invoke_design_60b9e9834e015c05','unit_60b9f98933f260c9','SYNC','LB','insert',0,'2021-06-04 10:39:10');
INSERT INTO `history_invoke` (`id`, `guid`, `create_time`, `create_user`, `update_time`, `update_user`, `key_name`, `state`, `code`, `confirm_time`, `asset_id`, `invoke_unit`, `invoke_design`, `invoked_unit`, `invoke_type`, `invoke_resource_type`, `history_action`, `history_state_confirmed`, `history_time`) VALUES (5,'invoke_60ba02d91c9b8ea9','2021-06-04 10:39:21','umadmin','2021-06-04 10:39:21','umadmin','PRD_DEMO_PROXY_NGINX-->PRD_DEMO_CORE_APP','created_0','NGINX-->APP',NULL,NULL,'unit_60ba01a935209abb','invoke_design_60b9e97223015198','unit_60b9ff0b91933368','SYNC','HOST','insert',0,'2021-06-04 10:39:21');
INSERT INTO `history_invoke` (`id`, `guid`, `create_time`, `create_user`, `update_time`, `update_user`, `key_name`, `state`, `code`, `confirm_time`, `asset_id`, `invoke_unit`, `invoke_design`, `invoked_unit`, `invoke_type`, `invoke_resource_type`, `history_action`, `history_state_confirmed`, `history_time`) VALUES (6,'invoke_60ba02f1c06050d1','2021-06-04 10:39:45','umadmin','2021-06-04 10:39:45','umadmin','PRD_DEMO_PROXY_ELB-->PRD_DEMO_PROXY_NGINX','created_0','ELB-->NGINX',NULL,NULL,'unit_60ba021b777e499a','invoke_design_60b9e9679fe5e98e','unit_60ba01a935209abb','SYNC','HOST','insert',0,'2021-06-04 10:39:45');
INSERT INTO `history_invoke` (`id`, `guid`, `create_time`, `create_user`, `update_time`, `update_user`, `key_name`, `state`, `code`, `confirm_time`, `asset_id`, `invoke_unit`, `invoke_design`, `invoked_unit`, `invoke_type`, `invoke_resource_type`, `history_action`, `history_state_confirmed`, `history_time`) VALUES (7,'invoke_60ba0408554e5d48','2021-06-04 10:44:24','umadmin','2021-06-04 10:44:24','umadmin','PRD_DEMO_CLIENT_BROWER-->PRD_DEMO_PROXY_ELB','created_0','BROWER-->ELB',NULL,NULL,'unit_60ba03fa88d271a1','invoke_design_60b9e95db260930f','unit_60ba021b777e499a','SYNC','LB','insert',0,'2021-06-04 10:44:24');
/*!40000 ALTER TABLE `history_invoke` ENABLE KEYS */;
UNLOCK TABLES;

--
-- Dumping data for table `history_invoke_design`
--

LOCK TABLES `history_invoke_design` WRITE;
/*!40000 ALTER TABLE `history_invoke_design` DISABLE KEYS */;
INSERT INTO `history_invoke_design` (`id`, `guid`, `create_time`, `create_user`, `update_time`, `update_user`, `key_name`, `state`, `code`, `confirm_time`, `invoke_unit_design`, `invoked_unit_design`, `invoke_type`, `history_action`, `history_state_confirmed`, `history_time`) VALUES (1,'invoke_design_60b9e16b3b1a1836','2021-06-04 08:16:43','umadmin','2021-06-04 08:16:43','umadmin','UM_AUTH_ILB-->UM_AUTH_APP','added_0','ILB-->APP',NULL,'unit_design_60b9e110a349fd53','unit_design_60b9e134e6c6ecd7','SYNC','insert',0,'2021-06-04 08:16:43');
INSERT INTO `history_invoke_design` (`id`, `guid`, `create_time`, `create_user`, `update_time`, `update_user`, `key_name`, `state`, `code`, `confirm_time`, `invoke_unit_design`, `invoked_unit_design`, `invoke_type`, `history_action`, `history_state_confirmed`, `history_time`) VALUES (2,'invoke_design_60b9e176858da50a','2021-06-04 08:16:54','umadmin','2021-06-04 08:16:54','umadmin','UM_AUTH_APP-->UM_AUTH_MYSQL','added_0','APP-->MYSQL',NULL,'unit_design_60b9e134e6c6ecd7','unit_design_60b9e15e4d0d62f4','SYNC','insert',0,'2021-06-04 08:16:54');
INSERT INTO `history_invoke_design` (`id`, `guid`, `create_time`, `create_user`, `update_time`, `update_user`, `key_name`, `state`, `code`, `confirm_time`, `invoke_unit_design`, `invoked_unit_design`, `invoke_type`, `history_action`, `history_state_confirmed`, `history_time`) VALUES (3,'invoke_design_60b9e16b3b1a1836','2021-06-04 08:16:43','umadmin','2021-06-04 08:24:01','umadmin','UM_AUTH_ILB-->UM_AUTH_APP','added_1','ILB-->APP','2021-06-04 08:24:01','unit_design_60b9e110a349fd53','unit_design_60b9e134e6c6ecd7','SYNC','confirm',1,'2021-06-04 08:24:01');
INSERT INTO `history_invoke_design` (`id`, `guid`, `create_time`, `create_user`, `update_time`, `update_user`, `key_name`, `state`, `code`, `confirm_time`, `invoke_unit_design`, `invoked_unit_design`, `invoke_type`, `history_action`, `history_state_confirmed`, `history_time`) VALUES (4,'invoke_design_60b9e176858da50a','2021-06-04 08:16:54','umadmin','2021-06-04 08:24:01','umadmin','UM_AUTH_APP-->UM_AUTH_MYSQL','added_1','APP-->MYSQL','2021-06-04 08:24:01','unit_design_60b9e134e6c6ecd7','unit_design_60b9e15e4d0d62f4','SYNC','confirm',1,'2021-06-04 08:24:01');
INSERT INTO `history_invoke_design` (`id`, `guid`, `create_time`, `create_user`, `update_time`, `update_user`, `key_name`, `state`, `code`, `confirm_time`, `invoke_unit_design`, `invoked_unit_design`, `invoke_type`, `history_action`, `history_state_confirmed`, `history_time`) VALUES (5,'invoke_design_60b9e41d0099a4a5','2021-06-04 08:28:13','umadmin','2021-06-04 08:28:13','umadmin','DEMO_CORE_APP-->DEMO_CORE_MYSQL','added_0','APP-->MYSQL',NULL,'unit_design_60b9e3ea3e833a35','unit_design_60b9e40bdbfe05cc','SYNC','insert',0,'2021-06-04 08:28:13');
INSERT INTO `history_invoke_design` (`id`, `guid`, `create_time`, `create_user`, `update_time`, `update_user`, `key_name`, `state`, `code`, `confirm_time`, `invoke_unit_design`, `invoked_unit_design`, `invoke_type`, `history_action`, `history_state_confirmed`, `history_time`) VALUES (6,'invoke_design_60b9e4fc3e2353f4','2021-06-04 08:31:56','umadmin','2021-06-04 08:31:56','umadmin','DEMO_CORE_SYNC-->DEMO_CORE_MYSQL','added_0','SYNC-->MYSQL',NULL,'unit_design_60b9e4d8bf5a9855','unit_design_60b9e40bdbfe05cc','SYNC','insert',0,'2021-06-04 08:31:56');
INSERT INTO `history_invoke_design` (`id`, `guid`, `create_time`, `create_user`, `update_time`, `update_user`, `key_name`, `state`, `code`, `confirm_time`, `invoke_unit_design`, `invoked_unit_design`, `invoke_type`, `history_action`, `history_state_confirmed`, `history_time`) VALUES (7,'invoke_design_60b9e41d0099a4a5','2021-06-04 08:28:13','umadmin','2021-06-04 08:32:05','umadmin','DEMO_CORE_APP-->DEMO_CORE_MYSQL','added_1','APP-->MYSQL','2021-06-04 08:32:05','unit_design_60b9e3ea3e833a35','unit_design_60b9e40bdbfe05cc','SYNC','confirm',1,'2021-06-04 08:32:05');
INSERT INTO `history_invoke_design` (`id`, `guid`, `create_time`, `create_user`, `update_time`, `update_user`, `key_name`, `state`, `code`, `confirm_time`, `invoke_unit_design`, `invoked_unit_design`, `invoke_type`, `history_action`, `history_state_confirmed`, `history_time`) VALUES (8,'invoke_design_60b9e4fc3e2353f4','2021-06-04 08:31:56','umadmin','2021-06-04 08:32:05','umadmin','DEMO_CORE_SYNC-->DEMO_CORE_MYSQL','added_1','SYNC-->MYSQL','2021-06-04 08:32:05','unit_design_60b9e4d8bf5a9855','unit_design_60b9e40bdbfe05cc','SYNC','confirm',1,'2021-06-04 08:32:05');
INSERT INTO `history_invoke_design` (`id`, `guid`, `create_time`, `create_user`, `update_time`, `update_user`, `key_name`, `state`, `code`, `confirm_time`, `invoke_unit_design`, `invoked_unit_design`, `invoke_type`, `history_action`, `history_state_confirmed`, `history_time`) VALUES (9,'invoke_design_60b9e4fc3e2353f4','2021-06-04 08:31:56','umadmin','2021-06-04 08:32:53','umadmin','DEMO_CORE_SYNC-->DEMO_CORE_MYSQL','deleted_0','SYNC-->MYSQL',NULL,'unit_design_60b9e4d8bf5a9855','unit_design_60b9e40bdbfe05cc','SYNC','update',0,'2021-06-04 08:32:53');
INSERT INTO `history_invoke_design` (`id`, `guid`, `create_time`, `create_user`, `update_time`, `update_user`, `key_name`, `state`, `code`, `confirm_time`, `invoke_unit_design`, `invoked_unit_design`, `invoke_type`, `history_action`, `history_state_confirmed`, `history_time`) VALUES (10,'invoke_design_60b9e95db260930f','2021-06-04 08:50:37','umadmin','2021-06-04 08:50:37','umadmin','DEMO_CLIENT_BROWER-->DEMO_PROXY_ELB','added_0','BROWER-->ELB',NULL,'unit_design_60b9e9540281a537','unit_design_60b9e5900bdb207c','SYNC','insert',0,'2021-06-04 08:50:37');
INSERT INTO `history_invoke_design` (`id`, `guid`, `create_time`, `create_user`, `update_time`, `update_user`, `key_name`, `state`, `code`, `confirm_time`, `invoke_unit_design`, `invoked_unit_design`, `invoke_type`, `history_action`, `history_state_confirmed`, `history_time`) VALUES (11,'invoke_design_60b9e9679fe5e98e','2021-06-04 08:50:47','umadmin','2021-06-04 08:50:47','umadmin','DEMO_PROXY_ELB-->DEMO_PROXY_NGINX','added_0','ELB-->NGINX',NULL,'unit_design_60b9e5900bdb207c','unit_design_60b9e56f57e3cbc8','SYNC','insert',0,'2021-06-04 08:50:47');
INSERT INTO `history_invoke_design` (`id`, `guid`, `create_time`, `create_user`, `update_time`, `update_user`, `key_name`, `state`, `code`, `confirm_time`, `invoke_unit_design`, `invoked_unit_design`, `invoke_type`, `history_action`, `history_state_confirmed`, `history_time`) VALUES (12,'invoke_design_60b9e97223015198','2021-06-04 08:50:58','umadmin','2021-06-04 08:50:58','umadmin','DEMO_PROXY_NGINX-->DEMO_CORE_APP','added_0','NGINX-->APP',NULL,'unit_design_60b9e56f57e3cbc8','unit_design_60b9e3ea3e833a35','SYNC','insert',0,'2021-06-04 08:50:58');
INSERT INTO `history_invoke_design` (`id`, `guid`, `create_time`, `create_user`, `update_time`, `update_user`, `key_name`, `state`, `code`, `confirm_time`, `invoke_unit_design`, `invoked_unit_design`, `invoke_type`, `history_action`, `history_state_confirmed`, `history_time`) VALUES (13,'invoke_design_60b9e9834e015c05','2021-06-04 08:51:15','umadmin','2021-06-04 08:51:15','umadmin','DEMO_CORE_APP-->UM_AUTH_ILB','added_0','APP-->ILB',NULL,'unit_design_60b9e3ea3e833a35','unit_design_60b9e110a349fd53','SYNC','insert',0,'2021-06-04 08:51:15');
INSERT INTO `history_invoke_design` (`id`, `guid`, `create_time`, `create_user`, `update_time`, `update_user`, `key_name`, `state`, `code`, `confirm_time`, `invoke_unit_design`, `invoked_unit_design`, `invoke_type`, `history_action`, `history_state_confirmed`, `history_time`) VALUES (14,'invoke_design_60b9e41d0099a4a5','2021-06-04 08:28:13','umadmin','2021-06-04 08:32:05','umadmin','DEMO_CORE_APP-->DEMO_CORE_MYSQL','added_1','APP-->MYSQL','2021-06-04 09:03:37','unit_design_60b9e3ea3e833a35','unit_design_60b9e40bdbfe05cc','SYNC','confirm',1,'2021-06-04 09:03:37');
INSERT INTO `history_invoke_design` (`id`, `guid`, `create_time`, `create_user`, `update_time`, `update_user`, `key_name`, `state`, `code`, `confirm_time`, `invoke_unit_design`, `invoked_unit_design`, `invoke_type`, `history_action`, `history_state_confirmed`, `history_time`) VALUES (15,'invoke_design_60b9e9834e015c05','2021-06-04 08:51:15','umadmin','2021-06-04 09:03:37','umadmin','DEMO_CORE_APP-->UM_AUTH_ILB','added_1','APP-->ILB','2021-06-04 09:03:37','unit_design_60b9e3ea3e833a35','unit_design_60b9e110a349fd53','SYNC','confirm',1,'2021-06-04 09:03:37');
INSERT INTO `history_invoke_design` (`id`, `guid`, `create_time`, `create_user`, `update_time`, `update_user`, `key_name`, `state`, `code`, `confirm_time`, `invoke_unit_design`, `invoked_unit_design`, `invoke_type`, `history_action`, `history_state_confirmed`, `history_time`) VALUES (16,'invoke_design_60b9e4fc3e2353f4','2021-06-04 08:31:56','umadmin','2021-06-04 09:03:37','umadmin','DEMO_CORE_SYNC-->DEMO_CORE_MYSQL','deleted_1','SYNC-->MYSQL','2021-06-04 09:03:37','unit_design_60b9e4d8bf5a9855','unit_design_60b9e40bdbfe05cc','SYNC','confirm',1,'2021-06-04 09:03:37');
INSERT INTO `history_invoke_design` (`id`, `guid`, `create_time`, `create_user`, `update_time`, `update_user`, `key_name`, `state`, `code`, `confirm_time`, `invoke_unit_design`, `invoked_unit_design`, `invoke_type`, `history_action`, `history_state_confirmed`, `history_time`) VALUES (17,'invoke_design_60b9e97223015198','2021-06-04 08:50:58','umadmin','2021-06-04 09:03:37','umadmin','DEMO_PROXY_NGINX-->DEMO_CORE_APP','added_1','NGINX-->APP','2021-06-04 09:03:37','unit_design_60b9e56f57e3cbc8','unit_design_60b9e3ea3e833a35','SYNC','confirm',1,'2021-06-04 09:03:37');
INSERT INTO `history_invoke_design` (`id`, `guid`, `create_time`, `create_user`, `update_time`, `update_user`, `key_name`, `state`, `code`, `confirm_time`, `invoke_unit_design`, `invoked_unit_design`, `invoke_type`, `history_action`, `history_state_confirmed`, `history_time`) VALUES (18,'invoke_design_60b9e9679fe5e98e','2021-06-04 08:50:47','umadmin','2021-06-04 09:03:37','umadmin','DEMO_PROXY_ELB-->DEMO_PROXY_NGINX','added_1','ELB-->NGINX','2021-06-04 09:03:37','unit_design_60b9e5900bdb207c','unit_design_60b9e56f57e3cbc8','SYNC','confirm',1,'2021-06-04 09:03:37');
INSERT INTO `history_invoke_design` (`id`, `guid`, `create_time`, `create_user`, `update_time`, `update_user`, `key_name`, `state`, `code`, `confirm_time`, `invoke_unit_design`, `invoked_unit_design`, `invoke_type`, `history_action`, `history_state_confirmed`, `history_time`) VALUES (19,'invoke_design_60b9e95db260930f','2021-06-04 08:50:37','umadmin','2021-06-04 09:03:37','umadmin','DEMO_CLIENT_BROWER-->DEMO_PROXY_ELB','added_1','BROWER-->ELB','2021-06-04 09:03:37','unit_design_60b9e9540281a537','unit_design_60b9e5900bdb207c','SYNC','confirm',1,'2021-06-04 09:03:37');
INSERT INTO `history_invoke_design` (`id`, `guid`, `create_time`, `create_user`, `update_time`, `update_user`, `key_name`, `state`, `code`, `confirm_time`, `invoke_unit_design`, `invoked_unit_design`, `invoke_type`, `history_action`, `history_state_confirmed`, `history_time`) VALUES (20,'invoke_design_60b9e4fc3e2353f4','2021-06-04 08:31:56','umadmin','2021-06-04 09:03:37','umadmin','DEMO_CORE_SYNC-->DEMO_CORE_MYSQL','null_1','SYNC-->MYSQL','2021-06-04 09:03:37','unit_design_60b9e4d8bf5a9855','unit_design_60b9e40bdbfe05cc','SYNC','delete',0,'2021-06-04 09:03:37');
/*!40000 ALTER TABLE `history_invoke_design` ENABLE KEYS */;
UNLOCK TABLES;

--
-- Dumping data for table `history_invoke_principle_design`
--

LOCK TABLES `history_invoke_principle_design` WRITE;
/*!40000 ALTER TABLE `history_invoke_principle_design` DISABLE KEYS */;
INSERT INTO `history_invoke_principle_design` (`id`, `guid`, `create_time`, `create_user`, `update_time`, `update_user`, `key_name`, `state`, `code`, `confirm_time`, `invoke_resource_set_design`, `invoked_resource_set_design`, `history_action`, `history_state_confirmed`, `history_time`) VALUES (1,'invoke_principle_design_60b9c8970f17a256','2021-06-04 06:30:47','umadmin','2021-06-04 06:30:47','umadmin','WDC_WAN_WAN_BROWER-->RDC_LINK_DMZ_ELB','added_0','BROWER-->ELB',NULL,'resource_set_design_60b9c880bef8524c','resource_set_design_60b9c5eebfaa867f','insert',0,'2021-06-04 06:30:47');
INSERT INTO `history_invoke_principle_design` (`id`, `guid`, `create_time`, `create_user`, `update_time`, `update_user`, `key_name`, `state`, `code`, `confirm_time`, `invoke_resource_set_design`, `invoked_resource_set_design`, `history_action`, `history_state_confirmed`, `history_time`) VALUES (2,'invoke_principle_design_60b9c8dd9efd73d0','2021-06-04 06:31:57','umadmin','2021-06-04 06:31:57','umadmin','RDC_LINK_DMZ_NGINX-->RDC_CORE_SF_APP','added_0','NGINX-->APP',NULL,'resource_set_design_60b9c5002e95c475','resource_set_design_60b9c7bd06431788','insert',0,'2021-06-04 06:31:57');
INSERT INTO `history_invoke_principle_design` (`id`, `guid`, `create_time`, `create_user`, `update_time`, `update_user`, `key_name`, `state`, `code`, `confirm_time`, `invoke_resource_set_design`, `invoked_resource_set_design`, `history_action`, `history_state_confirmed`, `history_time`) VALUES (3,'invoke_principle_design_60b9c8e9774de0cb','2021-06-04 06:32:09','umadmin','2021-06-04 06:32:09','umadmin','RDC_CORE_SF_ILB-->RDC_CORE_SF_APP','added_0','ILB-->APP',NULL,'resource_set_design_60b9c7e0a8e99c0d','resource_set_design_60b9c7bd06431788','insert',0,'2021-06-04 06:32:09');
INSERT INTO `history_invoke_principle_design` (`id`, `guid`, `create_time`, `create_user`, `update_time`, `update_user`, `key_name`, `state`, `code`, `confirm_time`, `invoke_resource_set_design`, `invoked_resource_set_design`, `history_action`, `history_state_confirmed`, `history_time`) VALUES (4,'invoke_principle_design_60b9c8f48d94b786','2021-06-04 06:32:20','umadmin','2021-06-04 06:32:20','umadmin','RDC_CORE_SF_APP-->RDC_CORE_SF_MYSQL','added_0','APP-->MYSQL',NULL,'resource_set_design_60b9c7bd06431788','resource_set_design_60b9c809004e18d0','insert',0,'2021-06-04 06:32:20');
INSERT INTO `history_invoke_principle_design` (`id`, `guid`, `create_time`, `create_user`, `update_time`, `update_user`, `key_name`, `state`, `code`, `confirm_time`, `invoke_resource_set_design`, `invoked_resource_set_design`, `history_action`, `history_state_confirmed`, `history_time`) VALUES (5,'invoke_principle_design_60b9c8ffb1fdffb9','2021-06-04 06:32:31','umadmin','2021-06-04 06:32:31','umadmin','RDC_LINK_DMZ_ELB-->RDC_LINK_DMZ_NGINX','added_0','ELB-->NGINX',NULL,'resource_set_design_60b9c5eebfaa867f','resource_set_design_60b9c5002e95c475','insert',0,'2021-06-04 06:32:31');
INSERT INTO `history_invoke_principle_design` (`id`, `guid`, `create_time`, `create_user`, `update_time`, `update_user`, `key_name`, `state`, `code`, `confirm_time`, `invoke_resource_set_design`, `invoked_resource_set_design`, `history_action`, `history_state_confirmed`, `history_time`) VALUES (6,'invoke_principle_design_60b9c91258b17a60','2021-06-04 06:32:50','umadmin','2021-06-04 06:32:50','umadmin','RDC_CORE_SF_APP-->RDC_CORE_SF_ILB','added_0','APP-->ILB',NULL,'resource_set_design_60b9c7bd06431788','resource_set_design_60b9c7e0a8e99c0d','insert',0,'2021-06-04 06:32:50');
INSERT INTO `history_invoke_principle_design` (`id`, `guid`, `create_time`, `create_user`, `update_time`, `update_user`, `key_name`, `state`, `code`, `confirm_time`, `invoke_resource_set_design`, `invoked_resource_set_design`, `history_action`, `history_state_confirmed`, `history_time`) VALUES (7,'invoke_principle_design_60b9c91e2f942130','2021-06-04 06:33:02','umadmin','2021-06-04 06:33:02','umadmin','RDC_CORE_SF_APP-->RDC_CORE_SF_APP','added_0','APP-->APP',NULL,'resource_set_design_60b9c7bd06431788','resource_set_design_60b9c7bd06431788','insert',0,'2021-06-04 06:33:02');
INSERT INTO `history_invoke_principle_design` (`id`, `guid`, `create_time`, `create_user`, `update_time`, `update_user`, `key_name`, `state`, `code`, `confirm_time`, `invoke_resource_set_design`, `invoked_resource_set_design`, `history_action`, `history_state_confirmed`, `history_time`) VALUES (8,'invoke_principle_design_60b9c8970f17a256','2021-06-04 06:30:47','umadmin','2021-06-04 06:30:47','umadmin','RDC_WAN_WAN_BROWER-->RDC_LINK_DMZ_ELB','added_0','BROWER-->ELB',NULL,'resource_set_design_60b9c880bef8524c','resource_set_design_60b9c5eebfaa867f','autofill',0,'2021-06-04 08:44:41');
INSERT INTO `history_invoke_principle_design` (`id`, `guid`, `create_time`, `create_user`, `update_time`, `update_user`, `key_name`, `state`, `code`, `confirm_time`, `invoke_resource_set_design`, `invoked_resource_set_design`, `history_action`, `history_state_confirmed`, `history_time`) VALUES (9,'invoke_principle_design_60bc2b411b6ee7f2','2021-06-06 01:56:17','umadmin','2021-06-06 01:56:17','umadmin','RDC_CORE_SF_ILB-->RDC_CORE_SF_K8S','added_0','ILB-->K8S',NULL,'resource_set_design_60b9c7e0a8e99c0d','resource_set_design_60b9fb49773cdc71','insert',0,'2021-06-06 01:56:17');
INSERT INTO `history_invoke_principle_design` (`id`, `guid`, `create_time`, `create_user`, `update_time`, `update_user`, `key_name`, `state`, `code`, `confirm_time`, `invoke_resource_set_design`, `invoked_resource_set_design`, `history_action`, `history_state_confirmed`, `history_time`) VALUES (10,'invoke_principle_design_60bc2b4e6ee49d34','2021-06-06 01:56:30','umadmin','2021-06-06 01:56:30','umadmin','RDC_CORE_SF_K8S-->RDC_CORE_SF_MYSQL','added_0','K8S-->MYSQL',NULL,'resource_set_design_60b9fb49773cdc71','resource_set_design_60b9c809004e18d0','insert',0,'2021-06-06 01:56:30');
INSERT INTO `history_invoke_principle_design` (`id`, `guid`, `create_time`, `create_user`, `update_time`, `update_user`, `key_name`, `state`, `code`, `confirm_time`, `invoke_resource_set_design`, `invoked_resource_set_design`, `history_action`, `history_state_confirmed`, `history_time`) VALUES (11,'invoke_principle_design_60bc2b5eb6284aac','2021-06-06 01:56:46','umadmin','2021-06-06 01:56:46','umadmin','RDC_CORE_SF_K8S-->RDC_CORE_SF_K8S','added_0','K8S-->K8S',NULL,'resource_set_design_60b9fb49773cdc71','resource_set_design_60b9fb49773cdc71','insert',0,'2021-06-06 01:56:46');
/*!40000 ALTER TABLE `history_invoke_principle_design` ENABLE KEYS */;
UNLOCK TABLES;

--
-- Dumping data for table `history_ip_address`
--

LOCK TABLES `history_ip_address` WRITE;
/*!40000 ALTER TABLE `history_ip_address` DISABLE KEYS */;
INSERT INTO `history_ip_address` (`id`, `guid`, `create_time`, `create_user`, `update_time`, `update_user`, `key_name`, `state`, `code`, `confirm_time`, `asset_id`, `network_subzone`, `ip_address`, `history_action`, `history_state_confirmed`, `history_time`, `charge_type`) VALUES (1,'ip_address_60bee301b285fd55','2021-06-08 03:24:49','umadmin','2021-06-08 03:24:49','umadmin','natip1','created_0','natip1',NULL,'','network_subzone_60b9d81aac7c782f','','insert',0,'2021-06-08 03:24:49','POSTPAID');
INSERT INTO `history_ip_address` (`id`, `guid`, `create_time`, `create_user`, `update_time`, `update_user`, `key_name`, `state`, `code`, `confirm_time`, `asset_id`, `network_subzone`, `ip_address`, `history_action`, `history_state_confirmed`, `history_time`, `charge_type`) VALUES (2,'ip_address_60bee301bea66e63','2021-06-08 03:24:49','umadmin','2021-06-08 03:24:49','umadmin','natip2','created_0','natip2',NULL,'','network_subzone_60b9cc9024499dcd','','insert',0,'2021-06-08 03:24:49','POSTPAID');
INSERT INTO `history_ip_address` (`id`, `guid`, `create_time`, `create_user`, `update_time`, `update_user`, `key_name`, `state`, `code`, `confirm_time`, `asset_id`, `network_subzone`, `ip_address`, `history_action`, `history_state_confirmed`, `history_time`, `charge_type`) VALUES (3,'ip_address_60bee301bea66e63','2021-06-08 03:24:49','umadmin','2021-06-08 03:42:20','umadmin','natip2','created_0','natip2',NULL,'','network_subzone_60b9d81aac7c782f','','update',0,'2021-06-08 03:42:20','POSTPAID');
/*!40000 ALTER TABLE `history_ip_address` ENABLE KEYS */;
UNLOCK TABLES;

--
-- Dumping data for table `history_lb_instance`
--

LOCK TABLES `history_lb_instance` WRITE;
/*!40000 ALTER TABLE `history_lb_instance` DISABLE KEYS */;
INSERT INTO `history_lb_instance` (`id`, `guid`, `create_time`, `create_user`, `update_time`, `update_user`, `key_name`, `state`, `code`, `confirm_time`, `asset_id`, `name`, `unit`, `lb_resource`, `port`, `telnet_monitor_object_id`, `http_monitor_object_id`, `port_conflict`, `history_action`, `history_state_confirmed`, `history_time`, `lb_attach_id`) VALUES (1,'lb_instance_60b9f9ae64e15563','2021-06-04 10:00:14','umadmin','2021-06-04 10:00:14','umadmin','PRD_UM_AUTH_ILB_lbins1_:80','created_0','lbins1_:80',NULL,NULL,'lbins1','unit_60b9f98933f260c9','lb_resource_60b9e063ce4a3281','80',NULL,NULL,NULL,'insert',0,'2021-06-04 10:00:14',NULL);
INSERT INTO `history_lb_instance` (`id`, `guid`, `create_time`, `create_user`, `update_time`, `update_user`, `key_name`, `state`, `code`, `confirm_time`, `asset_id`, `name`, `unit`, `lb_resource`, `port`, `telnet_monitor_object_id`, `http_monitor_object_id`, `port_conflict`, `history_action`, `history_state_confirmed`, `history_time`, `lb_attach_id`) VALUES (2,'lb_instance_60b9f9c74af3bfa8','2021-06-04 10:00:39','umadmin','2021-06-04 10:00:39','umadmin','PRD_UM_AUTH_ILB_lbins2_:80','created_0','lbins2_:80',NULL,NULL,'lbins2','unit_60b9f98933f260c9','lb_resource_60b9e09126d893ce','80',NULL,NULL,NULL,'insert',0,'2021-06-04 10:00:39',NULL);
INSERT INTO `history_lb_instance` (`id`, `guid`, `create_time`, `create_user`, `update_time`, `update_user`, `key_name`, `state`, `code`, `confirm_time`, `asset_id`, `name`, `unit`, `lb_resource`, `port`, `telnet_monitor_object_id`, `http_monitor_object_id`, `port_conflict`, `history_action`, `history_state_confirmed`, `history_time`, `lb_attach_id`) VALUES (3,'lb_instance_60ba0232c484c926','2021-06-04 10:36:34','umadmin','2021-06-04 10:36:34','umadmin','PRD_DEMO_PROXY_ELB_demoelb_:80','created_0','demoelb_:80',NULL,NULL,'demoelb','unit_60ba021b777e499a','lb_resource_60b9e063271057ed','80',NULL,NULL,NULL,'insert',0,'2021-06-04 10:36:34',NULL);
INSERT INTO `history_lb_instance` (`id`, `guid`, `create_time`, `create_user`, `update_time`, `update_user`, `key_name`, `state`, `code`, `confirm_time`, `asset_id`, `name`, `unit`, `lb_resource`, `port`, `telnet_monitor_object_id`, `http_monitor_object_id`, `port_conflict`, `history_action`, `history_state_confirmed`, `history_time`, `lb_attach_id`) VALUES (4,'lb_instance_60ba0232c484c926','2021-06-04 10:36:34','umadmin','2021-06-04 10:38:38','umadmin','PRD_DEMO_PROXY_ELB_demoelb_:80','created_0','demoelb_:80',NULL,'','demoelb','unit_60ba021b777e499a','lb_resource_60b9e063271057ed','80','','','TGR1_DMZ_ELB__elb01[]:80','update',0,'2021-06-04 10:38:38','');
INSERT INTO `history_lb_instance` (`id`, `guid`, `create_time`, `create_user`, `update_time`, `update_user`, `key_name`, `state`, `code`, `confirm_time`, `asset_id`, `name`, `unit`, `lb_resource`, `port`, `telnet_monitor_object_id`, `http_monitor_object_id`, `port_conflict`, `history_action`, `history_state_confirmed`, `history_time`, `lb_attach_id`) VALUES (5,'lb_instance_60b9f9c74af3bfa8','2021-06-04 10:00:39','umadmin','2021-06-04 10:00:39','umadmin','PRD_UM_AUTH_ILB_lbins2_:80','null_0','lbins2_:80',NULL,'','lbins2','unit_60b9f98933f260c9','lb_resource_60b9e09126d893ce','80','','','','delete',0,'2021-06-08 06:49:05','');
INSERT INTO `history_lb_instance` (`id`, `guid`, `create_time`, `create_user`, `update_time`, `update_user`, `key_name`, `state`, `code`, `confirm_time`, `asset_id`, `name`, `unit`, `lb_resource`, `port`, `telnet_monitor_object_id`, `http_monitor_object_id`, `port_conflict`, `history_action`, `history_state_confirmed`, `history_time`, `lb_attach_id`) VALUES (6,'lb_instance_60b9f9ae64e15563','2021-06-04 10:00:14','umadmin','2021-06-08 06:49:15','umadmin','PRD_UM_AUTH_ILB_lbins1_:80','created_0','lbins1_:80',NULL,'','lbins1','unit_60b9f98933f260c9','lb_resource_60b9e063ce4a3281','80','','','TGR1_SF_ILB__ilb01[]:80','update',0,'2021-06-08 06:49:15','');
INSERT INTO `history_lb_instance` (`id`, `guid`, `create_time`, `create_user`, `update_time`, `update_user`, `key_name`, `state`, `code`, `confirm_time`, `asset_id`, `name`, `unit`, `lb_resource`, `port`, `telnet_monitor_object_id`, `http_monitor_object_id`, `port_conflict`, `history_action`, `history_state_confirmed`, `history_time`, `lb_attach_id`) VALUES (7,'lb_instance_60c0bceda93dcdea','2021-06-09 13:06:53','umadmin','2021-06-09 13:06:53','umadmin','PRD_UM_AUTH_ILB_lbins2_:80','created_0','lbins2_:80',NULL,'','lbins2','unit_60b9f98933f260c9','lb_resource_60c0bcd53072969e','80','','','TGR1_SF_ILB__ilb02[]:80','insert',0,'2021-06-09 13:06:53','');
INSERT INTO `history_lb_instance` (`id`, `guid`, `create_time`, `create_user`, `update_time`, `update_user`, `key_name`, `state`, `code`, `confirm_time`, `asset_id`, `name`, `unit`, `lb_resource`, `port`, `telnet_monitor_object_id`, `http_monitor_object_id`, `port_conflict`, `history_action`, `history_state_confirmed`, `history_time`, `lb_attach_id`) VALUES (8,'lb_instance_60b9f9ae64e15563','2021-06-04 10:00:14','umadmin','2021-06-08 06:49:15','umadmin','PRD_UM_AUTH_ILB_lbins1_:80','created_0','lbins1_:80',NULL,'','lbins1','unit_60b9f98933f260c9','lb_resource_60b9e063ce4a3281','80','','','TGR1_SF_ILB__ilb01[]:80','autofill',0,'2021-06-09 13:35:04','');
/*!40000 ALTER TABLE `history_lb_instance` ENABLE KEYS */;
UNLOCK TABLES;

--
-- Dumping data for table `history_lb_resource`
--

LOCK TABLES `history_lb_resource` WRITE;
/*!40000 ALTER TABLE `history_lb_resource` DISABLE KEYS */;
INSERT INTO `history_lb_resource` (`id`, `guid`, `create_time`, `create_user`, `update_time`, `update_user`, `key_name`, `state`, `code`, `confirm_time`, `asset_id`, `name`, `resource_set`, `resource_type`, `cluster_node_type`, `network_subzone`, `ip_address`, `charge_type`, `billing_cycle`, `end_date`, `monitor_port`, `monitor_object_id`, `history_action`, `history_state_confirmed`, `history_time`, `security_groups`) VALUES (1,'lb_resource_60b9e063271057ed','2021-06-04 08:12:19','umadmin','2021-06-04 08:12:19','umadmin','TGR1_DMZ_ELB__elb01[]','created_0','elb01[]',NULL,NULL,'elb01','resource_set_60b9d8ad61239c75','INTERNET','LBNODE','network_subzone_60b9d81aac7c782f','','POSTPAID','',NULL,'80','','insert',0,'2021-06-04 08:12:19',',');
INSERT INTO `history_lb_resource` (`id`, `guid`, `create_time`, `create_user`, `update_time`, `update_user`, `key_name`, `state`, `code`, `confirm_time`, `asset_id`, `name`, `resource_set`, `resource_type`, `cluster_node_type`, `network_subzone`, `ip_address`, `charge_type`, `billing_cycle`, `end_date`, `monitor_port`, `monitor_object_id`, `history_action`, `history_state_confirmed`, `history_time`, `security_groups`) VALUES (2,'lb_resource_60b9e063ce4a3281','2021-06-04 08:12:19','umadmin','2021-06-04 08:12:19','umadmin','TGR1_SF_ILB__ilb01[]','created_0','ilb01[]',NULL,NULL,'ilb01','resource_set_60b9d908d2b2fff7','INTRANET','LBNODE','network_subzone_60b9cb464ce69a07','','POSTPAID','',NULL,'80','','insert',0,'2021-06-04 08:12:19',',');
INSERT INTO `history_lb_resource` (`id`, `guid`, `create_time`, `create_user`, `update_time`, `update_user`, `key_name`, `state`, `code`, `confirm_time`, `asset_id`, `name`, `resource_set`, `resource_type`, `cluster_node_type`, `network_subzone`, `ip_address`, `charge_type`, `billing_cycle`, `end_date`, `monitor_port`, `monitor_object_id`, `history_action`, `history_state_confirmed`, `history_time`, `security_groups`) VALUES (3,'lb_resource_60b9e09126d893ce','2021-06-04 08:13:05','umadmin','2021-06-04 08:13:05','umadmin','TGR1_SF_ILB__ilb02[]','created_0','ilb02[]',NULL,'','ilb02','resource_set_60b9d908d2b2fff7','INTRANET','LBNODE','network_subzone_60b9cb62e0ab22b8','','POSTPAID','',NULL,'80','','insert',0,'2021-06-04 08:13:05',',');
INSERT INTO `history_lb_resource` (`id`, `guid`, `create_time`, `create_user`, `update_time`, `update_user`, `key_name`, `state`, `code`, `confirm_time`, `asset_id`, `name`, `resource_set`, `resource_type`, `cluster_node_type`, `network_subzone`, `ip_address`, `charge_type`, `billing_cycle`, `end_date`, `monitor_port`, `monitor_object_id`, `history_action`, `history_state_confirmed`, `history_time`, `security_groups`) VALUES (4,'lb_resource_60b9e09126d893ce','2021-06-04 08:13:05','umadmin','2021-06-04 08:13:05','umadmin','TGR1_SF_ILB__ilb02[]','null_0','ilb02[]',NULL,'','ilb02','resource_set_60b9d908d2b2fff7','INTRANET','LBNODE','network_subzone_60b9cb62e0ab22b8','','POSTPAID','',NULL,'80','','delete',0,'2021-06-09 12:37:41',',');
INSERT INTO `history_lb_resource` (`id`, `guid`, `create_time`, `create_user`, `update_time`, `update_user`, `key_name`, `state`, `code`, `confirm_time`, `asset_id`, `name`, `resource_set`, `resource_type`, `cluster_node_type`, `network_subzone`, `ip_address`, `charge_type`, `billing_cycle`, `end_date`, `monitor_port`, `monitor_object_id`, `history_action`, `history_state_confirmed`, `history_time`, `security_groups`) VALUES (5,'lb_resource_60c0bcd53072969e','2021-06-09 13:06:29','umadmin','2021-06-09 13:06:29','umadmin','TGR1_SF_ILB__ilb02[]','created_0','ilb02[]',NULL,'','ilb02','resource_set_60b9d908d2b2fff7','INTRANET','LBNODE','network_subzone_60b9cb62e0ab22b8','','POSTPAID','',NULL,'80','','insert',0,'2021-06-09 13:06:29',',');
INSERT INTO `history_lb_resource` (`id`, `guid`, `create_time`, `create_user`, `update_time`, `update_user`, `key_name`, `state`, `code`, `confirm_time`, `asset_id`, `name`, `resource_set`, `resource_type`, `cluster_node_type`, `network_subzone`, `ip_address`, `charge_type`, `billing_cycle`, `end_date`, `monitor_port`, `monitor_object_id`, `history_action`, `history_state_confirmed`, `history_time`, `security_groups`) VALUES (6,'lb_resource_60b9e063ce4a3281','2021-06-04 08:12:19','umadmin','2021-06-09 13:35:04','umadmin','TGR1_SF_ILB__ilb01[]','created_0','ilb01[]',NULL,'','ilb01','resource_set_60b9d908d2b2fff7','INTRANET','LBNODE','network_subzone_60b9cb464ce69a07','','POSTPAID','','2021-06-09 13:35:04','80','','update',0,'2021-06-09 13:35:04',',');
/*!40000 ALTER TABLE `history_lb_resource` ENABLE KEYS */;
UNLOCK TABLES;

--
-- Dumping data for table `history_manage_role`
--

LOCK TABLES `history_manage_role` WRITE;
/*!40000 ALTER TABLE `history_manage_role` DISABLE KEYS */;
INSERT INTO `history_manage_role` (`id`, `guid`, `create_time`, `create_user`, `update_time`, `update_user`, `key_name`, `state`, `code`, `confirm_time`, `name`, `email`, `phone`, `history_action`, `history_state_confirmed`, `history_time`) VALUES (1,'manage_role_60b9a9088f788ecf','2021-06-04 04:16:08','umadmin','2021-06-04 04:16:08','umadmin','BD_OPS_业务应用域应用运维','added_0','BD_OPS',NULL,'业务应用域应用运维','demo1.163.com','15800000000','insert',0,'2021-06-04 04:16:08');
INSERT INTO `history_manage_role` (`id`, `guid`, `create_time`, `create_user`, `update_time`, `update_user`, `key_name`, `state`, `code`, `confirm_time`, `name`, `email`, `phone`, `history_action`, `history_state_confirmed`, `history_time`) VALUES (2,'manage_role_60b9a90898f75150','2021-06-04 04:16:08','umadmin','2021-06-04 04:16:08','umadmin','CD_OPS_公共应用域应用运维','added_0','CD_OPS',NULL,'公共应用域应用运维','demo2.163.com','15800000000','insert',0,'2021-06-04 04:16:08');
INSERT INTO `history_manage_role` (`id`, `guid`, `create_time`, `create_user`, `update_time`, `update_user`, `key_name`, `state`, `code`, `confirm_time`, `name`, `email`, `phone`, `history_action`, `history_state_confirmed`, `history_time`) VALUES (3,'manage_role_60b9a908da21d55d','2021-06-04 04:16:08','umadmin','2021-06-04 04:16:08','umadmin','INF_OPS_基础架构运维','added_0','INF_OPS',NULL,'基础架构运维','demo3.163.com','15800000000','insert',0,'2021-06-04 04:16:08');
/*!40000 ALTER TABLE `history_manage_role` ENABLE KEYS */;
UNLOCK TABLES;

--
-- Dumping data for table `history_network_link`
--

LOCK TABLES `history_network_link` WRITE;
/*!40000 ALTER TABLE `history_network_link` DISABLE KEYS */;
INSERT INTO `history_network_link` (`id`, `guid`, `create_time`, `create_user`, `update_time`, `update_user`, `key_name`, `state`, `code`, `confirm_time`, `asset_id`, `start_network_zone`, `end_network_zone`, `network_link_design`, `network_link_type`, `netband_width`, `max_concurrent`, `start_network_subzone`, `history_action`, `history_state_confirmed`, `history_time`) VALUES (1,'network_link_60b9cbbc14e29625','2021-06-04 06:44:12','umadmin','2021-06-04 06:44:12','umadmin','TGR1_LINK__CCN__TGR1_CORE','created_0','LINK__CCN__CORE',NULL,NULL,'network_zone_60b9ca52e4bdffd0','network_zone_60b9ca7c60b15196','network_link_design_60b9afe66d8e5c02','CCN','20','200000',NULL,'insert',0,'2021-06-04 06:44:12');
INSERT INTO `history_network_link` (`id`, `guid`, `create_time`, `create_user`, `update_time`, `update_user`, `key_name`, `state`, `code`, `confirm_time`, `asset_id`, `start_network_zone`, `end_network_zone`, `network_link_design`, `network_link_type`, `netband_width`, `max_concurrent`, `start_network_subzone`, `history_action`, `history_state_confirmed`, `history_time`) VALUES (2,'network_link_60b9ccb79e8156e6','2021-06-04 06:48:23','umadmin','2021-06-04 06:48:23','umadmin','TGR1_LINK__NAT__TGWDC_WAN','created_0','LINK__NAT__WAN',NULL,NULL,'network_zone_60b9ca52e4bdffd0','network_zone_60b9cc727775c457','network_link_design_60b9b0e86796715b','NAT','20','20000','network_subzone_60b9cb05ae2a9638','insert',0,'2021-06-04 06:48:23');
INSERT INTO `history_network_link` (`id`, `guid`, `create_time`, `create_user`, `update_time`, `update_user`, `key_name`, `state`, `code`, `confirm_time`, `asset_id`, `start_network_zone`, `end_network_zone`, `network_link_design`, `network_link_type`, `netband_width`, `max_concurrent`, `start_network_subzone`, `history_action`, `history_state_confirmed`, `history_time`) VALUES (3,'network_link_60b9ccdc0cd7c5fc','2021-06-04 06:49:00','umadmin','2021-06-04 06:49:00','umadmin','TGR1_LINK__ELB__TGWDC_WAN','created_0','LINK__ELB__WAN',NULL,NULL,'network_zone_60b9ca52e4bdffd0','network_zone_60b9cc727775c457','network_link_design_60b9b1134f0d0f9e','ELB','20','20000',NULL,'insert',0,'2021-06-04 06:49:00');
INSERT INTO `history_network_link` (`id`, `guid`, `create_time`, `create_user`, `update_time`, `update_user`, `key_name`, `state`, `code`, `confirm_time`, `asset_id`, `start_network_zone`, `end_network_zone`, `network_link_design`, `network_link_type`, `netband_width`, `max_concurrent`, `start_network_subzone`, `history_action`, `history_state_confirmed`, `history_time`) VALUES (4,'network_link_60b9ccb79e8156e6','2021-06-04 06:48:23','umadmin','2021-06-04 06:48:23','umadmin','TGR1_LINK__NAT__TGR1_WAN','created_0','LINK__NAT__WAN',NULL,'','network_zone_60b9ca52e4bdffd0','network_zone_60b9cc727775c457','network_link_design_60b9b0e86796715b','NAT','20','20000','network_subzone_60b9cb05ae2a9638','autofill',0,'2021-06-04 08:45:16');
INSERT INTO `history_network_link` (`id`, `guid`, `create_time`, `create_user`, `update_time`, `update_user`, `key_name`, `state`, `code`, `confirm_time`, `asset_id`, `start_network_zone`, `end_network_zone`, `network_link_design`, `network_link_type`, `netband_width`, `max_concurrent`, `start_network_subzone`, `history_action`, `history_state_confirmed`, `history_time`) VALUES (5,'network_link_60b9ccdc0cd7c5fc','2021-06-04 06:49:00','umadmin','2021-06-04 06:49:00','umadmin','TGR1_LINK__ELB__TGR1_WAN','created_0','LINK__ELB__WAN',NULL,'','network_zone_60b9ca52e4bdffd0','network_zone_60b9cc727775c457','network_link_design_60b9b1134f0d0f9e','ELB','20','20000','','autofill',0,'2021-06-04 08:45:16');
INSERT INTO `history_network_link` (`id`, `guid`, `create_time`, `create_user`, `update_time`, `update_user`, `key_name`, `state`, `code`, `confirm_time`, `asset_id`, `start_network_zone`, `end_network_zone`, `network_link_design`, `network_link_type`, `netband_width`, `max_concurrent`, `start_network_subzone`, `history_action`, `history_state_confirmed`, `history_time`) VALUES (6,'network_link_60b9cbbc14e29625','2021-06-04 06:44:12','umadmin','2021-06-08 03:30:05','umadmin','TGR1_CORE__CCN__TGR1_LINK','created_0','CORE__CCN__LINK',NULL,'','network_zone_60b9ca7c60b15196','network_zone_60b9ca52e4bdffd0','network_link_design_60b9afe66d8e5c02','CCN','20','200000','','update',0,'2021-06-08 03:30:05');
INSERT INTO `history_network_link` (`id`, `guid`, `create_time`, `create_user`, `update_time`, `update_user`, `key_name`, `state`, `code`, `confirm_time`, `asset_id`, `start_network_zone`, `end_network_zone`, `network_link_design`, `network_link_type`, `netband_width`, `max_concurrent`, `start_network_subzone`, `history_action`, `history_state_confirmed`, `history_time`) VALUES (7,'network_link_60b9ccb79e8156e6','2021-06-04 06:48:23','umadmin','2021-06-08 03:42:37','umadmin','TGR1_LINK__NAT__TGR1_WAN','created_0','LINK__NAT__WAN',NULL,'','network_zone_60b9ca52e4bdffd0','network_zone_60b9cc727775c457','network_link_design_60b9b0e86796715b','NAT','20','20000','network_subzone_60b9cb05ae2a9638','update',0,'2021-06-08 03:42:37');
/*!40000 ALTER TABLE `history_network_link` ENABLE KEYS */;
UNLOCK TABLES;

--
-- Dumping data for table `history_network_link$nat_ip_address`
--

LOCK TABLES `history_network_link$nat_ip_address` WRITE;
/*!40000 ALTER TABLE `history_network_link$nat_ip_address` DISABLE KEYS */;
INSERT INTO `history_network_link$nat_ip_address` (`id`, `from_guid`, `to_guid`, `seq_no`, `note`, `history_to_id`, `history_time`) VALUES (1,'network_link_60b9cbbc14e29625','',0,NULL,0,'2021-06-08 03:30:05');
INSERT INTO `history_network_link$nat_ip_address` (`id`, `from_guid`, `to_guid`, `seq_no`, `note`, `history_to_id`, `history_time`) VALUES (2,'network_link_60b9ccb79e8156e6','ip_address_60bee301b285fd55',0,NULL,1,'2021-06-08 03:42:37');
INSERT INTO `history_network_link$nat_ip_address` (`id`, `from_guid`, `to_guid`, `seq_no`, `note`, `history_to_id`, `history_time`) VALUES (3,'network_link_60b9ccb79e8156e6','ip_address_60bee301bea66e63',1,NULL,3,'2021-06-08 03:42:37');
/*!40000 ALTER TABLE `history_network_link$nat_ip_address` ENABLE KEYS */;
UNLOCK TABLES;

--
-- Dumping data for table `history_network_link_design`
--

LOCK TABLES `history_network_link_design` WRITE;
/*!40000 ALTER TABLE `history_network_link_design` DISABLE KEYS */;
INSERT INTO `history_network_link_design` (`id`, `guid`, `create_time`, `create_user`, `update_time`, `update_user`, `key_name`, `state`, `code`, `confirm_time`, `start_network_zone_design`, `end_network_zone_design`, `network_link_type`, `history_action`, `history_state_confirmed`, `history_time`) VALUES (1,'network_link_design_60b9afe66d8e5c02','2021-06-04 04:45:26','umadmin','2021-06-04 04:45:26','umadmin','RDC_CORE__CCN__RDC_LINK','added_0','CORE__CCN__LINK',NULL,'network_zone_design_60b9aac4a1fe3bec','network_zone_design_60b9aaa3c865b911','CCN','insert',0,'2021-06-04 04:45:26');
INSERT INTO `history_network_link_design` (`id`, `guid`, `create_time`, `create_user`, `update_time`, `update_user`, `key_name`, `state`, `code`, `confirm_time`, `start_network_zone_design`, `end_network_zone_design`, `network_link_type`, `history_action`, `history_state_confirmed`, `history_time`) VALUES (2,'network_link_design_60b9b0e86796715b','2021-06-04 04:49:44','umadmin','2021-06-04 04:49:44','umadmin','RDC_LINK__NAT__WDC_WAN','added_0','LINK__NAT__WAN',NULL,'network_zone_design_60b9aaa3c865b911','network_zone_design_60b9b0a8f578f44d','NAT','insert',0,'2021-06-04 04:49:44');
INSERT INTO `history_network_link_design` (`id`, `guid`, `create_time`, `create_user`, `update_time`, `update_user`, `key_name`, `state`, `code`, `confirm_time`, `start_network_zone_design`, `end_network_zone_design`, `network_link_type`, `history_action`, `history_state_confirmed`, `history_time`) VALUES (3,'network_link_design_60b9b1134f0d0f9e','2021-06-04 04:50:27','umadmin','2021-06-04 04:50:27','umadmin','RDC_LINK__ELB__WDC_WAN','added_0','LINK__ELB__WAN',NULL,'network_zone_design_60b9aaa3c865b911','network_zone_design_60b9b0a8f578f44d','ELB','insert',0,'2021-06-04 04:50:27');
INSERT INTO `history_network_link_design` (`id`, `guid`, `create_time`, `create_user`, `update_time`, `update_user`, `key_name`, `state`, `code`, `confirm_time`, `start_network_zone_design`, `end_network_zone_design`, `network_link_type`, `history_action`, `history_state_confirmed`, `history_time`) VALUES (4,'network_link_design_60b9b0e86796715b','2021-06-04 04:49:44','umadmin','2021-06-04 04:49:44','umadmin','RDC_LINK__NAT__RDC_WAN','added_0','LINK__NAT__WAN',NULL,'network_zone_design_60b9aaa3c865b911','network_zone_design_60b9b0a8f578f44d','NAT','autofill',0,'2021-06-04 08:44:41');
INSERT INTO `history_network_link_design` (`id`, `guid`, `create_time`, `create_user`, `update_time`, `update_user`, `key_name`, `state`, `code`, `confirm_time`, `start_network_zone_design`, `end_network_zone_design`, `network_link_type`, `history_action`, `history_state_confirmed`, `history_time`) VALUES (5,'network_link_design_60b9b1134f0d0f9e','2021-06-04 04:50:27','umadmin','2021-06-04 04:50:27','umadmin','RDC_LINK__ELB__RDC_WAN','added_0','LINK__ELB__WAN',NULL,'network_zone_design_60b9aaa3c865b911','network_zone_design_60b9b0a8f578f44d','ELB','autofill',0,'2021-06-04 08:44:41');
/*!40000 ALTER TABLE `history_network_link_design` ENABLE KEYS */;
UNLOCK TABLES;

--
-- Dumping data for table `history_network_subzone`
--

LOCK TABLES `history_network_subzone` WRITE;
/*!40000 ALTER TABLE `history_network_subzone` DISABLE KEYS */;
INSERT INTO `history_network_subzone` (`id`, `guid`, `create_time`, `create_user`, `update_time`, `update_user`, `key_name`, `state`, `code`, `confirm_time`, `asset_id`, `network_zone`, `network_subzone_design`, `data_center`, `route_table`, `cidr`, `network_subzone_type`, `gateway_ip`, `history_action`, `history_state_confirmed`, `history_time`) VALUES (1,'network_subzone_60b9cb05ae2a9638','2021-06-04 06:41:09','umadmin','2021-06-04 06:41:09','umadmin','TGR1_LINK_PROXY1','created_0','PROXY1',NULL,NULL,'network_zone_60b9ca52e4bdffd0','network_subzone_design_60b9ad27efd7a53d','data_center_60b9b7c7793e6723','route_table_60b9ca9eb0cc80a6','10.0.128.0/24','SUBNET','','insert',0,'2021-06-04 06:41:09');
INSERT INTO `history_network_subzone` (`id`, `guid`, `create_time`, `create_user`, `update_time`, `update_user`, `key_name`, `state`, `code`, `confirm_time`, `asset_id`, `network_zone`, `network_subzone_design`, `data_center`, `route_table`, `cidr`, `network_subzone_type`, `gateway_ip`, `history_action`, `history_state_confirmed`, `history_time`) VALUES (2,'network_subzone_60b9cb203bff3a76','2021-06-04 06:41:36','umadmin','2021-06-04 06:41:36','umadmin','TGR1_LINK_PROXY2','created_0','PROXY2',NULL,NULL,'network_zone_60b9ca52e4bdffd0','network_subzone_design_60b9ad27efd7a53d','data_center_60b9c9691385869e','route_table_60b9ca9eb0cc80a6','10.0.129.0/24','SUBNET',NULL,'insert',0,'2021-06-04 06:41:36');
INSERT INTO `history_network_subzone` (`id`, `guid`, `create_time`, `create_user`, `update_time`, `update_user`, `key_name`, `state`, `code`, `confirm_time`, `asset_id`, `network_zone`, `network_subzone_design`, `data_center`, `route_table`, `cidr`, `network_subzone_type`, `gateway_ip`, `history_action`, `history_state_confirmed`, `history_time`) VALUES (3,'network_subzone_60b9cb464ce69a07','2021-06-04 06:42:14','umadmin','2021-06-04 06:42:14','umadmin','TGR1_CORE_APP1','created_0','APP1',NULL,NULL,'network_zone_60b9ca7c60b15196','network_subzone_design_60b9ad57461efdd3','data_center_60b9b7c7793e6723','route_table_60b9cac46c3f5c5b','10.0.0.0/24','SUBNET',NULL,'insert',0,'2021-06-04 06:42:14');
INSERT INTO `history_network_subzone` (`id`, `guid`, `create_time`, `create_user`, `update_time`, `update_user`, `key_name`, `state`, `code`, `confirm_time`, `asset_id`, `network_zone`, `network_subzone_design`, `data_center`, `route_table`, `cidr`, `network_subzone_type`, `gateway_ip`, `history_action`, `history_state_confirmed`, `history_time`) VALUES (4,'network_subzone_60b9cb62e0ab22b8','2021-06-04 06:42:42','umadmin','2021-06-04 06:42:42','umadmin','TGR1_CORE_APP2','created_0','APP2',NULL,NULL,'network_zone_60b9ca7c60b15196','network_subzone_design_60b9ad57461efdd3','data_center_60b9c9691385869e','route_table_60b9cac46c3f5c5b','10.0.1.0/24','SUBNET',NULL,'insert',0,'2021-06-04 06:42:42');
INSERT INTO `history_network_subzone` (`id`, `guid`, `create_time`, `create_user`, `update_time`, `update_user`, `key_name`, `state`, `code`, `confirm_time`, `asset_id`, `network_zone`, `network_subzone_design`, `data_center`, `route_table`, `cidr`, `network_subzone_type`, `gateway_ip`, `history_action`, `history_state_confirmed`, `history_time`) VALUES (5,'network_subzone_60b9cb83624fdc6d','2021-06-04 06:43:15','umadmin','2021-06-04 06:43:15','umadmin','TGR1_CORE_DB1','created_0','DB1',NULL,NULL,'network_zone_60b9ca7c60b15196','network_subzone_design_60b9adbe59d4e11f','data_center_60b9b7c7793e6723','route_table_60b9cac46c3f5c5b','10.0.2.0/24','SUBNET',NULL,'insert',0,'2021-06-04 06:43:15');
INSERT INTO `history_network_subzone` (`id`, `guid`, `create_time`, `create_user`, `update_time`, `update_user`, `key_name`, `state`, `code`, `confirm_time`, `asset_id`, `network_zone`, `network_subzone_design`, `data_center`, `route_table`, `cidr`, `network_subzone_type`, `gateway_ip`, `history_action`, `history_state_confirmed`, `history_time`) VALUES (6,'network_subzone_60b9cb9fab705d16','2021-06-04 06:43:43','umadmin','2021-06-04 06:43:43','umadmin','TGR1_CORE_DB2','created_0','DB2',NULL,NULL,'network_zone_60b9ca7c60b15196','network_subzone_design_60b9adbe59d4e11f','data_center_60b9c9691385869e','route_table_60b9cac46c3f5c5b','10.0.3.0/24','SUBNET',NULL,'insert',0,'2021-06-04 06:43:43');
INSERT INTO `history_network_subzone` (`id`, `guid`, `create_time`, `create_user`, `update_time`, `update_user`, `key_name`, `state`, `code`, `confirm_time`, `asset_id`, `network_zone`, `network_subzone_design`, `data_center`, `route_table`, `cidr`, `network_subzone_type`, `gateway_ip`, `history_action`, `history_state_confirmed`, `history_time`) VALUES (7,'network_subzone_60b9cc9024499dcd','2021-06-04 06:47:44','umadmin','2021-06-04 06:47:44','umadmin','TGWDC_WAN_WANNET','created_0','WANNET',NULL,NULL,'network_zone_60b9cc727775c457','network_subzone_design_60b9b0d0bc697226','data_center_60b9cc04d600c1a5',NULL,'0.0.0.0/0','WANNET',NULL,'insert',0,'2021-06-04 06:47:44');
INSERT INTO `history_network_subzone` (`id`, `guid`, `create_time`, `create_user`, `update_time`, `update_user`, `key_name`, `state`, `code`, `confirm_time`, `asset_id`, `network_zone`, `network_subzone_design`, `data_center`, `route_table`, `cidr`, `network_subzone_type`, `gateway_ip`, `history_action`, `history_state_confirmed`, `history_time`) VALUES (8,'network_subzone_60b9d58514e93956','2021-06-04 07:25:57','umadmin','2021-06-04 07:25:57','umadmin','TGR1_LINK_MAPP1','created_0','MAPP1',NULL,NULL,'network_zone_60b9ca52e4bdffd0','network_subzone_design_60b9b91be3f13c6d','data_center_60b9b7c7793e6723','route_table_60b9ca9eb0cc80a6','10.0.130.0/24','SUBNET',NULL,'insert',0,'2021-06-04 07:25:57');
INSERT INTO `history_network_subzone` (`id`, `guid`, `create_time`, `create_user`, `update_time`, `update_user`, `key_name`, `state`, `code`, `confirm_time`, `asset_id`, `network_zone`, `network_subzone_design`, `data_center`, `route_table`, `cidr`, `network_subzone_type`, `gateway_ip`, `history_action`, `history_state_confirmed`, `history_time`) VALUES (9,'network_subzone_60b9d5a039ac3db5','2021-06-04 07:26:24','umadmin','2021-06-04 07:26:24','umadmin','TGR1_LINK_MAPP2','created_0','MAPP2',NULL,NULL,'network_zone_60b9ca52e4bdffd0','network_subzone_design_60b9b91be3f13c6d','data_center_60b9c9691385869e','route_table_60b9ca9eb0cc80a6','10.0.131.0/24','SUBNET',NULL,'insert',0,'2021-06-04 07:26:24');
INSERT INTO `history_network_subzone` (`id`, `guid`, `create_time`, `create_user`, `update_time`, `update_user`, `key_name`, `state`, `code`, `confirm_time`, `asset_id`, `network_zone`, `network_subzone_design`, `data_center`, `route_table`, `cidr`, `network_subzone_type`, `gateway_ip`, `history_action`, `history_state_confirmed`, `history_time`) VALUES (10,'network_subzone_60b9d81aac7c782f','2021-06-04 07:36:58','umadmin','2021-06-04 07:36:58','umadmin','TGR1_LINK_WANNET','created_0','WANNET',NULL,NULL,'network_zone_60b9ca52e4bdffd0','network_subzone_design_60b9c560fd6075ca','data_center_60b9b6b752cca4a8','route_table_60b9ca9eb0cc80a6','0.0.0.0/0','WANNET',NULL,'insert',0,'2021-06-04 07:36:58');
INSERT INTO `history_network_subzone` (`id`, `guid`, `create_time`, `create_user`, `update_time`, `update_user`, `key_name`, `state`, `code`, `confirm_time`, `asset_id`, `network_zone`, `network_subzone_design`, `data_center`, `route_table`, `cidr`, `network_subzone_type`, `gateway_ip`, `history_action`, `history_state_confirmed`, `history_time`) VALUES (11,'network_subzone_60b9cc9024499dcd','2021-06-04 06:47:44','umadmin','2021-06-04 06:47:44','umadmin','TGR1_WAN_WANNET','created_0','WANNET',NULL,'','network_zone_60b9cc727775c457','network_subzone_design_60b9b0d0bc697226','data_center_60b9cc04d600c1a5','','0.0.0.0/0','WANNET','','autofill',0,'2021-06-04 08:45:16');
INSERT INTO `history_network_subzone` (`id`, `guid`, `create_time`, `create_user`, `update_time`, `update_user`, `key_name`, `state`, `code`, `confirm_time`, `asset_id`, `network_zone`, `network_subzone_design`, `data_center`, `route_table`, `cidr`, `network_subzone_type`, `gateway_ip`, `history_action`, `history_state_confirmed`, `history_time`) VALUES (12,'network_subzone_60b9cc9024499dcd','2021-06-04 06:47:44','umadmin','2021-06-04 08:45:32','umadmin','TGR1_WAN_WANNET','created_0','WANNET',NULL,'','network_zone_60b9cc727775c457','network_subzone_design_60b9b0d0bc697226','data_center_60b9b6b752cca4a8','','0.0.0.0/0','WANNET','','update',0,'2021-06-04 08:45:32');
/*!40000 ALTER TABLE `history_network_subzone` ENABLE KEYS */;
UNLOCK TABLES;

--
-- Dumping data for table `history_network_subzone_design`
--

LOCK TABLES `history_network_subzone_design` WRITE;
/*!40000 ALTER TABLE `history_network_subzone_design` DISABLE KEYS */;
INSERT INTO `history_network_subzone_design` (`id`, `guid`, `create_time`, `create_user`, `update_time`, `update_user`, `key_name`, `state`, `code`, `confirm_time`, `name`, `network_zone_design`, `data_center_design`, `network_subzone_type`, `history_action`, `history_state_confirmed`, `history_time`, `route_table_design`) VALUES (1,'network_subzone_design_60b9ad27efd7a53d','2021-06-04 04:33:43','umadmin','2021-06-04 04:33:43','umadmin','RDC_LINK_PROXY1','added_0','PROXY1',NULL,'代理网段1','network_zone_design_60b9aaa3c865b911','data_center_design_60b9abccc9bbaf53','SUBNET','insert',0,'2021-06-04 04:33:43','');
INSERT INTO `history_network_subzone_design` (`id`, `guid`, `create_time`, `create_user`, `update_time`, `update_user`, `key_name`, `state`, `code`, `confirm_time`, `name`, `network_zone_design`, `data_center_design`, `network_subzone_type`, `history_action`, `history_state_confirmed`, `history_time`, `route_table_design`) VALUES (2,'network_subzone_design_60b9ad3eb26c2262','2021-06-04 04:34:06','umadmin','2021-06-04 04:34:06','umadmin','RDC_LINK_PROXY2','added_0','PROXY2',NULL,'代理网段2','network_zone_design_60b9aaa3c865b911','data_center_design_60b9aca134c69132','SUBNET','insert',0,'2021-06-04 04:34:06','');
INSERT INTO `history_network_subzone_design` (`id`, `guid`, `create_time`, `create_user`, `update_time`, `update_user`, `key_name`, `state`, `code`, `confirm_time`, `name`, `network_zone_design`, `data_center_design`, `network_subzone_type`, `history_action`, `history_state_confirmed`, `history_time`, `route_table_design`) VALUES (3,'network_subzone_design_60b9ad57461efdd3','2021-06-04 04:34:31','umadmin','2021-06-04 04:34:31','umadmin','RDC_CORE_APP1','added_0','APP1',NULL,'应用网段1','network_zone_design_60b9aac4a1fe3bec','data_center_design_60b9abccc9bbaf53','SUBNET','insert',0,'2021-06-04 04:34:31','');
INSERT INTO `history_network_subzone_design` (`id`, `guid`, `create_time`, `create_user`, `update_time`, `update_user`, `key_name`, `state`, `code`, `confirm_time`, `name`, `network_zone_design`, `data_center_design`, `network_subzone_type`, `history_action`, `history_state_confirmed`, `history_time`, `route_table_design`) VALUES (4,'network_subzone_design_60b9ad72298fb539','2021-06-04 04:34:58','umadmin','2021-06-04 04:34:58','umadmin','RDC_CORE_APP2','added_0','APP2',NULL,'应用网段设计2','network_zone_design_60b9aac4a1fe3bec','data_center_design_60b9aca134c69132','SUBNET','insert',0,'2021-06-04 04:34:58','');
INSERT INTO `history_network_subzone_design` (`id`, `guid`, `create_time`, `create_user`, `update_time`, `update_user`, `key_name`, `state`, `code`, `confirm_time`, `name`, `network_zone_design`, `data_center_design`, `network_subzone_type`, `history_action`, `history_state_confirmed`, `history_time`, `route_table_design`) VALUES (5,'network_subzone_design_60b9ad27efd7a53d','2021-06-04 04:33:43','umadmin','2021-06-04 04:35:06','umadmin','RDC_LINK_PROXY1','added_0','PROXY1',NULL,'代理网段设计1','network_zone_design_60b9aaa3c865b911','data_center_design_60b9abccc9bbaf53','SUBNET','update',0,'2021-06-04 04:35:06','');
INSERT INTO `history_network_subzone_design` (`id`, `guid`, `create_time`, `create_user`, `update_time`, `update_user`, `key_name`, `state`, `code`, `confirm_time`, `name`, `network_zone_design`, `data_center_design`, `network_subzone_type`, `history_action`, `history_state_confirmed`, `history_time`, `route_table_design`) VALUES (6,'network_subzone_design_60b9ad3eb26c2262','2021-06-04 04:34:06','umadmin','2021-06-04 04:35:13','umadmin','RDC_LINK_PROXY2','added_0','PROXY2',NULL,'代理网段设计2','network_zone_design_60b9aaa3c865b911','data_center_design_60b9aca134c69132','SUBNET','update',0,'2021-06-04 04:35:13','');
INSERT INTO `history_network_subzone_design` (`id`, `guid`, `create_time`, `create_user`, `update_time`, `update_user`, `key_name`, `state`, `code`, `confirm_time`, `name`, `network_zone_design`, `data_center_design`, `network_subzone_type`, `history_action`, `history_state_confirmed`, `history_time`, `route_table_design`) VALUES (7,'network_subzone_design_60b9ad57461efdd3','2021-06-04 04:34:31','umadmin','2021-06-04 04:35:20','umadmin','RDC_CORE_APP1','added_0','APP1',NULL,'应用网段设计1','network_zone_design_60b9aac4a1fe3bec','data_center_design_60b9abccc9bbaf53','SUBNET','update',0,'2021-06-04 04:35:20','');
INSERT INTO `history_network_subzone_design` (`id`, `guid`, `create_time`, `create_user`, `update_time`, `update_user`, `key_name`, `state`, `code`, `confirm_time`, `name`, `network_zone_design`, `data_center_design`, `network_subzone_type`, `history_action`, `history_state_confirmed`, `history_time`, `route_table_design`) VALUES (8,'network_subzone_design_60b9adbe59d4e11f','2021-06-04 04:36:14','umadmin','2021-06-04 04:36:14','umadmin','RDC_CORE_RDB1','added_0','RDB1',NULL,'数据库网段设计1','network_zone_design_60b9aac4a1fe3bec','data_center_design_60b9abccc9bbaf53','SUBNET','insert',0,'2021-06-04 04:36:14','');
INSERT INTO `history_network_subzone_design` (`id`, `guid`, `create_time`, `create_user`, `update_time`, `update_user`, `key_name`, `state`, `code`, `confirm_time`, `name`, `network_zone_design`, `data_center_design`, `network_subzone_type`, `history_action`, `history_state_confirmed`, `history_time`, `route_table_design`) VALUES (9,'network_subzone_design_60b9add20dec3fd1','2021-06-04 04:36:34','umadmin','2021-06-04 04:36:34','umadmin','RDC_CORE_RDB2','added_0','RDB2',NULL,'数据库网段设计2','network_zone_design_60b9aac4a1fe3bec','data_center_design_60b9aca134c69132','SUBNET','insert',0,'2021-06-04 04:36:34','');
INSERT INTO `history_network_subzone_design` (`id`, `guid`, `create_time`, `create_user`, `update_time`, `update_user`, `key_name`, `state`, `code`, `confirm_time`, `name`, `network_zone_design`, `data_center_design`, `network_subzone_type`, `history_action`, `history_state_confirmed`, `history_time`, `route_table_design`) VALUES (10,'network_subzone_design_60b9adbe59d4e11f','2021-06-04 04:36:14','umadmin','2021-06-04 04:36:57','umadmin','RDC_CORE_DB1','added_0','DB1',NULL,'数据库网段设计1','network_zone_design_60b9aac4a1fe3bec','data_center_design_60b9abccc9bbaf53','SUBNET','update',0,'2021-06-04 04:36:57','');
INSERT INTO `history_network_subzone_design` (`id`, `guid`, `create_time`, `create_user`, `update_time`, `update_user`, `key_name`, `state`, `code`, `confirm_time`, `name`, `network_zone_design`, `data_center_design`, `network_subzone_type`, `history_action`, `history_state_confirmed`, `history_time`, `route_table_design`) VALUES (11,'network_subzone_design_60b9add20dec3fd1','2021-06-04 04:36:34','umadmin','2021-06-04 04:37:03','umadmin','RDC_CORE_DB2','added_0','DB2',NULL,'数据库网段设计2','network_zone_design_60b9aac4a1fe3bec','data_center_design_60b9aca134c69132','SUBNET','update',0,'2021-06-04 04:37:03','');
INSERT INTO `history_network_subzone_design` (`id`, `guid`, `create_time`, `create_user`, `update_time`, `update_user`, `key_name`, `state`, `code`, `confirm_time`, `name`, `network_zone_design`, `data_center_design`, `network_subzone_type`, `history_action`, `history_state_confirmed`, `history_time`, `route_table_design`) VALUES (12,'network_subzone_design_60b9b0d0bc697226','2021-06-04 04:49:20','umadmin','2021-06-04 04:49:20','umadmin','WDC_WAN_WANNET','added_0','WANNET',NULL,'互联网网段设计','network_zone_design_60b9b0a8f578f44d','','WANNET','insert',0,'2021-06-04 04:49:20','');
INSERT INTO `history_network_subzone_design` (`id`, `guid`, `create_time`, `create_user`, `update_time`, `update_user`, `key_name`, `state`, `code`, `confirm_time`, `name`, `network_zone_design`, `data_center_design`, `network_subzone_type`, `history_action`, `history_state_confirmed`, `history_time`, `route_table_design`) VALUES (13,'network_subzone_design_60b9ad27efd7a53d','2021-06-04 04:33:43','umadmin','2021-06-04 04:57:46','umadmin','RDC_LINK_PROXY1','added_0','PROXY1',NULL,'代理网段设计1','network_zone_design_60b9aaa3c865b911','data_center_design_60b9abccc9bbaf53','SUBNET','update',0,'2021-06-04 04:57:46','route_table_design_60b9ab282f6baea0');
INSERT INTO `history_network_subzone_design` (`id`, `guid`, `create_time`, `create_user`, `update_time`, `update_user`, `key_name`, `state`, `code`, `confirm_time`, `name`, `network_zone_design`, `data_center_design`, `network_subzone_type`, `history_action`, `history_state_confirmed`, `history_time`, `route_table_design`) VALUES (14,'network_subzone_design_60b9ad3eb26c2262','2021-06-04 04:34:06','umadmin','2021-06-04 04:57:53','umadmin','RDC_LINK_PROXY2','added_0','PROXY2',NULL,'代理网段设计2','network_zone_design_60b9aaa3c865b911','data_center_design_60b9aca134c69132','SUBNET','update',0,'2021-06-04 04:57:53','route_table_design_60b9ab282f6baea0');
INSERT INTO `history_network_subzone_design` (`id`, `guid`, `create_time`, `create_user`, `update_time`, `update_user`, `key_name`, `state`, `code`, `confirm_time`, `name`, `network_zone_design`, `data_center_design`, `network_subzone_type`, `history_action`, `history_state_confirmed`, `history_time`, `route_table_design`) VALUES (15,'network_subzone_design_60b9ad57461efdd3','2021-06-04 04:34:31','umadmin','2021-06-04 04:58:03','umadmin','RDC_CORE_APP1','added_0','APP1',NULL,'应用网段设计1','network_zone_design_60b9aac4a1fe3bec','data_center_design_60b9abccc9bbaf53','SUBNET','update',0,'2021-06-04 04:58:03','route_table_design_60b9aaf04bab153e');
INSERT INTO `history_network_subzone_design` (`id`, `guid`, `create_time`, `create_user`, `update_time`, `update_user`, `key_name`, `state`, `code`, `confirm_time`, `name`, `network_zone_design`, `data_center_design`, `network_subzone_type`, `history_action`, `history_state_confirmed`, `history_time`, `route_table_design`) VALUES (16,'network_subzone_design_60b9ad72298fb539','2021-06-04 04:34:58','umadmin','2021-06-04 04:58:09','umadmin','RDC_CORE_APP2','added_0','APP2',NULL,'应用网段设计2','network_zone_design_60b9aac4a1fe3bec','data_center_design_60b9aca134c69132','SUBNET','update',0,'2021-06-04 04:58:09','route_table_design_60b9aaf04bab153e');
INSERT INTO `history_network_subzone_design` (`id`, `guid`, `create_time`, `create_user`, `update_time`, `update_user`, `key_name`, `state`, `code`, `confirm_time`, `name`, `network_zone_design`, `data_center_design`, `network_subzone_type`, `history_action`, `history_state_confirmed`, `history_time`, `route_table_design`) VALUES (17,'network_subzone_design_60b9adbe59d4e11f','2021-06-04 04:36:14','umadmin','2021-06-04 04:58:14','umadmin','RDC_CORE_DB1','added_0','DB1',NULL,'数据库网段设计1','network_zone_design_60b9aac4a1fe3bec','data_center_design_60b9abccc9bbaf53','SUBNET','update',0,'2021-06-04 04:58:14','route_table_design_60b9aaf04bab153e');
INSERT INTO `history_network_subzone_design` (`id`, `guid`, `create_time`, `create_user`, `update_time`, `update_user`, `key_name`, `state`, `code`, `confirm_time`, `name`, `network_zone_design`, `data_center_design`, `network_subzone_type`, `history_action`, `history_state_confirmed`, `history_time`, `route_table_design`) VALUES (18,'network_subzone_design_60b9add20dec3fd1','2021-06-04 04:36:34','umadmin','2021-06-04 04:58:20','umadmin','RDC_CORE_DB2','added_0','DB2',NULL,'数据库网段设计2','network_zone_design_60b9aac4a1fe3bec','data_center_design_60b9aca134c69132','SUBNET','update',0,'2021-06-04 04:58:20','route_table_design_60b9aaf04bab153e');
INSERT INTO `history_network_subzone_design` (`id`, `guid`, `create_time`, `create_user`, `update_time`, `update_user`, `key_name`, `state`, `code`, `confirm_time`, `name`, `network_zone_design`, `data_center_design`, `network_subzone_type`, `history_action`, `history_state_confirmed`, `history_time`, `route_table_design`) VALUES (19,'network_subzone_design_60b9b91be3f13c6d','2021-06-04 05:24:43','umadmin','2021-06-04 05:24:43','umadmin','RDC_LINK_MAPP','added_0','MAPP',NULL,'关联应用网段设计','network_zone_design_60b9aaa3c865b911','data_center_design_60b9abccc9bbaf53','SUBNET','insert',0,'2021-06-04 05:24:43','route_table_design_60b9ab282f6baea0');
INSERT INTO `history_network_subzone_design` (`id`, `guid`, `create_time`, `create_user`, `update_time`, `update_user`, `key_name`, `state`, `code`, `confirm_time`, `name`, `network_zone_design`, `data_center_design`, `network_subzone_type`, `history_action`, `history_state_confirmed`, `history_time`, `route_table_design`) VALUES (20,'network_subzone_design_60b9b91be3f13c6d','2021-06-04 05:24:43','umadmin','2021-06-04 05:24:55','umadmin','RDC_LINK_MAPP1','added_0','MAPP1',NULL,'关联应用网段设计1','network_zone_design_60b9aaa3c865b911','data_center_design_60b9abccc9bbaf53','SUBNET','update',0,'2021-06-04 05:24:55','route_table_design_60b9ab282f6baea0');
INSERT INTO `history_network_subzone_design` (`id`, `guid`, `create_time`, `create_user`, `update_time`, `update_user`, `key_name`, `state`, `code`, `confirm_time`, `name`, `network_zone_design`, `data_center_design`, `network_subzone_type`, `history_action`, `history_state_confirmed`, `history_time`, `route_table_design`) VALUES (21,'network_subzone_design_60b9b962b12a2059','2021-06-04 05:25:54','umadmin','2021-06-04 05:25:54','umadmin','RDC_LINK_MAPP2','added_0','MAPP2',NULL,'管理应用网段设计2','network_zone_design_60b9aaa3c865b911','data_center_design_60b9aca134c69132','SUBNET','insert',0,'2021-06-04 05:25:54','route_table_design_60b9ab282f6baea0');
INSERT INTO `history_network_subzone_design` (`id`, `guid`, `create_time`, `create_user`, `update_time`, `update_user`, `key_name`, `state`, `code`, `confirm_time`, `name`, `network_zone_design`, `data_center_design`, `network_subzone_type`, `history_action`, `history_state_confirmed`, `history_time`, `route_table_design`) VALUES (22,'network_subzone_design_60b9ad72298fb539','2021-06-04 04:34:58','umadmin','2021-06-04 04:58:09','umadmin','RDC_CORE_APP2','null_0','APP2',NULL,'应用网段设计2','network_zone_design_60b9aac4a1fe3bec','data_center_design_60b9aca134c69132','SUBNET','delete',0,'2021-06-04 06:08:57','route_table_design_60b9aaf04bab153e');
INSERT INTO `history_network_subzone_design` (`id`, `guid`, `create_time`, `create_user`, `update_time`, `update_user`, `key_name`, `state`, `code`, `confirm_time`, `name`, `network_zone_design`, `data_center_design`, `network_subzone_type`, `history_action`, `history_state_confirmed`, `history_time`, `route_table_design`) VALUES (23,'network_subzone_design_60b9add20dec3fd1','2021-06-04 04:36:34','umadmin','2021-06-04 04:58:20','umadmin','RDC_CORE_DB2','null_0','DB2',NULL,'数据库网段设计2','network_zone_design_60b9aac4a1fe3bec','data_center_design_60b9aca134c69132','SUBNET','delete',0,'2021-06-04 06:09:03','route_table_design_60b9aaf04bab153e');
INSERT INTO `history_network_subzone_design` (`id`, `guid`, `create_time`, `create_user`, `update_time`, `update_user`, `key_name`, `state`, `code`, `confirm_time`, `name`, `network_zone_design`, `data_center_design`, `network_subzone_type`, `history_action`, `history_state_confirmed`, `history_time`, `route_table_design`) VALUES (24,'network_subzone_design_60b9b962b12a2059','2021-06-04 05:25:54','umadmin','2021-06-04 05:25:54','umadmin','RDC_LINK_MAPP2','null_0','MAPP2',NULL,'管理应用网段设计2','network_zone_design_60b9aaa3c865b911','data_center_design_60b9aca134c69132','SUBNET','delete',0,'2021-06-04 06:09:09','route_table_design_60b9ab282f6baea0');
INSERT INTO `history_network_subzone_design` (`id`, `guid`, `create_time`, `create_user`, `update_time`, `update_user`, `key_name`, `state`, `code`, `confirm_time`, `name`, `network_zone_design`, `data_center_design`, `network_subzone_type`, `history_action`, `history_state_confirmed`, `history_time`, `route_table_design`) VALUES (25,'network_subzone_design_60b9ad3eb26c2262','2021-06-04 04:34:06','umadmin','2021-06-04 04:57:53','umadmin','RDC_LINK_PROXY2','null_0','PROXY2',NULL,'代理网段设计2','network_zone_design_60b9aaa3c865b911','data_center_design_60b9aca134c69132','SUBNET','delete',0,'2021-06-04 06:09:14','route_table_design_60b9ab282f6baea0');
INSERT INTO `history_network_subzone_design` (`id`, `guid`, `create_time`, `create_user`, `update_time`, `update_user`, `key_name`, `state`, `code`, `confirm_time`, `name`, `network_zone_design`, `data_center_design`, `network_subzone_type`, `history_action`, `history_state_confirmed`, `history_time`, `route_table_design`) VALUES (26,'network_subzone_design_60b9ad27efd7a53d','2021-06-04 04:33:43','umadmin','2021-06-04 06:11:29','umadmin','RDC_LINK_PROXY','added_0','PROXY',NULL,'代理网段设计','network_zone_design_60b9aaa3c865b911','data_center_design_60b9abccc9bbaf53','SUBNET','update',0,'2021-06-04 06:11:29','route_table_design_60b9ab282f6baea0');
INSERT INTO `history_network_subzone_design` (`id`, `guid`, `create_time`, `create_user`, `update_time`, `update_user`, `key_name`, `state`, `code`, `confirm_time`, `name`, `network_zone_design`, `data_center_design`, `network_subzone_type`, `history_action`, `history_state_confirmed`, `history_time`, `route_table_design`) VALUES (27,'network_subzone_design_60b9b91be3f13c6d','2021-06-04 05:24:43','umadmin','2021-06-04 06:11:45','umadmin','RDC_LINK_MAPP','added_0','MAPP',NULL,'管理应用网段设计','network_zone_design_60b9aaa3c865b911','data_center_design_60b9abccc9bbaf53','SUBNET','update',0,'2021-06-04 06:11:45','route_table_design_60b9ab282f6baea0');
INSERT INTO `history_network_subzone_design` (`id`, `guid`, `create_time`, `create_user`, `update_time`, `update_user`, `key_name`, `state`, `code`, `confirm_time`, `name`, `network_zone_design`, `data_center_design`, `network_subzone_type`, `history_action`, `history_state_confirmed`, `history_time`, `route_table_design`) VALUES (28,'network_subzone_design_60b9ad57461efdd3','2021-06-04 04:34:31','umadmin','2021-06-04 06:11:53','umadmin','RDC_CORE_APP','added_0','APP',NULL,'应用网段设计','network_zone_design_60b9aac4a1fe3bec','data_center_design_60b9abccc9bbaf53','SUBNET','update',0,'2021-06-04 06:11:53','route_table_design_60b9aaf04bab153e');
INSERT INTO `history_network_subzone_design` (`id`, `guid`, `create_time`, `create_user`, `update_time`, `update_user`, `key_name`, `state`, `code`, `confirm_time`, `name`, `network_zone_design`, `data_center_design`, `network_subzone_type`, `history_action`, `history_state_confirmed`, `history_time`, `route_table_design`) VALUES (29,'network_subzone_design_60b9adbe59d4e11f','2021-06-04 04:36:14','umadmin','2021-06-04 06:11:59','umadmin','RDC_CORE_DB','added_0','DB',NULL,'数据库网段设计','network_zone_design_60b9aac4a1fe3bec','data_center_design_60b9abccc9bbaf53','SUBNET','update',0,'2021-06-04 06:11:59','route_table_design_60b9aaf04bab153e');
INSERT INTO `history_network_subzone_design` (`id`, `guid`, `create_time`, `create_user`, `update_time`, `update_user`, `key_name`, `state`, `code`, `confirm_time`, `name`, `network_zone_design`, `data_center_design`, `network_subzone_type`, `history_action`, `history_state_confirmed`, `history_time`, `route_table_design`) VALUES (30,'network_subzone_design_60b9c560fd6075ca','2021-06-04 06:17:04','umadmin','2021-06-04 06:17:04','umadmin','RDC_LINK_WANNET','added_0','WANNET',NULL,'互联网IP','network_zone_design_60b9aaa3c865b911','data_center_design_60b9abccc9bbaf53','WANNET','insert',0,'2021-06-04 06:17:04','');
INSERT INTO `history_network_subzone_design` (`id`, `guid`, `create_time`, `create_user`, `update_time`, `update_user`, `key_name`, `state`, `code`, `confirm_time`, `name`, `network_zone_design`, `data_center_design`, `network_subzone_type`, `history_action`, `history_state_confirmed`, `history_time`, `route_table_design`) VALUES (31,'network_subzone_design_60b9b0d0bc697226','2021-06-04 04:49:20','umadmin','2021-06-04 04:49:20','umadmin','RDC_WAN_WANNET','added_0','WANNET',NULL,'互联网网段设计','network_zone_design_60b9b0a8f578f44d','','WANNET','autofill',0,'2021-06-04 08:44:41','');
/*!40000 ALTER TABLE `history_network_subzone_design` ENABLE KEYS */;
UNLOCK TABLES;

--
-- Dumping data for table `history_network_zone`
--

LOCK TABLES `history_network_zone` WRITE;
/*!40000 ALTER TABLE `history_network_zone` DISABLE KEYS */;
INSERT INTO `history_network_zone` (`id`, `guid`, `create_time`, `create_user`, `update_time`, `update_user`, `key_name`, `state`, `code`, `confirm_time`, `asset_id`, `data_center`, `network_zone_design`, `cidr`, `network_zone_type`, `history_action`, `history_state_confirmed`, `history_time`) VALUES (1,'network_zone_60b9ca52e4bdffd0','2021-06-04 06:38:10','umadmin','2021-06-04 06:38:10','umadmin','TGR1_LINK','created_0','LINK',NULL,NULL,'data_center_60b9b6b752cca4a8','network_zone_design_60b9aaa3c865b911','10.0.128.0/20','VPC','insert',0,'2021-06-04 06:38:10');
INSERT INTO `history_network_zone` (`id`, `guid`, `create_time`, `create_user`, `update_time`, `update_user`, `key_name`, `state`, `code`, `confirm_time`, `asset_id`, `data_center`, `network_zone_design`, `cidr`, `network_zone_type`, `history_action`, `history_state_confirmed`, `history_time`) VALUES (2,'network_zone_60b9ca7c60b15196','2021-06-04 06:38:52','umadmin','2021-06-04 06:38:52','umadmin','TGR1_CORE','created_0','CORE',NULL,NULL,'data_center_60b9b6b752cca4a8','network_zone_design_60b9aac4a1fe3bec','10.0.0.0/20','VPC','insert',0,'2021-06-04 06:38:52');
INSERT INTO `history_network_zone` (`id`, `guid`, `create_time`, `create_user`, `update_time`, `update_user`, `key_name`, `state`, `code`, `confirm_time`, `asset_id`, `data_center`, `network_zone_design`, `cidr`, `network_zone_type`, `history_action`, `history_state_confirmed`, `history_time`) VALUES (3,'network_zone_60b9cc727775c457','2021-06-04 06:47:14','umadmin','2021-06-04 06:47:14','umadmin','TGWDC_WAN','created_0','WAN',NULL,NULL,'data_center_60b9cc04d600c1a5','network_zone_design_60b9b0a8f578f44d','0.0.0.0/0','WAN','insert',0,'2021-06-04 06:47:14');
INSERT INTO `history_network_zone` (`id`, `guid`, `create_time`, `create_user`, `update_time`, `update_user`, `key_name`, `state`, `code`, `confirm_time`, `asset_id`, `data_center`, `network_zone_design`, `cidr`, `network_zone_type`, `history_action`, `history_state_confirmed`, `history_time`) VALUES (4,'network_zone_60b9cc727775c457','2021-06-04 06:47:14','umadmin','2021-06-04 08:45:16','umadmin','TGR1_WAN','created_0','WAN',NULL,'','data_center_60b9b6b752cca4a8','network_zone_design_60b9b0a8f578f44d','0.0.0.0/0','WAN','update',0,'2021-06-04 08:45:16');
INSERT INTO `history_network_zone` (`id`, `guid`, `create_time`, `create_user`, `update_time`, `update_user`, `key_name`, `state`, `code`, `confirm_time`, `asset_id`, `data_center`, `network_zone_design`, `cidr`, `network_zone_type`, `history_action`, `history_state_confirmed`, `history_time`) VALUES (5,'network_zone_60b9ca52e4bdffd0','2021-06-04 06:38:10','umadmin','2021-06-07 01:48:52','wecube','TGR1_LINK','created_0','LINK',NULL,'vpc-bh1f0zqm','data_center_60b9b6b752cca4a8','network_zone_design_60b9aaa3c865b911','10.0.128.0/20','VPC','update',0,'2021-06-07 01:48:52');
INSERT INTO `history_network_zone` (`id`, `guid`, `create_time`, `create_user`, `update_time`, `update_user`, `key_name`, `state`, `code`, `confirm_time`, `asset_id`, `data_center`, `network_zone_design`, `cidr`, `network_zone_type`, `history_action`, `history_state_confirmed`, `history_time`) VALUES (6,'network_zone_60b9ca52e4bdffd0','2021-06-04 06:38:10','umadmin','2021-06-07 01:48:52','wecube','TGR1_LINK','created_0','LINK',NULL,'vpc-bh1f0zqm','data_center_60b9b6b752cca4a8','network_zone_design_60b9aaa3c865b911','10.0.128.0/20','VPC','update',0,'2021-06-07 01:48:52');
INSERT INTO `history_network_zone` (`id`, `guid`, `create_time`, `create_user`, `update_time`, `update_user`, `key_name`, `state`, `code`, `confirm_time`, `asset_id`, `data_center`, `network_zone_design`, `cidr`, `network_zone_type`, `history_action`, `history_state_confirmed`, `history_time`) VALUES (7,'network_zone_60b9ca7c60b15196','2021-06-04 06:38:52','umadmin','2021-06-07 01:48:52','wecube','TGR1_CORE','created_0','CORE',NULL,'vpc-bh0b5288','data_center_60b9b6b752cca4a8','network_zone_design_60b9aac4a1fe3bec','10.0.0.0/20','VPC','update',0,'2021-06-07 01:48:52');
INSERT INTO `history_network_zone` (`id`, `guid`, `create_time`, `create_user`, `update_time`, `update_user`, `key_name`, `state`, `code`, `confirm_time`, `asset_id`, `data_center`, `network_zone_design`, `cidr`, `network_zone_type`, `history_action`, `history_state_confirmed`, `history_time`) VALUES (8,'network_zone_60b9ca7c60b15196','2021-06-04 06:38:52','umadmin','2021-06-07 01:48:52','wecube','TGR1_CORE','created_0','CORE',NULL,'vpc-bh0b5288','data_center_60b9b6b752cca4a8','network_zone_design_60b9aac4a1fe3bec','10.0.0.0/20','VPC','update',0,'2021-06-07 01:48:52');
INSERT INTO `history_network_zone` (`id`, `guid`, `create_time`, `create_user`, `update_time`, `update_user`, `key_name`, `state`, `code`, `confirm_time`, `asset_id`, `data_center`, `network_zone_design`, `cidr`, `network_zone_type`, `history_action`, `history_state_confirmed`, `history_time`) VALUES (9,'network_zone_60b9ca52e4bdffd0','2021-06-04 06:38:10','umadmin','2021-06-08 03:21:55','umadmin','TGR1_LINK','created_0','LINK',NULL,'','data_center_60b9b6b752cca4a8','network_zone_design_60b9aaa3c865b911','10.0.128.0/20','VPC','update',0,'2021-06-08 03:21:55');
INSERT INTO `history_network_zone` (`id`, `guid`, `create_time`, `create_user`, `update_time`, `update_user`, `key_name`, `state`, `code`, `confirm_time`, `asset_id`, `data_center`, `network_zone_design`, `cidr`, `network_zone_type`, `history_action`, `history_state_confirmed`, `history_time`) VALUES (10,'network_zone_60b9ca7c60b15196','2021-06-04 06:38:52','umadmin','2021-06-08 03:21:55','umadmin','TGR1_CORE','created_0','CORE',NULL,'','data_center_60b9b6b752cca4a8','network_zone_design_60b9aac4a1fe3bec','10.0.0.0/20','VPC','update',0,'2021-06-08 03:21:55');
/*!40000 ALTER TABLE `history_network_zone` ENABLE KEYS */;
UNLOCK TABLES;

--
-- Dumping data for table `history_network_zone_design`
--

LOCK TABLES `history_network_zone_design` WRITE;
/*!40000 ALTER TABLE `history_network_zone_design` DISABLE KEYS */;
INSERT INTO `history_network_zone_design` (`id`, `guid`, `create_time`, `create_user`, `update_time`, `update_user`, `key_name`, `state`, `code`, `confirm_time`, `name`, `data_center_design`, `network_zone_type`, `history_action`, `history_state_confirmed`, `history_time`) VALUES (1,'network_zone_design_60b9aaa3c865b911','2021-06-04 04:22:59','umadmin','2021-06-04 04:22:59','umadmin','RDC_LINK','added_0','LINK',NULL,'连接区','data_center_design_60b9aa42f3507a27','VPC','insert',0,'2021-06-04 04:22:59');
INSERT INTO `history_network_zone_design` (`id`, `guid`, `create_time`, `create_user`, `update_time`, `update_user`, `key_name`, `state`, `code`, `confirm_time`, `name`, `data_center_design`, `network_zone_type`, `history_action`, `history_state_confirmed`, `history_time`) VALUES (2,'network_zone_design_60b9aac4a1fe3bec','2021-06-04 04:23:32','umadmin','2021-06-04 04:23:32','umadmin','RDC_CORE','added_0','CORE',NULL,'核心区','data_center_design_60b9aa42f3507a27','VPC','insert',0,'2021-06-04 04:23:32');
INSERT INTO `history_network_zone_design` (`id`, `guid`, `create_time`, `create_user`, `update_time`, `update_user`, `key_name`, `state`, `code`, `confirm_time`, `name`, `data_center_design`, `network_zone_type`, `history_action`, `history_state_confirmed`, `history_time`) VALUES (3,'network_zone_design_60b9b0a8f578f44d','2021-06-04 04:48:40','umadmin','2021-06-04 04:48:40','umadmin','WDC_WAN','added_0','WAN',NULL,'互联网区域','data_center_design_60b9b08ef60a67d7','WAN','insert',0,'2021-06-04 04:48:40');
INSERT INTO `history_network_zone_design` (`id`, `guid`, `create_time`, `create_user`, `update_time`, `update_user`, `key_name`, `state`, `code`, `confirm_time`, `name`, `data_center_design`, `network_zone_type`, `history_action`, `history_state_confirmed`, `history_time`) VALUES (4,'network_zone_design_60b9b0a8f578f44d','2021-06-04 04:48:40','umadmin','2021-06-04 08:44:41','umadmin','RDC_WAN','added_0','WAN',NULL,'互联网区域','data_center_design_60b9aa42f3507a27','WAN','update',0,'2021-06-04 08:44:41');
/*!40000 ALTER TABLE `history_network_zone_design` ENABLE KEYS */;
UNLOCK TABLES;

--
-- Dumping data for table `history_rdb_instance`
--

LOCK TABLES `history_rdb_instance` WRITE;
/*!40000 ALTER TABLE `history_rdb_instance` DISABLE KEYS */;
INSERT INTO `history_rdb_instance` (`id`, `guid`, `create_time`, `create_user`, `update_time`, `update_user`, `key_name`, `state`, `code`, `confirm_time`, `asset_id`, `name`, `unit`, `rdb_resource`, `cpu`, `memory`, `storage`, `deploy_package`, `deploy_package_url`, `deploy_user`, `deploy_user_password`, `variable_values`, `port`, `deploy_backup_asset_id`, `history_action`, `history_state_confirmed`, `history_time`) VALUES (1,'rdb_instance_60b9fe70db33d00b','2021-06-04 10:20:32','umadmin','2021-06-04 10:20:32','umadmin','PRD_UM_AUTH_MYSQL_umdb(MASTER)','created_0','umdb(MASTER)',NULL,NULL,'umdb','unit_60b9fe47899160b7','rdb_resource_60b9e01f7a49140c','1','1','10',NULL,NULL,'umdbuser','',NULL,'3306','','insert',0,'2021-06-04 10:20:32');
INSERT INTO `history_rdb_instance` (`id`, `guid`, `create_time`, `create_user`, `update_time`, `update_user`, `key_name`, `state`, `code`, `confirm_time`, `asset_id`, `name`, `unit`, `rdb_resource`, `cpu`, `memory`, `storage`, `deploy_package`, `deploy_package_url`, `deploy_user`, `deploy_user_password`, `variable_values`, `port`, `deploy_backup_asset_id`, `history_action`, `history_state_confirmed`, `history_time`) VALUES (2,'rdb_instance_60ba01878db2a5ed','2021-06-04 10:33:43','umadmin','2021-06-04 10:33:43','umadmin','PRD_DEMO_CORE_MYSQL_demodb(MASTER)','created_0','demodb(MASTER)',NULL,NULL,'demodb','unit_60b9ff33777f4e6e','rdb_resource_60b9e01f7a49140c','1','1','10',NULL,NULL,'demedbuser','',NULL,'3306','','insert',0,'2021-06-04 10:33:43');
/*!40000 ALTER TABLE `history_rdb_instance` ENABLE KEYS */;
UNLOCK TABLES;

--
-- Dumping data for table `history_rdb_resource`
--

LOCK TABLES `history_rdb_resource` WRITE;
/*!40000 ALTER TABLE `history_rdb_resource` DISABLE KEYS */;
INSERT INTO `history_rdb_resource` (`id`, `guid`, `create_time`, `create_user`, `update_time`, `update_user`, `key_name`, `state`, `code`, `confirm_time`, `asset_id`, `name`, `resource_set`, `resource_type`, `resource_system`, `cluster_node_type`, `master_rdb_resource`, `network_subzone`, `ip_address`, `cpu`, `memory`, `storage_type`, `storage`, `charge_type`, `billing_cycle`, `end_date`, `root_user_name`, `root_user_password`, `login_port`, `monitor_port`, `monitor_object_id`, `backup_rule`, `backup_policy_asset_id`, `backup_asset_id`, `history_action`, `history_state_confirmed`, `history_time`, `security_groups`, `resource_spec`) VALUES (1,'rdb_resource_60b9e01f7a49140c','2021-06-04 08:11:11','umadmin','2021-06-04 08:11:11','umadmin','TGR1_SF_MSQL__mysql01[]MASTER','created_0','mysql01[]MASTER',NULL,'','mysql01','resource_set_60b9d908179df27c','ONE','MYSQL5.6','MASTER','','network_subzone_60b9cb83624fdc6d','','','','EFFICIENCY','20','POSTPAID','',NULL,'root','','3306','3306','','','','','insert',0,'2021-06-04 08:11:11',',','1C2G');
INSERT INTO `history_rdb_resource` (`id`, `guid`, `create_time`, `create_user`, `update_time`, `update_user`, `key_name`, `state`, `code`, `confirm_time`, `asset_id`, `name`, `resource_set`, `resource_type`, `resource_system`, `cluster_node_type`, `master_rdb_resource`, `network_subzone`, `ip_address`, `cpu`, `memory`, `storage_type`, `storage`, `charge_type`, `billing_cycle`, `end_date`, `root_user_name`, `root_user_password`, `login_port`, `monitor_port`, `monitor_object_id`, `backup_rule`, `backup_policy_asset_id`, `backup_asset_id`, `history_action`, `history_state_confirmed`, `history_time`, `security_groups`, `resource_spec`) VALUES (2,'rdb_resource_60b9e01f7a49140c','2021-06-04 08:11:11','umadmin','2021-06-04 08:11:11','umadmin','TGR1_SF_MYSQL__mysql01[]MASTER','created_0','mysql01[]MASTER',NULL,'','mysql01','resource_set_60b9d908179df27c','ONE','MYSQL5.6','MASTER','','network_subzone_60b9cb83624fdc6d','','','','EFFICIENCY','20','POSTPAID','',NULL,'root','','3306','3306','','','','','autofill',0,'2021-06-04 09:22:22',',','1C2G');
INSERT INTO `history_rdb_resource` (`id`, `guid`, `create_time`, `create_user`, `update_time`, `update_user`, `key_name`, `state`, `code`, `confirm_time`, `asset_id`, `name`, `resource_set`, `resource_type`, `resource_system`, `cluster_node_type`, `master_rdb_resource`, `network_subzone`, `ip_address`, `cpu`, `memory`, `storage_type`, `storage`, `charge_type`, `billing_cycle`, `end_date`, `root_user_name`, `root_user_password`, `login_port`, `monitor_port`, `monitor_object_id`, `backup_rule`, `backup_policy_asset_id`, `backup_asset_id`, `history_action`, `history_state_confirmed`, `history_time`, `security_groups`, `resource_spec`) VALUES (3,'rdb_resource_60b9e01f7a49140c','2021-06-04 08:11:11','umadmin','2021-06-09 12:40:41','umadmin','TGR1_SF_MYSQL__mysql01[]MASTER','created_0','mysql01[]MASTER',NULL,'','mysql01','resource_set_60b9d908179df27c','ONE','MYSQL5.6','MASTER','','network_subzone_60b9cb83624fdc6d','','','','EFFICIENCY','20','POSTPAID','','2021-06-09 12:40:41','root','Abcd1234','3306','3306','','','','','update',0,'2021-06-09 12:40:41','[,,,]','1C2G');
/*!40000 ALTER TABLE `history_rdb_resource` ENABLE KEYS */;
UNLOCK TABLES;

--
-- Dumping data for table `history_resource_set`
--

LOCK TABLES `history_resource_set` WRITE;
/*!40000 ALTER TABLE `history_resource_set` DISABLE KEYS */;
INSERT INTO `history_resource_set` (`id`, `guid`, `create_time`, `create_user`, `update_time`, `update_user`, `key_name`, `state`, `code`, `confirm_time`, `asset_id`, `name`, `security_zone`, `unit_type`, `resource_set_design`, `resource_cat`, `basic_security_group`, `history_action`, `history_state_confirmed`, `history_time`) VALUES (1,'resource_set_60b9d40e7dea345c','2021-06-04 07:19:42','umadmin','2021-06-04 07:19:42','umadmin','TGR1_DMZ_NGINX','created_0','NGINX',NULL,NULL,'NGINX','security_zone_60b9d30f465d3bf3','NGINX','resource_set_design_60b9c5002e95c475','HOST','basic_security_group_60b9d3700e528624','insert',0,'2021-06-04 07:19:42');
INSERT INTO `history_resource_set` (`id`, `guid`, `create_time`, `create_user`, `update_time`, `update_user`, `key_name`, `state`, `code`, `confirm_time`, `asset_id`, `name`, `security_zone`, `unit_type`, `resource_set_design`, `resource_cat`, `basic_security_group`, `history_action`, `history_state_confirmed`, `history_time`) VALUES (2,'resource_set_60b9d8ad61239c75','2021-06-04 07:39:25','umadmin','2021-06-04 07:39:25','umadmin','TGR1_DMZ_suggest#','created_0','suggest#',NULL,'','ELB','security_zone_60b9d30f465d3bf3','CLB','resource_set_design_60b9c5eebfaa867f','LB','basic_security_group_60b9d3c4862297dc','insert',0,'2021-06-04 07:39:25');
INSERT INTO `history_resource_set` (`id`, `guid`, `create_time`, `create_user`, `update_time`, `update_user`, `key_name`, `state`, `code`, `confirm_time`, `asset_id`, `name`, `security_zone`, `unit_type`, `resource_set_design`, `resource_cat`, `basic_security_group`, `history_action`, `history_state_confirmed`, `history_time`) VALUES (3,'resource_set_60b9d908105a0b30','2021-06-04 07:40:56','umadmin','2021-06-04 07:40:56','umadmin','TGR1_SF_suggest#','created_0','suggest#',NULL,NULL,'APP','security_zone_60b9d354f03dd37c','APP','resource_set_design_60b9c7bd06431788','HOST','basic_security_group_60b9d381f96658f0','insert',0,'2021-06-04 07:40:56');
INSERT INTO `history_resource_set` (`id`, `guid`, `create_time`, `create_user`, `update_time`, `update_user`, `key_name`, `state`, `code`, `confirm_time`, `asset_id`, `name`, `security_zone`, `unit_type`, `resource_set_design`, `resource_cat`, `basic_security_group`, `history_action`, `history_state_confirmed`, `history_time`) VALUES (4,'resource_set_60b9d908179df27c','2021-06-04 07:40:56','umadmin','2021-06-04 07:40:56','umadmin','TGR1_SF_suggest#','created_0','suggest#',NULL,NULL,'MYSQL','security_zone_60b9d354f03dd37c','MYSQL','resource_set_design_60b9c809004e18d0','RDB','basic_security_group_60b9d39c4b2938fd','insert',0,'2021-06-04 07:40:56');
INSERT INTO `history_resource_set` (`id`, `guid`, `create_time`, `create_user`, `update_time`, `update_user`, `key_name`, `state`, `code`, `confirm_time`, `asset_id`, `name`, `security_zone`, `unit_type`, `resource_set_design`, `resource_cat`, `basic_security_group`, `history_action`, `history_state_confirmed`, `history_time`) VALUES (5,'resource_set_60b9d9082728baf7','2021-06-04 07:40:56','umadmin','2021-06-04 07:40:56','umadmin','TGR1_MGMT_suggest#','created_0','suggest#',NULL,NULL,'MAPP','security_zone_60b9d339b67c04d3','DOCKER','resource_set_design_60b9c790a667f11c','HOST','basic_security_group_60b9d3da0e949548','insert',0,'2021-06-04 07:40:56');
INSERT INTO `history_resource_set` (`id`, `guid`, `create_time`, `create_user`, `update_time`, `update_user`, `key_name`, `state`, `code`, `confirm_time`, `asset_id`, `name`, `security_zone`, `unit_type`, `resource_set_design`, `resource_cat`, `basic_security_group`, `history_action`, `history_state_confirmed`, `history_time`) VALUES (6,'resource_set_60b9d908d2b2fff7','2021-06-04 07:40:56','umadmin','2021-06-04 07:40:56','umadmin','TGR1_SF_suggest#','created_0','suggest#',NULL,NULL,'ILB','security_zone_60b9d354f03dd37c','CLB','resource_set_design_60b9c7e0a8e99c0d','LB','basic_security_group_60b9d3b370a27c6f','insert',0,'2021-06-04 07:40:56');
INSERT INTO `history_resource_set` (`id`, `guid`, `create_time`, `create_user`, `update_time`, `update_user`, `key_name`, `state`, `code`, `confirm_time`, `asset_id`, `name`, `security_zone`, `unit_type`, `resource_set_design`, `resource_cat`, `basic_security_group`, `history_action`, `history_state_confirmed`, `history_time`) VALUES (7,'resource_set_60b9d8ad61239c75','2021-06-04 07:39:25','umadmin','2021-06-04 07:41:23','umadmin','TGR1_DMZ_ELB','created_0','ELB',NULL,'','ELB','security_zone_60b9d30f465d3bf3','CLB','resource_set_design_60b9c5eebfaa867f','LB','basic_security_group_60b9d3c4862297dc','update',0,'2021-06-04 07:41:23');
INSERT INTO `history_resource_set` (`id`, `guid`, `create_time`, `create_user`, `update_time`, `update_user`, `key_name`, `state`, `code`, `confirm_time`, `asset_id`, `name`, `security_zone`, `unit_type`, `resource_set_design`, `resource_cat`, `basic_security_group`, `history_action`, `history_state_confirmed`, `history_time`) VALUES (8,'resource_set_60b9d908105a0b30','2021-06-04 07:40:56','umadmin','2021-06-04 07:41:35','umadmin','TGR1_SF_APP','created_0','APP',NULL,'','APP','security_zone_60b9d354f03dd37c','APP','resource_set_design_60b9c7bd06431788','HOST','basic_security_group_60b9d381f96658f0','update',0,'2021-06-04 07:41:35');
INSERT INTO `history_resource_set` (`id`, `guid`, `create_time`, `create_user`, `update_time`, `update_user`, `key_name`, `state`, `code`, `confirm_time`, `asset_id`, `name`, `security_zone`, `unit_type`, `resource_set_design`, `resource_cat`, `basic_security_group`, `history_action`, `history_state_confirmed`, `history_time`) VALUES (9,'resource_set_60b9d908179df27c','2021-06-04 07:40:56','umadmin','2021-06-04 07:41:52','umadmin','TGR1_SF_MSQL','created_0','MSQL',NULL,'','MYSQL','security_zone_60b9d354f03dd37c','MYSQL','resource_set_design_60b9c809004e18d0','RDB','basic_security_group_60b9d39c4b2938fd','update',0,'2021-06-04 07:41:52');
INSERT INTO `history_resource_set` (`id`, `guid`, `create_time`, `create_user`, `update_time`, `update_user`, `key_name`, `state`, `code`, `confirm_time`, `asset_id`, `name`, `security_zone`, `unit_type`, `resource_set_design`, `resource_cat`, `basic_security_group`, `history_action`, `history_state_confirmed`, `history_time`) VALUES (10,'resource_set_60b9d908d2b2fff7','2021-06-04 07:40:56','umadmin','2021-06-04 07:42:14','umadmin','TGR1_SF_ILB','created_0','ILB',NULL,'','ILB','security_zone_60b9d354f03dd37c','CLB','resource_set_design_60b9c7e0a8e99c0d','LB','basic_security_group_60b9d3b370a27c6f','update',0,'2021-06-04 07:42:14');
INSERT INTO `history_resource_set` (`id`, `guid`, `create_time`, `create_user`, `update_time`, `update_user`, `key_name`, `state`, `code`, `confirm_time`, `asset_id`, `name`, `security_zone`, `unit_type`, `resource_set_design`, `resource_cat`, `basic_security_group`, `history_action`, `history_state_confirmed`, `history_time`) VALUES (11,'resource_set_60b9d9082728baf7','2021-06-04 07:40:56','umadmin','2021-06-04 07:42:23','umadmin','TGR1_MGMT_MAPP','created_0','MAPP',NULL,'','MAPP','security_zone_60b9d339b67c04d3','DOCKER','resource_set_design_60b9c790a667f11c','HOST','basic_security_group_60b9d3da0e949548','update',0,'2021-06-04 07:42:23');
INSERT INTO `history_resource_set` (`id`, `guid`, `create_time`, `create_user`, `update_time`, `update_user`, `key_name`, `state`, `code`, `confirm_time`, `asset_id`, `name`, `security_zone`, `unit_type`, `resource_set_design`, `resource_cat`, `basic_security_group`, `history_action`, `history_state_confirmed`, `history_time`) VALUES (12,'resource_set_60b9d908179df27c','2021-06-04 07:40:56','umadmin','2021-06-04 09:22:22','umadmin','TGR1_SF_MYSQL','created_0','MYSQL',NULL,'','MYSQL','security_zone_60b9d354f03dd37c','MYSQL','resource_set_design_60b9c809004e18d0','RDB','basic_security_group_60b9d39c4b2938fd','update',0,'2021-06-04 09:22:22');
INSERT INTO `history_resource_set` (`id`, `guid`, `create_time`, `create_user`, `update_time`, `update_user`, `key_name`, `state`, `code`, `confirm_time`, `asset_id`, `name`, `security_zone`, `unit_type`, `resource_set_design`, `resource_cat`, `basic_security_group`, `history_action`, `history_state_confirmed`, `history_time`) VALUES (13,'resource_set_60b9fb6e3e4b3db9','2021-06-04 10:07:42','umadmin','2021-06-04 10:07:42','umadmin','TGR1_SF_suggest#','created_0','suggest#',NULL,'','K8S','security_zone_60b9d354f03dd37c','POD','resource_set_design_60b9fb49773cdc71','HOST','basic_security_group_60b9d381f96658f0','insert',0,'2021-06-04 10:07:42');
INSERT INTO `history_resource_set` (`id`, `guid`, `create_time`, `create_user`, `update_time`, `update_user`, `key_name`, `state`, `code`, `confirm_time`, `asset_id`, `name`, `security_zone`, `unit_type`, `resource_set_design`, `resource_cat`, `basic_security_group`, `history_action`, `history_state_confirmed`, `history_time`) VALUES (14,'resource_set_60b9fb6e3e4b3db9','2021-06-04 10:07:42','umadmin','2021-06-04 10:09:41','umadmin','TGR1_SF_K8S','created_0','K8S',NULL,'','K8S','security_zone_60b9d354f03dd37c','POD','resource_set_design_60b9fb49773cdc71','HOST','basic_security_group_60b9d381f96658f0','update',0,'2021-06-04 10:09:41');
INSERT INTO `history_resource_set` (`id`, `guid`, `create_time`, `create_user`, `update_time`, `update_user`, `key_name`, `state`, `code`, `confirm_time`, `asset_id`, `name`, `security_zone`, `unit_type`, `resource_set_design`, `resource_cat`, `basic_security_group`, `history_action`, `history_state_confirmed`, `history_time`) VALUES (15,'resource_set_60ba0362d7355e3d','2021-06-04 10:41:38','umadmin','2021-06-04 10:41:38','umadmin','TGR1_WAN_suggest　#','created_0','suggest　#',NULL,NULL,'BROWER ','security_zone_60ba032836205e7f','BROWER','resource_set_design_60b9c880bef8524c','HOST','','insert',0,'2021-06-04 10:41:38');
INSERT INTO `history_resource_set` (`id`, `guid`, `create_time`, `create_user`, `update_time`, `update_user`, `key_name`, `state`, `code`, `confirm_time`, `asset_id`, `name`, `security_zone`, `unit_type`, `resource_set_design`, `resource_cat`, `basic_security_group`, `history_action`, `history_state_confirmed`, `history_time`) VALUES (16,'resource_set_60ba0362d7355e3d','2021-06-04 10:41:38','umadmin','2021-06-04 10:42:47','umadmin','TGR1_WAN_suggest#','created_0','suggest#',NULL,'','BROWER ','security_zone_60ba032836205e7f','BROWER','resource_set_design_60b9c880bef8524c','HOST','','update',0,'2021-06-04 10:42:47');
INSERT INTO `history_resource_set` (`id`, `guid`, `create_time`, `create_user`, `update_time`, `update_user`, `key_name`, `state`, `code`, `confirm_time`, `asset_id`, `name`, `security_zone`, `unit_type`, `resource_set_design`, `resource_cat`, `basic_security_group`, `history_action`, `history_state_confirmed`, `history_time`) VALUES (17,'resource_set_60ba0362d7355e3d','2021-06-04 10:41:38','umadmin','2021-06-04 10:43:03','umadmin','TGR1_WAN_BROWER','created_0','BROWER',NULL,'','BROWER ','security_zone_60ba032836205e7f','BROWER','resource_set_design_60b9c880bef8524c','HOST','','update',0,'2021-06-04 10:43:03');
INSERT INTO `history_resource_set` (`id`, `guid`, `create_time`, `create_user`, `update_time`, `update_user`, `key_name`, `state`, `code`, `confirm_time`, `asset_id`, `name`, `security_zone`, `unit_type`, `resource_set_design`, `resource_cat`, `basic_security_group`, `history_action`, `history_state_confirmed`, `history_time`) VALUES (18,'resource_set_60b9fb6e3e4b3db9','2021-06-04 10:07:42','umadmin','2021-06-06 02:57:35','umadmin','TGR1_SF_K8S','created_0','K8S',NULL,'','K8S','security_zone_60b9d354f03dd37c','POD','resource_set_design_60b9fb49773cdc71','HOST','','update',0,'2021-06-06 02:57:35');
/*!40000 ALTER TABLE `history_resource_set` ENABLE KEYS */;
UNLOCK TABLES;

--
-- Dumping data for table `history_resource_set$deploy_environment`
--

LOCK TABLES `history_resource_set$deploy_environment` WRITE;
/*!40000 ALTER TABLE `history_resource_set$deploy_environment` DISABLE KEYS */;
INSERT INTO `history_resource_set$deploy_environment` (`id`, `from_guid`, `to_guid`, `seq_no`, `note`, `history_to_id`, `history_time`) VALUES (1,'resource_set_60b9d40e7dea345c','deploy_environment_60b9a84e4e003ee5',0,NULL,1,'2021-06-04 07:19:42');
INSERT INTO `history_resource_set$deploy_environment` (`id`, `from_guid`, `to_guid`, `seq_no`, `note`, `history_to_id`, `history_time`) VALUES (2,'resource_set_60b9d8ad61239c75','deploy_environment_60b9a84e4e003ee5',0,NULL,1,'2021-06-04 07:39:25');
INSERT INTO `history_resource_set$deploy_environment` (`id`, `from_guid`, `to_guid`, `seq_no`, `note`, `history_to_id`, `history_time`) VALUES (3,'resource_set_60b9d908105a0b30','deploy_environment_60b9a84e4e003ee5',0,NULL,1,'2021-06-04 07:40:56');
INSERT INTO `history_resource_set$deploy_environment` (`id`, `from_guid`, `to_guid`, `seq_no`, `note`, `history_to_id`, `history_time`) VALUES (4,'resource_set_60b9d908179df27c','deploy_environment_60b9a84e4e003ee5',0,NULL,1,'2021-06-04 07:40:56');
INSERT INTO `history_resource_set$deploy_environment` (`id`, `from_guid`, `to_guid`, `seq_no`, `note`, `history_to_id`, `history_time`) VALUES (5,'resource_set_60b9d9082728baf7','deploy_environment_60b9a84e4e003ee5',0,NULL,1,'2021-06-04 07:40:56');
INSERT INTO `history_resource_set$deploy_environment` (`id`, `from_guid`, `to_guid`, `seq_no`, `note`, `history_to_id`, `history_time`) VALUES (6,'resource_set_60b9d908d2b2fff7','deploy_environment_60b9a84e4e003ee5',0,NULL,1,'2021-06-04 07:40:56');
INSERT INTO `history_resource_set$deploy_environment` (`id`, `from_guid`, `to_guid`, `seq_no`, `note`, `history_to_id`, `history_time`) VALUES (7,'resource_set_60b9d8ad61239c75','deploy_environment_60b9a84e4e003ee5',0,NULL,1,'2021-06-04 07:41:23');
INSERT INTO `history_resource_set$deploy_environment` (`id`, `from_guid`, `to_guid`, `seq_no`, `note`, `history_to_id`, `history_time`) VALUES (8,'resource_set_60b9d908105a0b30','deploy_environment_60b9a84e4e003ee5',0,NULL,1,'2021-06-04 07:41:35');
INSERT INTO `history_resource_set$deploy_environment` (`id`, `from_guid`, `to_guid`, `seq_no`, `note`, `history_to_id`, `history_time`) VALUES (9,'resource_set_60b9d908179df27c','deploy_environment_60b9a84e4e003ee5',0,NULL,1,'2021-06-04 07:41:52');
INSERT INTO `history_resource_set$deploy_environment` (`id`, `from_guid`, `to_guid`, `seq_no`, `note`, `history_to_id`, `history_time`) VALUES (10,'resource_set_60b9d908d2b2fff7','deploy_environment_60b9a84e4e003ee5',0,NULL,1,'2021-06-04 07:42:14');
INSERT INTO `history_resource_set$deploy_environment` (`id`, `from_guid`, `to_guid`, `seq_no`, `note`, `history_to_id`, `history_time`) VALUES (11,'resource_set_60b9d9082728baf7','deploy_environment_60b9a84e4e003ee5',0,NULL,1,'2021-06-04 07:42:23');
INSERT INTO `history_resource_set$deploy_environment` (`id`, `from_guid`, `to_guid`, `seq_no`, `note`, `history_to_id`, `history_time`) VALUES (12,'resource_set_60b9d908179df27c','deploy_environment_60b9a84e4e003ee5',0,NULL,1,'2021-06-04 09:22:22');
INSERT INTO `history_resource_set$deploy_environment` (`id`, `from_guid`, `to_guid`, `seq_no`, `note`, `history_to_id`, `history_time`) VALUES (13,'resource_set_60b9fb6e3e4b3db9','deploy_environment_60b9a84e4e003ee5',0,NULL,1,'2021-06-04 10:07:42');
INSERT INTO `history_resource_set$deploy_environment` (`id`, `from_guid`, `to_guid`, `seq_no`, `note`, `history_to_id`, `history_time`) VALUES (14,'resource_set_60b9fb6e3e4b3db9','deploy_environment_60b9a84e4e003ee5',0,NULL,1,'2021-06-04 10:09:41');
INSERT INTO `history_resource_set$deploy_environment` (`id`, `from_guid`, `to_guid`, `seq_no`, `note`, `history_to_id`, `history_time`) VALUES (15,'resource_set_60ba0362d7355e3d','deploy_environment_60b9a84e4e003ee5',0,NULL,1,'2021-06-04 10:41:38');
INSERT INTO `history_resource_set$deploy_environment` (`id`, `from_guid`, `to_guid`, `seq_no`, `note`, `history_to_id`, `history_time`) VALUES (16,'resource_set_60ba0362d7355e3d','deploy_environment_60b9a84e4e003ee5',0,NULL,1,'2021-06-04 10:42:47');
INSERT INTO `history_resource_set$deploy_environment` (`id`, `from_guid`, `to_guid`, `seq_no`, `note`, `history_to_id`, `history_time`) VALUES (17,'resource_set_60ba0362d7355e3d','deploy_environment_60b9a84e4e003ee5',0,NULL,1,'2021-06-04 10:43:03');
INSERT INTO `history_resource_set$deploy_environment` (`id`, `from_guid`, `to_guid`, `seq_no`, `note`, `history_to_id`, `history_time`) VALUES (18,'resource_set_60b9fb6e3e4b3db9','',0,NULL,0,'2021-06-06 02:57:35');
/*!40000 ALTER TABLE `history_resource_set$deploy_environment` ENABLE KEYS */;
UNLOCK TABLES;

--
-- Dumping data for table `history_resource_set$network_subzone`
--

LOCK TABLES `history_resource_set$network_subzone` WRITE;
/*!40000 ALTER TABLE `history_resource_set$network_subzone` DISABLE KEYS */;
INSERT INTO `history_resource_set$network_subzone` (`id`, `from_guid`, `to_guid`, `seq_no`, `note`, `history_to_id`, `history_time`) VALUES (1,'resource_set_60b9d40e7dea345c','network_subzone_60b9cb05ae2a9638',0,NULL,1,'2021-06-04 07:19:42');
INSERT INTO `history_resource_set$network_subzone` (`id`, `from_guid`, `to_guid`, `seq_no`, `note`, `history_to_id`, `history_time`) VALUES (2,'resource_set_60b9d40e7dea345c','network_subzone_60b9cb203bff3a76',1,NULL,2,'2021-06-04 07:19:42');
INSERT INTO `history_resource_set$network_subzone` (`id`, `from_guid`, `to_guid`, `seq_no`, `note`, `history_to_id`, `history_time`) VALUES (3,'resource_set_60b9d8ad61239c75','network_subzone_60b9d81aac7c782f',0,NULL,10,'2021-06-04 07:39:25');
INSERT INTO `history_resource_set$network_subzone` (`id`, `from_guid`, `to_guid`, `seq_no`, `note`, `history_to_id`, `history_time`) VALUES (4,'resource_set_60b9d908105a0b30','network_subzone_60b9cb464ce69a07',0,NULL,3,'2021-06-04 07:40:56');
INSERT INTO `history_resource_set$network_subzone` (`id`, `from_guid`, `to_guid`, `seq_no`, `note`, `history_to_id`, `history_time`) VALUES (5,'resource_set_60b9d908105a0b30','network_subzone_60b9cb62e0ab22b8',1,NULL,4,'2021-06-04 07:40:56');
INSERT INTO `history_resource_set$network_subzone` (`id`, `from_guid`, `to_guid`, `seq_no`, `note`, `history_to_id`, `history_time`) VALUES (6,'resource_set_60b9d908179df27c','network_subzone_60b9cb83624fdc6d',0,NULL,5,'2021-06-04 07:40:56');
INSERT INTO `history_resource_set$network_subzone` (`id`, `from_guid`, `to_guid`, `seq_no`, `note`, `history_to_id`, `history_time`) VALUES (7,'resource_set_60b9d908179df27c','network_subzone_60b9cb9fab705d16',1,NULL,6,'2021-06-04 07:40:56');
INSERT INTO `history_resource_set$network_subzone` (`id`, `from_guid`, `to_guid`, `seq_no`, `note`, `history_to_id`, `history_time`) VALUES (8,'resource_set_60b9d9082728baf7','network_subzone_60b9d58514e93956',0,NULL,8,'2021-06-04 07:40:56');
INSERT INTO `history_resource_set$network_subzone` (`id`, `from_guid`, `to_guid`, `seq_no`, `note`, `history_to_id`, `history_time`) VALUES (9,'resource_set_60b9d9082728baf7','network_subzone_60b9d5a039ac3db5',1,NULL,9,'2021-06-04 07:40:56');
INSERT INTO `history_resource_set$network_subzone` (`id`, `from_guid`, `to_guid`, `seq_no`, `note`, `history_to_id`, `history_time`) VALUES (10,'resource_set_60b9d908d2b2fff7','network_subzone_60b9cb464ce69a07',0,NULL,3,'2021-06-04 07:40:56');
INSERT INTO `history_resource_set$network_subzone` (`id`, `from_guid`, `to_guid`, `seq_no`, `note`, `history_to_id`, `history_time`) VALUES (11,'resource_set_60b9d908d2b2fff7','network_subzone_60b9cb62e0ab22b8',1,NULL,4,'2021-06-04 07:40:56');
INSERT INTO `history_resource_set$network_subzone` (`id`, `from_guid`, `to_guid`, `seq_no`, `note`, `history_to_id`, `history_time`) VALUES (12,'resource_set_60b9d8ad61239c75','network_subzone_60b9d81aac7c782f',0,NULL,10,'2021-06-04 07:41:23');
INSERT INTO `history_resource_set$network_subzone` (`id`, `from_guid`, `to_guid`, `seq_no`, `note`, `history_to_id`, `history_time`) VALUES (13,'resource_set_60b9d908105a0b30','network_subzone_60b9cb62e0ab22b8',0,NULL,4,'2021-06-04 07:41:35');
INSERT INTO `history_resource_set$network_subzone` (`id`, `from_guid`, `to_guid`, `seq_no`, `note`, `history_to_id`, `history_time`) VALUES (14,'resource_set_60b9d908105a0b30','network_subzone_60b9cb464ce69a07',1,NULL,3,'2021-06-04 07:41:35');
INSERT INTO `history_resource_set$network_subzone` (`id`, `from_guid`, `to_guid`, `seq_no`, `note`, `history_to_id`, `history_time`) VALUES (15,'resource_set_60b9d908179df27c','network_subzone_60b9cb9fab705d16',0,NULL,6,'2021-06-04 07:41:52');
INSERT INTO `history_resource_set$network_subzone` (`id`, `from_guid`, `to_guid`, `seq_no`, `note`, `history_to_id`, `history_time`) VALUES (16,'resource_set_60b9d908179df27c','network_subzone_60b9cb83624fdc6d',1,NULL,5,'2021-06-04 07:41:52');
INSERT INTO `history_resource_set$network_subzone` (`id`, `from_guid`, `to_guid`, `seq_no`, `note`, `history_to_id`, `history_time`) VALUES (17,'resource_set_60b9d908d2b2fff7','network_subzone_60b9cb464ce69a07',0,NULL,3,'2021-06-04 07:42:14');
INSERT INTO `history_resource_set$network_subzone` (`id`, `from_guid`, `to_guid`, `seq_no`, `note`, `history_to_id`, `history_time`) VALUES (18,'resource_set_60b9d908d2b2fff7','network_subzone_60b9cb62e0ab22b8',1,NULL,4,'2021-06-04 07:42:14');
INSERT INTO `history_resource_set$network_subzone` (`id`, `from_guid`, `to_guid`, `seq_no`, `note`, `history_to_id`, `history_time`) VALUES (19,'resource_set_60b9d9082728baf7','network_subzone_60b9d5a039ac3db5',0,NULL,9,'2021-06-04 07:42:23');
INSERT INTO `history_resource_set$network_subzone` (`id`, `from_guid`, `to_guid`, `seq_no`, `note`, `history_to_id`, `history_time`) VALUES (20,'resource_set_60b9d9082728baf7','network_subzone_60b9d58514e93956',1,NULL,8,'2021-06-04 07:42:23');
INSERT INTO `history_resource_set$network_subzone` (`id`, `from_guid`, `to_guid`, `seq_no`, `note`, `history_to_id`, `history_time`) VALUES (21,'resource_set_60b9d908179df27c','network_subzone_60b9cb83624fdc6d',0,NULL,5,'2021-06-04 09:22:22');
INSERT INTO `history_resource_set$network_subzone` (`id`, `from_guid`, `to_guid`, `seq_no`, `note`, `history_to_id`, `history_time`) VALUES (22,'resource_set_60b9d908179df27c','network_subzone_60b9cb9fab705d16',1,NULL,6,'2021-06-04 09:22:22');
INSERT INTO `history_resource_set$network_subzone` (`id`, `from_guid`, `to_guid`, `seq_no`, `note`, `history_to_id`, `history_time`) VALUES (23,'resource_set_60b9fb6e3e4b3db9','network_subzone_60b9cb464ce69a07',0,NULL,3,'2021-06-04 10:07:42');
INSERT INTO `history_resource_set$network_subzone` (`id`, `from_guid`, `to_guid`, `seq_no`, `note`, `history_to_id`, `history_time`) VALUES (24,'resource_set_60b9fb6e3e4b3db9','network_subzone_60b9cb62e0ab22b8',1,NULL,4,'2021-06-04 10:07:42');
INSERT INTO `history_resource_set$network_subzone` (`id`, `from_guid`, `to_guid`, `seq_no`, `note`, `history_to_id`, `history_time`) VALUES (25,'resource_set_60b9fb6e3e4b3db9','network_subzone_60b9cb62e0ab22b8',0,NULL,4,'2021-06-04 10:09:41');
INSERT INTO `history_resource_set$network_subzone` (`id`, `from_guid`, `to_guid`, `seq_no`, `note`, `history_to_id`, `history_time`) VALUES (26,'resource_set_60ba0362d7355e3d','network_subzone_60b9cc9024499dcd',0,NULL,12,'2021-06-04 10:41:38');
INSERT INTO `history_resource_set$network_subzone` (`id`, `from_guid`, `to_guid`, `seq_no`, `note`, `history_to_id`, `history_time`) VALUES (27,'resource_set_60ba0362d7355e3d','network_subzone_60b9cc9024499dcd',0,NULL,12,'2021-06-04 10:42:47');
INSERT INTO `history_resource_set$network_subzone` (`id`, `from_guid`, `to_guid`, `seq_no`, `note`, `history_to_id`, `history_time`) VALUES (28,'resource_set_60ba0362d7355e3d','network_subzone_60b9cc9024499dcd',0,NULL,12,'2021-06-04 10:43:03');
INSERT INTO `history_resource_set$network_subzone` (`id`, `from_guid`, `to_guid`, `seq_no`, `note`, `history_to_id`, `history_time`) VALUES (29,'resource_set_60b9fb6e3e4b3db9','network_subzone_60b9cb62e0ab22b8',0,NULL,4,'2021-06-06 02:57:35');
INSERT INTO `history_resource_set$network_subzone` (`id`, `from_guid`, `to_guid`, `seq_no`, `note`, `history_to_id`, `history_time`) VALUES (30,'resource_set_60b9fb6e3e4b3db9','network_subzone_60b9cb464ce69a07',1,NULL,3,'2021-06-06 02:57:35');
/*!40000 ALTER TABLE `history_resource_set$network_subzone` ENABLE KEYS */;
UNLOCK TABLES;

--
-- Dumping data for table `history_resource_set_design`
--

LOCK TABLES `history_resource_set_design` WRITE;
/*!40000 ALTER TABLE `history_resource_set_design` DISABLE KEYS */;
INSERT INTO `history_resource_set_design` (`id`, `guid`, `create_time`, `create_user`, `update_time`, `update_user`, `key_name`, `state`, `code`, `confirm_time`, `security_zone_design`, `network_subzone_design`, `unit_type`, `name`, `resource_cat`, `basic_security_group_design`, `history_action`, `history_state_confirmed`, `history_time`) VALUES (1,'resource_set_design_60b9c5002e95c475','2021-06-04 06:15:28','umadmin','2021-06-04 06:15:28','umadmin','RDC_LINK_DMZ_NGINX','added_0','NGINX',NULL,'security_zone_design_60b9c205d07e84b0','network_subzone_design_60b9ad27efd7a53d','NGINX','反向代理','HOST','basic_security_group_design_60b9c257af772649','insert',0,'2021-06-04 06:15:28');
INSERT INTO `history_resource_set_design` (`id`, `guid`, `create_time`, `create_user`, `update_time`, `update_user`, `key_name`, `state`, `code`, `confirm_time`, `security_zone_design`, `network_subzone_design`, `unit_type`, `name`, `resource_cat`, `basic_security_group_design`, `history_action`, `history_state_confirmed`, `history_time`) VALUES (2,'resource_set_design_60b9c5eebfaa867f','2021-06-04 06:19:26','umadmin','2021-06-04 06:19:26','umadmin','RDC_LINK_DMZ_ELB','added_0','ELB',NULL,'security_zone_design_60b9c205d07e84b0','network_subzone_design_60b9c560fd6075ca','CLB','互联网负载均衡','LB','basic_security_group_design_60b9c2cd865a560a','insert',0,'2021-06-04 06:19:26');
INSERT INTO `history_resource_set_design` (`id`, `guid`, `create_time`, `create_user`, `update_time`, `update_user`, `key_name`, `state`, `code`, `confirm_time`, `security_zone_design`, `network_subzone_design`, `unit_type`, `name`, `resource_cat`, `basic_security_group_design`, `history_action`, `history_state_confirmed`, `history_time`) VALUES (3,'resource_set_design_60b9c790a667f11c','2021-06-04 06:26:24','umadmin','2021-06-04 06:26:24','umadmin','RDC_LINK_MGMT_MAPP','added_0','MAPP',NULL,'security_zone_design_60b9c21549fbda5a','network_subzone_design_60b9b91be3f13c6d','DOCKER','管理应用资源集合设计','HOST','basic_security_group_design_60b9c74d1f6d97af','insert',0,'2021-06-04 06:26:24');
INSERT INTO `history_resource_set_design` (`id`, `guid`, `create_time`, `create_user`, `update_time`, `update_user`, `key_name`, `state`, `code`, `confirm_time`, `security_zone_design`, `network_subzone_design`, `unit_type`, `name`, `resource_cat`, `basic_security_group_design`, `history_action`, `history_state_confirmed`, `history_time`) VALUES (4,'resource_set_design_60b9c7bd06431788','2021-06-04 06:27:09','umadmin','2021-06-04 06:27:09','umadmin','RDC_CORE_SF_APP','added_0','APP',NULL,'security_zone_design_60b9c22542730e24','network_subzone_design_60b9ad57461efdd3','APP','应用资源集合设计','HOST','basic_security_group_design_60b9c289d2aff7da','insert',0,'2021-06-04 06:27:09');
INSERT INTO `history_resource_set_design` (`id`, `guid`, `create_time`, `create_user`, `update_time`, `update_user`, `key_name`, `state`, `code`, `confirm_time`, `security_zone_design`, `network_subzone_design`, `unit_type`, `name`, `resource_cat`, `basic_security_group_design`, `history_action`, `history_state_confirmed`, `history_time`) VALUES (5,'resource_set_design_60b9c7e0a8e99c0d','2021-06-04 06:27:44','umadmin','2021-06-04 06:27:44','umadmin','RDC_CORE_SF_ILB','added_0','ILB',NULL,'security_zone_design_60b9c22542730e24','network_subzone_design_60b9ad57461efdd3','CLB','内外负载均衡资源集合设计','LB','basic_security_group_design_60b9c2b374e6aa04','insert',0,'2021-06-04 06:27:44');
INSERT INTO `history_resource_set_design` (`id`, `guid`, `create_time`, `create_user`, `update_time`, `update_user`, `key_name`, `state`, `code`, `confirm_time`, `security_zone_design`, `network_subzone_design`, `unit_type`, `name`, `resource_cat`, `basic_security_group_design`, `history_action`, `history_state_confirmed`, `history_time`) VALUES (6,'resource_set_design_60b9c809004e18d0','2021-06-04 06:28:25','umadmin','2021-06-04 06:28:25','umadmin','RDC_CORE_SF_MYSQL','added_0','MYSQL',NULL,'security_zone_design_60b9c22542730e24','network_subzone_design_60b9adbe59d4e11f','MYSQL','数据库资源集合设计','RDB','basic_security_group_design_60b9c298ab45050e','insert',0,'2021-06-04 06:28:25');
INSERT INTO `history_resource_set_design` (`id`, `guid`, `create_time`, `create_user`, `update_time`, `update_user`, `key_name`, `state`, `code`, `confirm_time`, `security_zone_design`, `network_subzone_design`, `unit_type`, `name`, `resource_cat`, `basic_security_group_design`, `history_action`, `history_state_confirmed`, `history_time`) VALUES (7,'resource_set_design_60b9c880bef8524c','2021-06-04 06:30:24','umadmin','2021-06-04 06:30:24','umadmin','WDC_WAN_WAN_BROWER','added_0','BROWER',NULL,'security_zone_design_60b9c83d560a8cda','network_subzone_design_60b9b0d0bc697226','BROWER','互联网浏览器资源集合设计','HOST','','insert',0,'2021-06-04 06:30:24');
INSERT INTO `history_resource_set_design` (`id`, `guid`, `create_time`, `create_user`, `update_time`, `update_user`, `key_name`, `state`, `code`, `confirm_time`, `security_zone_design`, `network_subzone_design`, `unit_type`, `name`, `resource_cat`, `basic_security_group_design`, `history_action`, `history_state_confirmed`, `history_time`) VALUES (8,'resource_set_design_60b9c880bef8524c','2021-06-04 06:30:24','umadmin','2021-06-04 06:30:24','umadmin','RDC_WAN_WAN_BROWER','added_0','BROWER',NULL,'security_zone_design_60b9c83d560a8cda','network_subzone_design_60b9b0d0bc697226','BROWER','互联网浏览器资源集合设计','HOST','','autofill',0,'2021-06-04 08:44:41');
INSERT INTO `history_resource_set_design` (`id`, `guid`, `create_time`, `create_user`, `update_time`, `update_user`, `key_name`, `state`, `code`, `confirm_time`, `security_zone_design`, `network_subzone_design`, `unit_type`, `name`, `resource_cat`, `basic_security_group_design`, `history_action`, `history_state_confirmed`, `history_time`) VALUES (9,'resource_set_design_60b9fb49773cdc71','2021-06-04 10:07:05','umadmin','2021-06-04 10:07:05','umadmin','RDC_CORE_SF_K8S','added_0','K8S',NULL,'security_zone_design_60b9c22542730e24','network_subzone_design_60b9ad57461efdd3','POD','K8S资源集合设计','HOST','basic_security_group_design_60b9c289d2aff7da','insert',0,'2021-06-04 10:07:05');
/*!40000 ALTER TABLE `history_resource_set_design` ENABLE KEYS */;
UNLOCK TABLES;

--
-- Dumping data for table `history_resource_set_design$application_domain`
--

LOCK TABLES `history_resource_set_design$application_domain` WRITE;
/*!40000 ALTER TABLE `history_resource_set_design$application_domain` DISABLE KEYS */;
INSERT INTO `history_resource_set_design$application_domain` (`id`, `from_guid`, `to_guid`, `seq_no`, `note`, `history_to_id`, `history_time`) VALUES (1,'resource_set_design_60b9c5002e95c475','application_domain_60b9a491b5d2c8df',0,NULL,3,'2021-06-04 06:15:28');
INSERT INTO `history_resource_set_design$application_domain` (`id`, `from_guid`, `to_guid`, `seq_no`, `note`, `history_to_id`, `history_time`) VALUES (2,'resource_set_design_60b9c5eebfaa867f','application_domain_60b9a491b5d2c8df',0,NULL,3,'2021-06-04 06:19:26');
INSERT INTO `history_resource_set_design$application_domain` (`id`, `from_guid`, `to_guid`, `seq_no`, `note`, `history_to_id`, `history_time`) VALUES (3,'resource_set_design_60b9c5eebfaa867f','application_domain_60b9a4a5e788c002',1,NULL,2,'2021-06-04 06:19:26');
INSERT INTO `history_resource_set_design$application_domain` (`id`, `from_guid`, `to_guid`, `seq_no`, `note`, `history_to_id`, `history_time`) VALUES (4,'resource_set_design_60b9c790a667f11c','application_domain_60b9a4a5e788c002',0,NULL,2,'2021-06-04 06:26:24');
INSERT INTO `history_resource_set_design$application_domain` (`id`, `from_guid`, `to_guid`, `seq_no`, `note`, `history_to_id`, `history_time`) VALUES (5,'resource_set_design_60b9c7bd06431788','application_domain_60b9a491b5d2c8df',0,NULL,3,'2021-06-04 06:27:09');
INSERT INTO `history_resource_set_design$application_domain` (`id`, `from_guid`, `to_guid`, `seq_no`, `note`, `history_to_id`, `history_time`) VALUES (6,'resource_set_design_60b9c7bd06431788','application_domain_60b9a4a5e788c002',1,NULL,2,'2021-06-04 06:27:09');
INSERT INTO `history_resource_set_design$application_domain` (`id`, `from_guid`, `to_guid`, `seq_no`, `note`, `history_to_id`, `history_time`) VALUES (7,'resource_set_design_60b9c7e0a8e99c0d','application_domain_60b9a491b5d2c8df',0,NULL,3,'2021-06-04 06:27:44');
INSERT INTO `history_resource_set_design$application_domain` (`id`, `from_guid`, `to_guid`, `seq_no`, `note`, `history_to_id`, `history_time`) VALUES (8,'resource_set_design_60b9c7e0a8e99c0d','application_domain_60b9a4a5e788c002',1,NULL,2,'2021-06-04 06:27:44');
INSERT INTO `history_resource_set_design$application_domain` (`id`, `from_guid`, `to_guid`, `seq_no`, `note`, `history_to_id`, `history_time`) VALUES (9,'resource_set_design_60b9c809004e18d0','application_domain_60b9a491b5d2c8df',0,NULL,3,'2021-06-04 06:28:25');
INSERT INTO `history_resource_set_design$application_domain` (`id`, `from_guid`, `to_guid`, `seq_no`, `note`, `history_to_id`, `history_time`) VALUES (10,'resource_set_design_60b9c809004e18d0','application_domain_60b9a4a5e788c002',1,NULL,2,'2021-06-04 06:28:25');
INSERT INTO `history_resource_set_design$application_domain` (`id`, `from_guid`, `to_guid`, `seq_no`, `note`, `history_to_id`, `history_time`) VALUES (11,'resource_set_design_60b9c880bef8524c','application_domain_60b9a491b5d2c8df',0,NULL,3,'2021-06-04 06:30:24');
INSERT INTO `history_resource_set_design$application_domain` (`id`, `from_guid`, `to_guid`, `seq_no`, `note`, `history_to_id`, `history_time`) VALUES (12,'resource_set_design_60b9c880bef8524c','application_domain_60b9a4a5e788c002',1,NULL,2,'2021-06-04 06:30:24');
INSERT INTO `history_resource_set_design$application_domain` (`id`, `from_guid`, `to_guid`, `seq_no`, `note`, `history_to_id`, `history_time`) VALUES (13,'resource_set_design_60b9fb49773cdc71','application_domain_60b9a491b5d2c8df',0,NULL,3,'2021-06-04 10:07:05');
INSERT INTO `history_resource_set_design$application_domain` (`id`, `from_guid`, `to_guid`, `seq_no`, `note`, `history_to_id`, `history_time`) VALUES (14,'resource_set_design_60b9fb49773cdc71','application_domain_60b9a4a5e788c002',1,NULL,2,'2021-06-04 10:07:05');
/*!40000 ALTER TABLE `history_resource_set_design$application_domain` ENABLE KEYS */;
UNLOCK TABLES;

--
-- Dumping data for table `history_route_table`
--

LOCK TABLES `history_route_table` WRITE;
/*!40000 ALTER TABLE `history_route_table` DISABLE KEYS */;
INSERT INTO `history_route_table` (`id`, `guid`, `create_time`, `create_user`, `update_time`, `update_user`, `key_name`, `state`, `code`, `confirm_time`, `asset_id`, `name`, `network_zone`, `route_table_design`, `history_action`, `history_state_confirmed`, `history_time`, `route_table_type`) VALUES (1,'route_table_60b9ca9eb0cc80a6','2021-06-04 06:39:26','umadmin','2021-06-04 06:39:26','umadmin','TGR1_LINK_DEFAULT','created_0','DEFAULT',NULL,NULL,'DEFAULT','network_zone_60b9ca52e4bdffd0','route_table_design_60b9ab282f6baea0','insert',0,'2021-06-04 06:39:26',NULL);
INSERT INTO `history_route_table` (`id`, `guid`, `create_time`, `create_user`, `update_time`, `update_user`, `key_name`, `state`, `code`, `confirm_time`, `asset_id`, `name`, `network_zone`, `route_table_design`, `history_action`, `history_state_confirmed`, `history_time`, `route_table_type`) VALUES (2,'route_table_60b9cac46c3f5c5b','2021-06-04 06:40:04','umadmin','2021-06-04 06:40:04','umadmin','TGR1_CORE_DEFAULT','created_0','DEFAULT',NULL,NULL,'核心区DEFAULT路由表','network_zone_60b9ca7c60b15196','route_table_design_60b9aaf04bab153e','insert',0,'2021-06-04 06:40:04',NULL);
INSERT INTO `history_route_table` (`id`, `guid`, `create_time`, `create_user`, `update_time`, `update_user`, `key_name`, `state`, `code`, `confirm_time`, `asset_id`, `name`, `network_zone`, `route_table_design`, `history_action`, `history_state_confirmed`, `history_time`, `route_table_type`) VALUES (3,'route_table_60b9ca9eb0cc80a6','2021-06-04 06:39:26','umadmin','2021-06-04 06:40:20','umadmin','TGR1_LINK_DEFAULT','created_0','DEFAULT',NULL,'','LINK区DEFAULT路由表','network_zone_60b9ca52e4bdffd0','route_table_design_60b9ab282f6baea0','update',0,'2021-06-04 06:40:20',NULL);
INSERT INTO `history_route_table` (`id`, `guid`, `create_time`, `create_user`, `update_time`, `update_user`, `key_name`, `state`, `code`, `confirm_time`, `asset_id`, `name`, `network_zone`, `route_table_design`, `history_action`, `history_state_confirmed`, `history_time`, `route_table_type`) VALUES (4,'route_table_60b9ca9eb0cc80a6','2021-06-04 06:39:26','umadmin','2021-06-04 06:40:20','umadmin','TGR1_LINK_DEFAULT','created_0','DEFAULT',NULL,'','LINK区DEFAULT路由表','network_zone_60b9ca52e4bdffd0','route_table_design_60b9ab282f6baea0','autofill',0,'2021-06-06 02:33:06','DEFAULT');
INSERT INTO `history_route_table` (`id`, `guid`, `create_time`, `create_user`, `update_time`, `update_user`, `key_name`, `state`, `code`, `confirm_time`, `asset_id`, `name`, `network_zone`, `route_table_design`, `history_action`, `history_state_confirmed`, `history_time`, `route_table_type`) VALUES (5,'route_table_60b9cac46c3f5c5b','2021-06-04 06:40:04','umadmin','2021-06-04 06:40:04','umadmin','TGR1_CORE_DEFAULT','created_0','DEFAULT',NULL,'','核心区DEFAULT路由表','network_zone_60b9ca7c60b15196','route_table_design_60b9aaf04bab153e','autofill',0,'2021-06-06 02:33:06','DEFAULT');
/*!40000 ALTER TABLE `history_route_table` ENABLE KEYS */;
UNLOCK TABLES;

--
-- Dumping data for table `history_route_table_design`
--

LOCK TABLES `history_route_table_design` WRITE;
/*!40000 ALTER TABLE `history_route_table_design` DISABLE KEYS */;
INSERT INTO `history_route_table_design` (`id`, `guid`, `create_time`, `create_user`, `update_time`, `update_user`, `key_name`, `state`, `code`, `confirm_time`, `name`, `network_zone_design`, `history_action`, `history_state_confirmed`, `history_time`, `route_table_type`) VALUES (1,'route_table_design_60b9aaf04bab153e','2021-06-04 04:24:16','umadmin','2021-06-04 04:24:16','umadmin','RDC_CORE_DEFAULT','added_0','DEFAULT',NULL,'默认路由表','network_zone_design_60b9aac4a1fe3bec','insert',0,'2021-06-04 04:24:16',NULL);
INSERT INTO `history_route_table_design` (`id`, `guid`, `create_time`, `create_user`, `update_time`, `update_user`, `key_name`, `state`, `code`, `confirm_time`, `name`, `network_zone_design`, `history_action`, `history_state_confirmed`, `history_time`, `route_table_type`) VALUES (2,'route_table_design_60b9ab282f6baea0','2021-06-04 04:25:12','umadmin','2021-06-04 04:25:12','umadmin','RDC_LINK_DEFAULT','added_0','DEFAULT',NULL,'LINK默认路由表','network_zone_design_60b9aaa3c865b911','insert',0,'2021-06-04 04:25:12',NULL);
INSERT INTO `history_route_table_design` (`id`, `guid`, `create_time`, `create_user`, `update_time`, `update_user`, `key_name`, `state`, `code`, `confirm_time`, `name`, `network_zone_design`, `history_action`, `history_state_confirmed`, `history_time`, `route_table_type`) VALUES (3,'route_table_design_60b9aaf04bab153e','2021-06-04 04:24:16','umadmin','2021-06-04 04:25:34','umadmin','RDC_CORE_DEFAULT','added_0','DEFAULT',NULL,'CORE默认路由表','network_zone_design_60b9aac4a1fe3bec','update',0,'2021-06-04 04:25:34',NULL);
INSERT INTO `history_route_table_design` (`id`, `guid`, `create_time`, `create_user`, `update_time`, `update_user`, `key_name`, `state`, `code`, `confirm_time`, `name`, `network_zone_design`, `history_action`, `history_state_confirmed`, `history_time`, `route_table_type`) VALUES (4,'route_table_design_60b9aaf04bab153e','2021-06-04 04:24:16','umadmin','2021-06-06 02:33:06','umadmin','RDC_CORE_DEFAULT','added_0','DEFAULT',NULL,'CORE默认路由表','network_zone_design_60b9aac4a1fe3bec','update',0,'2021-06-06 02:33:06','DEFAULT');
INSERT INTO `history_route_table_design` (`id`, `guid`, `create_time`, `create_user`, `update_time`, `update_user`, `key_name`, `state`, `code`, `confirm_time`, `name`, `network_zone_design`, `history_action`, `history_state_confirmed`, `history_time`, `route_table_type`) VALUES (5,'route_table_design_60b9ab282f6baea0','2021-06-04 04:25:12','umadmin','2021-06-06 02:33:06','umadmin','RDC_LINK_DEFAULT','added_0','DEFAULT',NULL,'LINK默认路由表','network_zone_design_60b9aaa3c865b911','update',0,'2021-06-06 02:33:06','DEFAULT');
/*!40000 ALTER TABLE `history_route_table_design` ENABLE KEYS */;
UNLOCK TABLES;

--
-- Dumping data for table `history_routing_policy`
--

LOCK TABLES `history_routing_policy` WRITE;
/*!40000 ALTER TABLE `history_routing_policy` DISABLE KEYS */;
INSERT INTO `history_routing_policy` (`id`, `guid`, `create_time`, `create_user`, `update_time`, `update_user`, `key_name`, `state`, `code`, `confirm_time`, `asset_id`, `route_table`, `routing_policy_design`, `dest_network_subzone`, `dest_cidr`, `network_link`, `history_action`, `history_state_confirmed`, `history_time`, `route_next_type`) VALUES (1,'routing_policy_60b9d29119b1c4b6','2021-06-04 07:13:21','umadmin','2021-06-04 07:13:21','umadmin','TGR1_LINK_DEFAULT__to__0.0.0.0/0','created_0','to__0.0.0.0/0',NULL,NULL,'route_table_60b9ca9eb0cc80a6','routing_policy_design_60b9b3958b5865f9','network_subzone_60b9cc9024499dcd','0.0.0.0/0','network_link_60b9ccb79e8156e6','insert',0,'2021-06-04 07:13:21','NAT');
/*!40000 ALTER TABLE `history_routing_policy` ENABLE KEYS */;
UNLOCK TABLES;

--
-- Dumping data for table `history_routing_policy_design`
--

LOCK TABLES `history_routing_policy_design` WRITE;
/*!40000 ALTER TABLE `history_routing_policy_design` DISABLE KEYS */;
INSERT INTO `history_routing_policy_design` (`id`, `guid`, `create_time`, `create_user`, `update_time`, `update_user`, `key_name`, `state`, `code`, `confirm_time`, `route_table_design`, `dest_network_subzone_design`, `network_link_design`, `history_action`, `history_state_confirmed`, `history_time`) VALUES (1,'routing_policy_design_60b9b3958b5865f9','2021-06-04 05:01:09','umadmin','2021-06-04 05:01:09','umadmin','to_WDC_WAN_WANNET__RDC_LINK__NAT__WDC_WAN','added_0','to__WDC_WAN_WANNET',NULL,'route_table_design_60b9ab282f6baea0','network_subzone_design_60b9b0d0bc697226','network_link_design_60b9b0e86796715b','insert',0,'2021-06-04 05:01:09');
INSERT INTO `history_routing_policy_design` (`id`, `guid`, `create_time`, `create_user`, `update_time`, `update_user`, `key_name`, `state`, `code`, `confirm_time`, `route_table_design`, `dest_network_subzone_design`, `network_link_design`, `history_action`, `history_state_confirmed`, `history_time`) VALUES (2,'routing_policy_design_60b9b3958b5865f9','2021-06-04 05:01:09','umadmin','2021-06-04 05:01:09','umadmin','to_WDC_WAN_WANNET__RDC_LINK__NAT__RDC_WAN','added_0','to__WDC_WAN_WANNET',NULL,'route_table_design_60b9ab282f6baea0','network_subzone_design_60b9b0d0bc697226','network_link_design_60b9b0e86796715b','autofill',0,'2021-06-04 08:44:41');
INSERT INTO `history_routing_policy_design` (`id`, `guid`, `create_time`, `create_user`, `update_time`, `update_user`, `key_name`, `state`, `code`, `confirm_time`, `route_table_design`, `dest_network_subzone_design`, `network_link_design`, `history_action`, `history_state_confirmed`, `history_time`) VALUES (3,'routing_policy_design_60b9b3958b5865f9','2021-06-04 05:01:09','umadmin','2021-06-04 05:01:09','umadmin','to_RDC_WAN_WANNET__RDC_LINK__NAT__RDC_WAN','added_0','to__WDC_WAN_WANNET',NULL,'route_table_design_60b9ab282f6baea0','network_subzone_design_60b9b0d0bc697226','network_link_design_60b9b0e86796715b','autofill',0,'2021-06-04 08:44:41');
/*!40000 ALTER TABLE `history_routing_policy_design` ENABLE KEYS */;
UNLOCK TABLES;

--
-- Dumping data for table `history_security_zone`
--

LOCK TABLES `history_security_zone` WRITE;
/*!40000 ALTER TABLE `history_security_zone` DISABLE KEYS */;
INSERT INTO `history_security_zone` (`id`, `guid`, `create_time`, `create_user`, `update_time`, `update_user`, `key_name`, `state`, `code`, `confirm_time`, `asset_id`, `name`, `data_center`, `security_zone_design`, `network_zone`, `history_action`, `history_state_confirmed`, `history_time`) VALUES (1,'security_zone_60b9d30f465d3bf3','2021-06-04 07:15:27','umadmin','2021-06-04 07:15:27','umadmin','TGR1_suggest','created_0','suggest',NULL,NULL,'DMZ','data_center_60b9b6b752cca4a8','security_zone_design_60b9c205d07e84b0','network_zone_60b9ca52e4bdffd0','insert',0,'2021-06-04 07:15:27');
INSERT INTO `history_security_zone` (`id`, `guid`, `create_time`, `create_user`, `update_time`, `update_user`, `key_name`, `state`, `code`, `confirm_time`, `asset_id`, `name`, `data_center`, `security_zone_design`, `network_zone`, `history_action`, `history_state_confirmed`, `history_time`) VALUES (2,'security_zone_60b9d30f465d3bf3','2021-06-04 07:15:27','umadmin','2021-06-04 07:15:33','umadmin','TGR1_DMZ','created_0','DMZ',NULL,'','DMZ','data_center_60b9b6b752cca4a8','security_zone_design_60b9c205d07e84b0','network_zone_60b9ca52e4bdffd0','update',0,'2021-06-04 07:15:33');
INSERT INTO `history_security_zone` (`id`, `guid`, `create_time`, `create_user`, `update_time`, `update_user`, `key_name`, `state`, `code`, `confirm_time`, `asset_id`, `name`, `data_center`, `security_zone_design`, `network_zone`, `history_action`, `history_state_confirmed`, `history_time`) VALUES (3,'security_zone_60b9d339b67c04d3','2021-06-04 07:16:09','umadmin','2021-06-04 07:16:09','umadmin','TGR1_MGMT','created_0','MGMT',NULL,NULL,'MGMT','data_center_60b9b6b752cca4a8','security_zone_design_60b9c21549fbda5a','network_zone_60b9ca52e4bdffd0','insert',0,'2021-06-04 07:16:09');
INSERT INTO `history_security_zone` (`id`, `guid`, `create_time`, `create_user`, `update_time`, `update_user`, `key_name`, `state`, `code`, `confirm_time`, `asset_id`, `name`, `data_center`, `security_zone_design`, `network_zone`, `history_action`, `history_state_confirmed`, `history_time`) VALUES (4,'security_zone_60b9d354f03dd37c','2021-06-04 07:16:36','umadmin','2021-06-04 07:16:36','umadmin','TGR1_SF','created_0','SF',NULL,NULL,'SF','data_center_60b9b6b752cca4a8','security_zone_design_60b9c22542730e24','network_zone_60b9ca7c60b15196','insert',0,'2021-06-04 07:16:36');
INSERT INTO `history_security_zone` (`id`, `guid`, `create_time`, `create_user`, `update_time`, `update_user`, `key_name`, `state`, `code`, `confirm_time`, `asset_id`, `name`, `data_center`, `security_zone_design`, `network_zone`, `history_action`, `history_state_confirmed`, `history_time`) VALUES (5,'security_zone_60ba032836205e7f','2021-06-04 10:40:40','umadmin','2021-06-04 10:40:40','umadmin','TGR1_WAN','created_0','WAN',NULL,NULL,'互联网区','data_center_60b9b6b752cca4a8','security_zone_design_60b9c83d560a8cda','network_zone_60b9cc727775c457','insert',0,'2021-06-04 10:40:40');
/*!40000 ALTER TABLE `history_security_zone` ENABLE KEYS */;
UNLOCK TABLES;

--
-- Dumping data for table `history_security_zone_design`
--

LOCK TABLES `history_security_zone_design` WRITE;
/*!40000 ALTER TABLE `history_security_zone_design` DISABLE KEYS */;
INSERT INTO `history_security_zone_design` (`id`, `guid`, `create_time`, `create_user`, `update_time`, `update_user`, `key_name`, `state`, `code`, `confirm_time`, `name`, `data_center_design`, `network_zone_design`, `history_action`, `history_state_confirmed`, `history_time`) VALUES (1,'security_zone_design_60b9c205d07e84b0','2021-06-04 06:02:45','umadmin','2021-06-04 06:02:45','umadmin','RDC_LINK_DMZ','added_0','DMZ',NULL,'DMZ','data_center_design_60b9aa42f3507a27','network_zone_design_60b9aaa3c865b911','insert',0,'2021-06-04 06:02:45');
INSERT INTO `history_security_zone_design` (`id`, `guid`, `create_time`, `create_user`, `update_time`, `update_user`, `key_name`, `state`, `code`, `confirm_time`, `name`, `data_center_design`, `network_zone_design`, `history_action`, `history_state_confirmed`, `history_time`) VALUES (2,'security_zone_design_60b9c21549fbda5a','2021-06-04 06:03:01','umadmin','2021-06-04 06:03:01','umadmin','RDC_LINK_MGMT','added_0','MGMT',NULL,'MGMT','data_center_design_60b9aa42f3507a27','network_zone_design_60b9aaa3c865b911','insert',0,'2021-06-04 06:03:01');
INSERT INTO `history_security_zone_design` (`id`, `guid`, `create_time`, `create_user`, `update_time`, `update_user`, `key_name`, `state`, `code`, `confirm_time`, `name`, `data_center_design`, `network_zone_design`, `history_action`, `history_state_confirmed`, `history_time`) VALUES (3,'security_zone_design_60b9c22542730e24','2021-06-04 06:03:17','umadmin','2021-06-04 06:03:17','umadmin','RDC_CORE_SF','added_0','SF',NULL,'SF','data_center_design_60b9aa42f3507a27','network_zone_design_60b9aac4a1fe3bec','insert',0,'2021-06-04 06:03:17');
INSERT INTO `history_security_zone_design` (`id`, `guid`, `create_time`, `create_user`, `update_time`, `update_user`, `key_name`, `state`, `code`, `confirm_time`, `name`, `data_center_design`, `network_zone_design`, `history_action`, `history_state_confirmed`, `history_time`) VALUES (4,'security_zone_design_60b9c83d560a8cda','2021-06-04 06:29:17','umadmin','2021-06-04 06:29:17','umadmin','WDC_WAN_WAN','added_0','WAN',NULL,'WAN','data_center_design_60b9b08ef60a67d7','network_zone_design_60b9b0a8f578f44d','insert',0,'2021-06-04 06:29:17');
INSERT INTO `history_security_zone_design` (`id`, `guid`, `create_time`, `create_user`, `update_time`, `update_user`, `key_name`, `state`, `code`, `confirm_time`, `name`, `data_center_design`, `network_zone_design`, `history_action`, `history_state_confirmed`, `history_time`) VALUES (5,'security_zone_design_60b9c83d560a8cda','2021-06-04 06:29:17','umadmin','2021-06-04 06:29:17','umadmin','RDC_WAN_WAN','added_0','WAN',NULL,'WAN','data_center_design_60b9b08ef60a67d7','network_zone_design_60b9b0a8f578f44d','autofill',0,'2021-06-04 08:44:41');
INSERT INTO `history_security_zone_design` (`id`, `guid`, `create_time`, `create_user`, `update_time`, `update_user`, `key_name`, `state`, `code`, `confirm_time`, `name`, `data_center_design`, `network_zone_design`, `history_action`, `history_state_confirmed`, `history_time`) VALUES (6,'security_zone_design_60b9c83d560a8cda','2021-06-04 06:29:17','umadmin','2021-06-04 08:47:22','umadmin','RDC_WAN_WAN','added_0','WAN',NULL,'WAN','data_center_design_60b9aa42f3507a27','network_zone_design_60b9b0a8f578f44d','update',0,'2021-06-04 08:47:22');
/*!40000 ALTER TABLE `history_security_zone_design` ENABLE KEYS */;
UNLOCK TABLES;

--
-- Dumping data for table `history_sequence_design`
--

LOCK TABLES `history_sequence_design` WRITE;
/*!40000 ALTER TABLE `history_sequence_design` DISABLE KEYS */;
/*!40000 ALTER TABLE `history_sequence_design` ENABLE KEYS */;
UNLOCK TABLES;

--
-- Dumping data for table `history_sequence_design$service_invoke_design`
--

LOCK TABLES `history_sequence_design$service_invoke_design` WRITE;
/*!40000 ALTER TABLE `history_sequence_design$service_invoke_design` DISABLE KEYS */;
/*!40000 ALTER TABLE `history_sequence_design$service_invoke_design` ENABLE KEYS */;
UNLOCK TABLES;

--
-- Dumping data for table `history_service_design`
--

LOCK TABLES `history_service_design` WRITE;
/*!40000 ALTER TABLE `history_service_design` DISABLE KEYS */;
INSERT INTO `history_service_design` (`id`, `guid`, `create_time`, `create_user`, `update_time`, `update_user`, `key_name`, `state`, `code`, `confirm_time`, `name`, `unit_design`, `service_type`, `service_invoke_type`, `service_nature`, `service_id`, `history_action`, `history_state_confirmed`, `history_time`) VALUES (1,'service_design_60b9e2e193aae59c','2021-06-04 08:22:57','umadmin','2021-06-04 08:22:57','umadmin','UM_AUTH_APP(AUTH)','added_0','AUTH',NULL,'认证','unit_design_60b9e134e6c6ecd7','DIRECT','SYNC','QUERY','Q100001','insert',0,'2021-06-04 08:22:57');
INSERT INTO `history_service_design` (`id`, `guid`, `create_time`, `create_user`, `update_time`, `update_user`, `key_name`, `state`, `code`, `confirm_time`, `name`, `unit_design`, `service_type`, `service_invoke_type`, `service_nature`, `service_id`, `history_action`, `history_state_confirmed`, `history_time`) VALUES (2,'service_design_60b9e2e193aae59c','2021-06-04 08:22:57','umadmin','2021-06-04 08:24:01','umadmin','UM_AUTH_APP(AUTH)','added_1','AUTH','2021-06-04 08:24:01','认证','unit_design_60b9e134e6c6ecd7','DIRECT','SYNC','QUERY','Q100001','confirm',1,'2021-06-04 08:24:01');
INSERT INTO `history_service_design` (`id`, `guid`, `create_time`, `create_user`, `update_time`, `update_user`, `key_name`, `state`, `code`, `confirm_time`, `name`, `unit_design`, `service_type`, `service_invoke_type`, `service_nature`, `service_id`, `history_action`, `history_state_confirmed`, `history_time`) VALUES (3,'service_design_60b9e9b79f3c1bb2','2021-06-04 08:52:07','umadmin','2021-06-04 08:52:07','umadmin','DEMO_CORE_APP(LOGIN)','added_0','LOGIN',NULL,'登陆','unit_design_60b9e3ea3e833a35','DIRECT','SYNC','QUERY','Q100403','insert',0,'2021-06-04 08:52:07');
INSERT INTO `history_service_design` (`id`, `guid`, `create_time`, `create_user`, `update_time`, `update_user`, `key_name`, `state`, `code`, `confirm_time`, `name`, `unit_design`, `service_type`, `service_invoke_type`, `service_nature`, `service_id`, `history_action`, `history_state_confirmed`, `history_time`) VALUES (4,'service_design_60b9e9f6c82fa672','2021-06-04 08:53:10','umadmin','2021-06-04 08:53:10','umadmin','DEMO_CORE_APP(ACCOUNT)','added_0','ACCOUNT',NULL,'账户信息查询','unit_design_60b9e3ea3e833a35','DIRECT','SYNC','QUERY','Q868345','insert',0,'2021-06-04 08:53:10');
INSERT INTO `history_service_design` (`id`, `guid`, `create_time`, `create_user`, `update_time`, `update_user`, `key_name`, `state`, `code`, `confirm_time`, `name`, `unit_design`, `service_type`, `service_invoke_type`, `service_nature`, `service_id`, `history_action`, `history_state_confirmed`, `history_time`) VALUES (5,'service_design_60b9e9f6c82fa672','2021-06-04 08:53:10','umadmin','2021-06-04 08:53:33','umadmin','DEMO_CORE_APP(ACC_INF)','added_0','ACC_INF',NULL,'账户信息查询','unit_design_60b9e3ea3e833a35','DIRECT','SYNC','QUERY','Q868345','update',0,'2021-06-04 08:53:33');
INSERT INTO `history_service_design` (`id`, `guid`, `create_time`, `create_user`, `update_time`, `update_user`, `key_name`, `state`, `code`, `confirm_time`, `name`, `unit_design`, `service_type`, `service_invoke_type`, `service_nature`, `service_id`, `history_action`, `history_state_confirmed`, `history_time`) VALUES (6,'service_design_60b9eb5ff6c00a47','2021-06-04 08:59:11','umadmin','2021-06-04 08:59:11','umadmin','DEMO_PROXY_NGINX(LOGIN)','added_0','LOGIN',NULL,'登陆','unit_design_60b9e56f57e3cbc8','DIRECT','SYNC','QUERY','Q345667','insert',0,'2021-06-04 08:59:11');
INSERT INTO `history_service_design` (`id`, `guid`, `create_time`, `create_user`, `update_time`, `update_user`, `key_name`, `state`, `code`, `confirm_time`, `name`, `unit_design`, `service_type`, `service_invoke_type`, `service_nature`, `service_id`, `history_action`, `history_state_confirmed`, `history_time`) VALUES (7,'service_design_60b9eb7f9e3f8ab3','2021-06-04 08:59:43','umadmin','2021-06-04 08:59:43','umadmin','DEMO_PROXY_NGINX(ACC_INF)','added_0','ACC_INF',NULL,' 账户信息查询','unit_design_60b9e56f57e3cbc8','DIRECT','SYNC','QUERY','Q987657','insert',0,'2021-06-04 08:59:43');
INSERT INTO `history_service_design` (`id`, `guid`, `create_time`, `create_user`, `update_time`, `update_user`, `key_name`, `state`, `code`, `confirm_time`, `name`, `unit_design`, `service_type`, `service_invoke_type`, `service_nature`, `service_id`, `history_action`, `history_state_confirmed`, `history_time`) VALUES (8,'service_design_60b9e9b79f3c1bb2','2021-06-04 08:52:07','umadmin','2021-06-04 09:03:37','umadmin','DEMO_CORE_APP(LOGIN)','added_1','LOGIN','2021-06-04 09:03:37','登陆','unit_design_60b9e3ea3e833a35','DIRECT','SYNC','QUERY','Q100403','confirm',1,'2021-06-04 09:03:37');
INSERT INTO `history_service_design` (`id`, `guid`, `create_time`, `create_user`, `update_time`, `update_user`, `key_name`, `state`, `code`, `confirm_time`, `name`, `unit_design`, `service_type`, `service_invoke_type`, `service_nature`, `service_id`, `history_action`, `history_state_confirmed`, `history_time`) VALUES (9,'service_design_60b9e9f6c82fa672','2021-06-04 08:53:10','umadmin','2021-06-04 09:03:37','umadmin','DEMO_CORE_APP(ACC_INF)','added_1','ACC_INF','2021-06-04 09:03:37','账户信息查询','unit_design_60b9e3ea3e833a35','DIRECT','SYNC','QUERY','Q868345','confirm',1,'2021-06-04 09:03:37');
INSERT INTO `history_service_design` (`id`, `guid`, `create_time`, `create_user`, `update_time`, `update_user`, `key_name`, `state`, `code`, `confirm_time`, `name`, `unit_design`, `service_type`, `service_invoke_type`, `service_nature`, `service_id`, `history_action`, `history_state_confirmed`, `history_time`) VALUES (10,'service_design_60b9eb5ff6c00a47','2021-06-04 08:59:11','umadmin','2021-06-04 09:03:37','umadmin','DEMO_PROXY_NGINX(LOGIN)','added_1','LOGIN','2021-06-04 09:03:37','登陆','unit_design_60b9e56f57e3cbc8','DIRECT','SYNC','QUERY','Q345667','confirm',1,'2021-06-04 09:03:37');
INSERT INTO `history_service_design` (`id`, `guid`, `create_time`, `create_user`, `update_time`, `update_user`, `key_name`, `state`, `code`, `confirm_time`, `name`, `unit_design`, `service_type`, `service_invoke_type`, `service_nature`, `service_id`, `history_action`, `history_state_confirmed`, `history_time`) VALUES (11,'service_design_60b9eb7f9e3f8ab3','2021-06-04 08:59:43','umadmin','2021-06-04 09:03:37','umadmin','DEMO_PROXY_NGINX(ACC_INF)','added_1','ACC_INF','2021-06-04 09:03:37',' 账户信息查询','unit_design_60b9e56f57e3cbc8','DIRECT','SYNC','QUERY','Q987657','confirm',1,'2021-06-04 09:03:37');
/*!40000 ALTER TABLE `history_service_design` ENABLE KEYS */;
UNLOCK TABLES;

--
-- Dumping data for table `history_service_invoke_design`
--

LOCK TABLES `history_service_invoke_design` WRITE;
/*!40000 ALTER TABLE `history_service_invoke_design` DISABLE KEYS */;
INSERT INTO `history_service_invoke_design` (`id`, `guid`, `create_time`, `create_user`, `update_time`, `update_user`, `key_name`, `state`, `code`, `confirm_time`, `invoke_unit_design`, `invoked_service_design`, `invoked_unit_design`, `history_action`, `history_state_confirmed`, `history_time`) VALUES (1,'service_invoke_design_60b9eb99ce8c4253','2021-06-04 09:00:09','umadmin','2021-06-04 09:00:09','umadmin','DEMO_CLIENT_BROWER-->DEMO_PROXY_NGINX(LOGIN)','added_0','SYNC',NULL,'unit_design_60b9e9540281a537','service_design_60b9eb5ff6c00a47','unit_design_60b9e56f57e3cbc8','insert',0,'2021-06-04 09:00:09');
INSERT INTO `history_service_invoke_design` (`id`, `guid`, `create_time`, `create_user`, `update_time`, `update_user`, `key_name`, `state`, `code`, `confirm_time`, `invoke_unit_design`, `invoked_service_design`, `invoked_unit_design`, `history_action`, `history_state_confirmed`, `history_time`) VALUES (2,'service_invoke_design_60b9eba6d48dfee3','2021-06-04 09:00:22','umadmin','2021-06-04 09:00:22','umadmin','DEMO_CLIENT_BROWER-->DEMO_PROXY_NGINX(ACC_INF)','added_0','SYNC',NULL,'unit_design_60b9e9540281a537','service_design_60b9eb7f9e3f8ab3','unit_design_60b9e56f57e3cbc8','insert',0,'2021-06-04 09:00:22');
INSERT INTO `history_service_invoke_design` (`id`, `guid`, `create_time`, `create_user`, `update_time`, `update_user`, `key_name`, `state`, `code`, `confirm_time`, `invoke_unit_design`, `invoked_service_design`, `invoked_unit_design`, `history_action`, `history_state_confirmed`, `history_time`) VALUES (3,'service_invoke_design_60b9ec337236360e','2021-06-04 09:02:43','umadmin','2021-06-04 09:02:43','umadmin','DEMO_PROXY_NGINX-->DEMO_CORE_APP(LOGIN)','added_0','SYNC',NULL,'unit_design_60b9e56f57e3cbc8','service_design_60b9e9b79f3c1bb2','unit_design_60b9e3ea3e833a35','insert',0,'2021-06-04 09:02:43');
INSERT INTO `history_service_invoke_design` (`id`, `guid`, `create_time`, `create_user`, `update_time`, `update_user`, `key_name`, `state`, `code`, `confirm_time`, `invoke_unit_design`, `invoked_service_design`, `invoked_unit_design`, `history_action`, `history_state_confirmed`, `history_time`) VALUES (4,'service_invoke_design_60b9ec4354eaa17d','2021-06-04 09:02:59','umadmin','2021-06-04 09:02:59','umadmin','DEMO_PROXY_NGINX-->DEMO_CORE_APP(ACC_INF)','added_0','SYNC',NULL,'unit_design_60b9e56f57e3cbc8','service_design_60b9e9f6c82fa672','unit_design_60b9e3ea3e833a35','insert',0,'2021-06-04 09:02:59');
INSERT INTO `history_service_invoke_design` (`id`, `guid`, `create_time`, `create_user`, `update_time`, `update_user`, `key_name`, `state`, `code`, `confirm_time`, `invoke_unit_design`, `invoked_service_design`, `invoked_unit_design`, `history_action`, `history_state_confirmed`, `history_time`) VALUES (5,'service_invoke_design_60b9ec4ec762e5d0','2021-06-04 09:03:10','umadmin','2021-06-04 09:03:10','umadmin','DEMO_CORE_APP-->UM_AUTH_APP(AUTH)','added_0','SYNC',NULL,'unit_design_60b9e3ea3e833a35','service_design_60b9e2e193aae59c','unit_design_60b9e134e6c6ecd7','insert',0,'2021-06-04 09:03:10');
INSERT INTO `history_service_invoke_design` (`id`, `guid`, `create_time`, `create_user`, `update_time`, `update_user`, `key_name`, `state`, `code`, `confirm_time`, `invoke_unit_design`, `invoked_service_design`, `invoked_unit_design`, `history_action`, `history_state_confirmed`, `history_time`) VALUES (6,'service_invoke_design_60b9ec4ec762e5d0','2021-06-04 09:03:10','umadmin','2021-06-04 09:03:37','umadmin','DEMO_CORE_APP-->UM_AUTH_APP(AUTH)','added_1','SYNC','2021-06-04 09:03:37','unit_design_60b9e3ea3e833a35','service_design_60b9e2e193aae59c','unit_design_60b9e134e6c6ecd7','confirm',1,'2021-06-04 09:03:37');
INSERT INTO `history_service_invoke_design` (`id`, `guid`, `create_time`, `create_user`, `update_time`, `update_user`, `key_name`, `state`, `code`, `confirm_time`, `invoke_unit_design`, `invoked_service_design`, `invoked_unit_design`, `history_action`, `history_state_confirmed`, `history_time`) VALUES (7,'service_invoke_design_60b9ec337236360e','2021-06-04 09:02:43','umadmin','2021-06-04 09:03:37','umadmin','DEMO_PROXY_NGINX-->DEMO_CORE_APP(LOGIN)','added_1','SYNC','2021-06-04 09:03:37','unit_design_60b9e56f57e3cbc8','service_design_60b9e9b79f3c1bb2','unit_design_60b9e3ea3e833a35','confirm',1,'2021-06-04 09:03:37');
INSERT INTO `history_service_invoke_design` (`id`, `guid`, `create_time`, `create_user`, `update_time`, `update_user`, `key_name`, `state`, `code`, `confirm_time`, `invoke_unit_design`, `invoked_service_design`, `invoked_unit_design`, `history_action`, `history_state_confirmed`, `history_time`) VALUES (8,'service_invoke_design_60b9ec4354eaa17d','2021-06-04 09:02:59','umadmin','2021-06-04 09:03:37','umadmin','DEMO_PROXY_NGINX-->DEMO_CORE_APP(ACC_INF)','added_1','SYNC','2021-06-04 09:03:37','unit_design_60b9e56f57e3cbc8','service_design_60b9e9f6c82fa672','unit_design_60b9e3ea3e833a35','confirm',1,'2021-06-04 09:03:37');
INSERT INTO `history_service_invoke_design` (`id`, `guid`, `create_time`, `create_user`, `update_time`, `update_user`, `key_name`, `state`, `code`, `confirm_time`, `invoke_unit_design`, `invoked_service_design`, `invoked_unit_design`, `history_action`, `history_state_confirmed`, `history_time`) VALUES (9,'service_invoke_design_60b9eb99ce8c4253','2021-06-04 09:00:09','umadmin','2021-06-04 09:03:37','umadmin','DEMO_CLIENT_BROWER-->DEMO_PROXY_NGINX(LOGIN)','added_1','SYNC','2021-06-04 09:03:37','unit_design_60b9e9540281a537','service_design_60b9eb5ff6c00a47','unit_design_60b9e56f57e3cbc8','confirm',1,'2021-06-04 09:03:37');
INSERT INTO `history_service_invoke_design` (`id`, `guid`, `create_time`, `create_user`, `update_time`, `update_user`, `key_name`, `state`, `code`, `confirm_time`, `invoke_unit_design`, `invoked_service_design`, `invoked_unit_design`, `history_action`, `history_state_confirmed`, `history_time`) VALUES (10,'service_invoke_design_60b9eba6d48dfee3','2021-06-04 09:00:22','umadmin','2021-06-04 09:03:37','umadmin','DEMO_CLIENT_BROWER-->DEMO_PROXY_NGINX(ACC_INF)','added_1','SYNC','2021-06-04 09:03:37','unit_design_60b9e9540281a537','service_design_60b9eb7f9e3f8ab3','unit_design_60b9e56f57e3cbc8','confirm',1,'2021-06-04 09:03:37');
/*!40000 ALTER TABLE `history_service_invoke_design` ENABLE KEYS */;
UNLOCK TABLES;

--
-- Dumping data for table `history_static_diff_conf_value`
--

LOCK TABLES `history_static_diff_conf_value` WRITE;
/*!40000 ALTER TABLE `history_static_diff_conf_value` DISABLE KEYS */;
/*!40000 ALTER TABLE `history_static_diff_conf_value` ENABLE KEYS */;
UNLOCK TABLES;

--
-- Dumping data for table `history_static_diff_conf_value$deploy_environment`
--

LOCK TABLES `history_static_diff_conf_value$deploy_environment` WRITE;
/*!40000 ALTER TABLE `history_static_diff_conf_value$deploy_environment` DISABLE KEYS */;
/*!40000 ALTER TABLE `history_static_diff_conf_value$deploy_environment` ENABLE KEYS */;
UNLOCK TABLES;

--
-- Dumping data for table `history_subsystem`
--

LOCK TABLES `history_subsystem` WRITE;
/*!40000 ALTER TABLE `history_subsystem` DISABLE KEYS */;
INSERT INTO `history_subsystem` (`id`, `guid`, `create_time`, `create_user`, `update_time`, `update_user`, `key_name`, `state`, `code`, `confirm_time`, `asset_id`, `app_system`, `subsystem_design`, `security_zone`, `manage_role`, `history_action`, `history_state_confirmed`, `history_time`) VALUES (1,'subsystem_60b9f96d2edae48b','2021-06-04 09:59:09','umadmin','2021-06-04 09:59:09','umadmin','PRD_UM_AUTH','created_0','AUTH',NULL,NULL,'app_system_60b9f9524832f644','subsystem_design_60b9e0ea1b56f466','security_zone_60b9d354f03dd37c','manage_role_60b9a90898f75150','insert',0,'2021-06-04 09:59:09');
INSERT INTO `history_subsystem` (`id`, `guid`, `create_time`, `create_user`, `update_time`, `update_user`, `key_name`, `state`, `code`, `confirm_time`, `asset_id`, `app_system`, `subsystem_design`, `security_zone`, `manage_role`, `history_action`, `history_state_confirmed`, `history_time`) VALUES (2,'subsystem_60b9fedd98ad6bce','2021-06-04 10:22:21','umadmin','2021-06-04 10:22:21','umadmin','PRD_DEMO_CORE','created_0','CORE',NULL,NULL,'app_system_60b9fea7dacae792','subsystem_design_60b9e3cfd10ff03b','security_zone_60b9d354f03dd37c','manage_role_60b9a9088f788ecf','insert',0,'2021-06-04 10:22:21');
INSERT INTO `history_subsystem` (`id`, `guid`, `create_time`, `create_user`, `update_time`, `update_user`, `key_name`, `state`, `code`, `confirm_time`, `asset_id`, `app_system`, `subsystem_design`, `security_zone`, `manage_role`, `history_action`, `history_state_confirmed`, `history_time`) VALUES (3,'subsystem_60b9fef5d7845a86','2021-06-04 10:22:45','umadmin','2021-06-04 10:22:45','umadmin','PRD_DEMO_PROXY','created_0','PROXY',NULL,NULL,'app_system_60b9fea7dacae792','subsystem_design_60b9e553a9a5e735','security_zone_60b9d30f465d3bf3','manage_role_60b9a9088f788ecf','insert',0,'2021-06-04 10:22:45');
INSERT INTO `history_subsystem` (`id`, `guid`, `create_time`, `create_user`, `update_time`, `update_user`, `key_name`, `state`, `code`, `confirm_time`, `asset_id`, `app_system`, `subsystem_design`, `security_zone`, `manage_role`, `history_action`, `history_state_confirmed`, `history_time`) VALUES (4,'subsystem_60ba03e014307e25','2021-06-04 10:43:44','umadmin','2021-06-04 10:43:44','umadmin','PRD_DEMO_CLIENT','created_0','CLIENT',NULL,NULL,'app_system_60b9fea7dacae792','subsystem_design_60b9e93ebd782435','security_zone_60ba032836205e7f','manage_role_60b9a9088f788ecf','insert',0,'2021-06-04 10:43:44');
/*!40000 ALTER TABLE `history_subsystem` ENABLE KEYS */;
UNLOCK TABLES;

--
-- Dumping data for table `history_subsystem_design`
--

LOCK TABLES `history_subsystem_design` WRITE;
/*!40000 ALTER TABLE `history_subsystem_design` DISABLE KEYS */;
INSERT INTO `history_subsystem_design` (`id`, `guid`, `create_time`, `create_user`, `update_time`, `update_user`, `key_name`, `state`, `code`, `confirm_time`, `name`, `subsystem_design_id`, `app_system_design`, `security_zone_design`, `history_action`, `history_state_confirmed`, `history_time`) VALUES (1,'subsystem_design_60b9e0ea1b56f466','2021-06-04 08:14:34','umadmin','2021-06-04 08:14:34','umadmin','UM_AUTH','added_0','AUTH',NULL,'认证子系统','123451','app_system_design_60b9e0c9f0f4b40a','security_zone_design_60b9c22542730e24','insert',0,'2021-06-04 08:14:34');
INSERT INTO `history_subsystem_design` (`id`, `guid`, `create_time`, `create_user`, `update_time`, `update_user`, `key_name`, `state`, `code`, `confirm_time`, `name`, `subsystem_design_id`, `app_system_design`, `security_zone_design`, `history_action`, `history_state_confirmed`, `history_time`) VALUES (2,'subsystem_design_60b9e0ea1b56f466','2021-06-04 08:14:34','umadmin','2021-06-04 08:24:01','umadmin','UM_AUTH','added_1','AUTH','2021-06-04 08:24:01','认证子系统','123451','app_system_design_60b9e0c9f0f4b40a','security_zone_design_60b9c22542730e24','confirm',1,'2021-06-04 08:24:01');
INSERT INTO `history_subsystem_design` (`id`, `guid`, `create_time`, `create_user`, `update_time`, `update_user`, `key_name`, `state`, `code`, `confirm_time`, `name`, `subsystem_design_id`, `app_system_design`, `security_zone_design`, `history_action`, `history_state_confirmed`, `history_time`) VALUES (3,'subsystem_design_60b9e3cfd10ff03b','2021-06-04 08:26:55','umadmin','2021-06-04 08:26:55','umadmin','DEMO_CORE','added_0','CORE',NULL,'核心子系统','123434','app_system_design_60b9e3479afe1d2c','security_zone_design_60b9c22542730e24','insert',0,'2021-06-04 08:26:55');
INSERT INTO `history_subsystem_design` (`id`, `guid`, `create_time`, `create_user`, `update_time`, `update_user`, `key_name`, `state`, `code`, `confirm_time`, `name`, `subsystem_design_id`, `app_system_design`, `security_zone_design`, `history_action`, `history_state_confirmed`, `history_time`) VALUES (4,'subsystem_design_60b9e3cfd10ff03b','2021-06-04 08:26:55','umadmin','2021-06-04 08:32:05','umadmin','DEMO_CORE','added_1','CORE','2021-06-04 08:32:05','核心子系统','123434','app_system_design_60b9e3479afe1d2c','security_zone_design_60b9c22542730e24','confirm',1,'2021-06-04 08:32:05');
INSERT INTO `history_subsystem_design` (`id`, `guid`, `create_time`, `create_user`, `update_time`, `update_user`, `key_name`, `state`, `code`, `confirm_time`, `name`, `subsystem_design_id`, `app_system_design`, `security_zone_design`, `history_action`, `history_state_confirmed`, `history_time`) VALUES (5,'subsystem_design_60b9e553a9a5e735','2021-06-04 08:33:23','umadmin','2021-06-04 08:33:23','umadmin','DEMO_PROXY','added_0','PROXY',NULL,'代理子系统','123455','app_system_design_60b9e3479afe1d2c','security_zone_design_60b9c205d07e84b0','insert',0,'2021-06-04 08:33:23');
INSERT INTO `history_subsystem_design` (`id`, `guid`, `create_time`, `create_user`, `update_time`, `update_user`, `key_name`, `state`, `code`, `confirm_time`, `name`, `subsystem_design_id`, `app_system_design`, `security_zone_design`, `history_action`, `history_state_confirmed`, `history_time`) VALUES (6,'subsystem_design_60b9e93ebd782435','2021-06-04 08:50:06','umadmin','2021-06-04 08:50:06','umadmin','DEMO_CLIENT','added_0','CLIENT',NULL,'客户端子系统','454636','app_system_design_60b9e3479afe1d2c','security_zone_design_60b9c83d560a8cda','insert',0,'2021-06-04 08:50:06');
INSERT INTO `history_subsystem_design` (`id`, `guid`, `create_time`, `create_user`, `update_time`, `update_user`, `key_name`, `state`, `code`, `confirm_time`, `name`, `subsystem_design_id`, `app_system_design`, `security_zone_design`, `history_action`, `history_state_confirmed`, `history_time`) VALUES (7,'subsystem_design_60b9e3cfd10ff03b','2021-06-04 08:26:55','umadmin','2021-06-04 08:32:05','umadmin','DEMO_CORE','added_1','CORE','2021-06-04 09:03:37','核心子系统','123434','app_system_design_60b9e3479afe1d2c','security_zone_design_60b9c22542730e24','confirm',1,'2021-06-04 09:03:37');
INSERT INTO `history_subsystem_design` (`id`, `guid`, `create_time`, `create_user`, `update_time`, `update_user`, `key_name`, `state`, `code`, `confirm_time`, `name`, `subsystem_design_id`, `app_system_design`, `security_zone_design`, `history_action`, `history_state_confirmed`, `history_time`) VALUES (8,'subsystem_design_60b9e553a9a5e735','2021-06-04 08:33:23','umadmin','2021-06-04 09:03:37','umadmin','DEMO_PROXY','added_1','PROXY','2021-06-04 09:03:37','代理子系统','123455','app_system_design_60b9e3479afe1d2c','security_zone_design_60b9c205d07e84b0','confirm',1,'2021-06-04 09:03:37');
INSERT INTO `history_subsystem_design` (`id`, `guid`, `create_time`, `create_user`, `update_time`, `update_user`, `key_name`, `state`, `code`, `confirm_time`, `name`, `subsystem_design_id`, `app_system_design`, `security_zone_design`, `history_action`, `history_state_confirmed`, `history_time`) VALUES (9,'subsystem_design_60b9e93ebd782435','2021-06-04 08:50:06','umadmin','2021-06-04 09:03:37','umadmin','DEMO_CLIENT','added_1','CLIENT','2021-06-04 09:03:37','客户端子系统','454636','app_system_design_60b9e3479afe1d2c','security_zone_design_60b9c83d560a8cda','confirm',1,'2021-06-04 09:03:37');
/*!40000 ALTER TABLE `history_subsystem_design` ENABLE KEYS */;
UNLOCK TABLES;

--
-- Dumping data for table `history_unit`
--

LOCK TABLES `history_unit` WRITE;
/*!40000 ALTER TABLE `history_unit` DISABLE KEYS */;
INSERT INTO `history_unit` (`id`, `guid`, `create_time`, `create_user`, `update_time`, `update_user`, `key_name`, `state`, `code`, `confirm_time`, `asset_id`, `subsystem`, `unit_design`, `resource_set`, `deploy_path`, `public_key`, `protocol`, `unit_type`, `manage_role`, `white_list_type`, `security_group_asset_id`, `history_action`, `history_state_confirmed`, `history_time`) VALUES (1,'unit_60b9f98933f260c9','2021-06-04 09:59:37','umadmin','2021-06-04 09:59:37','umadmin','PRD_UM_AUTH_ILB','created_0','ILB',NULL,NULL,'subsystem_60b9f96d2edae48b','unit_design_60b9e110a349fd53','resource_set_60b9d908d2b2fff7',NULL,NULL,'TCP','CLB','manage_role_60b9a90898f75150','NO','','insert',0,'2021-06-04 09:59:37');
INSERT INTO `history_unit` (`id`, `guid`, `create_time`, `create_user`, `update_time`, `update_user`, `key_name`, `state`, `code`, `confirm_time`, `asset_id`, `subsystem`, `unit_design`, `resource_set`, `deploy_path`, `public_key`, `protocol`, `unit_type`, `manage_role`, `white_list_type`, `security_group_asset_id`, `history_action`, `history_state_confirmed`, `history_time`) VALUES (2,'unit_60b9fd000623ac5b','2021-06-04 10:14:24','umadmin','2021-06-04 10:14:24','umadmin','PRD_UM_AUTH_APP','created_0','APP',NULL,NULL,'subsystem_60b9f96d2edae48b','unit_design_60b9e134e6c6ecd7','resource_set_60b9d908105a0b30',NULL,NULL,'TCP','APP','manage_role_60b9a90898f75150','EGRESS','','insert',0,'2021-06-04 10:14:24');
INSERT INTO `history_unit` (`id`, `guid`, `create_time`, `create_user`, `update_time`, `update_user`, `key_name`, `state`, `code`, `confirm_time`, `asset_id`, `subsystem`, `unit_design`, `resource_set`, `deploy_path`, `public_key`, `protocol`, `unit_type`, `manage_role`, `white_list_type`, `security_group_asset_id`, `history_action`, `history_state_confirmed`, `history_time`) VALUES (3,'unit_60b9fe47899160b7','2021-06-04 10:19:51','umadmin','2021-06-04 10:19:51','umadmin','PRD_UM_AUTH_MYSQL','created_0','MYSQL',NULL,NULL,'subsystem_60b9f96d2edae48b','unit_design_60b9e15e4d0d62f4','resource_set_60b9d908179df27c',NULL,NULL,'TCP','MYSQL',NULL,'I','','insert',0,'2021-06-04 10:19:51');
INSERT INTO `history_unit` (`id`, `guid`, `create_time`, `create_user`, `update_time`, `update_user`, `key_name`, `state`, `code`, `confirm_time`, `asset_id`, `subsystem`, `unit_design`, `resource_set`, `deploy_path`, `public_key`, `protocol`, `unit_type`, `manage_role`, `white_list_type`, `security_group_asset_id`, `history_action`, `history_state_confirmed`, `history_time`) VALUES (4,'unit_60b9ff0b91933368','2021-06-04 10:23:07','umadmin','2021-06-04 10:23:07','umadmin','PRD_DEMO_CORE_APP','created_0','APP',NULL,NULL,'subsystem_60b9fedd98ad6bce','unit_design_60b9e3ea3e833a35','resource_set_60b9d908105a0b30',NULL,NULL,'TCP','APP','manage_role_60b9a9088f788ecf','EGRESS','','insert',0,'2021-06-04 10:23:07');
INSERT INTO `history_unit` (`id`, `guid`, `create_time`, `create_user`, `update_time`, `update_user`, `key_name`, `state`, `code`, `confirm_time`, `asset_id`, `subsystem`, `unit_design`, `resource_set`, `deploy_path`, `public_key`, `protocol`, `unit_type`, `manage_role`, `white_list_type`, `security_group_asset_id`, `history_action`, `history_state_confirmed`, `history_time`) VALUES (5,'unit_60b9ff33777f4e6e','2021-06-04 10:23:47','umadmin','2021-06-04 10:23:47','umadmin','PRD_DEMO_CORE_MYSQL','created_0','MYSQL',NULL,NULL,'subsystem_60b9fedd98ad6bce','unit_design_60b9e40bdbfe05cc','resource_set_60b9d908179df27c',NULL,NULL,'TCP','MYSQL','manage_role_60b9a9088f788ecf','NO','','insert',0,'2021-06-04 10:23:47');
INSERT INTO `history_unit` (`id`, `guid`, `create_time`, `create_user`, `update_time`, `update_user`, `key_name`, `state`, `code`, `confirm_time`, `asset_id`, `subsystem`, `unit_design`, `resource_set`, `deploy_path`, `public_key`, `protocol`, `unit_type`, `manage_role`, `white_list_type`, `security_group_asset_id`, `history_action`, `history_state_confirmed`, `history_time`) VALUES (6,'unit_60ba01a935209abb','2021-06-04 10:34:17','umadmin','2021-06-04 10:34:17','umadmin','PRD_DEMO_PROXY_NGINX','created_0','nginx01',NULL,NULL,'subsystem_60b9fef5d7845a86','unit_design_60b9e56f57e3cbc8','resource_set_60b9d40e7dea345c',NULL,NULL,'TCP','NGINX','manage_role_60b9a9088f788ecf','EGRESS','','insert',0,'2021-06-04 10:34:17');
INSERT INTO `history_unit` (`id`, `guid`, `create_time`, `create_user`, `update_time`, `update_user`, `key_name`, `state`, `code`, `confirm_time`, `asset_id`, `subsystem`, `unit_design`, `resource_set`, `deploy_path`, `public_key`, `protocol`, `unit_type`, `manage_role`, `white_list_type`, `security_group_asset_id`, `history_action`, `history_state_confirmed`, `history_time`) VALUES (7,'unit_60ba01a935209abb','2021-06-04 10:34:17','umadmin','2021-06-04 10:34:30','umadmin','PRD_DEMO_PROXY_NGINX','created_0','NGINX',NULL,'','subsystem_60b9fef5d7845a86','unit_design_60b9e56f57e3cbc8','resource_set_60b9d40e7dea345c','','','TCP','NGINX','manage_role_60b9a9088f788ecf','EGRESS','','update',0,'2021-06-04 10:34:30');
INSERT INTO `history_unit` (`id`, `guid`, `create_time`, `create_user`, `update_time`, `update_user`, `key_name`, `state`, `code`, `confirm_time`, `asset_id`, `subsystem`, `unit_design`, `resource_set`, `deploy_path`, `public_key`, `protocol`, `unit_type`, `manage_role`, `white_list_type`, `security_group_asset_id`, `history_action`, `history_state_confirmed`, `history_time`) VALUES (8,'unit_60ba021b777e499a','2021-06-04 10:36:11','umadmin','2021-06-04 10:36:11','umadmin','PRD_DEMO_PROXY_ELB','created_0','ELB',NULL,NULL,'subsystem_60b9fef5d7845a86','unit_design_60b9e5900bdb207c','resource_set_60b9d8ad61239c75',NULL,NULL,'TCP','CLB','manage_role_60b9a9088f788ecf','NO','','insert',0,'2021-06-04 10:36:11');
INSERT INTO `history_unit` (`id`, `guid`, `create_time`, `create_user`, `update_time`, `update_user`, `key_name`, `state`, `code`, `confirm_time`, `asset_id`, `subsystem`, `unit_design`, `resource_set`, `deploy_path`, `public_key`, `protocol`, `unit_type`, `manage_role`, `white_list_type`, `security_group_asset_id`, `history_action`, `history_state_confirmed`, `history_time`) VALUES (9,'unit_60ba03fa88d271a1','2021-06-04 10:44:10','umadmin','2021-06-04 10:44:10','umadmin','PRD_DEMO_CLIENT_BROWER','created_0','BROWER',NULL,NULL,'subsystem_60ba03e014307e25','unit_design_60b9e9540281a537','resource_set_60ba0362d7355e3d',NULL,NULL,'TCP','BROWER','manage_role_60b9a9088f788ecf','NO','','insert',0,'2021-06-04 10:44:10');
INSERT INTO `history_unit` (`id`, `guid`, `create_time`, `create_user`, `update_time`, `update_user`, `key_name`, `state`, `code`, `confirm_time`, `asset_id`, `subsystem`, `unit_design`, `resource_set`, `deploy_path`, `public_key`, `protocol`, `unit_type`, `manage_role`, `white_list_type`, `security_group_asset_id`, `history_action`, `history_state_confirmed`, `history_time`) VALUES (10,'unit_60b9fd000623ac5b','2021-06-04 10:14:24','umadmin','2021-06-08 04:13:37','umadmin','PRD_UM_AUTH_APP','created_0','APP',NULL,'','subsystem_60b9f96d2edae48b','unit_design_60b9e134e6c6ecd7','resource_set_60b9d908105a0b30','','','TCP','APP','manage_role_60b9a90898f75150','EGRESS','','update',0,'2021-06-08 04:13:37');
/*!40000 ALTER TABLE `history_unit` ENABLE KEYS */;
UNLOCK TABLES;

--
-- Dumping data for table `history_unit$deploy_package`
--

LOCK TABLES `history_unit$deploy_package` WRITE;
/*!40000 ALTER TABLE `history_unit$deploy_package` DISABLE KEYS */;
INSERT INTO `history_unit$deploy_package` (`id`, `from_guid`, `to_guid`, `seq_no`, `note`, `history_to_id`, `history_time`) VALUES (1,'unit_60ba01a935209abb','',0,NULL,0,'2021-06-04 10:34:30');
INSERT INTO `history_unit$deploy_package` (`id`, `from_guid`, `to_guid`, `seq_no`, `note`, `history_to_id`, `history_time`) VALUES (2,'unit_60b9fd000623ac5b','deploy_package_60bee893e9f52773',0,NULL,2,'2021-06-08 04:13:37');
/*!40000 ALTER TABLE `history_unit$deploy_package` ENABLE KEYS */;
UNLOCK TABLES;

--
-- Dumping data for table `history_unit_design`
--

LOCK TABLES `history_unit_design` WRITE;
/*!40000 ALTER TABLE `history_unit_design` DISABLE KEYS */;
INSERT INTO `history_unit_design` (`id`, `guid`, `create_time`, `create_user`, `update_time`, `update_user`, `key_name`, `state`, `code`, `confirm_time`, `name`, `subsystem_design`, `unit_type`, `resource_set_design`, `protocol`, `white_list_type`, `artifact_path`, `history_action`, `history_state_confirmed`, `history_time`) VALUES (1,'unit_design_60b9e110a349fd53','2021-06-04 08:15:12','umadmin','2021-06-04 08:15:12','umadmin','UM_AUTH_ILB','added_0','ILB',NULL,'负载均衡','subsystem_design_60b9e0ea1b56f466','CLB','resource_set_design_60b9c7e0a8e99c0d','TCP','NO',NULL,'insert',0,'2021-06-04 08:15:12');
INSERT INTO `history_unit_design` (`id`, `guid`, `create_time`, `create_user`, `update_time`, `update_user`, `key_name`, `state`, `code`, `confirm_time`, `name`, `subsystem_design`, `unit_type`, `resource_set_design`, `protocol`, `white_list_type`, `artifact_path`, `history_action`, `history_state_confirmed`, `history_time`) VALUES (2,'unit_design_60b9e134e6c6ecd7','2021-06-04 08:15:48','umadmin','2021-06-04 08:15:48','umadmin','UM_AUTH_APP','added_0','APP',NULL,'认证应用','subsystem_design_60b9e0ea1b56f466','APP','resource_set_design_60b9c7bd06431788','TCP','EGRESS',NULL,'insert',0,'2021-06-04 08:15:48');
INSERT INTO `history_unit_design` (`id`, `guid`, `create_time`, `create_user`, `update_time`, `update_user`, `key_name`, `state`, `code`, `confirm_time`, `name`, `subsystem_design`, `unit_type`, `resource_set_design`, `protocol`, `white_list_type`, `artifact_path`, `history_action`, `history_state_confirmed`, `history_time`) VALUES (3,'unit_design_60b9e15e4d0d62f4','2021-06-04 08:16:30','umadmin','2021-06-04 08:16:30','umadmin','UM_AUTH_MYSQL','added_0','MYSQL',NULL,'用户数据库','subsystem_design_60b9e0ea1b56f466','MYSQL','resource_set_design_60b9c809004e18d0','TCP','NO',NULL,'insert',0,'2021-06-04 08:16:30');
INSERT INTO `history_unit_design` (`id`, `guid`, `create_time`, `create_user`, `update_time`, `update_user`, `key_name`, `state`, `code`, `confirm_time`, `name`, `subsystem_design`, `unit_type`, `resource_set_design`, `protocol`, `white_list_type`, `artifact_path`, `history_action`, `history_state_confirmed`, `history_time`) VALUES (4,'unit_design_60b9e110a349fd53','2021-06-04 08:15:12','umadmin','2021-06-04 08:24:01','umadmin','UM_AUTH_ILB','added_1','ILB','2021-06-04 08:24:01','负载均衡','subsystem_design_60b9e0ea1b56f466','CLB','resource_set_design_60b9c7e0a8e99c0d','TCP','NO','','confirm',1,'2021-06-04 08:24:01');
INSERT INTO `history_unit_design` (`id`, `guid`, `create_time`, `create_user`, `update_time`, `update_user`, `key_name`, `state`, `code`, `confirm_time`, `name`, `subsystem_design`, `unit_type`, `resource_set_design`, `protocol`, `white_list_type`, `artifact_path`, `history_action`, `history_state_confirmed`, `history_time`) VALUES (5,'unit_design_60b9e134e6c6ecd7','2021-06-04 08:15:48','umadmin','2021-06-04 08:24:01','umadmin','UM_AUTH_APP','added_1','APP','2021-06-04 08:24:01','认证应用','subsystem_design_60b9e0ea1b56f466','APP','resource_set_design_60b9c7bd06431788','TCP','EGRESS','','confirm',1,'2021-06-04 08:24:01');
INSERT INTO `history_unit_design` (`id`, `guid`, `create_time`, `create_user`, `update_time`, `update_user`, `key_name`, `state`, `code`, `confirm_time`, `name`, `subsystem_design`, `unit_type`, `resource_set_design`, `protocol`, `white_list_type`, `artifact_path`, `history_action`, `history_state_confirmed`, `history_time`) VALUES (6,'unit_design_60b9e15e4d0d62f4','2021-06-04 08:16:30','umadmin','2021-06-04 08:24:01','umadmin','UM_AUTH_MYSQL','added_1','MYSQL','2021-06-04 08:24:01','用户数据库','subsystem_design_60b9e0ea1b56f466','MYSQL','resource_set_design_60b9c809004e18d0','TCP','NO','','confirm',1,'2021-06-04 08:24:01');
INSERT INTO `history_unit_design` (`id`, `guid`, `create_time`, `create_user`, `update_time`, `update_user`, `key_name`, `state`, `code`, `confirm_time`, `name`, `subsystem_design`, `unit_type`, `resource_set_design`, `protocol`, `white_list_type`, `artifact_path`, `history_action`, `history_state_confirmed`, `history_time`) VALUES (7,'unit_design_60b9e3ea3e833a35','2021-06-04 08:27:22','umadmin','2021-06-04 08:27:22','umadmin','DEMO_CORE_APP','added_0','APP',NULL,'核心应用','subsystem_design_60b9e3cfd10ff03b','APP','resource_set_design_60b9c7bd06431788','TCP','EGRESS',NULL,'insert',0,'2021-06-04 08:27:22');
INSERT INTO `history_unit_design` (`id`, `guid`, `create_time`, `create_user`, `update_time`, `update_user`, `key_name`, `state`, `code`, `confirm_time`, `name`, `subsystem_design`, `unit_type`, `resource_set_design`, `protocol`, `white_list_type`, `artifact_path`, `history_action`, `history_state_confirmed`, `history_time`) VALUES (8,'unit_design_60b9e40bdbfe05cc','2021-06-04 08:27:55','umadmin','2021-06-04 08:27:55','umadmin','DEMO_CORE_MYSQL','added_0','MYSQL',NULL,'核心数据库','subsystem_design_60b9e3cfd10ff03b','MYSQL','resource_set_design_60b9c809004e18d0','TCP','NO',NULL,'insert',0,'2021-06-04 08:27:55');
INSERT INTO `history_unit_design` (`id`, `guid`, `create_time`, `create_user`, `update_time`, `update_user`, `key_name`, `state`, `code`, `confirm_time`, `name`, `subsystem_design`, `unit_type`, `resource_set_design`, `protocol`, `white_list_type`, `artifact_path`, `history_action`, `history_state_confirmed`, `history_time`) VALUES (9,'unit_design_60b9e4d8bf5a9855','2021-06-04 08:31:20','umadmin','2021-06-04 08:31:20','umadmin','DEMO_CORE_SYNC','added_0','SYNC',NULL,'同步应用','subsystem_design_60b9e3cfd10ff03b','APP','resource_set_design_60b9c7bd06431788','TCP','EGRESS',NULL,'insert',0,'2021-06-04 08:31:20');
INSERT INTO `history_unit_design` (`id`, `guid`, `create_time`, `create_user`, `update_time`, `update_user`, `key_name`, `state`, `code`, `confirm_time`, `name`, `subsystem_design`, `unit_type`, `resource_set_design`, `protocol`, `white_list_type`, `artifact_path`, `history_action`, `history_state_confirmed`, `history_time`) VALUES (10,'unit_design_60b9e3ea3e833a35','2021-06-04 08:27:22','umadmin','2021-06-04 08:32:05','umadmin','DEMO_CORE_APP','added_1','APP','2021-06-04 08:32:05','核心应用','subsystem_design_60b9e3cfd10ff03b','APP','resource_set_design_60b9c7bd06431788','TCP','EGRESS','','confirm',1,'2021-06-04 08:32:05');
INSERT INTO `history_unit_design` (`id`, `guid`, `create_time`, `create_user`, `update_time`, `update_user`, `key_name`, `state`, `code`, `confirm_time`, `name`, `subsystem_design`, `unit_type`, `resource_set_design`, `protocol`, `white_list_type`, `artifact_path`, `history_action`, `history_state_confirmed`, `history_time`) VALUES (11,'unit_design_60b9e40bdbfe05cc','2021-06-04 08:27:55','umadmin','2021-06-04 08:32:05','umadmin','DEMO_CORE_MYSQL','added_1','MYSQL','2021-06-04 08:32:05','核心数据库','subsystem_design_60b9e3cfd10ff03b','MYSQL','resource_set_design_60b9c809004e18d0','TCP','NO','','confirm',1,'2021-06-04 08:32:05');
INSERT INTO `history_unit_design` (`id`, `guid`, `create_time`, `create_user`, `update_time`, `update_user`, `key_name`, `state`, `code`, `confirm_time`, `name`, `subsystem_design`, `unit_type`, `resource_set_design`, `protocol`, `white_list_type`, `artifact_path`, `history_action`, `history_state_confirmed`, `history_time`) VALUES (12,'unit_design_60b9e4d8bf5a9855','2021-06-04 08:31:20','umadmin','2021-06-04 08:32:05','umadmin','DEMO_CORE_SYNC','added_1','SYNC','2021-06-04 08:32:05','同步应用','subsystem_design_60b9e3cfd10ff03b','APP','resource_set_design_60b9c7bd06431788','TCP','EGRESS','','confirm',1,'2021-06-04 08:32:05');
INSERT INTO `history_unit_design` (`id`, `guid`, `create_time`, `create_user`, `update_time`, `update_user`, `key_name`, `state`, `code`, `confirm_time`, `name`, `subsystem_design`, `unit_type`, `resource_set_design`, `protocol`, `white_list_type`, `artifact_path`, `history_action`, `history_state_confirmed`, `history_time`) VALUES (13,'unit_design_60b9e4d8bf5a9855','2021-06-04 08:31:20','umadmin','2021-06-04 08:32:58','umadmin','DEMO_CORE_SYNC','deleted_0','SYNC',NULL,'同步应用','subsystem_design_60b9e3cfd10ff03b','APP','resource_set_design_60b9c7bd06431788','TCP','EGRESS','','update',0,'2021-06-04 08:32:58');
INSERT INTO `history_unit_design` (`id`, `guid`, `create_time`, `create_user`, `update_time`, `update_user`, `key_name`, `state`, `code`, `confirm_time`, `name`, `subsystem_design`, `unit_type`, `resource_set_design`, `protocol`, `white_list_type`, `artifact_path`, `history_action`, `history_state_confirmed`, `history_time`) VALUES (14,'unit_design_60b9e56f57e3cbc8','2021-06-04 08:33:51','umadmin','2021-06-04 08:33:51','umadmin','DEMO_PROXY_NGINX','added_0','NGINX',NULL,'NGINX代理','subsystem_design_60b9e553a9a5e735','NGINX','resource_set_design_60b9c5002e95c475','TCP','EGRESS',NULL,'insert',0,'2021-06-04 08:33:51');
INSERT INTO `history_unit_design` (`id`, `guid`, `create_time`, `create_user`, `update_time`, `update_user`, `key_name`, `state`, `code`, `confirm_time`, `name`, `subsystem_design`, `unit_type`, `resource_set_design`, `protocol`, `white_list_type`, `artifact_path`, `history_action`, `history_state_confirmed`, `history_time`) VALUES (15,'unit_design_60b9e5900bdb207c','2021-06-04 08:34:24','umadmin','2021-06-04 08:34:24','umadmin','DEMO_PROXY_ELB','added_0','ELB',NULL,'外网负载均衡','subsystem_design_60b9e553a9a5e735','CLB','resource_set_design_60b9c5eebfaa867f','TCP','NO',NULL,'insert',0,'2021-06-04 08:34:24');
INSERT INTO `history_unit_design` (`id`, `guid`, `create_time`, `create_user`, `update_time`, `update_user`, `key_name`, `state`, `code`, `confirm_time`, `name`, `subsystem_design`, `unit_type`, `resource_set_design`, `protocol`, `white_list_type`, `artifact_path`, `history_action`, `history_state_confirmed`, `history_time`) VALUES (16,'unit_design_60b9e9540281a537','2021-06-04 08:50:28','umadmin','2021-06-04 08:50:28','umadmin','DEMO_CLIENT_BROWER','added_0','BROWER',NULL,'浏览器','subsystem_design_60b9e93ebd782435','BROWER','resource_set_design_60b9c880bef8524c','TCP','NO',NULL,'insert',0,'2021-06-04 08:50:28');
INSERT INTO `history_unit_design` (`id`, `guid`, `create_time`, `create_user`, `update_time`, `update_user`, `key_name`, `state`, `code`, `confirm_time`, `name`, `subsystem_design`, `unit_type`, `resource_set_design`, `protocol`, `white_list_type`, `artifact_path`, `history_action`, `history_state_confirmed`, `history_time`) VALUES (17,'unit_design_60b9e3ea3e833a35','2021-06-04 08:27:22','umadmin','2021-06-04 08:32:05','umadmin','DEMO_CORE_APP','added_1','APP','2021-06-04 09:03:37','核心应用','subsystem_design_60b9e3cfd10ff03b','APP','resource_set_design_60b9c7bd06431788','TCP','EGRESS','','confirm',1,'2021-06-04 09:03:37');
INSERT INTO `history_unit_design` (`id`, `guid`, `create_time`, `create_user`, `update_time`, `update_user`, `key_name`, `state`, `code`, `confirm_time`, `name`, `subsystem_design`, `unit_type`, `resource_set_design`, `protocol`, `white_list_type`, `artifact_path`, `history_action`, `history_state_confirmed`, `history_time`) VALUES (18,'unit_design_60b9e40bdbfe05cc','2021-06-04 08:27:55','umadmin','2021-06-04 08:32:05','umadmin','DEMO_CORE_MYSQL','added_1','MYSQL','2021-06-04 09:03:37','核心数据库','subsystem_design_60b9e3cfd10ff03b','MYSQL','resource_set_design_60b9c809004e18d0','TCP','NO','','confirm',1,'2021-06-04 09:03:37');
INSERT INTO `history_unit_design` (`id`, `guid`, `create_time`, `create_user`, `update_time`, `update_user`, `key_name`, `state`, `code`, `confirm_time`, `name`, `subsystem_design`, `unit_type`, `resource_set_design`, `protocol`, `white_list_type`, `artifact_path`, `history_action`, `history_state_confirmed`, `history_time`) VALUES (19,'unit_design_60b9e4d8bf5a9855','2021-06-04 08:31:20','umadmin','2021-06-04 09:03:37','umadmin','DEMO_CORE_SYNC','deleted_1','SYNC','2021-06-04 09:03:37','同步应用','subsystem_design_60b9e3cfd10ff03b','APP','resource_set_design_60b9c7bd06431788','TCP','EGRESS','','confirm',1,'2021-06-04 09:03:37');
INSERT INTO `history_unit_design` (`id`, `guid`, `create_time`, `create_user`, `update_time`, `update_user`, `key_name`, `state`, `code`, `confirm_time`, `name`, `subsystem_design`, `unit_type`, `resource_set_design`, `protocol`, `white_list_type`, `artifact_path`, `history_action`, `history_state_confirmed`, `history_time`) VALUES (20,'unit_design_60b9e56f57e3cbc8','2021-06-04 08:33:51','umadmin','2021-06-04 09:03:37','umadmin','DEMO_PROXY_NGINX','added_1','NGINX','2021-06-04 09:03:37','NGINX代理','subsystem_design_60b9e553a9a5e735','NGINX','resource_set_design_60b9c5002e95c475','TCP','EGRESS','','confirm',1,'2021-06-04 09:03:37');
INSERT INTO `history_unit_design` (`id`, `guid`, `create_time`, `create_user`, `update_time`, `update_user`, `key_name`, `state`, `code`, `confirm_time`, `name`, `subsystem_design`, `unit_type`, `resource_set_design`, `protocol`, `white_list_type`, `artifact_path`, `history_action`, `history_state_confirmed`, `history_time`) VALUES (21,'unit_design_60b9e5900bdb207c','2021-06-04 08:34:24','umadmin','2021-06-04 09:03:37','umadmin','DEMO_PROXY_ELB','added_1','ELB','2021-06-04 09:03:37','外网负载均衡','subsystem_design_60b9e553a9a5e735','CLB','resource_set_design_60b9c5eebfaa867f','TCP','NO','','confirm',1,'2021-06-04 09:03:37');
INSERT INTO `history_unit_design` (`id`, `guid`, `create_time`, `create_user`, `update_time`, `update_user`, `key_name`, `state`, `code`, `confirm_time`, `name`, `subsystem_design`, `unit_type`, `resource_set_design`, `protocol`, `white_list_type`, `artifact_path`, `history_action`, `history_state_confirmed`, `history_time`) VALUES (22,'unit_design_60b9e9540281a537','2021-06-04 08:50:28','umadmin','2021-06-04 09:03:37','umadmin','DEMO_CLIENT_BROWER','added_1','BROWER','2021-06-04 09:03:37','浏览器','subsystem_design_60b9e93ebd782435','BROWER','resource_set_design_60b9c880bef8524c','TCP','NO','','confirm',1,'2021-06-04 09:03:37');
INSERT INTO `history_unit_design` (`id`, `guid`, `create_time`, `create_user`, `update_time`, `update_user`, `key_name`, `state`, `code`, `confirm_time`, `name`, `subsystem_design`, `unit_type`, `resource_set_design`, `protocol`, `white_list_type`, `artifact_path`, `history_action`, `history_state_confirmed`, `history_time`) VALUES (23,'unit_design_60b9e4d8bf5a9855','2021-06-04 08:31:20','umadmin','2021-06-04 09:03:37','umadmin','DEMO_CORE_SYNC','null_1','SYNC','2021-06-04 09:03:37','同步应用','subsystem_design_60b9e3cfd10ff03b','APP','resource_set_design_60b9c7bd06431788','TCP','EGRESS','','delete',0,'2021-06-04 10:28:56');
/*!40000 ALTER TABLE `history_unit_design` ENABLE KEYS */;
UNLOCK TABLES;

--
-- Dumping data for table `host_resource`
--

LOCK TABLES `host_resource` WRITE;
/*!40000 ALTER TABLE `host_resource` DISABLE KEYS */;
INSERT INTO `host_resource` (`guid`, `create_time`, `create_user`, `update_time`, `update_user`, `key_name`, `state`, `code`, `confirm_time`, `asset_id`, `name`, `resource_set`, `ip_address`, `cluster_node_type`, `master_host_resource`, `network_subzone`, `resource_type`, `resource_system`, `cpu`, `memory`, `storage_type`, `storage`, `charge_type`, `billing_cycle`, `end_date`, `root_user_name`, `root_user_password`, `general_user_name`, `general_user_password`, `login_port`, `monitor_port`, `monitor_object_id`, `security_groups`, `resource_spec`) VALUES ('host_resource_60b9da7b3f34bb8d','2021-06-04 07:47:07','umadmin','2021-06-09 12:39:28','umadmin','TGR1_SF_APP__apphost1[]','created_0','apphost1[]',NULL,'','apphost1','resource_set_60b9d908105a0b30','','LBNODE','','network_subzone_60b9cb464ce69a07','MEM','CENOS7.5','','','EFFICIENCY','50','POSTPAID','','2021-06-09 12:39:28','root','Abcd1234','lguser','','22','9100','','[,,,]','1C2G');
INSERT INTO `host_resource` (`guid`, `create_time`, `create_user`, `update_time`, `update_user`, `key_name`, `state`, `code`, `confirm_time`, `asset_id`, `name`, `resource_set`, `ip_address`, `cluster_node_type`, `master_host_resource`, `network_subzone`, `resource_type`, `resource_system`, `cpu`, `memory`, `storage_type`, `storage`, `charge_type`, `billing_cycle`, `end_date`, `root_user_name`, `root_user_password`, `general_user_name`, `general_user_password`, `login_port`, `monitor_port`, `monitor_object_id`, `security_groups`, `resource_spec`) VALUES ('host_resource_60b9da7b78f4eeb5','2021-06-04 07:47:07','umadmin','2021-06-09 12:39:28','umadmin','TGR1_SF_APP__apphos2[]','created_0','apphos2[]',NULL,'','apphos2','resource_set_60b9d908105a0b30','','LBNODE','','network_subzone_60b9cb62e0ab22b8','MEM','CENOS7.5','','','EFFICIENCY','50','POSTPAID','','2021-06-09 12:39:28','root','Abcd1234','lguser','','22','9100','','[,,,]','1C2G');
INSERT INTO `host_resource` (`guid`, `create_time`, `create_user`, `update_time`, `update_user`, `key_name`, `state`, `code`, `confirm_time`, `asset_id`, `name`, `resource_set`, `ip_address`, `cluster_node_type`, `master_host_resource`, `network_subzone`, `resource_type`, `resource_system`, `cpu`, `memory`, `storage_type`, `storage`, `charge_type`, `billing_cycle`, `end_date`, `root_user_name`, `root_user_password`, `general_user_name`, `general_user_password`, `login_port`, `monitor_port`, `monitor_object_id`, `security_groups`, `resource_spec`) VALUES ('host_resource_60b9da7b7ddef7f5','2021-06-04 07:47:07','umadmin','2021-06-09 12:39:28','umadmin','TGR1_DMZ_NGINX__nginxhost1[]','created_0','nginxhost1[]',NULL,'','nginxhost1','resource_set_60b9d40e7dea345c','','LBNODE','','network_subzone_60b9cb05ae2a9638','MEM','CENOS7.5','','','EFFICIENCY','50','POSTPAID','','2021-06-09 12:39:28','root','Abcd1234','lguser','','22','9100','',',','1C2G');
INSERT INTO `host_resource` (`guid`, `create_time`, `create_user`, `update_time`, `update_user`, `key_name`, `state`, `code`, `confirm_time`, `asset_id`, `name`, `resource_set`, `ip_address`, `cluster_node_type`, `master_host_resource`, `network_subzone`, `resource_type`, `resource_system`, `cpu`, `memory`, `storage_type`, `storage`, `charge_type`, `billing_cycle`, `end_date`, `root_user_name`, `root_user_password`, `general_user_name`, `general_user_password`, `login_port`, `monitor_port`, `monitor_object_id`, `security_groups`, `resource_spec`) VALUES ('host_resource_60b9da7bb6ebcc06','2021-06-04 07:47:07','umadmin','2021-06-09 12:39:28','umadmin','TGR1_DMZ_NGINX__nginxhost2[]','created_0','nginxhost2[]',NULL,'','nginxhost2','resource_set_60b9d40e7dea345c','','LBNODE','','network_subzone_60b9cb203bff3a76','MEM','CENOS7.5','','','EFFICIENCY','50','POSTPAID','','2021-06-09 12:39:28','root','Abcd1234','lguser','','22','9100','',',','1C2G');
INSERT INTO `host_resource` (`guid`, `create_time`, `create_user`, `update_time`, `update_user`, `key_name`, `state`, `code`, `confirm_time`, `asset_id`, `name`, `resource_set`, `ip_address`, `cluster_node_type`, `master_host_resource`, `network_subzone`, `resource_type`, `resource_system`, `cpu`, `memory`, `storage_type`, `storage`, `charge_type`, `billing_cycle`, `end_date`, `root_user_name`, `root_user_password`, `general_user_name`, `general_user_password`, `login_port`, `monitor_port`, `monitor_object_id`, `security_groups`, `resource_spec`) VALUES ('host_resource_60b9da7bfa75098e','2021-06-04 07:47:07','umadmin','2021-06-09 12:39:59','umadmin','TGR1_MGMT_MAPP__mapphost1[]','created_0','mapphost1[]',NULL,'','mapphost1','resource_set_60b9d9082728baf7','','LBNODE','','network_subzone_60b9d58514e93956','MEM','CENOS7.5','','','EFFICIENCY','50','POSTPAID','','2021-06-09 12:39:59','root','Wecube@123456','lguser','','22','9100','',',','1C2G');
/*!40000 ALTER TABLE `host_resource` ENABLE KEYS */;
UNLOCK TABLES;

--
-- Dumping data for table `invoke`
--

LOCK TABLES `invoke` WRITE;
/*!40000 ALTER TABLE `invoke` DISABLE KEYS */;
INSERT INTO `invoke` (`guid`, `create_time`, `create_user`, `update_time`, `update_user`, `key_name`, `state`, `code`, `confirm_time`, `asset_id`, `invoke_unit`, `invoke_design`, `invoked_unit`, `invoke_type`, `invoke_resource_type`) VALUES ('invoke_60b9fe80fb4bcd1c','2021-06-04 10:20:48','umadmin','2021-06-04 10:20:48','umadmin','PRD_UM_AUTH_ILB-->PRD_UM_AUTH_APP','created_0','ILB-->APP',NULL,NULL,'unit_60b9f98933f260c9','invoke_design_60b9e16b3b1a1836','unit_60b9fd000623ac5b','SYNC','HOST');
INSERT INTO `invoke` (`guid`, `create_time`, `create_user`, `update_time`, `update_user`, `key_name`, `state`, `code`, `confirm_time`, `asset_id`, `invoke_unit`, `invoke_design`, `invoked_unit`, `invoke_type`, `invoke_resource_type`) VALUES ('invoke_60b9fe8b899302b3','2021-06-04 10:20:59','umadmin','2021-06-04 10:20:59','umadmin','PRD_UM_AUTH_APP-->PRD_UM_AUTH_MYSQL','created_0','APP-->MYSQL',NULL,NULL,'unit_60b9fd000623ac5b','invoke_design_60b9e176858da50a','unit_60b9fe47899160b7','SYNC','RDB');
INSERT INTO `invoke` (`guid`, `create_time`, `create_user`, `update_time`, `update_user`, `key_name`, `state`, `code`, `confirm_time`, `asset_id`, `invoke_unit`, `invoke_design`, `invoked_unit`, `invoke_type`, `invoke_resource_type`) VALUES ('invoke_60ba02c1dc73ed02','2021-06-04 10:38:57','umadmin','2021-06-04 10:38:57','umadmin','PRD_DEMO_CORE_APP-->PRD_DEMO_CORE_MYSQL','created_0','APP-->MYSQL',NULL,NULL,'unit_60b9ff0b91933368','invoke_design_60b9e41d0099a4a5','unit_60b9ff33777f4e6e','SYNC','RDB');
INSERT INTO `invoke` (`guid`, `create_time`, `create_user`, `update_time`, `update_user`, `key_name`, `state`, `code`, `confirm_time`, `asset_id`, `invoke_unit`, `invoke_design`, `invoked_unit`, `invoke_type`, `invoke_resource_type`) VALUES ('invoke_60ba02ce5f068b98','2021-06-04 10:39:10','umadmin','2021-06-04 10:39:10','umadmin','PRD_DEMO_CORE_APP-->PRD_UM_AUTH_ILB','created_0','APP-->ILB',NULL,NULL,'unit_60b9ff0b91933368','invoke_design_60b9e9834e015c05','unit_60b9f98933f260c9','SYNC','LB');
INSERT INTO `invoke` (`guid`, `create_time`, `create_user`, `update_time`, `update_user`, `key_name`, `state`, `code`, `confirm_time`, `asset_id`, `invoke_unit`, `invoke_design`, `invoked_unit`, `invoke_type`, `invoke_resource_type`) VALUES ('invoke_60ba02d91c9b8ea9','2021-06-04 10:39:21','umadmin','2021-06-04 10:39:21','umadmin','PRD_DEMO_PROXY_NGINX-->PRD_DEMO_CORE_APP','created_0','NGINX-->APP',NULL,NULL,'unit_60ba01a935209abb','invoke_design_60b9e97223015198','unit_60b9ff0b91933368','SYNC','HOST');
INSERT INTO `invoke` (`guid`, `create_time`, `create_user`, `update_time`, `update_user`, `key_name`, `state`, `code`, `confirm_time`, `asset_id`, `invoke_unit`, `invoke_design`, `invoked_unit`, `invoke_type`, `invoke_resource_type`) VALUES ('invoke_60ba02f1c06050d1','2021-06-04 10:39:45','umadmin','2021-06-04 10:39:45','umadmin','PRD_DEMO_PROXY_ELB-->PRD_DEMO_PROXY_NGINX','created_0','ELB-->NGINX',NULL,NULL,'unit_60ba021b777e499a','invoke_design_60b9e9679fe5e98e','unit_60ba01a935209abb','SYNC','HOST');
INSERT INTO `invoke` (`guid`, `create_time`, `create_user`, `update_time`, `update_user`, `key_name`, `state`, `code`, `confirm_time`, `asset_id`, `invoke_unit`, `invoke_design`, `invoked_unit`, `invoke_type`, `invoke_resource_type`) VALUES ('invoke_60ba0408554e5d48','2021-06-04 10:44:24','umadmin','2021-06-04 10:44:24','umadmin','PRD_DEMO_CLIENT_BROWER-->PRD_DEMO_PROXY_ELB','created_0','BROWER-->ELB',NULL,NULL,'unit_60ba03fa88d271a1','invoke_design_60b9e95db260930f','unit_60ba021b777e499a','SYNC','LB');
/*!40000 ALTER TABLE `invoke` ENABLE KEYS */;
UNLOCK TABLES;

--
-- Dumping data for table `invoke_design`
--

LOCK TABLES `invoke_design` WRITE;
/*!40000 ALTER TABLE `invoke_design` DISABLE KEYS */;
INSERT INTO `invoke_design` (`guid`, `create_time`, `create_user`, `update_time`, `update_user`, `key_name`, `state`, `code`, `confirm_time`, `invoke_unit_design`, `invoked_unit_design`, `invoke_type`) VALUES ('invoke_design_60b9e16b3b1a1836','2021-06-04 08:16:43','umadmin','2021-06-04 08:24:01','umadmin','UM_AUTH_ILB-->UM_AUTH_APP','added_1','ILB-->APP','2021-06-04 08:24:01','unit_design_60b9e110a349fd53','unit_design_60b9e134e6c6ecd7','SYNC');
INSERT INTO `invoke_design` (`guid`, `create_time`, `create_user`, `update_time`, `update_user`, `key_name`, `state`, `code`, `confirm_time`, `invoke_unit_design`, `invoked_unit_design`, `invoke_type`) VALUES ('invoke_design_60b9e176858da50a','2021-06-04 08:16:54','umadmin','2021-06-04 08:24:01','umadmin','UM_AUTH_APP-->UM_AUTH_MYSQL','added_1','APP-->MYSQL','2021-06-04 08:24:01','unit_design_60b9e134e6c6ecd7','unit_design_60b9e15e4d0d62f4','SYNC');
INSERT INTO `invoke_design` (`guid`, `create_time`, `create_user`, `update_time`, `update_user`, `key_name`, `state`, `code`, `confirm_time`, `invoke_unit_design`, `invoked_unit_design`, `invoke_type`) VALUES ('invoke_design_60b9e41d0099a4a5','2021-06-04 08:28:13','umadmin','2021-06-04 08:32:05','umadmin','DEMO_CORE_APP-->DEMO_CORE_MYSQL','added_1','APP-->MYSQL','2021-06-04 09:03:37','unit_design_60b9e3ea3e833a35','unit_design_60b9e40bdbfe05cc','SYNC');
INSERT INTO `invoke_design` (`guid`, `create_time`, `create_user`, `update_time`, `update_user`, `key_name`, `state`, `code`, `confirm_time`, `invoke_unit_design`, `invoked_unit_design`, `invoke_type`) VALUES ('invoke_design_60b9e95db260930f','2021-06-04 08:50:37','umadmin','2021-06-04 09:03:37','umadmin','DEMO_CLIENT_BROWER-->DEMO_PROXY_ELB','added_1','BROWER-->ELB','2021-06-04 09:03:37','unit_design_60b9e9540281a537','unit_design_60b9e5900bdb207c','SYNC');
INSERT INTO `invoke_design` (`guid`, `create_time`, `create_user`, `update_time`, `update_user`, `key_name`, `state`, `code`, `confirm_time`, `invoke_unit_design`, `invoked_unit_design`, `invoke_type`) VALUES ('invoke_design_60b9e9679fe5e98e','2021-06-04 08:50:47','umadmin','2021-06-04 09:03:37','umadmin','DEMO_PROXY_ELB-->DEMO_PROXY_NGINX','added_1','ELB-->NGINX','2021-06-04 09:03:37','unit_design_60b9e5900bdb207c','unit_design_60b9e56f57e3cbc8','SYNC');
INSERT INTO `invoke_design` (`guid`, `create_time`, `create_user`, `update_time`, `update_user`, `key_name`, `state`, `code`, `confirm_time`, `invoke_unit_design`, `invoked_unit_design`, `invoke_type`) VALUES ('invoke_design_60b9e97223015198','2021-06-04 08:50:58','umadmin','2021-06-04 09:03:37','umadmin','DEMO_PROXY_NGINX-->DEMO_CORE_APP','added_1','NGINX-->APP','2021-06-04 09:03:37','unit_design_60b9e56f57e3cbc8','unit_design_60b9e3ea3e833a35','SYNC');
INSERT INTO `invoke_design` (`guid`, `create_time`, `create_user`, `update_time`, `update_user`, `key_name`, `state`, `code`, `confirm_time`, `invoke_unit_design`, `invoked_unit_design`, `invoke_type`) VALUES ('invoke_design_60b9e9834e015c05','2021-06-04 08:51:15','umadmin','2021-06-04 09:03:37','umadmin','DEMO_CORE_APP-->UM_AUTH_ILB','added_1','APP-->ILB','2021-06-04 09:03:37','unit_design_60b9e3ea3e833a35','unit_design_60b9e110a349fd53','SYNC');
/*!40000 ALTER TABLE `invoke_design` ENABLE KEYS */;
UNLOCK TABLES;

--
-- Dumping data for table `invoke_principle_design`
--

LOCK TABLES `invoke_principle_design` WRITE;
/*!40000 ALTER TABLE `invoke_principle_design` DISABLE KEYS */;
INSERT INTO `invoke_principle_design` (`guid`, `create_time`, `create_user`, `update_time`, `update_user`, `key_name`, `state`, `code`, `confirm_time`, `invoke_resource_set_design`, `invoked_resource_set_design`) VALUES ('invoke_principle_design_60b9c8970f17a256','2021-06-04 06:30:47','umadmin','2021-06-04 06:30:47','umadmin','RDC_WAN_WAN_BROWER-->RDC_LINK_DMZ_ELB','added_0','BROWER-->ELB',NULL,'resource_set_design_60b9c880bef8524c','resource_set_design_60b9c5eebfaa867f');
INSERT INTO `invoke_principle_design` (`guid`, `create_time`, `create_user`, `update_time`, `update_user`, `key_name`, `state`, `code`, `confirm_time`, `invoke_resource_set_design`, `invoked_resource_set_design`) VALUES ('invoke_principle_design_60b9c8dd9efd73d0','2021-06-04 06:31:57','umadmin','2021-06-04 06:31:57','umadmin','RDC_LINK_DMZ_NGINX-->RDC_CORE_SF_APP','added_0','NGINX-->APP',NULL,'resource_set_design_60b9c5002e95c475','resource_set_design_60b9c7bd06431788');
INSERT INTO `invoke_principle_design` (`guid`, `create_time`, `create_user`, `update_time`, `update_user`, `key_name`, `state`, `code`, `confirm_time`, `invoke_resource_set_design`, `invoked_resource_set_design`) VALUES ('invoke_principle_design_60b9c8e9774de0cb','2021-06-04 06:32:09','umadmin','2021-06-04 06:32:09','umadmin','RDC_CORE_SF_ILB-->RDC_CORE_SF_APP','added_0','ILB-->APP',NULL,'resource_set_design_60b9c7e0a8e99c0d','resource_set_design_60b9c7bd06431788');
INSERT INTO `invoke_principle_design` (`guid`, `create_time`, `create_user`, `update_time`, `update_user`, `key_name`, `state`, `code`, `confirm_time`, `invoke_resource_set_design`, `invoked_resource_set_design`) VALUES ('invoke_principle_design_60b9c8f48d94b786','2021-06-04 06:32:20','umadmin','2021-06-04 06:32:20','umadmin','RDC_CORE_SF_APP-->RDC_CORE_SF_MYSQL','added_0','APP-->MYSQL',NULL,'resource_set_design_60b9c7bd06431788','resource_set_design_60b9c809004e18d0');
INSERT INTO `invoke_principle_design` (`guid`, `create_time`, `create_user`, `update_time`, `update_user`, `key_name`, `state`, `code`, `confirm_time`, `invoke_resource_set_design`, `invoked_resource_set_design`) VALUES ('invoke_principle_design_60b9c8ffb1fdffb9','2021-06-04 06:32:31','umadmin','2021-06-04 06:32:31','umadmin','RDC_LINK_DMZ_ELB-->RDC_LINK_DMZ_NGINX','added_0','ELB-->NGINX',NULL,'resource_set_design_60b9c5eebfaa867f','resource_set_design_60b9c5002e95c475');
INSERT INTO `invoke_principle_design` (`guid`, `create_time`, `create_user`, `update_time`, `update_user`, `key_name`, `state`, `code`, `confirm_time`, `invoke_resource_set_design`, `invoked_resource_set_design`) VALUES ('invoke_principle_design_60b9c91258b17a60','2021-06-04 06:32:50','umadmin','2021-06-04 06:32:50','umadmin','RDC_CORE_SF_APP-->RDC_CORE_SF_ILB','added_0','APP-->ILB',NULL,'resource_set_design_60b9c7bd06431788','resource_set_design_60b9c7e0a8e99c0d');
INSERT INTO `invoke_principle_design` (`guid`, `create_time`, `create_user`, `update_time`, `update_user`, `key_name`, `state`, `code`, `confirm_time`, `invoke_resource_set_design`, `invoked_resource_set_design`) VALUES ('invoke_principle_design_60b9c91e2f942130','2021-06-04 06:33:02','umadmin','2021-06-04 06:33:02','umadmin','RDC_CORE_SF_APP-->RDC_CORE_SF_APP','added_0','APP-->APP',NULL,'resource_set_design_60b9c7bd06431788','resource_set_design_60b9c7bd06431788');
INSERT INTO `invoke_principle_design` (`guid`, `create_time`, `create_user`, `update_time`, `update_user`, `key_name`, `state`, `code`, `confirm_time`, `invoke_resource_set_design`, `invoked_resource_set_design`) VALUES ('invoke_principle_design_60bc2b411b6ee7f2','2021-06-06 01:56:17','umadmin','2021-06-06 01:56:17','umadmin','RDC_CORE_SF_ILB-->RDC_CORE_SF_K8S','added_0','ILB-->K8S',NULL,'resource_set_design_60b9c7e0a8e99c0d','resource_set_design_60b9fb49773cdc71');
INSERT INTO `invoke_principle_design` (`guid`, `create_time`, `create_user`, `update_time`, `update_user`, `key_name`, `state`, `code`, `confirm_time`, `invoke_resource_set_design`, `invoked_resource_set_design`) VALUES ('invoke_principle_design_60bc2b4e6ee49d34','2021-06-06 01:56:30','umadmin','2021-06-06 01:56:30','umadmin','RDC_CORE_SF_K8S-->RDC_CORE_SF_MYSQL','added_0','K8S-->MYSQL',NULL,'resource_set_design_60b9fb49773cdc71','resource_set_design_60b9c809004e18d0');
INSERT INTO `invoke_principle_design` (`guid`, `create_time`, `create_user`, `update_time`, `update_user`, `key_name`, `state`, `code`, `confirm_time`, `invoke_resource_set_design`, `invoked_resource_set_design`) VALUES ('invoke_principle_design_60bc2b5eb6284aac','2021-06-06 01:56:46','umadmin','2021-06-06 01:56:46','umadmin','RDC_CORE_SF_K8S-->RDC_CORE_SF_K8S','added_0','K8S-->K8S',NULL,'resource_set_design_60b9fb49773cdc71','resource_set_design_60b9fb49773cdc71');
/*!40000 ALTER TABLE `invoke_principle_design` ENABLE KEYS */;
UNLOCK TABLES;

--
-- Dumping data for table `ip_address`
--

LOCK TABLES `ip_address` WRITE;
/*!40000 ALTER TABLE `ip_address` DISABLE KEYS */;
INSERT INTO `ip_address` (`guid`, `create_time`, `create_user`, `update_time`, `update_user`, `key_name`, `state`, `code`, `confirm_time`, `asset_id`, `network_subzone`, `ip_address`, `charge_type`) VALUES ('ip_address_60bee301b285fd55','2021-06-08 03:24:49','umadmin','2021-06-08 03:24:49','umadmin','natip1','created_0','natip1',NULL,'','network_subzone_60b9d81aac7c782f','','POSTPAID');
INSERT INTO `ip_address` (`guid`, `create_time`, `create_user`, `update_time`, `update_user`, `key_name`, `state`, `code`, `confirm_time`, `asset_id`, `network_subzone`, `ip_address`, `charge_type`) VALUES ('ip_address_60bee301bea66e63','2021-06-08 03:24:49','umadmin','2021-06-08 03:42:20','umadmin','natip2','created_0','natip2',NULL,'','network_subzone_60b9d81aac7c782f','','POSTPAID');
/*!40000 ALTER TABLE `ip_address` ENABLE KEYS */;
UNLOCK TABLES;

--
-- Dumping data for table `lb_instance`
--

LOCK TABLES `lb_instance` WRITE;
/*!40000 ALTER TABLE `lb_instance` DISABLE KEYS */;
INSERT INTO `lb_instance` (`guid`, `create_time`, `create_user`, `update_time`, `update_user`, `key_name`, `state`, `code`, `confirm_time`, `asset_id`, `name`, `unit`, `lb_resource`, `port`, `telnet_monitor_object_id`, `http_monitor_object_id`, `port_conflict`, `lb_attach_id`) VALUES ('lb_instance_60b9f9ae64e15563','2021-06-04 10:00:14','umadmin','2021-06-08 06:49:15','umadmin','PRD_UM_AUTH_ILB_lbins1_:80','created_0','lbins1_:80',NULL,'','lbins1','unit_60b9f98933f260c9','lb_resource_60b9e063ce4a3281','80','','','TGR1_SF_ILB__ilb01[]:80','');
INSERT INTO `lb_instance` (`guid`, `create_time`, `create_user`, `update_time`, `update_user`, `key_name`, `state`, `code`, `confirm_time`, `asset_id`, `name`, `unit`, `lb_resource`, `port`, `telnet_monitor_object_id`, `http_monitor_object_id`, `port_conflict`, `lb_attach_id`) VALUES ('lb_instance_60ba0232c484c926','2021-06-04 10:36:34','umadmin','2021-06-04 10:38:38','umadmin','PRD_DEMO_PROXY_ELB_demoelb_:80','created_0','demoelb_:80',NULL,'','demoelb','unit_60ba021b777e499a','lb_resource_60b9e063271057ed','80','','','TGR1_DMZ_ELB__elb01[]:80','');
INSERT INTO `lb_instance` (`guid`, `create_time`, `create_user`, `update_time`, `update_user`, `key_name`, `state`, `code`, `confirm_time`, `asset_id`, `name`, `unit`, `lb_resource`, `port`, `telnet_monitor_object_id`, `http_monitor_object_id`, `port_conflict`, `lb_attach_id`) VALUES ('lb_instance_60c0bceda93dcdea','2021-06-09 13:06:53','umadmin','2021-06-09 13:06:53','umadmin','PRD_UM_AUTH_ILB_lbins2_:80','created_0','lbins2_:80',NULL,'','lbins2','unit_60b9f98933f260c9','lb_resource_60c0bcd53072969e','80','','','TGR1_SF_ILB__ilb02[]:80','');
/*!40000 ALTER TABLE `lb_instance` ENABLE KEYS */;
UNLOCK TABLES;

--
-- Dumping data for table `lb_resource`
--

LOCK TABLES `lb_resource` WRITE;
/*!40000 ALTER TABLE `lb_resource` DISABLE KEYS */;
INSERT INTO `lb_resource` (`guid`, `create_time`, `create_user`, `update_time`, `update_user`, `key_name`, `state`, `code`, `confirm_time`, `asset_id`, `name`, `resource_set`, `resource_type`, `cluster_node_type`, `network_subzone`, `ip_address`, `charge_type`, `billing_cycle`, `end_date`, `monitor_port`, `monitor_object_id`, `security_groups`) VALUES ('lb_resource_60b9e063271057ed','2021-06-04 08:12:19','umadmin','2021-06-04 08:12:19','umadmin','TGR1_DMZ_ELB__elb01[]','created_0','elb01[]',NULL,NULL,'elb01','resource_set_60b9d8ad61239c75','INTERNET','LBNODE','network_subzone_60b9d81aac7c782f','','POSTPAID','',NULL,'80','',',');
INSERT INTO `lb_resource` (`guid`, `create_time`, `create_user`, `update_time`, `update_user`, `key_name`, `state`, `code`, `confirm_time`, `asset_id`, `name`, `resource_set`, `resource_type`, `cluster_node_type`, `network_subzone`, `ip_address`, `charge_type`, `billing_cycle`, `end_date`, `monitor_port`, `monitor_object_id`, `security_groups`) VALUES ('lb_resource_60b9e063ce4a3281','2021-06-04 08:12:19','umadmin','2021-06-09 13:35:04','umadmin','TGR1_SF_ILB__ilb01[]','created_0','ilb01[]',NULL,'','ilb01','resource_set_60b9d908d2b2fff7','INTRANET','LBNODE','network_subzone_60b9cb464ce69a07','','POSTPAID','','2021-06-09 13:35:04','80','',',');
INSERT INTO `lb_resource` (`guid`, `create_time`, `create_user`, `update_time`, `update_user`, `key_name`, `state`, `code`, `confirm_time`, `asset_id`, `name`, `resource_set`, `resource_type`, `cluster_node_type`, `network_subzone`, `ip_address`, `charge_type`, `billing_cycle`, `end_date`, `monitor_port`, `monitor_object_id`, `security_groups`) VALUES ('lb_resource_60c0bcd53072969e','2021-06-09 13:06:29','umadmin','2021-06-09 13:06:29','umadmin','TGR1_SF_ILB__ilb02[]','created_0','ilb02[]',NULL,'','ilb02','resource_set_60b9d908d2b2fff7','INTRANET','LBNODE','network_subzone_60b9cb62e0ab22b8','','POSTPAID','',NULL,'80','',',');
/*!40000 ALTER TABLE `lb_resource` ENABLE KEYS */;
UNLOCK TABLES;

--
-- Dumping data for table `manage_role`
--

LOCK TABLES `manage_role` WRITE;
/*!40000 ALTER TABLE `manage_role` DISABLE KEYS */;
INSERT INTO `manage_role` (`guid`, `create_time`, `create_user`, `update_time`, `update_user`, `key_name`, `state`, `code`, `confirm_time`, `name`, `email`, `phone`) VALUES ('manage_role_60b9a9088f788ecf','2021-06-04 04:16:08','umadmin','2021-06-04 04:16:08','umadmin','BD_OPS_业务应用域应用运维','added_0','BD_OPS',NULL,'业务应用域应用运维','demo1.163.com','15800000000');
INSERT INTO `manage_role` (`guid`, `create_time`, `create_user`, `update_time`, `update_user`, `key_name`, `state`, `code`, `confirm_time`, `name`, `email`, `phone`) VALUES ('manage_role_60b9a90898f75150','2021-06-04 04:16:08','umadmin','2021-06-04 04:16:08','umadmin','CD_OPS_公共应用域应用运维','added_0','CD_OPS',NULL,'公共应用域应用运维','demo2.163.com','15800000000');
INSERT INTO `manage_role` (`guid`, `create_time`, `create_user`, `update_time`, `update_user`, `key_name`, `state`, `code`, `confirm_time`, `name`, `email`, `phone`) VALUES ('manage_role_60b9a908da21d55d','2021-06-04 04:16:08','umadmin','2021-06-04 04:16:08','umadmin','INF_OPS_基础架构运维','added_0','INF_OPS',NULL,'基础架构运维','demo3.163.com','15800000000');
/*!40000 ALTER TABLE `manage_role` ENABLE KEYS */;
UNLOCK TABLES;

--
-- Dumping data for table `network_link`
--

LOCK TABLES `network_link` WRITE;
/*!40000 ALTER TABLE `network_link` DISABLE KEYS */;
INSERT INTO `network_link` (`guid`, `create_time`, `create_user`, `update_time`, `update_user`, `key_name`, `state`, `code`, `confirm_time`, `asset_id`, `start_network_zone`, `end_network_zone`, `network_link_design`, `network_link_type`, `netband_width`, `max_concurrent`, `start_network_subzone`) VALUES ('network_link_60b9cbbc14e29625','2021-06-04 06:44:12','umadmin','2021-06-08 03:30:05','umadmin','TGR1_CORE__CCN__TGR1_LINK','created_0','CORE__CCN__LINK',NULL,'','network_zone_60b9ca7c60b15196','network_zone_60b9ca52e4bdffd0','network_link_design_60b9afe66d8e5c02','CCN','20','200000','');
INSERT INTO `network_link` (`guid`, `create_time`, `create_user`, `update_time`, `update_user`, `key_name`, `state`, `code`, `confirm_time`, `asset_id`, `start_network_zone`, `end_network_zone`, `network_link_design`, `network_link_type`, `netband_width`, `max_concurrent`, `start_network_subzone`) VALUES ('network_link_60b9ccb79e8156e6','2021-06-04 06:48:23','umadmin','2021-06-08 03:42:37','umadmin','TGR1_LINK__NAT__TGR1_WAN','created_0','LINK__NAT__WAN',NULL,'','network_zone_60b9ca52e4bdffd0','network_zone_60b9cc727775c457','network_link_design_60b9b0e86796715b','NAT','20','20000','network_subzone_60b9cb05ae2a9638');
INSERT INTO `network_link` (`guid`, `create_time`, `create_user`, `update_time`, `update_user`, `key_name`, `state`, `code`, `confirm_time`, `asset_id`, `start_network_zone`, `end_network_zone`, `network_link_design`, `network_link_type`, `netband_width`, `max_concurrent`, `start_network_subzone`) VALUES ('network_link_60b9ccdc0cd7c5fc','2021-06-04 06:49:00','umadmin','2021-06-04 06:49:00','umadmin','TGR1_LINK__ELB__TGR1_WAN','created_0','LINK__ELB__WAN',NULL,NULL,'network_zone_60b9ca52e4bdffd0','network_zone_60b9cc727775c457','network_link_design_60b9b1134f0d0f9e','ELB','20','20000',NULL);
/*!40000 ALTER TABLE `network_link` ENABLE KEYS */;
UNLOCK TABLES;

--
-- Dumping data for table `network_link$nat_ip_address`
--

LOCK TABLES `network_link$nat_ip_address` WRITE;
/*!40000 ALTER TABLE `network_link$nat_ip_address` DISABLE KEYS */;
INSERT INTO `network_link$nat_ip_address` (`id`, `from_guid`, `to_guid`, `seq_no`, `note`) VALUES (1,'network_link_60b9cbbc14e29625','',1,NULL);
INSERT INTO `network_link$nat_ip_address` (`id`, `from_guid`, `to_guid`, `seq_no`, `note`) VALUES (2,'network_link_60b9ccb79e8156e6','ip_address_60bee301b285fd55',1,NULL);
INSERT INTO `network_link$nat_ip_address` (`id`, `from_guid`, `to_guid`, `seq_no`, `note`) VALUES (3,'network_link_60b9ccb79e8156e6','ip_address_60bee301bea66e63',2,NULL);
/*!40000 ALTER TABLE `network_link$nat_ip_address` ENABLE KEYS */;
UNLOCK TABLES;

--
-- Dumping data for table `network_link_design`
--

LOCK TABLES `network_link_design` WRITE;
/*!40000 ALTER TABLE `network_link_design` DISABLE KEYS */;
INSERT INTO `network_link_design` (`guid`, `create_time`, `create_user`, `update_time`, `update_user`, `key_name`, `state`, `code`, `confirm_time`, `start_network_zone_design`, `end_network_zone_design`, `network_link_type`) VALUES ('network_link_design_60b9afe66d8e5c02','2021-06-04 04:45:26','umadmin','2021-06-04 04:45:26','umadmin','RDC_CORE__CCN__RDC_LINK','added_0','CORE__CCN__LINK',NULL,'network_zone_design_60b9aac4a1fe3bec','network_zone_design_60b9aaa3c865b911','CCN');
INSERT INTO `network_link_design` (`guid`, `create_time`, `create_user`, `update_time`, `update_user`, `key_name`, `state`, `code`, `confirm_time`, `start_network_zone_design`, `end_network_zone_design`, `network_link_type`) VALUES ('network_link_design_60b9b0e86796715b','2021-06-04 04:49:44','umadmin','2021-06-04 04:49:44','umadmin','RDC_LINK__NAT__RDC_WAN','added_0','LINK__NAT__WAN',NULL,'network_zone_design_60b9aaa3c865b911','network_zone_design_60b9b0a8f578f44d','NAT');
INSERT INTO `network_link_design` (`guid`, `create_time`, `create_user`, `update_time`, `update_user`, `key_name`, `state`, `code`, `confirm_time`, `start_network_zone_design`, `end_network_zone_design`, `network_link_type`) VALUES ('network_link_design_60b9b1134f0d0f9e','2021-06-04 04:50:27','umadmin','2021-06-04 04:50:27','umadmin','RDC_LINK__ELB__RDC_WAN','added_0','LINK__ELB__WAN',NULL,'network_zone_design_60b9aaa3c865b911','network_zone_design_60b9b0a8f578f44d','ELB');
/*!40000 ALTER TABLE `network_link_design` ENABLE KEYS */;
UNLOCK TABLES;

--
-- Dumping data for table `network_subzone`
--

LOCK TABLES `network_subzone` WRITE;
/*!40000 ALTER TABLE `network_subzone` DISABLE KEYS */;
INSERT INTO `network_subzone` (`guid`, `create_time`, `create_user`, `update_time`, `update_user`, `key_name`, `state`, `code`, `confirm_time`, `asset_id`, `network_zone`, `network_subzone_design`, `data_center`, `route_table`, `cidr`, `network_subzone_type`, `gateway_ip`) VALUES ('network_subzone_60b9cb05ae2a9638','2021-06-04 06:41:09','umadmin','2021-06-04 06:41:09','umadmin','TGR1_LINK_PROXY1','created_0','PROXY1',NULL,NULL,'network_zone_60b9ca52e4bdffd0','network_subzone_design_60b9ad27efd7a53d','data_center_60b9b7c7793e6723','route_table_60b9ca9eb0cc80a6','10.0.128.0/24','SUBNET','');
INSERT INTO `network_subzone` (`guid`, `create_time`, `create_user`, `update_time`, `update_user`, `key_name`, `state`, `code`, `confirm_time`, `asset_id`, `network_zone`, `network_subzone_design`, `data_center`, `route_table`, `cidr`, `network_subzone_type`, `gateway_ip`) VALUES ('network_subzone_60b9cb203bff3a76','2021-06-04 06:41:36','umadmin','2021-06-04 06:41:36','umadmin','TGR1_LINK_PROXY2','created_0','PROXY2',NULL,NULL,'network_zone_60b9ca52e4bdffd0','network_subzone_design_60b9ad27efd7a53d','data_center_60b9c9691385869e','route_table_60b9ca9eb0cc80a6','10.0.129.0/24','SUBNET',NULL);
INSERT INTO `network_subzone` (`guid`, `create_time`, `create_user`, `update_time`, `update_user`, `key_name`, `state`, `code`, `confirm_time`, `asset_id`, `network_zone`, `network_subzone_design`, `data_center`, `route_table`, `cidr`, `network_subzone_type`, `gateway_ip`) VALUES ('network_subzone_60b9cb464ce69a07','2021-06-04 06:42:14','umadmin','2021-06-04 06:42:14','umadmin','TGR1_CORE_APP1','created_0','APP1',NULL,NULL,'network_zone_60b9ca7c60b15196','network_subzone_design_60b9ad57461efdd3','data_center_60b9b7c7793e6723','route_table_60b9cac46c3f5c5b','10.0.0.0/24','SUBNET',NULL);
INSERT INTO `network_subzone` (`guid`, `create_time`, `create_user`, `update_time`, `update_user`, `key_name`, `state`, `code`, `confirm_time`, `asset_id`, `network_zone`, `network_subzone_design`, `data_center`, `route_table`, `cidr`, `network_subzone_type`, `gateway_ip`) VALUES ('network_subzone_60b9cb62e0ab22b8','2021-06-04 06:42:42','umadmin','2021-06-04 06:42:42','umadmin','TGR1_CORE_APP2','created_0','APP2',NULL,NULL,'network_zone_60b9ca7c60b15196','network_subzone_design_60b9ad57461efdd3','data_center_60b9c9691385869e','route_table_60b9cac46c3f5c5b','10.0.1.0/24','SUBNET',NULL);
INSERT INTO `network_subzone` (`guid`, `create_time`, `create_user`, `update_time`, `update_user`, `key_name`, `state`, `code`, `confirm_time`, `asset_id`, `network_zone`, `network_subzone_design`, `data_center`, `route_table`, `cidr`, `network_subzone_type`, `gateway_ip`) VALUES ('network_subzone_60b9cb83624fdc6d','2021-06-04 06:43:15','umadmin','2021-06-04 06:43:15','umadmin','TGR1_CORE_DB1','created_0','DB1',NULL,NULL,'network_zone_60b9ca7c60b15196','network_subzone_design_60b9adbe59d4e11f','data_center_60b9b7c7793e6723','route_table_60b9cac46c3f5c5b','10.0.2.0/24','SUBNET',NULL);
INSERT INTO `network_subzone` (`guid`, `create_time`, `create_user`, `update_time`, `update_user`, `key_name`, `state`, `code`, `confirm_time`, `asset_id`, `network_zone`, `network_subzone_design`, `data_center`, `route_table`, `cidr`, `network_subzone_type`, `gateway_ip`) VALUES ('network_subzone_60b9cb9fab705d16','2021-06-04 06:43:43','umadmin','2021-06-04 06:43:43','umadmin','TGR1_CORE_DB2','created_0','DB2',NULL,NULL,'network_zone_60b9ca7c60b15196','network_subzone_design_60b9adbe59d4e11f','data_center_60b9c9691385869e','route_table_60b9cac46c3f5c5b','10.0.3.0/24','SUBNET',NULL);
INSERT INTO `network_subzone` (`guid`, `create_time`, `create_user`, `update_time`, `update_user`, `key_name`, `state`, `code`, `confirm_time`, `asset_id`, `network_zone`, `network_subzone_design`, `data_center`, `route_table`, `cidr`, `network_subzone_type`, `gateway_ip`) VALUES ('network_subzone_60b9cc9024499dcd','2021-06-04 06:47:44','umadmin','2021-06-04 08:45:32','umadmin','TGR1_WAN_WANNET','created_0','WANNET',NULL,'','network_zone_60b9cc727775c457','network_subzone_design_60b9b0d0bc697226','data_center_60b9b6b752cca4a8','','0.0.0.0/0','WANNET','');
INSERT INTO `network_subzone` (`guid`, `create_time`, `create_user`, `update_time`, `update_user`, `key_name`, `state`, `code`, `confirm_time`, `asset_id`, `network_zone`, `network_subzone_design`, `data_center`, `route_table`, `cidr`, `network_subzone_type`, `gateway_ip`) VALUES ('network_subzone_60b9d58514e93956','2021-06-04 07:25:57','umadmin','2021-06-04 07:25:57','umadmin','TGR1_LINK_MAPP1','created_0','MAPP1',NULL,NULL,'network_zone_60b9ca52e4bdffd0','network_subzone_design_60b9b91be3f13c6d','data_center_60b9b7c7793e6723','route_table_60b9ca9eb0cc80a6','10.0.130.0/24','SUBNET',NULL);
INSERT INTO `network_subzone` (`guid`, `create_time`, `create_user`, `update_time`, `update_user`, `key_name`, `state`, `code`, `confirm_time`, `asset_id`, `network_zone`, `network_subzone_design`, `data_center`, `route_table`, `cidr`, `network_subzone_type`, `gateway_ip`) VALUES ('network_subzone_60b9d5a039ac3db5','2021-06-04 07:26:24','umadmin','2021-06-04 07:26:24','umadmin','TGR1_LINK_MAPP2','created_0','MAPP2',NULL,NULL,'network_zone_60b9ca52e4bdffd0','network_subzone_design_60b9b91be3f13c6d','data_center_60b9c9691385869e','route_table_60b9ca9eb0cc80a6','10.0.131.0/24','SUBNET',NULL);
INSERT INTO `network_subzone` (`guid`, `create_time`, `create_user`, `update_time`, `update_user`, `key_name`, `state`, `code`, `confirm_time`, `asset_id`, `network_zone`, `network_subzone_design`, `data_center`, `route_table`, `cidr`, `network_subzone_type`, `gateway_ip`) VALUES ('network_subzone_60b9d81aac7c782f','2021-06-04 07:36:58','umadmin','2021-06-04 07:36:58','umadmin','TGR1_LINK_WANNET','created_0','WANNET',NULL,NULL,'network_zone_60b9ca52e4bdffd0','network_subzone_design_60b9c560fd6075ca','data_center_60b9b6b752cca4a8','route_table_60b9ca9eb0cc80a6','0.0.0.0/0','WANNET',NULL);
/*!40000 ALTER TABLE `network_subzone` ENABLE KEYS */;
UNLOCK TABLES;

--
-- Dumping data for table `network_subzone_design`
--

LOCK TABLES `network_subzone_design` WRITE;
/*!40000 ALTER TABLE `network_subzone_design` DISABLE KEYS */;
INSERT INTO `network_subzone_design` (`guid`, `create_time`, `create_user`, `update_time`, `update_user`, `key_name`, `state`, `code`, `confirm_time`, `name`, `network_zone_design`, `data_center_design`, `network_subzone_type`, `route_table_design`) VALUES ('network_subzone_design_60b9ad27efd7a53d','2021-06-04 04:33:43','umadmin','2021-06-04 06:11:29','umadmin','RDC_LINK_PROXY','added_0','PROXY',NULL,'代理网段设计','network_zone_design_60b9aaa3c865b911','data_center_design_60b9abccc9bbaf53','SUBNET','route_table_design_60b9ab282f6baea0');
INSERT INTO `network_subzone_design` (`guid`, `create_time`, `create_user`, `update_time`, `update_user`, `key_name`, `state`, `code`, `confirm_time`, `name`, `network_zone_design`, `data_center_design`, `network_subzone_type`, `route_table_design`) VALUES ('network_subzone_design_60b9ad57461efdd3','2021-06-04 04:34:31','umadmin','2021-06-04 06:11:53','umadmin','RDC_CORE_APP','added_0','APP',NULL,'应用网段设计','network_zone_design_60b9aac4a1fe3bec','data_center_design_60b9abccc9bbaf53','SUBNET','route_table_design_60b9aaf04bab153e');
INSERT INTO `network_subzone_design` (`guid`, `create_time`, `create_user`, `update_time`, `update_user`, `key_name`, `state`, `code`, `confirm_time`, `name`, `network_zone_design`, `data_center_design`, `network_subzone_type`, `route_table_design`) VALUES ('network_subzone_design_60b9adbe59d4e11f','2021-06-04 04:36:14','umadmin','2021-06-04 06:11:59','umadmin','RDC_CORE_DB','added_0','DB',NULL,'数据库网段设计','network_zone_design_60b9aac4a1fe3bec','data_center_design_60b9abccc9bbaf53','SUBNET','route_table_design_60b9aaf04bab153e');
INSERT INTO `network_subzone_design` (`guid`, `create_time`, `create_user`, `update_time`, `update_user`, `key_name`, `state`, `code`, `confirm_time`, `name`, `network_zone_design`, `data_center_design`, `network_subzone_type`, `route_table_design`) VALUES ('network_subzone_design_60b9b0d0bc697226','2021-06-04 04:49:20','umadmin','2021-06-04 04:49:20','umadmin','RDC_WAN_WANNET','added_0','WANNET',NULL,'互联网网段设计','network_zone_design_60b9b0a8f578f44d','','WANNET','');
INSERT INTO `network_subzone_design` (`guid`, `create_time`, `create_user`, `update_time`, `update_user`, `key_name`, `state`, `code`, `confirm_time`, `name`, `network_zone_design`, `data_center_design`, `network_subzone_type`, `route_table_design`) VALUES ('network_subzone_design_60b9b91be3f13c6d','2021-06-04 05:24:43','umadmin','2021-06-04 06:11:45','umadmin','RDC_LINK_MAPP','added_0','MAPP',NULL,'管理应用网段设计','network_zone_design_60b9aaa3c865b911','data_center_design_60b9abccc9bbaf53','SUBNET','route_table_design_60b9ab282f6baea0');
INSERT INTO `network_subzone_design` (`guid`, `create_time`, `create_user`, `update_time`, `update_user`, `key_name`, `state`, `code`, `confirm_time`, `name`, `network_zone_design`, `data_center_design`, `network_subzone_type`, `route_table_design`) VALUES ('network_subzone_design_60b9c560fd6075ca','2021-06-04 06:17:04','umadmin','2021-06-04 06:17:04','umadmin','RDC_LINK_WANNET','added_0','WANNET',NULL,'互联网IP','network_zone_design_60b9aaa3c865b911','data_center_design_60b9abccc9bbaf53','WANNET','');
/*!40000 ALTER TABLE `network_subzone_design` ENABLE KEYS */;
UNLOCK TABLES;

--
-- Dumping data for table `network_zone`
--

LOCK TABLES `network_zone` WRITE;
/*!40000 ALTER TABLE `network_zone` DISABLE KEYS */;
INSERT INTO `network_zone` (`guid`, `create_time`, `create_user`, `update_time`, `update_user`, `key_name`, `state`, `code`, `confirm_time`, `asset_id`, `data_center`, `network_zone_design`, `cidr`, `network_zone_type`) VALUES ('network_zone_60b9ca52e4bdffd0','2021-06-04 06:38:10','umadmin','2021-06-08 03:21:55','umadmin','TGR1_LINK','created_0','LINK',NULL,'','data_center_60b9b6b752cca4a8','network_zone_design_60b9aaa3c865b911','10.0.128.0/20','VPC');
INSERT INTO `network_zone` (`guid`, `create_time`, `create_user`, `update_time`, `update_user`, `key_name`, `state`, `code`, `confirm_time`, `asset_id`, `data_center`, `network_zone_design`, `cidr`, `network_zone_type`) VALUES ('network_zone_60b9ca7c60b15196','2021-06-04 06:38:52','umadmin','2021-06-08 03:21:55','umadmin','TGR1_CORE','created_0','CORE',NULL,'','data_center_60b9b6b752cca4a8','network_zone_design_60b9aac4a1fe3bec','10.0.0.0/20','VPC');
INSERT INTO `network_zone` (`guid`, `create_time`, `create_user`, `update_time`, `update_user`, `key_name`, `state`, `code`, `confirm_time`, `asset_id`, `data_center`, `network_zone_design`, `cidr`, `network_zone_type`) VALUES ('network_zone_60b9cc727775c457','2021-06-04 06:47:14','umadmin','2021-06-04 08:45:16','umadmin','TGR1_WAN','created_0','WAN',NULL,'','data_center_60b9b6b752cca4a8','network_zone_design_60b9b0a8f578f44d','0.0.0.0/0','WAN');
/*!40000 ALTER TABLE `network_zone` ENABLE KEYS */;
UNLOCK TABLES;

--
-- Dumping data for table `network_zone_design`
--

LOCK TABLES `network_zone_design` WRITE;
/*!40000 ALTER TABLE `network_zone_design` DISABLE KEYS */;
INSERT INTO `network_zone_design` (`guid`, `create_time`, `create_user`, `update_time`, `update_user`, `key_name`, `state`, `code`, `confirm_time`, `name`, `data_center_design`, `network_zone_type`) VALUES ('network_zone_design_60b9aaa3c865b911','2021-06-04 04:22:59','umadmin','2021-06-04 04:22:59','umadmin','RDC_LINK','added_0','LINK',NULL,'连接区','data_center_design_60b9aa42f3507a27','VPC');
INSERT INTO `network_zone_design` (`guid`, `create_time`, `create_user`, `update_time`, `update_user`, `key_name`, `state`, `code`, `confirm_time`, `name`, `data_center_design`, `network_zone_type`) VALUES ('network_zone_design_60b9aac4a1fe3bec','2021-06-04 04:23:32','umadmin','2021-06-04 04:23:32','umadmin','RDC_CORE','added_0','CORE',NULL,'核心区','data_center_design_60b9aa42f3507a27','VPC');
INSERT INTO `network_zone_design` (`guid`, `create_time`, `create_user`, `update_time`, `update_user`, `key_name`, `state`, `code`, `confirm_time`, `name`, `data_center_design`, `network_zone_type`) VALUES ('network_zone_design_60b9b0a8f578f44d','2021-06-04 04:48:40','umadmin','2021-06-04 08:44:41','umadmin','RDC_WAN','added_0','WAN',NULL,'互联网区域','data_center_design_60b9aa42f3507a27','WAN');
/*!40000 ALTER TABLE `network_zone_design` ENABLE KEYS */;
UNLOCK TABLES;

--
-- Dumping data for table `rdb_instance`
--

LOCK TABLES `rdb_instance` WRITE;
/*!40000 ALTER TABLE `rdb_instance` DISABLE KEYS */;
INSERT INTO `rdb_instance` (`guid`, `create_time`, `create_user`, `update_time`, `update_user`, `key_name`, `state`, `code`, `confirm_time`, `asset_id`, `name`, `unit`, `rdb_resource`, `cpu`, `memory`, `storage`, `deploy_package`, `deploy_package_url`, `deploy_user`, `deploy_user_password`, `variable_values`, `port`, `deploy_backup_asset_id`) VALUES ('rdb_instance_60b9fe70db33d00b','2021-06-04 10:20:32','umadmin','2021-06-04 10:20:32','umadmin','PRD_UM_AUTH_MYSQL_umdb(MASTER)','created_0','umdb(MASTER)',NULL,NULL,'umdb','unit_60b9fe47899160b7','rdb_resource_60b9e01f7a49140c','1','1','10',NULL,NULL,'umdbuser','',NULL,'3306','');
INSERT INTO `rdb_instance` (`guid`, `create_time`, `create_user`, `update_time`, `update_user`, `key_name`, `state`, `code`, `confirm_time`, `asset_id`, `name`, `unit`, `rdb_resource`, `cpu`, `memory`, `storage`, `deploy_package`, `deploy_package_url`, `deploy_user`, `deploy_user_password`, `variable_values`, `port`, `deploy_backup_asset_id`) VALUES ('rdb_instance_60ba01878db2a5ed','2021-06-04 10:33:43','umadmin','2021-06-04 10:33:43','umadmin','PRD_DEMO_CORE_MYSQL_demodb(MASTER)','created_0','demodb(MASTER)',NULL,NULL,'demodb','unit_60b9ff33777f4e6e','rdb_resource_60b9e01f7a49140c','1','1','10',NULL,NULL,'demedbuser','',NULL,'3306','');
/*!40000 ALTER TABLE `rdb_instance` ENABLE KEYS */;
UNLOCK TABLES;

--
-- Dumping data for table `rdb_resource`
--

LOCK TABLES `rdb_resource` WRITE;
/*!40000 ALTER TABLE `rdb_resource` DISABLE KEYS */;
INSERT INTO `rdb_resource` (`guid`, `create_time`, `create_user`, `update_time`, `update_user`, `key_name`, `state`, `code`, `confirm_time`, `asset_id`, `name`, `resource_set`, `resource_type`, `resource_system`, `cluster_node_type`, `master_rdb_resource`, `network_subzone`, `ip_address`, `cpu`, `memory`, `storage_type`, `storage`, `charge_type`, `billing_cycle`, `end_date`, `root_user_name`, `root_user_password`, `login_port`, `monitor_port`, `monitor_object_id`, `backup_rule`, `backup_policy_asset_id`, `backup_asset_id`, `security_groups`, `resource_spec`) VALUES ('rdb_resource_60b9e01f7a49140c','2021-06-04 08:11:11','umadmin','2021-06-09 12:40:41','umadmin','TGR1_SF_MYSQL__mysql01[]MASTER','created_0','mysql01[]MASTER',NULL,'','mysql01','resource_set_60b9d908179df27c','ONE','MYSQL5.6','MASTER','','network_subzone_60b9cb83624fdc6d','','','','EFFICIENCY','20','POSTPAID','','2021-06-09 12:40:41','root','Abcd1234','3306','3306','','','','','[,,,]','1C2G');
/*!40000 ALTER TABLE `rdb_resource` ENABLE KEYS */;
UNLOCK TABLES;

--
-- Dumping data for table `resource_set`
--

LOCK TABLES `resource_set` WRITE;
/*!40000 ALTER TABLE `resource_set` DISABLE KEYS */;
INSERT INTO `resource_set` (`guid`, `create_time`, `create_user`, `update_time`, `update_user`, `key_name`, `state`, `code`, `confirm_time`, `asset_id`, `name`, `security_zone`, `unit_type`, `resource_set_design`, `resource_cat`, `basic_security_group`) VALUES ('resource_set_60b9d40e7dea345c','2021-06-04 07:19:42','umadmin','2021-06-04 07:19:42','umadmin','TGR1_DMZ_NGINX','created_0','NGINX',NULL,NULL,'NGINX','security_zone_60b9d30f465d3bf3','NGINX','resource_set_design_60b9c5002e95c475','HOST','basic_security_group_60b9d3700e528624');
INSERT INTO `resource_set` (`guid`, `create_time`, `create_user`, `update_time`, `update_user`, `key_name`, `state`, `code`, `confirm_time`, `asset_id`, `name`, `security_zone`, `unit_type`, `resource_set_design`, `resource_cat`, `basic_security_group`) VALUES ('resource_set_60b9d8ad61239c75','2021-06-04 07:39:25','umadmin','2021-06-04 07:41:23','umadmin','TGR1_DMZ_ELB','created_0','ELB',NULL,'','ELB','security_zone_60b9d30f465d3bf3','CLB','resource_set_design_60b9c5eebfaa867f','LB','basic_security_group_60b9d3c4862297dc');
INSERT INTO `resource_set` (`guid`, `create_time`, `create_user`, `update_time`, `update_user`, `key_name`, `state`, `code`, `confirm_time`, `asset_id`, `name`, `security_zone`, `unit_type`, `resource_set_design`, `resource_cat`, `basic_security_group`) VALUES ('resource_set_60b9d908105a0b30','2021-06-04 07:40:56','umadmin','2021-06-04 07:41:35','umadmin','TGR1_SF_APP','created_0','APP',NULL,'','APP','security_zone_60b9d354f03dd37c','APP','resource_set_design_60b9c7bd06431788','HOST','basic_security_group_60b9d381f96658f0');
INSERT INTO `resource_set` (`guid`, `create_time`, `create_user`, `update_time`, `update_user`, `key_name`, `state`, `code`, `confirm_time`, `asset_id`, `name`, `security_zone`, `unit_type`, `resource_set_design`, `resource_cat`, `basic_security_group`) VALUES ('resource_set_60b9d908179df27c','2021-06-04 07:40:56','umadmin','2021-06-04 09:22:22','umadmin','TGR1_SF_MYSQL','created_0','MYSQL',NULL,'','MYSQL','security_zone_60b9d354f03dd37c','MYSQL','resource_set_design_60b9c809004e18d0','RDB','basic_security_group_60b9d39c4b2938fd');
INSERT INTO `resource_set` (`guid`, `create_time`, `create_user`, `update_time`, `update_user`, `key_name`, `state`, `code`, `confirm_time`, `asset_id`, `name`, `security_zone`, `unit_type`, `resource_set_design`, `resource_cat`, `basic_security_group`) VALUES ('resource_set_60b9d9082728baf7','2021-06-04 07:40:56','umadmin','2021-06-04 07:42:23','umadmin','TGR1_MGMT_MAPP','created_0','MAPP',NULL,'','MAPP','security_zone_60b9d339b67c04d3','DOCKER','resource_set_design_60b9c790a667f11c','HOST','basic_security_group_60b9d3da0e949548');
INSERT INTO `resource_set` (`guid`, `create_time`, `create_user`, `update_time`, `update_user`, `key_name`, `state`, `code`, `confirm_time`, `asset_id`, `name`, `security_zone`, `unit_type`, `resource_set_design`, `resource_cat`, `basic_security_group`) VALUES ('resource_set_60b9d908d2b2fff7','2021-06-04 07:40:56','umadmin','2021-06-04 07:42:14','umadmin','TGR1_SF_ILB','created_0','ILB',NULL,'','ILB','security_zone_60b9d354f03dd37c','CLB','resource_set_design_60b9c7e0a8e99c0d','LB','basic_security_group_60b9d3b370a27c6f');
INSERT INTO `resource_set` (`guid`, `create_time`, `create_user`, `update_time`, `update_user`, `key_name`, `state`, `code`, `confirm_time`, `asset_id`, `name`, `security_zone`, `unit_type`, `resource_set_design`, `resource_cat`, `basic_security_group`) VALUES ('resource_set_60b9fb6e3e4b3db9','2021-06-04 10:07:42','umadmin','2021-06-06 02:57:35','umadmin','TGR1_SF_K8S','created_0','K8S',NULL,'','K8S','security_zone_60b9d354f03dd37c','POD','resource_set_design_60b9fb49773cdc71','HOST','');
INSERT INTO `resource_set` (`guid`, `create_time`, `create_user`, `update_time`, `update_user`, `key_name`, `state`, `code`, `confirm_time`, `asset_id`, `name`, `security_zone`, `unit_type`, `resource_set_design`, `resource_cat`, `basic_security_group`) VALUES ('resource_set_60ba0362d7355e3d','2021-06-04 10:41:38','umadmin','2021-06-04 10:43:03','umadmin','TGR1_WAN_BROWER','created_0','BROWER',NULL,'','BROWER ','security_zone_60ba032836205e7f','BROWER','resource_set_design_60b9c880bef8524c','HOST','');
/*!40000 ALTER TABLE `resource_set` ENABLE KEYS */;
UNLOCK TABLES;

--
-- Dumping data for table `resource_set$deploy_environment`
--

LOCK TABLES `resource_set$deploy_environment` WRITE;
/*!40000 ALTER TABLE `resource_set$deploy_environment` DISABLE KEYS */;
INSERT INTO `resource_set$deploy_environment` (`id`, `from_guid`, `to_guid`, `seq_no`, `note`) VALUES (1,'resource_set_60b9d40e7dea345c','deploy_environment_60b9a84e4e003ee5',1,NULL);
INSERT INTO `resource_set$deploy_environment` (`id`, `from_guid`, `to_guid`, `seq_no`, `note`) VALUES (7,'resource_set_60b9d8ad61239c75','deploy_environment_60b9a84e4e003ee5',1,NULL);
INSERT INTO `resource_set$deploy_environment` (`id`, `from_guid`, `to_guid`, `seq_no`, `note`) VALUES (8,'resource_set_60b9d908105a0b30','deploy_environment_60b9a84e4e003ee5',1,NULL);
INSERT INTO `resource_set$deploy_environment` (`id`, `from_guid`, `to_guid`, `seq_no`, `note`) VALUES (10,'resource_set_60b9d908d2b2fff7','deploy_environment_60b9a84e4e003ee5',1,NULL);
INSERT INTO `resource_set$deploy_environment` (`id`, `from_guid`, `to_guid`, `seq_no`, `note`) VALUES (11,'resource_set_60b9d9082728baf7','deploy_environment_60b9a84e4e003ee5',1,NULL);
INSERT INTO `resource_set$deploy_environment` (`id`, `from_guid`, `to_guid`, `seq_no`, `note`) VALUES (12,'resource_set_60b9d908179df27c','deploy_environment_60b9a84e4e003ee5',1,NULL);
INSERT INTO `resource_set$deploy_environment` (`id`, `from_guid`, `to_guid`, `seq_no`, `note`) VALUES (17,'resource_set_60ba0362d7355e3d','deploy_environment_60b9a84e4e003ee5',1,NULL);
INSERT INTO `resource_set$deploy_environment` (`id`, `from_guid`, `to_guid`, `seq_no`, `note`) VALUES (18,'resource_set_60b9fb6e3e4b3db9','',1,NULL);
/*!40000 ALTER TABLE `resource_set$deploy_environment` ENABLE KEYS */;
UNLOCK TABLES;

--
-- Dumping data for table `resource_set$network_subzone`
--

LOCK TABLES `resource_set$network_subzone` WRITE;
/*!40000 ALTER TABLE `resource_set$network_subzone` DISABLE KEYS */;
INSERT INTO `resource_set$network_subzone` (`id`, `from_guid`, `to_guid`, `seq_no`, `note`) VALUES (1,'resource_set_60b9d40e7dea345c','network_subzone_60b9cb05ae2a9638',1,NULL);
INSERT INTO `resource_set$network_subzone` (`id`, `from_guid`, `to_guid`, `seq_no`, `note`) VALUES (2,'resource_set_60b9d40e7dea345c','network_subzone_60b9cb203bff3a76',2,NULL);
INSERT INTO `resource_set$network_subzone` (`id`, `from_guid`, `to_guid`, `seq_no`, `note`) VALUES (12,'resource_set_60b9d8ad61239c75','network_subzone_60b9d81aac7c782f',1,NULL);
INSERT INTO `resource_set$network_subzone` (`id`, `from_guid`, `to_guid`, `seq_no`, `note`) VALUES (13,'resource_set_60b9d908105a0b30','network_subzone_60b9cb62e0ab22b8',1,NULL);
INSERT INTO `resource_set$network_subzone` (`id`, `from_guid`, `to_guid`, `seq_no`, `note`) VALUES (14,'resource_set_60b9d908105a0b30','network_subzone_60b9cb464ce69a07',2,NULL);
INSERT INTO `resource_set$network_subzone` (`id`, `from_guid`, `to_guid`, `seq_no`, `note`) VALUES (17,'resource_set_60b9d908d2b2fff7','network_subzone_60b9cb464ce69a07',1,NULL);
INSERT INTO `resource_set$network_subzone` (`id`, `from_guid`, `to_guid`, `seq_no`, `note`) VALUES (18,'resource_set_60b9d908d2b2fff7','network_subzone_60b9cb62e0ab22b8',2,NULL);
INSERT INTO `resource_set$network_subzone` (`id`, `from_guid`, `to_guid`, `seq_no`, `note`) VALUES (19,'resource_set_60b9d9082728baf7','network_subzone_60b9d5a039ac3db5',1,NULL);
INSERT INTO `resource_set$network_subzone` (`id`, `from_guid`, `to_guid`, `seq_no`, `note`) VALUES (20,'resource_set_60b9d9082728baf7','network_subzone_60b9d58514e93956',2,NULL);
INSERT INTO `resource_set$network_subzone` (`id`, `from_guid`, `to_guid`, `seq_no`, `note`) VALUES (21,'resource_set_60b9d908179df27c','network_subzone_60b9cb83624fdc6d',1,NULL);
INSERT INTO `resource_set$network_subzone` (`id`, `from_guid`, `to_guid`, `seq_no`, `note`) VALUES (22,'resource_set_60b9d908179df27c','network_subzone_60b9cb9fab705d16',2,NULL);
INSERT INTO `resource_set$network_subzone` (`id`, `from_guid`, `to_guid`, `seq_no`, `note`) VALUES (28,'resource_set_60ba0362d7355e3d','network_subzone_60b9cc9024499dcd',1,NULL);
INSERT INTO `resource_set$network_subzone` (`id`, `from_guid`, `to_guid`, `seq_no`, `note`) VALUES (29,'resource_set_60b9fb6e3e4b3db9','network_subzone_60b9cb62e0ab22b8',1,NULL);
INSERT INTO `resource_set$network_subzone` (`id`, `from_guid`, `to_guid`, `seq_no`, `note`) VALUES (30,'resource_set_60b9fb6e3e4b3db9','network_subzone_60b9cb464ce69a07',2,NULL);
/*!40000 ALTER TABLE `resource_set$network_subzone` ENABLE KEYS */;
UNLOCK TABLES;

--
-- Dumping data for table `resource_set_design`
--

LOCK TABLES `resource_set_design` WRITE;
/*!40000 ALTER TABLE `resource_set_design` DISABLE KEYS */;
INSERT INTO `resource_set_design` (`guid`, `create_time`, `create_user`, `update_time`, `update_user`, `key_name`, `state`, `code`, `confirm_time`, `security_zone_design`, `network_subzone_design`, `unit_type`, `name`, `resource_cat`, `basic_security_group_design`) VALUES ('resource_set_design_60b9c5002e95c475','2021-06-04 06:15:28','umadmin','2021-06-04 06:15:28','umadmin','RDC_LINK_DMZ_NGINX','added_0','NGINX',NULL,'security_zone_design_60b9c205d07e84b0','network_subzone_design_60b9ad27efd7a53d','NGINX','反向代理','HOST','basic_security_group_design_60b9c257af772649');
INSERT INTO `resource_set_design` (`guid`, `create_time`, `create_user`, `update_time`, `update_user`, `key_name`, `state`, `code`, `confirm_time`, `security_zone_design`, `network_subzone_design`, `unit_type`, `name`, `resource_cat`, `basic_security_group_design`) VALUES ('resource_set_design_60b9c5eebfaa867f','2021-06-04 06:19:26','umadmin','2021-06-04 06:19:26','umadmin','RDC_LINK_DMZ_ELB','added_0','ELB',NULL,'security_zone_design_60b9c205d07e84b0','network_subzone_design_60b9c560fd6075ca','CLB','互联网负载均衡','LB','basic_security_group_design_60b9c2cd865a560a');
INSERT INTO `resource_set_design` (`guid`, `create_time`, `create_user`, `update_time`, `update_user`, `key_name`, `state`, `code`, `confirm_time`, `security_zone_design`, `network_subzone_design`, `unit_type`, `name`, `resource_cat`, `basic_security_group_design`) VALUES ('resource_set_design_60b9c790a667f11c','2021-06-04 06:26:24','umadmin','2021-06-04 06:26:24','umadmin','RDC_LINK_MGMT_MAPP','added_0','MAPP',NULL,'security_zone_design_60b9c21549fbda5a','network_subzone_design_60b9b91be3f13c6d','DOCKER','管理应用资源集合设计','HOST','basic_security_group_design_60b9c74d1f6d97af');
INSERT INTO `resource_set_design` (`guid`, `create_time`, `create_user`, `update_time`, `update_user`, `key_name`, `state`, `code`, `confirm_time`, `security_zone_design`, `network_subzone_design`, `unit_type`, `name`, `resource_cat`, `basic_security_group_design`) VALUES ('resource_set_design_60b9c7bd06431788','2021-06-04 06:27:09','umadmin','2021-06-04 06:27:09','umadmin','RDC_CORE_SF_APP','added_0','APP',NULL,'security_zone_design_60b9c22542730e24','network_subzone_design_60b9ad57461efdd3','APP','应用资源集合设计','HOST','basic_security_group_design_60b9c289d2aff7da');
INSERT INTO `resource_set_design` (`guid`, `create_time`, `create_user`, `update_time`, `update_user`, `key_name`, `state`, `code`, `confirm_time`, `security_zone_design`, `network_subzone_design`, `unit_type`, `name`, `resource_cat`, `basic_security_group_design`) VALUES ('resource_set_design_60b9c7e0a8e99c0d','2021-06-04 06:27:44','umadmin','2021-06-04 06:27:44','umadmin','RDC_CORE_SF_ILB','added_0','ILB',NULL,'security_zone_design_60b9c22542730e24','network_subzone_design_60b9ad57461efdd3','CLB','内外负载均衡资源集合设计','LB','basic_security_group_design_60b9c2b374e6aa04');
INSERT INTO `resource_set_design` (`guid`, `create_time`, `create_user`, `update_time`, `update_user`, `key_name`, `state`, `code`, `confirm_time`, `security_zone_design`, `network_subzone_design`, `unit_type`, `name`, `resource_cat`, `basic_security_group_design`) VALUES ('resource_set_design_60b9c809004e18d0','2021-06-04 06:28:25','umadmin','2021-06-04 06:28:25','umadmin','RDC_CORE_SF_MYSQL','added_0','MYSQL',NULL,'security_zone_design_60b9c22542730e24','network_subzone_design_60b9adbe59d4e11f','MYSQL','数据库资源集合设计','RDB','basic_security_group_design_60b9c298ab45050e');
INSERT INTO `resource_set_design` (`guid`, `create_time`, `create_user`, `update_time`, `update_user`, `key_name`, `state`, `code`, `confirm_time`, `security_zone_design`, `network_subzone_design`, `unit_type`, `name`, `resource_cat`, `basic_security_group_design`) VALUES ('resource_set_design_60b9c880bef8524c','2021-06-04 06:30:24','umadmin','2021-06-04 06:30:24','umadmin','RDC_WAN_WAN_BROWER','added_0','BROWER',NULL,'security_zone_design_60b9c83d560a8cda','network_subzone_design_60b9b0d0bc697226','BROWER','互联网浏览器资源集合设计','HOST','');
INSERT INTO `resource_set_design` (`guid`, `create_time`, `create_user`, `update_time`, `update_user`, `key_name`, `state`, `code`, `confirm_time`, `security_zone_design`, `network_subzone_design`, `unit_type`, `name`, `resource_cat`, `basic_security_group_design`) VALUES ('resource_set_design_60b9fb49773cdc71','2021-06-04 10:07:05','umadmin','2021-06-04 10:07:05','umadmin','RDC_CORE_SF_K8S','added_0','K8S',NULL,'security_zone_design_60b9c22542730e24','network_subzone_design_60b9ad57461efdd3','POD','K8S资源集合设计','HOST','basic_security_group_design_60b9c289d2aff7da');
/*!40000 ALTER TABLE `resource_set_design` ENABLE KEYS */;
UNLOCK TABLES;

--
-- Dumping data for table `resource_set_design$application_domain`
--

LOCK TABLES `resource_set_design$application_domain` WRITE;
/*!40000 ALTER TABLE `resource_set_design$application_domain` DISABLE KEYS */;
INSERT INTO `resource_set_design$application_domain` (`id`, `from_guid`, `to_guid`, `seq_no`, `note`) VALUES (1,'resource_set_design_60b9c5002e95c475','application_domain_60b9a491b5d2c8df',1,NULL);
INSERT INTO `resource_set_design$application_domain` (`id`, `from_guid`, `to_guid`, `seq_no`, `note`) VALUES (2,'resource_set_design_60b9c5eebfaa867f','application_domain_60b9a491b5d2c8df',1,NULL);
INSERT INTO `resource_set_design$application_domain` (`id`, `from_guid`, `to_guid`, `seq_no`, `note`) VALUES (3,'resource_set_design_60b9c5eebfaa867f','application_domain_60b9a4a5e788c002',2,NULL);
INSERT INTO `resource_set_design$application_domain` (`id`, `from_guid`, `to_guid`, `seq_no`, `note`) VALUES (4,'resource_set_design_60b9c790a667f11c','application_domain_60b9a4a5e788c002',1,NULL);
INSERT INTO `resource_set_design$application_domain` (`id`, `from_guid`, `to_guid`, `seq_no`, `note`) VALUES (5,'resource_set_design_60b9c7bd06431788','application_domain_60b9a491b5d2c8df',1,NULL);
INSERT INTO `resource_set_design$application_domain` (`id`, `from_guid`, `to_guid`, `seq_no`, `note`) VALUES (6,'resource_set_design_60b9c7bd06431788','application_domain_60b9a4a5e788c002',2,NULL);
INSERT INTO `resource_set_design$application_domain` (`id`, `from_guid`, `to_guid`, `seq_no`, `note`) VALUES (7,'resource_set_design_60b9c7e0a8e99c0d','application_domain_60b9a491b5d2c8df',1,NULL);
INSERT INTO `resource_set_design$application_domain` (`id`, `from_guid`, `to_guid`, `seq_no`, `note`) VALUES (8,'resource_set_design_60b9c7e0a8e99c0d','application_domain_60b9a4a5e788c002',2,NULL);
INSERT INTO `resource_set_design$application_domain` (`id`, `from_guid`, `to_guid`, `seq_no`, `note`) VALUES (9,'resource_set_design_60b9c809004e18d0','application_domain_60b9a491b5d2c8df',1,NULL);
INSERT INTO `resource_set_design$application_domain` (`id`, `from_guid`, `to_guid`, `seq_no`, `note`) VALUES (10,'resource_set_design_60b9c809004e18d0','application_domain_60b9a4a5e788c002',2,NULL);
INSERT INTO `resource_set_design$application_domain` (`id`, `from_guid`, `to_guid`, `seq_no`, `note`) VALUES (11,'resource_set_design_60b9c880bef8524c','application_domain_60b9a491b5d2c8df',1,NULL);
INSERT INTO `resource_set_design$application_domain` (`id`, `from_guid`, `to_guid`, `seq_no`, `note`) VALUES (12,'resource_set_design_60b9c880bef8524c','application_domain_60b9a4a5e788c002',2,NULL);
INSERT INTO `resource_set_design$application_domain` (`id`, `from_guid`, `to_guid`, `seq_no`, `note`) VALUES (13,'resource_set_design_60b9fb49773cdc71','application_domain_60b9a491b5d2c8df',1,NULL);
INSERT INTO `resource_set_design$application_domain` (`id`, `from_guid`, `to_guid`, `seq_no`, `note`) VALUES (14,'resource_set_design_60b9fb49773cdc71','application_domain_60b9a4a5e788c002',2,NULL);
/*!40000 ALTER TABLE `resource_set_design$application_domain` ENABLE KEYS */;
UNLOCK TABLES;

--
-- Dumping data for table `route_table`
--

LOCK TABLES `route_table` WRITE;
/*!40000 ALTER TABLE `route_table` DISABLE KEYS */;
INSERT INTO `route_table` (`guid`, `create_time`, `create_user`, `update_time`, `update_user`, `key_name`, `state`, `code`, `confirm_time`, `asset_id`, `name`, `network_zone`, `route_table_design`, `route_table_type`) VALUES ('route_table_60b9ca9eb0cc80a6','2021-06-04 06:39:26','umadmin','2021-06-04 06:40:20','umadmin','TGR1_LINK_DEFAULT','created_0','DEFAULT',NULL,'','LINK区DEFAULT路由表','network_zone_60b9ca52e4bdffd0','route_table_design_60b9ab282f6baea0','DEFAULT');
INSERT INTO `route_table` (`guid`, `create_time`, `create_user`, `update_time`, `update_user`, `key_name`, `state`, `code`, `confirm_time`, `asset_id`, `name`, `network_zone`, `route_table_design`, `route_table_type`) VALUES ('route_table_60b9cac46c3f5c5b','2021-06-04 06:40:04','umadmin','2021-06-04 06:40:04','umadmin','TGR1_CORE_DEFAULT','created_0','DEFAULT',NULL,NULL,'核心区DEFAULT路由表','network_zone_60b9ca7c60b15196','route_table_design_60b9aaf04bab153e','DEFAULT');
/*!40000 ALTER TABLE `route_table` ENABLE KEYS */;
UNLOCK TABLES;

--
-- Dumping data for table `route_table_design`
--

LOCK TABLES `route_table_design` WRITE;
/*!40000 ALTER TABLE `route_table_design` DISABLE KEYS */;
INSERT INTO `route_table_design` (`guid`, `create_time`, `create_user`, `update_time`, `update_user`, `key_name`, `state`, `code`, `confirm_time`, `name`, `network_zone_design`, `route_table_type`) VALUES ('route_table_design_60b9aaf04bab153e','2021-06-04 04:24:16','umadmin','2021-06-06 02:33:06','umadmin','RDC_CORE_DEFAULT','added_0','DEFAULT',NULL,'CORE默认路由表','network_zone_design_60b9aac4a1fe3bec','DEFAULT');
INSERT INTO `route_table_design` (`guid`, `create_time`, `create_user`, `update_time`, `update_user`, `key_name`, `state`, `code`, `confirm_time`, `name`, `network_zone_design`, `route_table_type`) VALUES ('route_table_design_60b9ab282f6baea0','2021-06-04 04:25:12','umadmin','2021-06-06 02:33:06','umadmin','RDC_LINK_DEFAULT','added_0','DEFAULT',NULL,'LINK默认路由表','network_zone_design_60b9aaa3c865b911','DEFAULT');
/*!40000 ALTER TABLE `route_table_design` ENABLE KEYS */;
UNLOCK TABLES;

--
-- Dumping data for table `routing_policy`
--

LOCK TABLES `routing_policy` WRITE;
/*!40000 ALTER TABLE `routing_policy` DISABLE KEYS */;
INSERT INTO `routing_policy` (`guid`, `create_time`, `create_user`, `update_time`, `update_user`, `key_name`, `state`, `code`, `confirm_time`, `asset_id`, `route_table`, `routing_policy_design`, `dest_network_subzone`, `dest_cidr`, `network_link`, `route_next_type`) VALUES ('routing_policy_60b9d29119b1c4b6','2021-06-04 07:13:21','umadmin','2021-06-04 07:13:21','umadmin','TGR1_LINK_DEFAULT__to__0.0.0.0/0','created_0','to__0.0.0.0/0',NULL,NULL,'route_table_60b9ca9eb0cc80a6','routing_policy_design_60b9b3958b5865f9','network_subzone_60b9cc9024499dcd','0.0.0.0/0','network_link_60b9ccb79e8156e6','NAT');
/*!40000 ALTER TABLE `routing_policy` ENABLE KEYS */;
UNLOCK TABLES;

--
-- Dumping data for table `routing_policy_design`
--

LOCK TABLES `routing_policy_design` WRITE;
/*!40000 ALTER TABLE `routing_policy_design` DISABLE KEYS */;
INSERT INTO `routing_policy_design` (`guid`, `create_time`, `create_user`, `update_time`, `update_user`, `key_name`, `state`, `code`, `confirm_time`, `route_table_design`, `dest_network_subzone_design`, `network_link_design`) VALUES ('routing_policy_design_60b9b3958b5865f9','2021-06-04 05:01:09','umadmin','2021-06-04 05:01:09','umadmin','to_RDC_WAN_WANNET__RDC_LINK__NAT__RDC_WAN','added_0','to__WDC_WAN_WANNET',NULL,'route_table_design_60b9ab282f6baea0','network_subzone_design_60b9b0d0bc697226','network_link_design_60b9b0e86796715b');
/*!40000 ALTER TABLE `routing_policy_design` ENABLE KEYS */;
UNLOCK TABLES;

--
-- Dumping data for table `security_zone`
--

LOCK TABLES `security_zone` WRITE;
/*!40000 ALTER TABLE `security_zone` DISABLE KEYS */;
INSERT INTO `security_zone` (`guid`, `create_time`, `create_user`, `update_time`, `update_user`, `key_name`, `state`, `code`, `confirm_time`, `asset_id`, `name`, `data_center`, `security_zone_design`, `network_zone`) VALUES ('security_zone_60b9d30f465d3bf3','2021-06-04 07:15:27','umadmin','2021-06-04 07:15:33','umadmin','TGR1_DMZ','created_0','DMZ',NULL,'','DMZ','data_center_60b9b6b752cca4a8','security_zone_design_60b9c205d07e84b0','network_zone_60b9ca52e4bdffd0');
INSERT INTO `security_zone` (`guid`, `create_time`, `create_user`, `update_time`, `update_user`, `key_name`, `state`, `code`, `confirm_time`, `asset_id`, `name`, `data_center`, `security_zone_design`, `network_zone`) VALUES ('security_zone_60b9d339b67c04d3','2021-06-04 07:16:09','umadmin','2021-06-04 07:16:09','umadmin','TGR1_MGMT','created_0','MGMT',NULL,NULL,'MGMT','data_center_60b9b6b752cca4a8','security_zone_design_60b9c21549fbda5a','network_zone_60b9ca52e4bdffd0');
INSERT INTO `security_zone` (`guid`, `create_time`, `create_user`, `update_time`, `update_user`, `key_name`, `state`, `code`, `confirm_time`, `asset_id`, `name`, `data_center`, `security_zone_design`, `network_zone`) VALUES ('security_zone_60b9d354f03dd37c','2021-06-04 07:16:36','umadmin','2021-06-04 07:16:36','umadmin','TGR1_SF','created_0','SF',NULL,NULL,'SF','data_center_60b9b6b752cca4a8','security_zone_design_60b9c22542730e24','network_zone_60b9ca7c60b15196');
INSERT INTO `security_zone` (`guid`, `create_time`, `create_user`, `update_time`, `update_user`, `key_name`, `state`, `code`, `confirm_time`, `asset_id`, `name`, `data_center`, `security_zone_design`, `network_zone`) VALUES ('security_zone_60ba032836205e7f','2021-06-04 10:40:40','umadmin','2021-06-04 10:40:40','umadmin','TGR1_WAN','created_0','WAN',NULL,NULL,'互联网区','data_center_60b9b6b752cca4a8','security_zone_design_60b9c83d560a8cda','network_zone_60b9cc727775c457');
/*!40000 ALTER TABLE `security_zone` ENABLE KEYS */;
UNLOCK TABLES;

--
-- Dumping data for table `security_zone_design`
--

LOCK TABLES `security_zone_design` WRITE;
/*!40000 ALTER TABLE `security_zone_design` DISABLE KEYS */;
INSERT INTO `security_zone_design` (`guid`, `create_time`, `create_user`, `update_time`, `update_user`, `key_name`, `state`, `code`, `confirm_time`, `name`, `data_center_design`, `network_zone_design`) VALUES ('security_zone_design_60b9c205d07e84b0','2021-06-04 06:02:45','umadmin','2021-06-04 06:02:45','umadmin','RDC_LINK_DMZ','added_0','DMZ',NULL,'DMZ','data_center_design_60b9aa42f3507a27','network_zone_design_60b9aaa3c865b911');
INSERT INTO `security_zone_design` (`guid`, `create_time`, `create_user`, `update_time`, `update_user`, `key_name`, `state`, `code`, `confirm_time`, `name`, `data_center_design`, `network_zone_design`) VALUES ('security_zone_design_60b9c21549fbda5a','2021-06-04 06:03:01','umadmin','2021-06-04 06:03:01','umadmin','RDC_LINK_MGMT','added_0','MGMT',NULL,'MGMT','data_center_design_60b9aa42f3507a27','network_zone_design_60b9aaa3c865b911');
INSERT INTO `security_zone_design` (`guid`, `create_time`, `create_user`, `update_time`, `update_user`, `key_name`, `state`, `code`, `confirm_time`, `name`, `data_center_design`, `network_zone_design`) VALUES ('security_zone_design_60b9c22542730e24','2021-06-04 06:03:17','umadmin','2021-06-04 06:03:17','umadmin','RDC_CORE_SF','added_0','SF',NULL,'SF','data_center_design_60b9aa42f3507a27','network_zone_design_60b9aac4a1fe3bec');
INSERT INTO `security_zone_design` (`guid`, `create_time`, `create_user`, `update_time`, `update_user`, `key_name`, `state`, `code`, `confirm_time`, `name`, `data_center_design`, `network_zone_design`) VALUES ('security_zone_design_60b9c83d560a8cda','2021-06-04 06:29:17','umadmin','2021-06-04 08:47:22','umadmin','RDC_WAN_WAN','added_0','WAN',NULL,'WAN','data_center_design_60b9aa42f3507a27','network_zone_design_60b9b0a8f578f44d');
/*!40000 ALTER TABLE `security_zone_design` ENABLE KEYS */;
UNLOCK TABLES;

--
-- Dumping data for table `sequence_design`
--

LOCK TABLES `sequence_design` WRITE;
/*!40000 ALTER TABLE `sequence_design` DISABLE KEYS */;
/*!40000 ALTER TABLE `sequence_design` ENABLE KEYS */;
UNLOCK TABLES;

--
-- Dumping data for table `sequence_design$service_invoke_design`
--

LOCK TABLES `sequence_design$service_invoke_design` WRITE;
/*!40000 ALTER TABLE `sequence_design$service_invoke_design` DISABLE KEYS */;
/*!40000 ALTER TABLE `sequence_design$service_invoke_design` ENABLE KEYS */;
UNLOCK TABLES;

--
-- Dumping data for table `service_design`
--

LOCK TABLES `service_design` WRITE;
/*!40000 ALTER TABLE `service_design` DISABLE KEYS */;
INSERT INTO `service_design` (`guid`, `create_time`, `create_user`, `update_time`, `update_user`, `key_name`, `state`, `code`, `confirm_time`, `name`, `unit_design`, `service_type`, `service_invoke_type`, `service_nature`, `service_id`) VALUES ('service_design_60b9e2e193aae59c','2021-06-04 08:22:57','umadmin','2021-06-04 08:24:01','umadmin','UM_AUTH_APP(AUTH)','added_1','AUTH','2021-06-04 08:24:01','认证','unit_design_60b9e134e6c6ecd7','DIRECT','SYNC','QUERY','Q100001');
INSERT INTO `service_design` (`guid`, `create_time`, `create_user`, `update_time`, `update_user`, `key_name`, `state`, `code`, `confirm_time`, `name`, `unit_design`, `service_type`, `service_invoke_type`, `service_nature`, `service_id`) VALUES ('service_design_60b9e9b79f3c1bb2','2021-06-04 08:52:07','umadmin','2021-06-04 09:03:37','umadmin','DEMO_CORE_APP(LOGIN)','added_1','LOGIN','2021-06-04 09:03:37','登陆','unit_design_60b9e3ea3e833a35','DIRECT','SYNC','QUERY','Q100403');
INSERT INTO `service_design` (`guid`, `create_time`, `create_user`, `update_time`, `update_user`, `key_name`, `state`, `code`, `confirm_time`, `name`, `unit_design`, `service_type`, `service_invoke_type`, `service_nature`, `service_id`) VALUES ('service_design_60b9e9f6c82fa672','2021-06-04 08:53:10','umadmin','2021-06-04 09:03:37','umadmin','DEMO_CORE_APP(ACC_INF)','added_1','ACC_INF','2021-06-04 09:03:37','账户信息查询','unit_design_60b9e3ea3e833a35','DIRECT','SYNC','QUERY','Q868345');
INSERT INTO `service_design` (`guid`, `create_time`, `create_user`, `update_time`, `update_user`, `key_name`, `state`, `code`, `confirm_time`, `name`, `unit_design`, `service_type`, `service_invoke_type`, `service_nature`, `service_id`) VALUES ('service_design_60b9eb5ff6c00a47','2021-06-04 08:59:11','umadmin','2021-06-04 09:03:37','umadmin','DEMO_PROXY_NGINX(LOGIN)','added_1','LOGIN','2021-06-04 09:03:37','登陆','unit_design_60b9e56f57e3cbc8','DIRECT','SYNC','QUERY','Q345667');
INSERT INTO `service_design` (`guid`, `create_time`, `create_user`, `update_time`, `update_user`, `key_name`, `state`, `code`, `confirm_time`, `name`, `unit_design`, `service_type`, `service_invoke_type`, `service_nature`, `service_id`) VALUES ('service_design_60b9eb7f9e3f8ab3','2021-06-04 08:59:43','umadmin','2021-06-04 09:03:37','umadmin','DEMO_PROXY_NGINX(ACC_INF)','added_1','ACC_INF','2021-06-04 09:03:37',' 账户信息查询','unit_design_60b9e56f57e3cbc8','DIRECT','SYNC','QUERY','Q987657');
/*!40000 ALTER TABLE `service_design` ENABLE KEYS */;
UNLOCK TABLES;

--
-- Dumping data for table `service_invoke_design`
--

LOCK TABLES `service_invoke_design` WRITE;
/*!40000 ALTER TABLE `service_invoke_design` DISABLE KEYS */;
INSERT INTO `service_invoke_design` (`guid`, `create_time`, `create_user`, `update_time`, `update_user`, `key_name`, `state`, `code`, `confirm_time`, `invoke_unit_design`, `invoked_service_design`, `invoked_unit_design`) VALUES ('service_invoke_design_60b9eb99ce8c4253','2021-06-04 09:00:09','umadmin','2021-06-04 09:03:37','umadmin','DEMO_CLIENT_BROWER-->DEMO_PROXY_NGINX(LOGIN)','added_1','SYNC','2021-06-04 09:03:37','unit_design_60b9e9540281a537','service_design_60b9eb5ff6c00a47','unit_design_60b9e56f57e3cbc8');
INSERT INTO `service_invoke_design` (`guid`, `create_time`, `create_user`, `update_time`, `update_user`, `key_name`, `state`, `code`, `confirm_time`, `invoke_unit_design`, `invoked_service_design`, `invoked_unit_design`) VALUES ('service_invoke_design_60b9eba6d48dfee3','2021-06-04 09:00:22','umadmin','2021-06-04 09:03:37','umadmin','DEMO_CLIENT_BROWER-->DEMO_PROXY_NGINX(ACC_INF)','added_1','SYNC','2021-06-04 09:03:37','unit_design_60b9e9540281a537','service_design_60b9eb7f9e3f8ab3','unit_design_60b9e56f57e3cbc8');
INSERT INTO `service_invoke_design` (`guid`, `create_time`, `create_user`, `update_time`, `update_user`, `key_name`, `state`, `code`, `confirm_time`, `invoke_unit_design`, `invoked_service_design`, `invoked_unit_design`) VALUES ('service_invoke_design_60b9ec337236360e','2021-06-04 09:02:43','umadmin','2021-06-04 09:03:37','umadmin','DEMO_PROXY_NGINX-->DEMO_CORE_APP(LOGIN)','added_1','SYNC','2021-06-04 09:03:37','unit_design_60b9e56f57e3cbc8','service_design_60b9e9b79f3c1bb2','unit_design_60b9e3ea3e833a35');
INSERT INTO `service_invoke_design` (`guid`, `create_time`, `create_user`, `update_time`, `update_user`, `key_name`, `state`, `code`, `confirm_time`, `invoke_unit_design`, `invoked_service_design`, `invoked_unit_design`) VALUES ('service_invoke_design_60b9ec4354eaa17d','2021-06-04 09:02:59','umadmin','2021-06-04 09:03:37','umadmin','DEMO_PROXY_NGINX-->DEMO_CORE_APP(ACC_INF)','added_1','SYNC','2021-06-04 09:03:37','unit_design_60b9e56f57e3cbc8','service_design_60b9e9f6c82fa672','unit_design_60b9e3ea3e833a35');
INSERT INTO `service_invoke_design` (`guid`, `create_time`, `create_user`, `update_time`, `update_user`, `key_name`, `state`, `code`, `confirm_time`, `invoke_unit_design`, `invoked_service_design`, `invoked_unit_design`) VALUES ('service_invoke_design_60b9ec4ec762e5d0','2021-06-04 09:03:10','umadmin','2021-06-04 09:03:37','umadmin','DEMO_CORE_APP-->UM_AUTH_APP(AUTH)','added_1','SYNC','2021-06-04 09:03:37','unit_design_60b9e3ea3e833a35','service_design_60b9e2e193aae59c','unit_design_60b9e134e6c6ecd7');
/*!40000 ALTER TABLE `service_invoke_design` ENABLE KEYS */;
UNLOCK TABLES;

--
-- Dumping data for table `static_diff_conf_value`
--

LOCK TABLES `static_diff_conf_value` WRITE;
/*!40000 ALTER TABLE `static_diff_conf_value` DISABLE KEYS */;
/*!40000 ALTER TABLE `static_diff_conf_value` ENABLE KEYS */;
UNLOCK TABLES;

--
-- Dumping data for table `static_diff_conf_value$deploy_environment`
--

LOCK TABLES `static_diff_conf_value$deploy_environment` WRITE;
/*!40000 ALTER TABLE `static_diff_conf_value$deploy_environment` DISABLE KEYS */;
/*!40000 ALTER TABLE `static_diff_conf_value$deploy_environment` ENABLE KEYS */;
UNLOCK TABLES;

--
-- Dumping data for table `subsystem`
--

LOCK TABLES `subsystem` WRITE;
/*!40000 ALTER TABLE `subsystem` DISABLE KEYS */;
INSERT INTO `subsystem` (`guid`, `create_time`, `create_user`, `update_time`, `update_user`, `key_name`, `state`, `code`, `confirm_time`, `asset_id`, `app_system`, `subsystem_design`, `security_zone`, `manage_role`) VALUES ('subsystem_60b9f96d2edae48b','2021-06-04 09:59:09','umadmin','2021-06-04 09:59:09','umadmin','PRD_UM_AUTH','created_0','AUTH',NULL,NULL,'app_system_60b9f9524832f644','subsystem_design_60b9e0ea1b56f466','security_zone_60b9d354f03dd37c','manage_role_60b9a90898f75150');
INSERT INTO `subsystem` (`guid`, `create_time`, `create_user`, `update_time`, `update_user`, `key_name`, `state`, `code`, `confirm_time`, `asset_id`, `app_system`, `subsystem_design`, `security_zone`, `manage_role`) VALUES ('subsystem_60b9fedd98ad6bce','2021-06-04 10:22:21','umadmin','2021-06-04 10:22:21','umadmin','PRD_DEMO_CORE','created_0','CORE',NULL,NULL,'app_system_60b9fea7dacae792','subsystem_design_60b9e3cfd10ff03b','security_zone_60b9d354f03dd37c','manage_role_60b9a9088f788ecf');
INSERT INTO `subsystem` (`guid`, `create_time`, `create_user`, `update_time`, `update_user`, `key_name`, `state`, `code`, `confirm_time`, `asset_id`, `app_system`, `subsystem_design`, `security_zone`, `manage_role`) VALUES ('subsystem_60b9fef5d7845a86','2021-06-04 10:22:45','umadmin','2021-06-04 10:22:45','umadmin','PRD_DEMO_PROXY','created_0','PROXY',NULL,NULL,'app_system_60b9fea7dacae792','subsystem_design_60b9e553a9a5e735','security_zone_60b9d30f465d3bf3','manage_role_60b9a9088f788ecf');
INSERT INTO `subsystem` (`guid`, `create_time`, `create_user`, `update_time`, `update_user`, `key_name`, `state`, `code`, `confirm_time`, `asset_id`, `app_system`, `subsystem_design`, `security_zone`, `manage_role`) VALUES ('subsystem_60ba03e014307e25','2021-06-04 10:43:44','umadmin','2021-06-04 10:43:44','umadmin','PRD_DEMO_CLIENT','created_0','CLIENT',NULL,NULL,'app_system_60b9fea7dacae792','subsystem_design_60b9e93ebd782435','security_zone_60ba032836205e7f','manage_role_60b9a9088f788ecf');
/*!40000 ALTER TABLE `subsystem` ENABLE KEYS */;
UNLOCK TABLES;

--
-- Dumping data for table `subsystem_design`
--

LOCK TABLES `subsystem_design` WRITE;
/*!40000 ALTER TABLE `subsystem_design` DISABLE KEYS */;
INSERT INTO `subsystem_design` (`guid`, `create_time`, `create_user`, `update_time`, `update_user`, `key_name`, `state`, `code`, `confirm_time`, `name`, `subsystem_design_id`, `app_system_design`, `security_zone_design`) VALUES ('subsystem_design_60b9e0ea1b56f466','2021-06-04 08:14:34','umadmin','2021-06-04 08:24:01','umadmin','UM_AUTH','added_1','AUTH','2021-06-04 08:24:01','认证子系统','123451','app_system_design_60b9e0c9f0f4b40a','security_zone_design_60b9c22542730e24');
INSERT INTO `subsystem_design` (`guid`, `create_time`, `create_user`, `update_time`, `update_user`, `key_name`, `state`, `code`, `confirm_time`, `name`, `subsystem_design_id`, `app_system_design`, `security_zone_design`) VALUES ('subsystem_design_60b9e3cfd10ff03b','2021-06-04 08:26:55','umadmin','2021-06-04 08:32:05','umadmin','DEMO_CORE','added_1','CORE','2021-06-04 09:03:37','核心子系统','123434','app_system_design_60b9e3479afe1d2c','security_zone_design_60b9c22542730e24');
INSERT INTO `subsystem_design` (`guid`, `create_time`, `create_user`, `update_time`, `update_user`, `key_name`, `state`, `code`, `confirm_time`, `name`, `subsystem_design_id`, `app_system_design`, `security_zone_design`) VALUES ('subsystem_design_60b9e553a9a5e735','2021-06-04 08:33:23','umadmin','2021-06-04 09:03:37','umadmin','DEMO_PROXY','added_1','PROXY','2021-06-04 09:03:37','代理子系统','123455','app_system_design_60b9e3479afe1d2c','security_zone_design_60b9c205d07e84b0');
INSERT INTO `subsystem_design` (`guid`, `create_time`, `create_user`, `update_time`, `update_user`, `key_name`, `state`, `code`, `confirm_time`, `name`, `subsystem_design_id`, `app_system_design`, `security_zone_design`) VALUES ('subsystem_design_60b9e93ebd782435','2021-06-04 08:50:06','umadmin','2021-06-04 09:03:37','umadmin','DEMO_CLIENT','added_1','CLIENT','2021-06-04 09:03:37','客户端子系统','454636','app_system_design_60b9e3479afe1d2c','security_zone_design_60b9c83d560a8cda');
/*!40000 ALTER TABLE `subsystem_design` ENABLE KEYS */;
UNLOCK TABLES;

--
-- Dumping data for table `unit`
--

LOCK TABLES `unit` WRITE;
/*!40000 ALTER TABLE `unit` DISABLE KEYS */;
INSERT INTO `unit` (`guid`, `create_time`, `create_user`, `update_time`, `update_user`, `key_name`, `state`, `code`, `confirm_time`, `asset_id`, `subsystem`, `unit_design`, `resource_set`, `deploy_path`, `public_key`, `protocol`, `unit_type`, `manage_role`, `white_list_type`, `security_group_asset_id`) VALUES ('unit_60b9f98933f260c9','2021-06-04 09:59:37','umadmin','2021-06-04 09:59:37','umadmin','PRD_UM_AUTH_ILB','created_0','ILB',NULL,NULL,'subsystem_60b9f96d2edae48b','unit_design_60b9e110a349fd53','resource_set_60b9d908d2b2fff7',NULL,NULL,'TCP','CLB','manage_role_60b9a90898f75150','NO','');
INSERT INTO `unit` (`guid`, `create_time`, `create_user`, `update_time`, `update_user`, `key_name`, `state`, `code`, `confirm_time`, `asset_id`, `subsystem`, `unit_design`, `resource_set`, `deploy_path`, `public_key`, `protocol`, `unit_type`, `manage_role`, `white_list_type`, `security_group_asset_id`) VALUES ('unit_60b9fd000623ac5b','2021-06-04 10:14:24','umadmin','2021-06-08 04:13:37','umadmin','PRD_UM_AUTH_APP','created_0','APP',NULL,'','subsystem_60b9f96d2edae48b','unit_design_60b9e134e6c6ecd7','resource_set_60b9d908105a0b30','','','TCP','APP','manage_role_60b9a90898f75150','EGRESS','');
INSERT INTO `unit` (`guid`, `create_time`, `create_user`, `update_time`, `update_user`, `key_name`, `state`, `code`, `confirm_time`, `asset_id`, `subsystem`, `unit_design`, `resource_set`, `deploy_path`, `public_key`, `protocol`, `unit_type`, `manage_role`, `white_list_type`, `security_group_asset_id`) VALUES ('unit_60b9fe47899160b7','2021-06-04 10:19:51','umadmin','2021-06-04 10:19:51','umadmin','PRD_UM_AUTH_MYSQL','created_0','MYSQL',NULL,NULL,'subsystem_60b9f96d2edae48b','unit_design_60b9e15e4d0d62f4','resource_set_60b9d908179df27c',NULL,NULL,'TCP','MYSQL','manage_role_60b9a90898f75150','NO','');
INSERT INTO `unit` (`guid`, `create_time`, `create_user`, `update_time`, `update_user`, `key_name`, `state`, `code`, `confirm_time`, `asset_id`, `subsystem`, `unit_design`, `resource_set`, `deploy_path`, `public_key`, `protocol`, `unit_type`, `manage_role`, `white_list_type`, `security_group_asset_id`) VALUES ('unit_60b9ff0b91933368','2021-06-04 10:23:07','umadmin','2021-06-04 10:23:07','umadmin','PRD_DEMO_CORE_APP','created_0','APP',NULL,NULL,'subsystem_60b9fedd98ad6bce','unit_design_60b9e3ea3e833a35','resource_set_60b9d908105a0b30',NULL,NULL,'TCP','APP','manage_role_60b9a9088f788ecf','EGRESS','');
INSERT INTO `unit` (`guid`, `create_time`, `create_user`, `update_time`, `update_user`, `key_name`, `state`, `code`, `confirm_time`, `asset_id`, `subsystem`, `unit_design`, `resource_set`, `deploy_path`, `public_key`, `protocol`, `unit_type`, `manage_role`, `white_list_type`, `security_group_asset_id`) VALUES ('unit_60b9ff33777f4e6e','2021-06-04 10:23:47','umadmin','2021-06-04 10:23:47','umadmin','PRD_DEMO_CORE_MYSQL','created_0','MYSQL',NULL,NULL,'subsystem_60b9fedd98ad6bce','unit_design_60b9e40bdbfe05cc','resource_set_60b9d908179df27c',NULL,NULL,'TCP','MYSQL','manage_role_60b9a9088f788ecf','NO','');
INSERT INTO `unit` (`guid`, `create_time`, `create_user`, `update_time`, `update_user`, `key_name`, `state`, `code`, `confirm_time`, `asset_id`, `subsystem`, `unit_design`, `resource_set`, `deploy_path`, `public_key`, `protocol`, `unit_type`, `manage_role`, `white_list_type`, `security_group_asset_id`) VALUES ('unit_60ba01a935209abb','2021-06-04 10:34:17','umadmin','2021-06-04 10:34:30','umadmin','PRD_DEMO_PROXY_NGINX','created_0','NGINX',NULL,'','subsystem_60b9fef5d7845a86','unit_design_60b9e56f57e3cbc8','resource_set_60b9d40e7dea345c','','','TCP','NGINX','manage_role_60b9a9088f788ecf','EGRESS','');
INSERT INTO `unit` (`guid`, `create_time`, `create_user`, `update_time`, `update_user`, `key_name`, `state`, `code`, `confirm_time`, `asset_id`, `subsystem`, `unit_design`, `resource_set`, `deploy_path`, `public_key`, `protocol`, `unit_type`, `manage_role`, `white_list_type`, `security_group_asset_id`) VALUES ('unit_60ba021b777e499a','2021-06-04 10:36:11','umadmin','2021-06-04 10:36:11','umadmin','PRD_DEMO_PROXY_ELB','created_0','ELB',NULL,NULL,'subsystem_60b9fef5d7845a86','unit_design_60b9e5900bdb207c','resource_set_60b9d8ad61239c75',NULL,NULL,'TCP','CLB','manage_role_60b9a9088f788ecf','NO','');
INSERT INTO `unit` (`guid`, `create_time`, `create_user`, `update_time`, `update_user`, `key_name`, `state`, `code`, `confirm_time`, `asset_id`, `subsystem`, `unit_design`, `resource_set`, `deploy_path`, `public_key`, `protocol`, `unit_type`, `manage_role`, `white_list_type`, `security_group_asset_id`) VALUES ('unit_60ba03fa88d271a1','2021-06-04 10:44:10','umadmin','2021-06-04 10:44:10','umadmin','PRD_DEMO_CLIENT_BROWER','created_0','BROWER',NULL,NULL,'subsystem_60ba03e014307e25','unit_design_60b9e9540281a537','resource_set_60ba0362d7355e3d',NULL,NULL,'TCP','BROWER','manage_role_60b9a9088f788ecf','NO','');
/*!40000 ALTER TABLE `unit` ENABLE KEYS */;
UNLOCK TABLES;

--
-- Dumping data for table `unit$deploy_package`
--

LOCK TABLES `unit$deploy_package` WRITE;
/*!40000 ALTER TABLE `unit$deploy_package` DISABLE KEYS */;
INSERT INTO `unit$deploy_package` (`id`, `from_guid`, `to_guid`, `seq_no`, `note`) VALUES (1,'unit_60ba01a935209abb','',1,NULL);
INSERT INTO `unit$deploy_package` (`id`, `from_guid`, `to_guid`, `seq_no`, `note`) VALUES (2,'unit_60b9fd000623ac5b','deploy_package_60bee893e9f52773',1,NULL);
/*!40000 ALTER TABLE `unit$deploy_package` ENABLE KEYS */;
UNLOCK TABLES;

--
-- Dumping data for table `unit_design`
--

LOCK TABLES `unit_design` WRITE;
/*!40000 ALTER TABLE `unit_design` DISABLE KEYS */;
INSERT INTO `unit_design` (`guid`, `create_time`, `create_user`, `update_time`, `update_user`, `key_name`, `state`, `code`, `confirm_time`, `name`, `subsystem_design`, `unit_type`, `resource_set_design`, `protocol`, `white_list_type`, `artifact_path`) VALUES ('unit_design_60b9e110a349fd53','2021-06-04 08:15:12','umadmin','2021-06-04 08:24:01','umadmin','UM_AUTH_ILB','added_1','ILB','2021-06-04 08:24:01','负载均衡','subsystem_design_60b9e0ea1b56f466','CLB','resource_set_design_60b9c7e0a8e99c0d','TCP','NO',NULL);
INSERT INTO `unit_design` (`guid`, `create_time`, `create_user`, `update_time`, `update_user`, `key_name`, `state`, `code`, `confirm_time`, `name`, `subsystem_design`, `unit_type`, `resource_set_design`, `protocol`, `white_list_type`, `artifact_path`) VALUES ('unit_design_60b9e134e6c6ecd7','2021-06-04 08:15:48','umadmin','2021-06-04 08:24:01','umadmin','UM_AUTH_APP','added_1','APP','2021-06-04 08:24:01','认证应用','subsystem_design_60b9e0ea1b56f466','APP','resource_set_design_60b9c7bd06431788','TCP','EGRESS',NULL);
INSERT INTO `unit_design` (`guid`, `create_time`, `create_user`, `update_time`, `update_user`, `key_name`, `state`, `code`, `confirm_time`, `name`, `subsystem_design`, `unit_type`, `resource_set_design`, `protocol`, `white_list_type`, `artifact_path`) VALUES ('unit_design_60b9e15e4d0d62f4','2021-06-04 08:16:30','umadmin','2021-06-04 08:24:01','umadmin','UM_AUTH_MYSQL','added_1','MYSQL','2021-06-04 08:24:01','用户数据库','subsystem_design_60b9e0ea1b56f466','MYSQL','resource_set_design_60b9c809004e18d0','TCP','NO',NULL);
INSERT INTO `unit_design` (`guid`, `create_time`, `create_user`, `update_time`, `update_user`, `key_name`, `state`, `code`, `confirm_time`, `name`, `subsystem_design`, `unit_type`, `resource_set_design`, `protocol`, `white_list_type`, `artifact_path`) VALUES ('unit_design_60b9e3ea3e833a35','2021-06-04 08:27:22','umadmin','2021-06-04 08:32:05','umadmin','DEMO_CORE_APP','added_1','APP','2021-06-04 09:03:37','核心应用','subsystem_design_60b9e3cfd10ff03b','APP','resource_set_design_60b9c7bd06431788','TCP','EGRESS',NULL);
INSERT INTO `unit_design` (`guid`, `create_time`, `create_user`, `update_time`, `update_user`, `key_name`, `state`, `code`, `confirm_time`, `name`, `subsystem_design`, `unit_type`, `resource_set_design`, `protocol`, `white_list_type`, `artifact_path`) VALUES ('unit_design_60b9e40bdbfe05cc','2021-06-04 08:27:55','umadmin','2021-06-04 08:32:05','umadmin','DEMO_CORE_MYSQL','added_1','MYSQL','2021-06-04 09:03:37','核心数据库','subsystem_design_60b9e3cfd10ff03b','MYSQL','resource_set_design_60b9c809004e18d0','TCP','NO',NULL);
INSERT INTO `unit_design` (`guid`, `create_time`, `create_user`, `update_time`, `update_user`, `key_name`, `state`, `code`, `confirm_time`, `name`, `subsystem_design`, `unit_type`, `resource_set_design`, `protocol`, `white_list_type`, `artifact_path`) VALUES ('unit_design_60b9e56f57e3cbc8','2021-06-04 08:33:51','umadmin','2021-06-04 09:03:37','umadmin','DEMO_PROXY_NGINX','added_1','NGINX','2021-06-04 09:03:37','NGINX代理','subsystem_design_60b9e553a9a5e735','NGINX','resource_set_design_60b9c5002e95c475','TCP','EGRESS',NULL);
INSERT INTO `unit_design` (`guid`, `create_time`, `create_user`, `update_time`, `update_user`, `key_name`, `state`, `code`, `confirm_time`, `name`, `subsystem_design`, `unit_type`, `resource_set_design`, `protocol`, `white_list_type`, `artifact_path`) VALUES ('unit_design_60b9e5900bdb207c','2021-06-04 08:34:24','umadmin','2021-06-04 09:03:37','umadmin','DEMO_PROXY_ELB','added_1','ELB','2021-06-04 09:03:37','外网负载均衡','subsystem_design_60b9e553a9a5e735','CLB','resource_set_design_60b9c5eebfaa867f','TCP','NO',NULL);
INSERT INTO `unit_design` (`guid`, `create_time`, `create_user`, `update_time`, `update_user`, `key_name`, `state`, `code`, `confirm_time`, `name`, `subsystem_design`, `unit_type`, `resource_set_design`, `protocol`, `white_list_type`, `artifact_path`) VALUES ('unit_design_60b9e9540281a537','2021-06-04 08:50:28','umadmin','2021-06-04 09:03:37','umadmin','DEMO_CLIENT_BROWER','added_1','BROWER','2021-06-04 09:03:37','浏览器','subsystem_design_60b9e93ebd782435','BROWER','resource_set_design_60b9c880bef8524c','TCP','NO',NULL);
/*!40000 ALTER TABLE `unit_design` ENABLE KEYS */;
UNLOCK TABLES;

