-- MySQL dump 10.13  Distrib 8.0.13, for macos10.14 (x86_64)
--
-- Host: 116.62.133.237    Database: wecmdb_embedded
-- ------------------------------------------------------
-- Server version	5.6.47

/*!40101 SET @OLD_CHARACTER_SET_CLIENT=@@CHARACTER_SET_CLIENT */;
/*!40101 SET @OLD_CHARACTER_SET_RESULTS=@@CHARACTER_SET_RESULTS */;
/*!40101 SET @OLD_COLLATION_CONNECTION=@@COLLATION_CONNECTION */;
 SET NAMES utf8 ;
/*!40103 SET @OLD_TIME_ZONE=@@TIME_ZONE */;
/*!40103 SET TIME_ZONE='+00:00' */;
/*!40014 SET @OLD_UNIQUE_CHECKS=@@UNIQUE_CHECKS, UNIQUE_CHECKS=0 */;
/*!40014 SET @OLD_FOREIGN_KEY_CHECKS=@@FOREIGN_KEY_CHECKS, FOREIGN_KEY_CHECKS=0 */;
/*!40101 SET @OLD_SQL_MODE=@@SQL_MODE, SQL_MODE='NO_AUTO_VALUE_ON_ZERO' */;
/*!40111 SET @OLD_SQL_NOTES=@@SQL_NOTES, SQL_NOTES=0 */;
SET FOREIGN_KEY_CHECKS=0;
--
-- Table structure for table `adm_attr_group`
--

DROP TABLE IF EXISTS `adm_attr_group`;
/*!40101 SET @saved_cs_client     = @@character_set_client */;
 SET character_set_client = utf8mb4 ;
CREATE TABLE `adm_attr_group` (
  `id_adm_attr_group` int(11) NOT NULL AUTO_INCREMENT COMMENT 'id_adm_attr_group',
  `name` varchar(64) DEFAULT NULL COMMENT '组名',
  PRIMARY KEY (`id_adm_attr_group`)
) ENGINE=InnoDB DEFAULT CHARSET=utf8;
/*!40101 SET character_set_client = @saved_cs_client */;

--
-- Dumping data for table `adm_attr_group`
--

LOCK TABLES `adm_attr_group` WRITE;
/*!40000 ALTER TABLE `adm_attr_group` DISABLE KEYS */;
/*!40000 ALTER TABLE `adm_attr_group` ENABLE KEYS */;
UNLOCK TABLES;

--
-- Table structure for table `adm_basekey_cat`
--

DROP TABLE IF EXISTS `adm_basekey_cat`;
/*!40101 SET @saved_cs_client     = @@character_set_client */;
 SET character_set_client = utf8mb4 ;
CREATE TABLE `adm_basekey_cat` (
  `id_adm_basekey_cat` int(11) NOT NULL AUTO_INCREMENT COMMENT 'id_adm_basekey_cat',
  `cat_name` varchar(32) DEFAULT NULL COMMENT '类别名称',
  `description` varchar(255) DEFAULT NULL COMMENT '描述',
  `id_adm_role` int(11) DEFAULT NULL COMMENT 'id_adm_role',
  `id_adm_basekey_cat_type` int(11) DEFAULT NULL COMMENT '类型',
  `group_type_id` int(11) DEFAULT NULL,
  PRIMARY KEY (`id_adm_basekey_cat`),
  KEY `fk_adm_basekey_cat_adm_role_1` (`id_adm_role`),
  KEY `fk_adm_basekey_cat_type` (`id_adm_basekey_cat_type`),
  KEY `fk_adm_basekey_group_type_id` (`group_type_id`),
  CONSTRAINT `fk_adm_basekey_cat_type` FOREIGN KEY (`id_adm_basekey_cat_type`) REFERENCES `adm_basekey_cat_type` (`id_adm_basekey_cat_type`),
  CONSTRAINT `fk_adm_basekey_group_type_id` FOREIGN KEY (`group_type_id`) REFERENCES `adm_basekey_cat` (`id_adm_basekey_cat`)
) ENGINE=InnoDB AUTO_INCREMENT=22 DEFAULT CHARSET=utf8;
/*!40101 SET character_set_client = @saved_cs_client */;

--
-- Dumping data for table `adm_basekey_cat`
--

LOCK TABLES `adm_basekey_cat` WRITE;
/*!40000 ALTER TABLE `adm_basekey_cat` DISABLE KEYS */;
INSERT INTO `adm_basekey_cat` (`id_adm_basekey_cat`, `cat_name`, `description`, `id_adm_role`, `id_adm_basekey_cat_type`, `group_type_id`) VALUES (1,'ci_layer','层级',NULL,1,NULL),(2,'ci_catalog','目录',NULL,1,NULL),(3,'ci_zoom_level','Zoom',NULL,1,NULL),(4,'ci_attr_type','属性类型',NULL,1,NULL),(5,'ci_attr_enum_type','枚举类型',NULL,1,NULL),(6,'ci_attr_ref_type','引用类型',NULL,1,NULL),(7,'ci_state_design','设计类CI状态',NULL,1,NULL),(8,'ci_state_create','可创建类CI状态',NULL,1,NULL),(9,'ci_state_start_stop','可起停类CI状态',NULL,1,NULL),(10,'state_transition_operation','状态迁移操作',NULL,1,NULL),(11,'state_transition_action','状态迁移动作',NULL,1,NULL),(12,'tab_of_planning_design','规划设计CI标签',NULL,1,NULL),(13,'tab_query_of_planning_design','规划设计标签查询',NULL,1,12),(14,'tab_of_resourse_planning','资源规划CI标签',NULL,1,NULL),(15,'tab_query_of_resourse_planning','资源规划标签查询',NULL,1,14),(16,'tab_of_architecture_design','架构设计CI标签',NULL,1,NULL),(17,'tab_query_of_architecture_design','架构设计标签查询',NULL,1,16),(18,'tab_of_deploy_design','部署设计CI标签',NULL,1,NULL),(19,'tab_query_of_deploy_design','部署设计标签查询',NULL,1,18),(20,'view_config_params','视图初始化参数',NULL,1,NULL),(21,'view_ci_type_id','视图相关CI的ID',NULL,1,NULL);
/*!40000 ALTER TABLE `adm_basekey_cat` ENABLE KEYS */;
UNLOCK TABLES;

--
-- Table structure for table `adm_basekey_cat_type`
--

DROP TABLE IF EXISTS `adm_basekey_cat_type`;
/*!40101 SET @saved_cs_client     = @@character_set_client */;
 SET character_set_client = utf8mb4 ;
CREATE TABLE `adm_basekey_cat_type` (
  `id_adm_basekey_cat_type` int(11) NOT NULL AUTO_INCREMENT,
  `name` varchar(25) DEFAULT NULL,
  `description` varchar(255) DEFAULT NULL,
  `ci_type_id` int(11) DEFAULT NULL,
  `type` int(4) DEFAULT NULL,
  PRIMARY KEY (`id_adm_basekey_cat_type`),
  KEY `adm_basekey_cat_type_ci_type_1` (`ci_type_id`),
  CONSTRAINT `adm_basekey_cat_type_ci_type_1` FOREIGN KEY (`ci_type_id`) REFERENCES `adm_ci_type` (`id_adm_ci_type`)
) ENGINE=InnoDB AUTO_INCREMENT=62 DEFAULT CHARSET=utf8;
/*!40101 SET character_set_client = @saved_cs_client */;

--
-- Dumping data for table `adm_basekey_cat_type`
--

LOCK TABLES `adm_basekey_cat_type` WRITE;
/*!40000 ALTER TABLE `adm_basekey_cat_type` DISABLE KEYS */;
INSERT INTO `adm_basekey_cat_type` (`id_adm_basekey_cat_type`, `name`, `description`, `ci_type_id`, `type`) VALUES (1,'sys',NULL,NULL,1),(2,'common',NULL,NULL,2),(3,'manage_role','管理角色',1,3),(4,'unit_type','单元类型',2,3),(5,'deploy_environment','部署环境',3,3),(6,'legal_person','法人',4,3),(7,'application_domain','应用域',5,3),(8,'cloud_vendor','公有云厂家',6,3),(9,'cluster_type','集群类型',7,3),(10,'cluster_node_type','集群节点类型',8,3),(11,'resource_instance_type','资源实例类型',9,3),(12,'resource_instance_spec','资源实例规格',10,3),(13,'resource_instance_system','资源实例系统',11,3),(14,'data_center_design','数据中心设计',12,3),(15,'network_segment_design','网段设计',13,3),(16,'network_zone_design','网络区域设计',14,3),(17,'default_security_policy_d','默认安全策略设计',15,3),(18,'network_zone_link_design','网络区域连接设计',16,3),(20,'business_zone_design','业务区域设计',18,3),(21,'resource_set_design','资源集合设计',19,3),(22,'resource_set_route_design','资源集合路由设计',20,3),(23,'resource_set_invoke_desig','资源集合调用设计',21,3),(24,'data_center','数据中心',22,3),(25,'network_segment','网段',23,3),(26,'network_zone','网络区域',24,3),(27,'default_security_policy','默认安全策略',25,3),(28,'network_zone_link','网络区域连接',26,3),(30,'business_zone','业务区域',28,3),(31,'resource_set','资源集合',29,3),(32,'resource_set_route','资源集合路由',30,3),(33,'ip_address','IP地址',31,3),(34,'host_resource_instance','主机资源实例',32,3),(35,'rdb_resource_instance','数据库资源实例',33,3),(36,'cache_resource_instance','缓存资源实例',34,3),(37,'lb_resource_instance','负载均衡资源实例',35,3),(38,'block_storage','块存储',36,3),(39,'app_system_design','应用系统设计',37,3),(40,'subsys_design','子系统设计',38,3),(41,'unit_design','单元设计',39,3),(42,'invoke_design','调用设计',40,3),(43,'service_design','服务设计',41,3),(44,'service_invoke_design','服务调用设计',42,3),(45,'service_invoke_seq_design','服务调用时序设计',43,3),(46,'diff_configuration','差异化变量',44,3),(47,'deploy_package','部署物料包',45,3),(48,'app_system','应用系统',46,3),(49,'subsys','子系统',47,3),(50,'unit','单元',48,3),(51,'invoke','调用',49,3),(52,'app_instance','应用实例',50,3),(53,'rdb_instance','数据库实例',51,3),(54,'cache_instance','缓存实例',52,3),(55,'lb_instance','负载均衡实例',53,3),(56,'network_link_type','网络连接类型',54,3),(59,'storage_type','存储类型',62,3),(60,'charge_type','计费模式',63,3),(61,'静态差异化值',NULL,64,3);
/*!40000 ALTER TABLE `adm_basekey_cat_type` ENABLE KEYS */;
UNLOCK TABLES;

--
-- Table structure for table `adm_basekey_code`
--

DROP TABLE IF EXISTS `adm_basekey_code`;
/*!40101 SET @saved_cs_client     = @@character_set_client */;
 SET character_set_client = utf8mb4 ;
CREATE TABLE `adm_basekey_code` (
  `id_adm_basekey` int(11) NOT NULL AUTO_INCREMENT COMMENT 'id_adm_basekey',
  `id_adm_basekey_cat` int(11) DEFAULT NULL COMMENT 'id_adm_basekey_cat',
  `code` varchar(255) DEFAULT NULL COMMENT 'key',
  `value` varchar(2000) DEFAULT NULL COMMENT 'name',
  `group_code_id` int(11) DEFAULT NULL COMMENT 'the group code it belong to',
  `code_description` varchar(255) DEFAULT NULL COMMENT '编码描述',
  `seq_no` int(11) DEFAULT NULL COMMENT '排序序号',
  `status` varchar(20) DEFAULT 'active' COMMENT '枚举状态',
  PRIMARY KEY (`id_adm_basekey`),
  KEY `fk_adm_basekey_code_adm_basekey_cat_1` (`id_adm_basekey_cat`),
  KEY `fk_adm_basekey_code_group_code_id` (`group_code_id`),
  CONSTRAINT `fk_adm_basekey_code_adm_basekey_cat_1` FOREIGN KEY (`id_adm_basekey_cat`) REFERENCES `adm_basekey_cat` (`id_adm_basekey_cat`),
  CONSTRAINT `fk_adm_basekey_code_group_code_id` FOREIGN KEY (`group_code_id`) REFERENCES `adm_basekey_code` (`id_adm_basekey`)
) ENGINE=InnoDB AUTO_INCREMENT=185 DEFAULT CHARSET=utf8;
/*!40101 SET character_set_client = @saved_cs_client */;

--
-- Dumping data for table `adm_basekey_code`
--

LOCK TABLES `adm_basekey_code` WRITE;
/*!40000 ALTER TABLE `adm_basekey_code` DISABLE KEYS */;
INSERT INTO `adm_basekey_code` (`id_adm_basekey`, `id_adm_basekey_cat`, `code`, `value`, `group_code_id`, `code_description`, `seq_no`, `status`) VALUES (1,1,'app_architecture_layer','应用架构层',NULL,'应用架构层',1,'active'),(2,1,'app_develop_layer','应用开发层',NULL,'应用开发层',2,'active'),(3,1,'app_deploy_layer','应用部署层',NULL,'应用部署层',3,'active'),(5,1,'res_planning_layer','资源规划层',NULL,'资源规划层',5,'active'),(6,1,'res_architecture_layer','资源架构层',NULL,'资源架构层',6,'active'),(7,2,'app_architecture_layer','应用架构层',NULL,'应用架构层',1,'active'),(8,2,'app_develop_layer','应用开发层',NULL,'应用开发层',2,'active'),(9,2,'app_deploy_layer','应用部署层',NULL,'应用部署层',3,'active'),(10,2,'res_instance_layer','资源实例层',NULL,'资源实例层',4,'active'),(11,2,'res_planning_layer','资源规划层',NULL,'资源规划层',5,'active'),(12,2,'res_architecture_layer','资源架构层',NULL,'资源架构层',6,'active'),(13,3,'1','常规图层',NULL,'常规图层',1,'active'),(14,3,'2','网络图层',NULL,'网络图层',2,'active'),(15,3,'3','基础图层',NULL,'基础图层',3,'active'),(16,4,'text','文本',NULL,'文本',1,'active'),(17,4,'area','文本域',NULL,'文本域',2,'active'),(18,4,'number','整型数字',NULL,'整型数字',3,'active'),(19,4,'regular_text','正则校验文本',NULL,'正则校验文本',4,'inactive'),(20,4,'datetime','时间',NULL,'时间',5,'active'),(21,4,'select','下拉选择',NULL,'下拉选择',6,'active'),(22,4,'multi_enum','多选下拉选择',NULL,'多选下拉选择',7,'active'),(23,4,'ref','引用',NULL,'引用',8,'active'),(24,4,'multi_ref','多选引用',NULL,'多选引用',9,'active'),(25,4,'password','密码',NULL,'密码',10,'active'),(26,4,'预留3','预留3',NULL,'预留3',11,'inactive'),(27,5,'common','公共枚举',NULL,'公共枚举',1,'active'),(28,5,'private','私有枚举',NULL,'私有枚举',2,'active'),(29,6,'belong','属于',NULL,'属于',1,'active'),(30,6,'use','使用',NULL,'使用',2,'active'),(31,6,'depend','依赖',NULL,'依赖',3,'active'),(32,6,'relation','关联',NULL,'关联',4,'active'),(33,6,'realize','实现',NULL,'实现',5,'active'),(34,7,'new','新增',NULL,NULL,1,'active'),(35,7,'update','更新',NULL,NULL,2,'active'),(36,7,'deleted','删除',NULL,NULL,3,'active'),(37,8,'created','创建',NULL,NULL,6,'active'),(38,8,'changed','变更',NULL,NULL,7,'active'),(39,8,'destroyed','销毁',NULL,NULL,8,'active'),(40,9,'created','创建',NULL,NULL,1,'active'),(41,9,'startup','启动',NULL,NULL,2,'active'),(42,9,'changed','变更',NULL,NULL,3,'active'),(43,9,'stoped','停止',NULL,NULL,4,'active'),(44,9,'destroyed','销毁',NULL,NULL,5,'active'),(45,10,'insert','添加',NULL,NULL,1,'active'),(46,10,'update','更新',NULL,NULL,2,'active'),(47,10,'discard','放弃',NULL,NULL,3,'active'),(48,10,'delete','删除',NULL,NULL,4,'active'),(49,10,'confirm','确认',NULL,NULL,5,'active'),(50,10,'startup','启动',NULL,NULL,6,'active'),(51,10,'stop','停止',NULL,NULL,7,'active'),(52,11,'insert','插入',NULL,NULL,1,'active'),(53,11,'insert-update','插入-更新',NULL,NULL,2,'active'),(54,11,'delete','删除',NULL,NULL,3,'active'),(55,11,'update-delete','更新-删除',NULL,NULL,4,'active'),(56,11,'update','更新',NULL,NULL,5,'active'),(57,11,'confirm','确认',NULL,NULL,6,'active'),(58,20,'idcPlanningLinkFrom','network_segment_design_1',NULL,NULL,1,'active'),(59,20,'idcPlanningLinkTo','network_segment_design_2',NULL,NULL,2,'active'),(60,20,'idcPlanningLayer','network_zone_layer',NULL,NULL,3,'active'),(61,20,'idcPlanningNetworkSegmentDesign','network_segment_design',NULL,NULL,4,'active'),(62,20,'resourcePlaningRegionalDataCenter','regional_data_center',NULL,NULL,5,'active'),(63,20,'resourcePlaningNetworkSegmentDesign','network_segment',NULL,NULL,6,'active'),(64,20,'resourcePlaningDataCenter','data_center',NULL,NULL,7,'active'),(65,20,'resourcePlaningVpcNetworkZone','vpc_network_zone',NULL,NULL,8,'active'),(66,20,'resourcePlaningLinkFrom','network_segment_1',NULL,NULL,9,'active'),(67,20,'resourcePlaningLinkTo','network_segment_2',NULL,NULL,10,'active'),(68,20,'appArchitectureDesignServiceDesign','service_design',NULL,NULL,11,'active'),(69,20,'appArchitectureDesignServiceType','service_type',NULL,NULL,12,'active'),(70,20,'appArchitectureDesignServiceInvokeDesignSequence','service_invoke_design_sequence',NULL,NULL,13,'active'),(71,20,'appArchitectureDesignInvokeDiagramLinkFrom','invoke_unit_design',NULL,NULL,14,'active'),(72,20,'appArchitectureDesignInvokeDiagramLinkTo','invoked_unit_design',NULL,NULL,15,'active'),(73,20,'appDeploymentDesignResourceInstance','resource_instance',NULL,NULL,16,'active'),(74,20,'appDeploymentDesignInvokeUnit','invoke_unit',NULL,NULL,17,'active'),(75,20,'appDeploymentDesignInvokedUnit','invoked_unit',NULL,NULL,18,'active'),(77,20,'appArchitectureDesignSyetemDesign','app_system_design',NULL,NULL,19,'active'),(78,20,'appArchitectureDesignInvokeDesign','invoke_design',NULL,NULL,20,'active'),(79,20,'appArchitectureDesignUnitDesignId','39',NULL,NULL,21,'active'),(80,20,'appArchitectureDesignInvokeDesignId','40',NULL,NULL,22,'active'),(81,20,'appArchitectureDesignServiceInvokeDesignId','42',NULL,NULL,23,'active'),(83,20,'appArchitectureDesignInvokeSequenceId','43',NULL,NULL,24,'active'),(89,19,'guid_of_deploy_detail','[{\"ciTypeId\": 47},{ \"ciTypeId\": 38, \"parentRs\": { \"attrId\": 870, \"isReferedFromParent\": 1}},{ \"ciTypeId\": 37,\"parentRs\": { \"attrId\": 709,\"isReferedFromParent\": 1}}]',NULL,NULL,8,'active'),(90,21,'ciTypeIdOfSystemDesign','37',NULL,NULL,NULL,'active'),(91,21,'ciTypeIdOfSubsystemDesign','38',NULL,NULL,NULL,'active'),(92,21,'ciTypeIdOfUnitDesign','39',NULL,NULL,NULL,'active'),(93,21,'ciTypeIdOfUnit','48',NULL,NULL,NULL,'active'),(94,21,'ciTypeIdOfSubsys','47',NULL,NULL,NULL,'active'),(95,21,'ciTypeIdOfSystem','46',NULL,NULL,NULL,'active'),(96,21,'ciTypeIdOfHost','32',NULL,NULL,NULL,'active'),(97,21,'ciTypeIdOfInstance','50',NULL,NULL,NULL,'active'),(98,21,'ciTypeIdOfIdc','22',NULL,NULL,NULL,'active'),(99,21,'ciTypeIdOfZone','24',NULL,NULL,NULL,'active'),(100,21,'ciTypeIdOfZoneLink','26',NULL,NULL,NULL,'active'),(101,21,'ciTypeIdOfIdcDesign','12',NULL,NULL,NULL,'active'),(102,21,'ciTypeIdOfZoneDesign','14',NULL,NULL,NULL,'active'),(103,21,'ciTypeIdOfZoneLinkDesign','16',NULL,NULL,NULL,'active'),(104,12,'13','网段设计',NULL,NULL,1,'active'),(105,12,'14','网络区域设计',NULL,NULL,2,'active'),(106,12,'15','默认安全策略设计',NULL,NULL,3,'active'),(107,12,'16','网络连接设计',NULL,NULL,4,'active'),(111,12,'20','路由设计',NULL,NULL,5,'active'),(113,12,'19','资源集合设计',NULL,NULL,7,'active'),(114,12,'21','资源集合调用设计',NULL,NULL,8,'active'),(115,13,'network_segment_design','[{\"ciTypeId\":13},{\"ciTypeId\":12,\"parentRs\":{\"attrId\":193,\"isReferedFromParent\":1}}]',104,NULL,1,'active'),(116,13,'network_zone_design','[{\"ciTypeId\":14},{\"ciTypeId\":12,\"parentRs\":{\"attrId\":209,\"isReferedFromParent\":1}}]',105,NULL,2,'active'),(117,13,'default_security_policy_design','[{\"ciTypeId\":15},{\"ciTypeId\":13,\"parentRs\":{\"attrId\":225,\"isReferedFromParent\":1}},{\"ciTypeId\":12,\"parentRs\":{\"attrId\":193,\"isReferedFromParent\":1}}]',106,NULL,3,'active'),(118,13,'network_link_design','[{\"ciTypeId\":16},{\"ciTypeId\":13,\"parentRs\":{\"attrId\":245,\"isReferedFromParent\":1}},{\"ciTypeId\":12,\"parentRs\":{\"attrId\":193,\"isReferedFromParent\":1}}]',107,NULL,4,'active'),(119,13,'route_design','[{\"ciTypeId\":20},{\"ciTypeId\":13,\"parentRs\":{\"attrId\":308,\"isReferedFromParent\":1}},{\"ciTypeId\":12,\"parentRs\":{\"attrId\":193,\"isReferedFromParent\":1}}]',111,NULL,5,'active'),(121,13,'resource_set_design','[{\"ciTypeId\":19},{\"ciTypeId\":14,\"parentRs\":{\"attrId\":1134,\"isReferedFromParent\":1}},{\"ciTypeId\":12,\"parentRs\":{\"attrId\":209,\"isReferedFromParent\":1}}]',113,NULL,7,'active'),(122,13,'resource_set_invoke_design','[{\"ciTypeId\":21},{\"ciTypeId\":19,\"parentRs\":{\"attrId\":324,\"isReferedFromParent\":1}},{\"ciTypeId\":14,\"parentRs\":{\"attrId\":1134,\"isReferedFromParent\":1}},{\"ciTypeId\":12,\"parentRs\":{\"attrId\":209,\"isReferedFromParent\":1}}]',114,NULL,8,'active'),(123,14,'23','网段',NULL,NULL,1,'active'),(124,14,'24','网络区域',NULL,NULL,2,'active'),(125,14,'25','默认安全策略',NULL,NULL,3,'active'),(126,14,'26','网络连接',NULL,NULL,4,'active'),(127,14,'30','路由',NULL,NULL,5,'active'),(129,14,'29','资源集合',NULL,NULL,7,'active'),(130,14,'31','IP地址',NULL,NULL,8,'active'),(131,15,'network_segment','[{\"ciTypeId\":23},{\"ciTypeId\":22,\"parentRs\":{\"attrId\":361,\"isReferedFromParent\":1}}]',123,NULL,1,'active'),(132,15,'network_zone','[{\"ciTypeId\":24},{\"ciTypeId\":22,\"parentRs\":{\"attrId\":383,\"isReferedFromParent\":1}}]',124,NULL,2,'active'),(133,15,'default_security_policy','[{\"ciTypeId\":25},{\"ciTypeId\":23,\"parentRs\":{\"attrId\":403,\"isReferedFromParent\":1}},{\"ciTypeId\":22,\"parentRs\":{\"attrId\":361,\"isReferedFromParent\":1}}]',125,NULL,3,'active'),(134,15,'network_link','[{\"ciTypeId\":26},{\"ciTypeId\":23,\"parentRs\":{\"attrId\":424,\"isReferedFromParent\":1}},{\"ciTypeId\":22,\"parentRs\":{\"attrId\":361,\"isReferedFromParent\":1}}]',126,NULL,4,'active'),(135,15,'route','[{\"ciTypeId\":30},{\"ciTypeId\":23,\"parentRs\":{\"attrId\":505,\"isReferedFromParent\":1}},{\"ciTypeId\":22,\"parentRs\":{\"attrId\":361,\"isReferedFromParent\":1}}]',127,NULL,5,'active'),(137,15,'resource_set','[{\"ciTypeId\":29},{\"ciTypeId\":24,\"parentRs\":{\"attrId\":1136,\"isReferedFromParent\":1}},{\"ciTypeId\":22,\"parentRs\":{\"attrId\":383,\"isReferedFromParent\":1}}]',129,NULL,7,'active'),(138,15,'ip_address','[{\"ciTypeId\":31},{\"ciTypeId\":23,\"parentRs\":{\"attrId\":522,\"isReferedFromParent\":1}},{\"ciTypeId\":22,\"parentRs\":{\"attrId\":361,\"isReferedFromParent\":1}}]',130,NULL,8,'active'),(139,14,'32','主机资源实例',NULL,NULL,9,'active'),(140,14,'33','数据库资源实例',NULL,NULL,10,'active'),(141,14,'34','缓存资源实例',NULL,NULL,11,'active'),(142,14,'35','负载均衡资源实例',NULL,NULL,12,'active'),(143,14,'36','块存储',NULL,NULL,13,'active'),(144,15,'host_resource_instance','[{\"ciTypeId\":32},{\"ciTypeId\":29,\"parentRs\":{\"attrId\":538,\"isReferedFromParent\":1}},{\"ciTypeId\":24,\"parentRs\":{\"attrId\":1136,\"isReferedFromParent\":1}},{\"ciTypeId\":22,\"parentRs\":{\"attrId\":383,\"isReferedFromParent\":1}}]',139,NULL,9,'active'),(145,15,'rdb_resource_instance','[{\"ciTypeId\":33},{\"ciTypeId\":29,\"parentRs\":{\"attrId\":573,\"isReferedFromParent\":1}},{\"ciTypeId\":24,\"parentRs\":{\"attrId\":1136,\"isReferedFromParent\":1}},{\"ciTypeId\":22,\"parentRs\":{\"attrId\":383,\"isReferedFromParent\":1}}]',140,NULL,10,'active'),(146,15,'cache_resource_instance','[{\"ciTypeId\":34},{\"ciTypeId\":29,\"parentRs\":{\"attrId\":608,\"isReferedFromParent\":1}},{\"ciTypeId\":24,\"parentRs\":{\"attrId\":1136,\"isReferedFromParent\":1}},{\"ciTypeId\":22,\"parentRs\":{\"attrId\":383,\"isReferedFromParent\":1}}]',141,NULL,11,'active'),(147,15,'lb_resource_instance','[{\"ciTypeId\":35},{\"ciTypeId\":29,\"parentRs\":{\"attrId\":643,\"isReferedFromParent\":1}},{\"ciTypeId\":24,\"parentRs\":{\"attrId\":1136,\"isReferedFromParent\":1}},{\"ciTypeId\":22,\"parentRs\":{\"attrId\":383,\"isReferedFromParent\":1}}]',142,NULL,12,'active'),(148,15,'block_storage','[{\"ciTypeId\":36},{\"ciTypeId\":32,\"parentRs\":{\"attrId\":669,\"isReferedFromParent\":1}},{\"ciTypeId\":29,\"parentRs\":{\"attrId\":538,\"isReferedFromParent\":1}},{\"ciTypeId\":24,\"parentRs\":{\"attrId\":1136,\"isReferedFromParent\":1}},{\"ciTypeId\":22,\"parentRs\":{\"attrId\":383,\"isReferedFromParent\":1}}]',143,NULL,13,'active'),(149,16,'38','子系统设计',NULL,NULL,1,'active'),(150,16,'39','单元设计',NULL,NULL,2,'active'),(151,16,'40','调用设计',NULL,NULL,3,'active'),(152,16,'41','服务设计',NULL,NULL,4,'active'),(153,16,'42','服务调用设计',NULL,NULL,5,'active'),(154,16,'43','服务调用时序设计',NULL,NULL,6,'active'),(155,17,'subsys_design','[{\"ciTypeId\":38},{\"ciTypeId\":37,\"parentRs\":{\"attrId\":709,\"isReferedFromParent\":1}}]',149,NULL,1,'active'),(156,17,'unit_design','[{\"ciTypeId\":39},{\"ciTypeId\":38,\"parentRs\":{\"attrId\":726,\"isReferedFromParent\":1}},{\"ciTypeId\":37,\"parentRs\":{\"attrId\":709,\"isReferedFromParent\":1}}]',150,NULL,2,'active'),(157,17,'invoke_design','[{\"ciTypeId\":40},{\"ciTypeId\":39,\"parentRs\":{\"attrId\":745,\"isReferedFromParent\":1}},{\"ciTypeId\":38,\"parentRs\":{\"attrId\":726,\"isReferedFromParent\":1}},{\"ciTypeId\":37,\"parentRs\":{\"attrId\":709,\"isReferedFromParent\":1}}]',151,NULL,3,'active'),(158,17,'service_design','[{\"ciTypeId\":41},{\"ciTypeId\":39,\"parentRs\":{\"attrId\":762,\"isReferedFromParent\":1}},{\"ciTypeId\":38,\"parentRs\":{\"attrId\":726,\"isReferedFromParent\":1}},{\"ciTypeId\":37,\"parentRs\":{\"attrId\":709,\"isReferedFromParent\":1}}]',152,NULL,4,'active'),(159,17,'service_invoke_design','[{\"ciTypeId\":42},{\"ciTypeId\":39,\"parentRs\":{\"attrId\":780,\"isReferedFromParent\":1}},{\"ciTypeId\":38,\"parentRs\":{\"attrId\":726,\"isReferedFromParent\":1}},{\"ciTypeId\":37,\"parentRs\":{\"attrId\":709,\"isReferedFromParent\":1}}]',153,NULL,5,'active'),(160,17,'service_invoke_seq_design','[{\"ciTypeId\":42},{\"ciTypeId\":37,\"parentRs\":{\"attrId\":796,\"isReferedFromParent\":1}}]',154,NULL,6,'active'),(161,18,'47','子系统',NULL,NULL,1,'active'),(162,18,'48','单元',NULL,NULL,2,'active'),(163,18,'49','调用',NULL,NULL,3,'active'),(164,18,'50','应用实例',NULL,NULL,4,'active'),(165,18,'51','数据库实例',NULL,NULL,5,'active'),(166,18,'52','缓存实例',NULL,NULL,6,'active'),(167,18,'53','负载均衡实例',NULL,NULL,7,'active'),(168,19,'subsys','[{\"ciTypeId\":47},{\"ciTypeId\":46,\"parentRs\":{\"attrId\":869,\"isReferedFromParent\":1}}]',161,NULL,9,'active'),(169,19,'unit','[{\"ciTypeId\":48},{\"ciTypeId\":47,\"parentRs\":{\"attrId\":886,\"isReferedFromParent\":1}},{\"ciTypeId\":46,\"parentRs\":{\"attrId\":869,\"isReferedFromParent\":1}}]',162,NULL,10,'active'),(170,19,'invoke','[{\"ciTypeId\":49},{\"ciTypeId\":48,\"parentRs\":{\"attrId\":908,\"isReferedFromParent\":1}},{\"ciTypeId\":47,\"parentRs\":{\"attrId\":886,\"isReferedFromParent\":1}},{\"ciTypeId\":46,\"parentRs\":{\"attrId\":869,\"isReferedFromParent\":1}}]',163,NULL,11,'active'),(171,19,'app_instance','[{\"ciTypeId\":50},{\"ciTypeId\":48,\"parentRs\":{\"attrId\":926,\"isReferedFromParent\":1}},{\"ciTypeId\":47,\"parentRs\":{\"attrId\":886,\"isReferedFromParent\":1}},{\"ciTypeId\":46,\"parentRs\":{\"attrId\":869,\"isReferedFromParent\":1}}]',164,NULL,12,'active'),(172,19,'rdb_instance','[{\"ciTypeId\":51},{\"ciTypeId\":48,\"parentRs\":{\"attrId\":956,\"isReferedFromParent\":1}},{\"ciTypeId\":47,\"parentRs\":{\"attrId\":886,\"isReferedFromParent\":1}},{\"ciTypeId\":46,\"parentRs\":{\"attrId\":869,\"isReferedFromParent\":1}}]',165,NULL,13,'active'),(173,19,'cache_instance','[{\"ciTypeId\":52},{\"ciTypeId\":48,\"parentRs\":{\"attrId\":984,\"isReferedFromParent\":1}},{\"ciTypeId\":47,\"parentRs\":{\"attrId\":886,\"isReferedFromParent\":1}},{\"ciTypeId\":46,\"parentRs\":{\"attrId\":869,\"isReferedFromParent\":1}}]',166,NULL,14,'active'),(174,19,'lb_instance','[{\"ciTypeId\":53},{\"ciTypeId\":48,\"parentRs\":{\"attrId\":1003,\"isReferedFromParent\":1}},{\"ciTypeId\":47,\"parentRs\":{\"attrId\":886,\"isReferedFromParent\":1}},{\"ciTypeId\":46,\"parentRs\":{\"attrId\":869,\"isReferedFromParent\":1}}]',167,NULL,15,'active'),(175,20,'appDeploymentDesignUnitId','48',NULL,NULL,25,'active'),(176,20,'appDeploymentDesignInvokeId','49',NULL,NULL,26,'active'),(177,20,'appDeploymentDesignBusinessAppInstanceId','50,51,52,53',NULL,NULL,27,'active'),(178,20,'resourcePlaningLinkId','26',NULL,NULL,28,'active'),(179,20,'idcPlanningLinkId','16',NULL,NULL,29,'active'),(180,20,'appArchitectureDesignInvokeType','invoke_type',NULL,NULL,30,'active'),(181,20,'resourcePlaningRouterCode','30',NULL,NULL,31,'active'),(182,20,'idcPlaningRouterDesignCode','20',NULL,NULL,32,'active'),(183,20,'defaultSecurityPolicyCode','25',NULL,NULL,33,'active'),(184,20,'defaultSecurityPolicyDesignCode','15',NULL,NULL,34,'active');
/*!40000 ALTER TABLE `adm_basekey_code` ENABLE KEYS */;
UNLOCK TABLES;

--
-- Table structure for table `adm_ci_type`
--

DROP TABLE IF EXISTS `adm_ci_type`;
/*!40101 SET @saved_cs_client     = @@character_set_client */;
 SET character_set_client = utf8mb4 ;
CREATE TABLE `adm_ci_type` (
  `id_adm_ci_type` int(4) NOT NULL AUTO_INCREMENT COMMENT 'id_adm_ci_type',
  `name` varchar(32) DEFAULT NULL COMMENT 'ci类型中文名称',
  `image_file_id` int(11) DEFAULT NULL,
  `description` varchar(255) DEFAULT NULL COMMENT '描述',
  `id_adm_tenement` int(11) DEFAULT NULL COMMENT 'id_adm_tenement',
  `table_name` varchar(64) NOT NULL COMMENT '真实表名',
  `status` varchar(20) DEFAULT 'notCreated' COMMENT '表状态',
  `catalog_id` int(11) DEFAULT NULL COMMENT 'ci大类类别',
  `ci_global_unique_id` int(11) DEFAULT NULL,
  `seq_no` int(11) NOT NULL DEFAULT '0' COMMENT '序列号',
  `layer_id` int(11) DEFAULT NULL,
  `zoom_level_id` int(11) DEFAULT NULL,
  `ci_state_type` int(11) DEFAULT NULL,
  PRIMARY KEY (`id_adm_ci_type`),
  UNIQUE KEY `tableNameIndex` (`table_name`),
  KEY `fk_adm_ci_type_adm_ci_type_1` (`catalog_id`)
) ENGINE=InnoDB AUTO_INCREMENT=65 DEFAULT CHARSET=utf8;
/*!40101 SET character_set_client = @saved_cs_client */;

--
-- Dumping data for table `adm_ci_type`
--

LOCK TABLES `adm_ci_type` WRITE;
/*!40000 ALTER TABLE `adm_ci_type` DISABLE KEYS */;
INSERT INTO `adm_ci_type` (`id_adm_ci_type`, `name`, `image_file_id`, `description`, `id_adm_tenement`, `table_name`, `status`, `catalog_id`, `ci_global_unique_id`, `seq_no`, `layer_id`, `zoom_level_id`, `ci_state_type`) VALUES (1,'管理角色',1,'管理角色',NULL,'manage_role','created',7,NULL,1,1,15,NULL),(2,'单元类型',1,'单元类型',NULL,'unit_type','created',7,NULL,2,1,15,NULL),(3,'部署环境',1,'部署环境',NULL,'deploy_environment','created',9,NULL,1,3,15,NULL),(4,'法人',1,'法人',NULL,'legal_person','created',9,NULL,2,3,15,NULL),(5,'应用域',1,'应用域',NULL,'application_domain','created',12,NULL,1,6,15,NULL),(6,'云厂商',1,'公有云厂家',NULL,'cloud_vendor','created',11,NULL,1,5,15,NULL),(7,'集群类型',1,'集群类型',NULL,'cluster_type','created',11,NULL,2,5,15,NULL),(8,'集群节点类型',1,'集群节点类型',NULL,'cluster_node_type','created',10,NULL,1,5,15,NULL),(9,'资源实例类型',1,'资源实例类型',NULL,'resource_instance_type','created',10,NULL,2,5,15,NULL),(10,'资源实例规格',1,'资源实例规格',NULL,'resource_instance_spec','created',10,NULL,3,5,15,NULL),(11,'资源实例系统',1,'资源实例系统',NULL,'resource_instance_system','created',10,NULL,4,5,15,NULL),(12,'数据中心设计',22,'数据中心设计',NULL,'data_center_design','created',12,NULL,2,6,13,NULL),(13,'网段设计',21,'网段设计',NULL,'network_segment_design','created',12,NULL,3,6,14,NULL),(14,'网络区域设计',23,'网络区域设计',NULL,'network_zone_design','created',12,NULL,4,6,13,NULL),(15,'默认安全策略设计',15,'默认安全策略设计',NULL,'default_security_policy_design','created',12,NULL,5,6,14,NULL),(16,'网络连接设计',24,'网络连接设计',NULL,'network_link_design','created',12,NULL,6,6,14,NULL),(18,'业务区域设计',25,'业务区域设计',NULL,'business_zone_design','created',12,NULL,8,6,15,NULL),(19,'资源集合设计',26,'资源集合设计',NULL,'resource_set_design','created',12,NULL,9,6,13,NULL),(20,'路由设计',10,'路由设计',NULL,'route_design','created',12,NULL,10,6,14,NULL),(21,'资源集合调用设计',15,'资源集合调用设计',NULL,'resource_set_invoke_design','created',12,NULL,11,6,13,NULL),(22,'数据中心',16,'数据中心',NULL,'data_center','created',11,NULL,3,5,13,NULL),(23,'网段',21,'网段',NULL,'network_segment','created',11,NULL,4,5,14,NULL),(24,'网络区域',17,'网络区域',NULL,'network_zone','created',11,NULL,5,5,13,NULL),(25,'默认安全策略',15,'默认安全策略',NULL,'default_security_policy','created',11,NULL,6,5,14,NULL),(26,'网络连接',18,'网络连接',NULL,'network_link','created',11,NULL,7,5,14,NULL),(28,'业务区域',19,'业务区域',NULL,'business_zone','created',11,NULL,9,5,15,NULL),(29,'资源集合',20,'资源集合',NULL,'resource_set','created',11,NULL,10,5,13,NULL),(30,'路由',10,'路由',NULL,'route','created',11,NULL,11,5,14,NULL),(31,'IP地址',14,'IP地址',NULL,'ip_address','created',10,NULL,5,5,14,NULL),(32,'主机资源实例',83,'主机资源实例',NULL,'host_resource_instance','created',10,NULL,6,5,13,NULL),(33,'数据库资源实例',80,'数据库资源实例',NULL,'rdb_resource_instance','created',10,NULL,7,5,13,NULL),(34,'缓存资源实例',84,'缓存资源实例',NULL,'cache_resource_instance','created',10,NULL,8,5,13,NULL),(35,'负载均衡资源实例',79,'负载均衡资源实例',NULL,'lb_resource_instance','created',10,NULL,9,5,13,NULL),(36,'块存储',86,'块存储',NULL,'block_storage','created',10,NULL,10,5,13,NULL),(37,'应用系统设计',1,'应用系统设计',NULL,'app_system_design','created',7,NULL,3,1,13,NULL),(38,'子系统设计',2,'子系统设计',NULL,'subsys_design','created',7,NULL,4,1,13,NULL),(39,'单元设计',3,'单元设计',NULL,'unit_design','created',7,NULL,5,1,13,NULL),(40,'调用设计',5,'调用设计',NULL,'invoke_design','created',7,NULL,6,1,13,NULL),(41,'服务设计',4,'服务设计',NULL,'service_design','created',7,NULL,7,1,13,NULL),(42,'服务调用设计',9,'服务调用设计',NULL,'service_invoke_design','created',7,NULL,8,1,13,NULL),(43,'服务调用时序设计',6,'服务调用时序设计',NULL,'service_invoke_seq_design','created',7,NULL,9,1,13,NULL),(44,'差异化配置',73,'差异化变量',NULL,'diff_configuration','created',8,NULL,2,2,13,NULL),(45,'部署物料包',72,'部署物料包',NULL,'deploy_package','created',8,NULL,1,2,13,NULL),(46,'应用系统',1,'应用系统',NULL,'app_system','created',9,NULL,3,3,13,NULL),(47,'子系统',7,'子系统',NULL,'subsys','created',9,NULL,4,3,13,NULL),(48,'单元',8,'单元',NULL,'unit','created',9,NULL,5,3,13,NULL),(49,'调用',10,'调用',NULL,'invoke','created',9,NULL,6,3,13,NULL),(50,'应用实例',75,'应用实例',NULL,'app_instance','created',9,NULL,7,3,13,NULL),(51,'数据库实例',81,'数据库实例',NULL,'rdb_instance','created',9,NULL,8,3,13,NULL),(52,'缓存实例',85,'缓存实例',NULL,'cache_instance','created',9,NULL,9,3,13,NULL),(53,'负载均衡实例',78,'负载均衡实例',NULL,'lb_instance','created',9,NULL,10,3,13,NULL),(54,'网络连接类型',1,'网络连接类型',NULL,'network_link_type','created',NULL,NULL,1,5,15,NULL),(62,'存储类型',13,'存储类型',NULL,'storage_type','created',NULL,NULL,2,5,15,NULL),(63,'计费模式',19,'计费模式',NULL,'charge_type','created',NULL,NULL,3,5,15,NULL),(64,'静态差异化值',87,'静态差异化值',NULL,'static_diff_conf_value','created',NULL,NULL,4,2,13,NULL);
/*!40000 ALTER TABLE `adm_ci_type` ENABLE KEYS */;
UNLOCK TABLES;

--
-- Table structure for table `adm_ci_type_attr`
--

DROP TABLE IF EXISTS `adm_ci_type_attr`;
/*!40101 SET @saved_cs_client     = @@character_set_client */;
 SET character_set_client = utf8mb4 ;
CREATE TABLE `adm_ci_type_attr` (
  `id_adm_ci_type_attr` int(11) NOT NULL AUTO_INCREMENT COMMENT 'id_adm_ci_type_attr',
  `id_adm_ci_type` int(4) NOT NULL COMMENT 'id_adm_ci_type',
  `name` varchar(64) NOT NULL COMMENT 'CI类型属性中文名',
  `description` varchar(255) DEFAULT NULL COMMENT '描述',
  `input_type` varchar(32) NOT NULL COMMENT '输入类型',
  `property_name` varchar(64) NOT NULL COMMENT '属性真实列名',
  `property_type` varchar(32) NOT NULL COMMENT '属性真实类型',
  `length` int(32) DEFAULT '1' COMMENT '长度',
  `reference_id` int(11) DEFAULT NULL COMMENT '引用ID',
  `reference_name` varchar(64) DEFAULT NULL COMMENT '引用命名',
  `reference_type` int(4) DEFAULT NULL COMMENT '引用类型',
  `filter_rule` varchar(4000) DEFAULT NULL,
  `search_seq_no` int(11) DEFAULT NULL COMMENT '搜索条件排序序号',
  `display_type` int(1) DEFAULT NULL COMMENT '展示类型',
  `display_seq_no` int(11) DEFAULT NULL COMMENT '展示排序',
  `edit_is_null` int(1) DEFAULT NULL,
  `edit_is_only` int(1) DEFAULT NULL COMMENT '是否唯一',
  `edit_is_hiden` int(1) DEFAULT NULL COMMENT '是否隐藏',
  `edit_is_editable` int(1) DEFAULT NULL COMMENT '是否可编辑',
  `is_defunct` int(1) DEFAULT '0' COMMENT '是否丢弃',
  `special_logic` varchar(32) DEFAULT NULL COMMENT '特殊逻辑',
  `status` varchar(20) DEFAULT 'notCreated' COMMENT '属性状态',
  `is_system` int(1) DEFAULT NULL COMMENT '是否系统字段',
  `is_access_controlled` int(1) DEFAULT '0' COMMENT '是否权限控制',
  `is_auto` int(1) DEFAULT NULL,
  `auto_fill_rule` varchar(2000) DEFAULT NULL COMMENT '自动填充规则',
  `is_refreshable` int(1) DEFAULT NULL,
  `regular_expression_rule` varchar(200) DEFAULT NULL COMMENT '正则规则',
  PRIMARY KEY (`id_adm_ci_type_attr`),
  UNIQUE KEY `uniqCiType` (`id_adm_ci_type`,`property_name`)
) ENGINE=InnoDB AUTO_INCREMENT=1149 DEFAULT CHARSET=utf8;
/*!40101 SET character_set_client = @saved_cs_client */;

--
-- Dumping data for table `adm_ci_type_attr`
--

LOCK TABLES `adm_ci_type_attr` WRITE;
/*!40000 ALTER TABLE `adm_ci_type_attr` DISABLE KEYS */;
INSERT INTO `adm_ci_type_attr` (`id_adm_ci_type_attr`, `id_adm_ci_type`, `name`, `description`, `input_type`, `property_name`, `property_type`, `length`, `reference_id`, `reference_name`, `reference_type`, `filter_rule`, `search_seq_no`, `display_type`, `display_seq_no`, `edit_is_null`, `edit_is_only`, `edit_is_hiden`, `edit_is_editable`, `is_defunct`, `special_logic`, `status`, `is_system`, `is_access_controlled`, `is_auto`, `auto_fill_rule`, `is_refreshable`, `regular_expression_rule`) VALUES (1,1,'全局唯一ID','全局唯一ID','text','guid','varchar',15,NULL,NULL,NULL,NULL,0,0,0,0,1,0,0,0,NULL,'created',1,0,0,NULL,0,NULL),(2,1,'前全局唯一ID','前一版本数据的guid','text','p_guid','varchar',15,NULL,NULL,NULL,NULL,0,0,0,1,0,0,0,0,NULL,'created',1,0,0,NULL,1,NULL),(3,1,'根全局唯一ID','原始数据guid','text','r_guid','varchar',15,NULL,NULL,NULL,NULL,0,0,0,0,0,0,0,0,NULL,'created',1,0,0,NULL,0,NULL),(4,1,'更新用户','更新用户','text','updated_by','varchar',50,NULL,NULL,NULL,NULL,0,0,0,0,0,0,0,0,NULL,'created',1,0,0,NULL,1,NULL),(5,1,'更新日期','更新日期','date','updated_date','datetime',1,NULL,NULL,NULL,NULL,0,0,0,0,0,0,0,0,NULL,'created',1,0,0,NULL,1,NULL),(6,1,'创建用户','创建用户','text','created_by','varchar',50,NULL,NULL,NULL,NULL,0,0,0,0,0,0,0,0,NULL,'created',1,0,0,NULL,0,NULL),(7,1,'创建日期','创建日期','date','created_date','datetime',1,NULL,NULL,NULL,NULL,0,0,0,0,0,0,0,0,NULL,'created',1,0,0,NULL,0,NULL),(8,1,'状态','状态','select','state','int',15,7,NULL,NULL,NULL,0,0,0,0,0,0,0,0,NULL,'created',1,0,0,NULL,0,NULL),(9,1,'唯一名称','唯一名称','text','key_name','varchar',1000,NULL,NULL,NULL,NULL,1,1,1,0,1,0,0,0,NULL,'created',1,0,1,'[{\"type\":\"rule\",\"value\":\"[{\\\"ciTypeId\\\":1},{\\\"ciTypeId\\\":1,\\\"parentRs\\\":{\\\"attrId\\\":13,\\\"isReferedFromParent\\\":1}}]\"}]',0,NULL),(10,1,'状态编码','状态编码','text','state_code','varchar',50,NULL,NULL,NULL,NULL,2,1,2,0,0,0,0,0,NULL,'created',1,0,1,'[{\"type\":\"rule\",\"value\":\"[{\\\"ciTypeId\\\":1},{\\\"ciTypeId\\\":1,\\\"parentRs\\\":{\\\"attrId\\\":8,\\\"isReferedFromParent\\\":1},\\\"enumCodeAttr\\\":\\\"code\\\"}]\"}]',0,NULL),(11,1,'确认日期','确认日期','text','fixed_date','varchar',19,NULL,NULL,NULL,NULL,3,1,3,1,0,0,0,0,NULL,'created',1,0,0,NULL,0,NULL),(12,1,'编码','编码','text','code','varchar',1000,NULL,NULL,NULL,NULL,4,1,4,0,0,0,1,0,NULL,'created',1,0,0,NULL,0,NULL),(13,1,'名称','名称','text','name','varchar',200,NULL,NULL,NULL,NULL,5,1,5,0,0,0,1,0,NULL,'created',0,0,0,NULL,0,NULL),(14,1,'邮箱','邮箱','text','email','varchar',200,NULL,NULL,NULL,NULL,6,1,6,1,0,0,1,0,NULL,'created',0,0,0,NULL,0,NULL),(15,1,'电话号码','电话号码','text','phone','varchar',200,NULL,NULL,NULL,NULL,7,1,7,1,0,0,1,0,NULL,'created',0,0,0,NULL,0,NULL),(16,1,'描述说明','描述说明','textArea','description','varchar',1000,NULL,NULL,NULL,NULL,8,1,8,1,0,0,1,0,NULL,'created',0,0,0,NULL,0,NULL),(17,2,'全局唯一ID','全局唯一ID','text','guid','varchar',15,NULL,NULL,NULL,NULL,0,0,0,0,1,0,0,0,NULL,'created',1,0,0,NULL,0,NULL),(18,2,'前全局唯一ID','前一版本数据的guid','text','p_guid','varchar',15,NULL,NULL,NULL,NULL,0,0,0,1,0,0,0,0,NULL,'created',1,0,0,NULL,1,NULL),(19,2,'根全局唯一ID','原始数据guid','text','r_guid','varchar',15,NULL,NULL,NULL,NULL,0,0,0,0,0,0,0,0,NULL,'created',1,0,0,NULL,0,NULL),(20,2,'更新用户','更新用户','text','updated_by','varchar',50,NULL,NULL,NULL,NULL,0,0,0,0,0,0,0,0,NULL,'created',1,0,0,NULL,1,NULL),(21,2,'更新日期','更新日期','date','updated_date','datetime',1,NULL,NULL,NULL,NULL,0,0,0,0,0,0,0,0,NULL,'created',1,0,0,NULL,1,NULL),(22,2,'创建用户','创建用户','text','created_by','varchar',50,NULL,NULL,NULL,NULL,0,0,0,0,0,0,0,0,NULL,'created',1,0,0,NULL,0,NULL),(23,2,'创建日期','创建日期','date','created_date','datetime',1,NULL,NULL,NULL,NULL,0,0,0,0,0,0,0,0,NULL,'created',1,0,0,NULL,0,NULL),(24,2,'状态','状态','select','state','int',15,7,NULL,NULL,NULL,0,0,0,0,0,0,0,0,NULL,'created',1,0,0,NULL,0,NULL),(25,2,'唯一名称','唯一名称','text','key_name','varchar',1000,NULL,NULL,NULL,NULL,1,1,1,0,1,0,0,0,NULL,'created',1,0,1,'[{\"type\":\"rule\",\"value\":\"[{\\\"ciTypeId\\\":2},{\\\"ciTypeId\\\":2,\\\"parentRs\\\":{\\\"attrId\\\":29,\\\"isReferedFromParent\\\":1}}]\"}]',0,NULL),(26,2,'状态编码','状态编码','text','state_code','varchar',50,NULL,NULL,NULL,NULL,2,1,2,0,0,0,0,0,NULL,'created',1,0,1,'[{\"type\":\"rule\",\"value\":\"[{\\\"ciTypeId\\\":2},{\\\"ciTypeId\\\":2,\\\"parentRs\\\":{\\\"attrId\\\":24,\\\"isReferedFromParent\\\":1},\\\"enumCodeAttr\\\":\\\"code\\\"}]\"}]',0,NULL),(27,2,'确认日期','确认日期','text','fixed_date','varchar',19,NULL,NULL,NULL,NULL,3,1,3,1,0,0,0,0,NULL,'created',1,0,0,NULL,0,NULL),(28,2,'编码','编码','text','code','varchar',1000,NULL,NULL,NULL,NULL,4,1,4,0,0,0,1,0,NULL,'created',1,0,0,NULL,0,NULL),(29,2,'名称','名称','text','name','varchar',200,NULL,NULL,NULL,NULL,5,1,5,0,0,0,1,0,NULL,'created',0,0,0,NULL,0,NULL),(30,2,'描述说明','描述说明','textArea','description','varchar',1000,NULL,NULL,NULL,NULL,6,1,6,1,0,0,1,0,NULL,'created',0,0,0,NULL,0,NULL),(31,3,'全局唯一ID','全局唯一ID','text','guid','varchar',15,NULL,NULL,NULL,NULL,0,0,0,0,1,0,0,0,NULL,'created',1,0,0,NULL,0,NULL),(32,3,'前全局唯一ID','前一版本数据的guid','text','p_guid','varchar',15,NULL,NULL,NULL,NULL,0,0,0,1,0,0,0,0,NULL,'created',1,0,0,NULL,1,NULL),(33,3,'根全局唯一ID','原始数据guid','text','r_guid','varchar',15,NULL,NULL,NULL,NULL,0,0,0,0,0,0,0,0,NULL,'created',1,0,0,NULL,0,NULL),(34,3,'更新用户','更新用户','text','updated_by','varchar',50,NULL,NULL,NULL,NULL,0,0,0,0,0,0,0,0,NULL,'created',1,0,0,NULL,1,NULL),(35,3,'更新日期','更新日期','date','updated_date','datetime',1,NULL,NULL,NULL,NULL,0,0,0,0,0,0,0,0,NULL,'created',1,0,0,NULL,1,NULL),(36,3,'创建用户','创建用户','text','created_by','varchar',50,NULL,NULL,NULL,NULL,0,0,0,0,0,0,0,0,NULL,'created',1,0,0,NULL,0,NULL),(37,3,'创建日期','创建日期','date','created_date','datetime',1,NULL,NULL,NULL,NULL,0,0,0,0,0,0,0,0,NULL,'created',1,0,0,NULL,0,NULL),(38,3,'状态','状态','select','state','int',15,7,NULL,NULL,NULL,0,0,0,0,0,0,0,0,NULL,'created',1,0,0,NULL,0,NULL),(39,3,'唯一名称','唯一名称','text','key_name','varchar',1000,NULL,NULL,NULL,NULL,1,1,1,0,1,0,0,0,NULL,'created',1,0,1,'[{\"type\":\"rule\",\"value\":\"[{\\\"ciTypeId\\\":3},{\\\"ciTypeId\\\":3,\\\"parentRs\\\":{\\\"attrId\\\":43,\\\"isReferedFromParent\\\":1}}]\"}]',0,NULL),(40,3,'状态编码','状态编码','text','state_code','varchar',50,NULL,NULL,NULL,NULL,2,1,2,0,0,0,0,0,NULL,'created',1,0,1,'[{\"type\":\"rule\",\"value\":\"[{\\\"ciTypeId\\\":3},{\\\"ciTypeId\\\":3,\\\"parentRs\\\":{\\\"attrId\\\":38,\\\"isReferedFromParent\\\":1},\\\"enumCodeAttr\\\":\\\"code\\\"}]\"}]',0,NULL),(41,3,'确认日期','确认日期','text','fixed_date','varchar',19,NULL,NULL,NULL,NULL,3,1,3,1,0,0,0,0,NULL,'created',1,0,0,NULL,0,NULL),(42,3,'编码','编码','text','code','varchar',1000,NULL,NULL,NULL,NULL,4,1,4,0,0,0,1,0,NULL,'created',1,0,0,NULL,0,NULL),(43,3,'名称','名称','text','name','varchar',200,NULL,NULL,NULL,NULL,5,1,5,0,0,0,1,0,NULL,'created',0,0,0,NULL,0,NULL),(44,3,'描述说明','描述说明','textArea','description','varchar',1000,NULL,NULL,NULL,NULL,6,1,6,1,0,0,1,0,NULL,'created',0,0,0,NULL,0,NULL),(45,4,'全局唯一ID','全局唯一ID','text','guid','varchar',15,NULL,NULL,NULL,NULL,0,0,0,0,1,0,0,0,NULL,'created',1,0,0,NULL,0,NULL),(46,4,'前全局唯一ID','前一版本数据的guid','text','p_guid','varchar',15,NULL,NULL,NULL,NULL,0,0,0,1,0,0,0,0,NULL,'created',1,0,0,NULL,1,NULL),(47,4,'根全局唯一ID','原始数据guid','text','r_guid','varchar',15,NULL,NULL,NULL,NULL,0,0,0,0,0,0,0,0,NULL,'created',1,0,0,NULL,0,NULL),(48,4,'更新用户','更新用户','text','updated_by','varchar',50,NULL,NULL,NULL,NULL,0,0,0,0,0,0,0,0,NULL,'created',1,0,0,NULL,1,NULL),(49,4,'更新日期','更新日期','date','updated_date','datetime',1,NULL,NULL,NULL,NULL,0,0,0,0,0,0,0,0,NULL,'created',1,0,0,NULL,1,NULL),(50,4,'创建用户','创建用户','text','created_by','varchar',50,NULL,NULL,NULL,NULL,0,0,0,0,0,0,0,0,NULL,'created',1,0,0,NULL,0,NULL),(51,4,'创建日期','创建日期','date','created_date','datetime',1,NULL,NULL,NULL,NULL,0,0,0,0,0,0,0,0,NULL,'created',1,0,0,NULL,0,NULL),(52,4,'状态','状态','select','state','int',15,7,NULL,NULL,NULL,0,0,0,0,0,0,0,0,NULL,'created',1,0,0,NULL,0,NULL),(53,4,'唯一名称','唯一名称','text','key_name','varchar',1000,NULL,NULL,NULL,NULL,1,1,1,0,1,0,0,0,NULL,'created',1,0,1,'[{\"type\":\"rule\",\"value\":\"[{\\\"ciTypeId\\\":4},{\\\"ciTypeId\\\":4,\\\"parentRs\\\":{\\\"attrId\\\":57,\\\"isReferedFromParent\\\":1}}]\"}]',0,NULL),(54,4,'状态编码','状态编码','text','state_code','varchar',50,NULL,NULL,NULL,NULL,2,1,2,0,0,0,0,0,NULL,'created',1,0,1,'[{\"type\":\"rule\",\"value\":\"[{\\\"ciTypeId\\\":4},{\\\"ciTypeId\\\":4,\\\"parentRs\\\":{\\\"attrId\\\":52,\\\"isReferedFromParent\\\":1},\\\"enumCodeAttr\\\":\\\"code\\\"}]\"}]',0,NULL),(55,4,'确认日期','确认日期','text','fixed_date','varchar',19,NULL,NULL,NULL,NULL,3,1,3,1,0,0,0,0,NULL,'created',1,0,0,NULL,0,NULL),(56,4,'编码','编码','text','code','varchar',1000,NULL,NULL,NULL,NULL,4,1,4,0,0,0,1,0,NULL,'created',1,0,0,NULL,0,NULL),(57,4,'名称','名称','text','name','varchar',200,NULL,NULL,NULL,NULL,5,1,5,0,0,0,1,0,NULL,'created',0,0,0,NULL,0,NULL),(58,4,'描述说明','描述说明','textArea','description','varchar',1000,NULL,NULL,NULL,NULL,6,1,6,1,0,0,1,0,NULL,'created',0,0,0,NULL,0,NULL),(59,5,'全局唯一ID','全局唯一ID','text','guid','varchar',15,NULL,NULL,NULL,NULL,0,0,0,0,1,0,0,0,NULL,'created',1,0,0,NULL,0,NULL),(60,5,'前全局唯一ID','前一版本数据的guid','text','p_guid','varchar',15,NULL,NULL,NULL,NULL,0,0,0,1,0,0,0,0,NULL,'created',1,0,0,NULL,1,NULL),(61,5,'根全局唯一ID','原始数据guid','text','r_guid','varchar',15,NULL,NULL,NULL,NULL,0,0,0,0,0,0,0,0,NULL,'created',1,0,0,NULL,0,NULL),(62,5,'更新用户','更新用户','text','updated_by','varchar',50,NULL,NULL,NULL,NULL,0,0,0,0,0,0,0,0,NULL,'created',1,0,0,NULL,1,NULL),(63,5,'更新日期','更新日期','date','updated_date','datetime',1,NULL,NULL,NULL,NULL,0,0,0,0,0,0,0,0,NULL,'created',1,0,0,NULL,1,NULL),(64,5,'创建用户','创建用户','text','created_by','varchar',50,NULL,NULL,NULL,NULL,0,0,0,0,0,0,0,0,NULL,'created',1,0,0,NULL,0,NULL),(65,5,'创建日期','创建日期','date','created_date','datetime',1,NULL,NULL,NULL,NULL,0,0,0,0,0,0,0,0,NULL,'created',1,0,0,NULL,0,NULL),(66,5,'状态','状态','select','state','int',15,7,NULL,NULL,NULL,0,0,0,0,0,0,0,0,NULL,'created',1,0,0,NULL,0,NULL),(67,5,'唯一名称','唯一名称','text','key_name','varchar',1000,NULL,NULL,NULL,NULL,1,1,1,0,1,0,0,0,NULL,'created',1,0,1,'[{\"type\":\"rule\",\"value\":\"[{\\\"ciTypeId\\\":5},{\\\"ciTypeId\\\":5,\\\"parentRs\\\":{\\\"attrId\\\":71,\\\"isReferedFromParent\\\":1}}]\"}]',0,NULL),(68,5,'状态编码','状态编码','text','state_code','varchar',50,NULL,NULL,NULL,NULL,2,1,2,0,0,0,0,0,NULL,'created',1,0,1,'[{\"type\":\"rule\",\"value\":\"[{\\\"ciTypeId\\\":5},{\\\"ciTypeId\\\":5,\\\"parentRs\\\":{\\\"attrId\\\":66,\\\"isReferedFromParent\\\":1},\\\"enumCodeAttr\\\":\\\"code\\\"}]\"}]',0,NULL),(69,5,'确认日期','确认日期','text','fixed_date','varchar',19,NULL,NULL,NULL,NULL,3,1,3,1,0,0,0,0,NULL,'created',1,0,0,NULL,0,NULL),(70,5,'编码','编码','text','code','varchar',1000,NULL,NULL,NULL,NULL,4,1,4,0,0,0,1,0,NULL,'created',1,0,0,NULL,0,NULL),(71,5,'名称','名称','text','name','varchar',200,NULL,NULL,NULL,NULL,5,1,5,0,0,0,1,0,NULL,'created',0,0,0,NULL,0,NULL),(72,5,'描述说明','描述说明','textArea','description','varchar',1000,NULL,NULL,NULL,NULL,6,1,6,1,0,0,1,0,NULL,'created',0,0,0,NULL,0,NULL),(73,6,'全局唯一ID','全局唯一ID','text','guid','varchar',15,NULL,NULL,NULL,NULL,0,0,0,0,1,0,0,0,NULL,'created',1,0,0,NULL,0,NULL),(74,6,'前全局唯一ID','前一版本数据的guid','text','p_guid','varchar',15,NULL,NULL,NULL,NULL,0,0,0,1,0,0,0,0,NULL,'created',1,0,0,NULL,1,NULL),(75,6,'根全局唯一ID','原始数据guid','text','r_guid','varchar',15,NULL,NULL,NULL,NULL,0,0,0,0,0,0,0,0,NULL,'created',1,0,0,NULL,0,NULL),(76,6,'更新用户','更新用户','text','updated_by','varchar',50,NULL,NULL,NULL,NULL,0,0,0,0,0,0,0,0,NULL,'created',1,0,0,NULL,1,NULL),(77,6,'更新日期','更新日期','date','updated_date','datetime',1,NULL,NULL,NULL,NULL,0,0,0,0,0,0,0,0,NULL,'created',1,0,0,NULL,1,NULL),(78,6,'创建用户','创建用户','text','created_by','varchar',50,NULL,NULL,NULL,NULL,0,0,0,0,0,0,0,0,NULL,'created',1,0,0,NULL,0,NULL),(79,6,'创建日期','创建日期','date','created_date','datetime',1,NULL,NULL,NULL,NULL,0,0,0,0,0,0,0,0,NULL,'created',1,0,0,NULL,0,NULL),(80,6,'状态','状态','select','state','int',15,7,NULL,NULL,NULL,0,0,0,0,0,0,0,0,NULL,'created',1,0,0,NULL,0,NULL),(81,6,'唯一名称','唯一名称','text','key_name','varchar',1000,NULL,NULL,NULL,NULL,1,1,1,0,1,0,0,0,NULL,'created',1,0,1,'[{\"type\":\"rule\",\"value\":\"[{\\\"ciTypeId\\\":6},{\\\"ciTypeId\\\":6,\\\"parentRs\\\":{\\\"attrId\\\":85,\\\"isReferedFromParent\\\":1}}]\"}]',0,NULL),(82,6,'状态编码','状态编码','text','state_code','varchar',50,NULL,NULL,NULL,NULL,2,1,2,0,0,0,0,0,NULL,'created',1,0,1,'[{\"type\":\"rule\",\"value\":\"[{\\\"ciTypeId\\\":6},{\\\"ciTypeId\\\":6,\\\"parentRs\\\":{\\\"attrId\\\":80,\\\"isReferedFromParent\\\":1},\\\"enumCodeAttr\\\":\\\"code\\\"}]\"}]',0,NULL),(83,6,'确认日期','确认日期','text','fixed_date','varchar',19,NULL,NULL,NULL,NULL,3,1,3,1,0,0,0,0,NULL,'created',1,0,0,NULL,0,NULL),(84,6,'编码','编码','text','code','varchar',1000,NULL,NULL,NULL,NULL,4,1,4,0,0,0,1,0,NULL,'created',1,0,0,NULL,0,NULL),(85,6,'名称','名称','text','name','varchar',200,NULL,NULL,NULL,NULL,5,1,5,0,0,0,1,0,NULL,'created',0,0,0,NULL,0,NULL),(86,6,'描述说明','描述说明','textArea','description','varchar',1000,NULL,NULL,NULL,NULL,6,1,6,1,0,0,1,0,NULL,'created',0,0,0,NULL,0,NULL),(87,7,'全局唯一ID','全局唯一ID','text','guid','varchar',15,NULL,NULL,NULL,NULL,0,0,0,0,1,0,0,0,NULL,'created',1,0,0,NULL,0,NULL),(88,7,'前全局唯一ID','前一版本数据的guid','text','p_guid','varchar',15,NULL,NULL,NULL,NULL,0,0,0,1,0,0,0,0,NULL,'created',1,0,0,NULL,1,NULL),(89,7,'根全局唯一ID','原始数据guid','text','r_guid','varchar',15,NULL,NULL,NULL,NULL,0,0,0,0,0,0,0,0,NULL,'created',1,0,0,NULL,0,NULL),(90,7,'更新用户','更新用户','text','updated_by','varchar',50,NULL,NULL,NULL,NULL,0,0,0,0,0,0,0,0,NULL,'created',1,0,0,NULL,1,NULL),(91,7,'更新日期','更新日期','date','updated_date','datetime',1,NULL,NULL,NULL,NULL,0,0,0,0,0,0,0,0,NULL,'created',1,0,0,NULL,1,NULL),(92,7,'创建用户','创建用户','text','created_by','varchar',50,NULL,NULL,NULL,NULL,0,0,0,0,0,0,0,0,NULL,'created',1,0,0,NULL,0,NULL),(93,7,'创建日期','创建日期','date','created_date','datetime',1,NULL,NULL,NULL,NULL,0,0,0,0,0,0,0,0,NULL,'created',1,0,0,NULL,0,NULL),(94,7,'状态','状态','select','state','int',15,7,NULL,NULL,NULL,0,0,0,0,0,0,0,0,NULL,'created',1,0,0,NULL,0,NULL),(95,7,'唯一名称','唯一名称','text','key_name','varchar',1000,NULL,NULL,NULL,NULL,1,1,1,0,0,0,0,0,NULL,'created',1,0,1,'[{\"type\":\"rule\",\"value\":\"[{\\\"ciTypeId\\\":7},{\\\"ciTypeId\\\":7,\\\"parentRs\\\":{\\\"attrId\\\":99,\\\"isReferedFromParent\\\":1}}]\"},{\"type\":\"delimiter\",\"value\":\"_\"},{\"type\":\"rule\",\"value\":\"[{\\\"ciTypeId\\\":7},{\\\"ciTypeId\\\":6,\\\"parentRs\\\":{\\\"attrId\\\":100,\\\"isReferedFromParent\\\":1}},{\\\"ciTypeId\\\":6,\\\"parentRs\\\":{\\\"attrId\\\":85,\\\"isReferedFromParent\\\":1}}]\"}]',0,NULL),(96,7,'状态编码','状态编码','text','state_code','varchar',50,NULL,NULL,NULL,NULL,2,1,2,0,0,0,0,0,NULL,'created',1,0,1,'[{\"type\":\"rule\",\"value\":\"[{\\\"ciTypeId\\\":7},{\\\"ciTypeId\\\":7,\\\"parentRs\\\":{\\\"attrId\\\":94,\\\"isReferedFromParent\\\":1},\\\"enumCodeAttr\\\":\\\"code\\\"}]\"}]',0,NULL),(97,7,'确认日期','确认日期','text','fixed_date','varchar',19,NULL,NULL,NULL,NULL,3,1,3,1,0,0,0,0,NULL,'created',1,0,0,NULL,0,NULL),(98,7,'编码','编码','text','code','varchar',1000,NULL,NULL,NULL,NULL,4,1,4,0,0,0,1,0,NULL,'created',1,0,0,NULL,0,NULL),(99,7,'名称','名称','text','name','varchar',200,NULL,NULL,NULL,NULL,5,1,5,0,0,0,1,0,NULL,'created',0,0,0,NULL,0,NULL),(100,7,'云厂商','云厂商','ref','cloud_vendor','varchar',15,6,'关联',32,NULL,6,1,6,0,0,0,1,0,NULL,'created',0,0,0,NULL,0,NULL),(101,7,'描述说明','描述说明','textArea','description','varchar',1000,NULL,NULL,NULL,NULL,8,1,8,1,0,0,1,0,NULL,'created',0,0,0,NULL,0,NULL),(102,8,'全局唯一ID','全局唯一ID','text','guid','varchar',15,NULL,NULL,NULL,NULL,0,0,0,0,1,0,0,0,NULL,'created',1,0,0,NULL,0,NULL),(103,8,'前全局唯一ID','前一版本数据的guid','text','p_guid','varchar',15,NULL,NULL,NULL,NULL,0,0,0,1,0,0,0,0,NULL,'created',1,0,0,NULL,1,NULL),(104,8,'根全局唯一ID','原始数据guid','text','r_guid','varchar',15,NULL,NULL,NULL,NULL,0,0,0,0,0,0,0,0,NULL,'created',1,0,0,NULL,0,NULL),(105,8,'更新用户','更新用户','text','updated_by','varchar',50,NULL,NULL,NULL,NULL,0,0,0,0,0,0,0,0,NULL,'created',1,0,0,NULL,1,NULL),(106,8,'更新日期','更新日期','date','updated_date','datetime',1,NULL,NULL,NULL,NULL,0,0,0,0,0,0,0,0,NULL,'created',1,0,0,NULL,1,NULL),(107,8,'创建用户','创建用户','text','created_by','varchar',50,NULL,NULL,NULL,NULL,0,0,0,0,0,0,0,0,NULL,'created',1,0,0,NULL,0,NULL),(108,8,'创建日期','创建日期','date','created_date','datetime',1,NULL,NULL,NULL,NULL,0,0,0,0,0,0,0,0,NULL,'created',1,0,0,NULL,0,NULL),(109,8,'状态','状态','select','state','int',15,7,NULL,NULL,NULL,0,0,0,0,0,0,0,0,NULL,'created',1,0,0,NULL,0,NULL),(110,8,'唯一名称','唯一名称','text','key_name','varchar',1000,NULL,NULL,NULL,NULL,1,1,1,0,0,0,0,0,NULL,'created',1,0,1,'[{\"type\":\"rule\",\"value\":\"[{\\\"ciTypeId\\\":8},{\\\"ciTypeId\\\":8,\\\"parentRs\\\":{\\\"attrId\\\":114,\\\"isReferedFromParent\\\":1}}]\"},{\"type\":\"delimiter\",\"value\":\"_\"},{\"type\":\"rule\",\"value\":\"[{\\\"ciTypeId\\\":8},{\\\"ciTypeId\\\":7,\\\"parentRs\\\":{\\\"attrId\\\":115,\\\"isReferedFromParent\\\":1}},{\\\"ciTypeId\\\":7,\\\"parentRs\\\":{\\\"attrId\\\":99,\\\"isReferedFromParent\\\":1}}]\"}]',0,NULL),(111,8,'状态编码','状态编码','text','state_code','varchar',50,NULL,NULL,NULL,NULL,2,1,2,0,0,0,0,0,NULL,'created',1,0,1,'[{\"type\":\"rule\",\"value\":\"[{\\\"ciTypeId\\\":8},{\\\"ciTypeId\\\":8,\\\"parentRs\\\":{\\\"attrId\\\":109,\\\"isReferedFromParent\\\":1},\\\"enumCodeAttr\\\":\\\"code\\\"}]\"}]',0,NULL),(112,8,'确认日期','确认日期','text','fixed_date','varchar',19,NULL,NULL,NULL,NULL,3,1,3,1,0,0,0,0,NULL,'created',1,0,0,NULL,0,NULL),(113,8,'编码','编码','text','code','varchar',1000,NULL,NULL,NULL,NULL,4,1,4,0,0,0,1,0,NULL,'created',1,0,0,NULL,0,NULL),(114,8,'名称','名称','text','name','varchar',200,NULL,NULL,NULL,NULL,5,1,5,0,0,0,1,0,NULL,'created',0,0,0,NULL,0,NULL),(115,8,'集群类型','集群类型','ref','cluster_type','varchar',15,7,'关联',32,NULL,6,1,6,0,0,0,1,0,NULL,'created',0,0,0,NULL,0,NULL),(116,8,'描述说明','描述说明','textArea','description','varchar',1000,NULL,NULL,NULL,NULL,7,1,7,1,0,0,1,0,NULL,'created',0,0,0,NULL,0,NULL),(117,9,'全局唯一ID','全局唯一ID','text','guid','varchar',15,NULL,NULL,NULL,NULL,0,0,0,0,1,0,0,0,NULL,'created',1,0,0,NULL,0,NULL),(118,9,'前全局唯一ID','前一版本数据的guid','text','p_guid','varchar',15,NULL,NULL,NULL,NULL,0,0,0,1,0,0,0,0,NULL,'created',1,0,0,NULL,1,NULL),(119,9,'根全局唯一ID','原始数据guid','text','r_guid','varchar',15,NULL,NULL,NULL,NULL,0,0,0,0,0,0,0,0,NULL,'created',1,0,0,NULL,0,NULL),(120,9,'更新用户','更新用户','text','updated_by','varchar',50,NULL,NULL,NULL,NULL,0,0,0,0,0,0,0,0,NULL,'created',1,0,0,NULL,1,NULL),(121,9,'更新日期','更新日期','date','updated_date','datetime',1,NULL,NULL,NULL,NULL,0,0,0,0,0,0,0,0,NULL,'created',1,0,0,NULL,1,NULL),(122,9,'创建用户','创建用户','text','created_by','varchar',50,NULL,NULL,NULL,NULL,0,0,0,0,0,0,0,0,NULL,'created',1,0,0,NULL,0,NULL),(123,9,'创建日期','创建日期','date','created_date','datetime',1,NULL,NULL,NULL,NULL,0,0,0,0,0,0,0,0,NULL,'created',1,0,0,NULL,0,NULL),(124,9,'状态','状态','select','state','int',15,7,NULL,NULL,NULL,0,0,0,0,0,0,0,0,NULL,'created',1,0,0,NULL,0,NULL),(125,9,'唯一名称','唯一名称','text','key_name','varchar',1000,NULL,NULL,NULL,NULL,1,1,1,0,0,0,0,0,NULL,'created',1,0,1,'[{\"type\":\"rule\",\"value\":\"[{\\\"ciTypeId\\\":9},{\\\"ciTypeId\\\":9,\\\"parentRs\\\":{\\\"attrId\\\":129,\\\"isReferedFromParent\\\":1}}]\"},{\"type\":\"delimiter\",\"value\":\"_\"},{\"type\":\"rule\",\"value\":\"[{\\\"ciTypeId\\\":9},{\\\"ciTypeId\\\":7,\\\"parentRs\\\":{\\\"attrId\\\":1128,\\\"isReferedFromParent\\\":1}},{\\\"ciTypeId\\\":6,\\\"parentRs\\\":{\\\"attrId\\\":100,\\\"isReferedFromParent\\\":1}},{\\\"ciTypeId\\\":6,\\\"parentRs\\\":{\\\"attrId\\\":85,\\\"isReferedFromParent\\\":1}}]\"},{\"type\":\"rule\",\"value\":\"[{\\\"ciTypeId\\\":9},{\\\"ciTypeId\\\":2,\\\"parentRs\\\":{\\\"attrId\\\":131,\\\"isReferedFromParent\\\":1}},{\\\"ciTypeId\\\":2,\\\"parentRs\\\":{\\\"attrId\\\":29,\\\"isReferedFromParent\\\":1}}]\"}]',0,NULL),(126,9,'状态编码','状态编码','text','state_code','varchar',50,NULL,NULL,NULL,NULL,2,1,2,0,0,0,0,0,NULL,'created',1,0,1,'[{\"type\":\"rule\",\"value\":\"[{\\\"ciTypeId\\\":9},{\\\"ciTypeId\\\":9,\\\"parentRs\\\":{\\\"attrId\\\":124,\\\"isReferedFromParent\\\":1},\\\"enumCodeAttr\\\":\\\"code\\\"}]\"}]',0,NULL),(127,9,'确认日期','确认日期','text','fixed_date','varchar',19,NULL,NULL,NULL,NULL,3,1,3,1,0,0,0,0,NULL,'created',1,0,0,NULL,0,NULL),(128,9,'编码','编码','text','code','varchar',1000,NULL,NULL,NULL,NULL,4,1,4,0,0,0,1,0,NULL,'created',1,0,0,NULL,0,NULL),(129,9,'名称','名称','text','name','varchar',200,NULL,NULL,NULL,NULL,5,1,5,0,0,0,1,0,NULL,'created',0,0,0,NULL,0,NULL),(131,9,'单元类型','单元类型','ref','unit_type','varchar',15,2,'关联',32,NULL,7,1,7,0,0,0,1,0,NULL,'created',0,0,0,NULL,0,NULL),(132,9,'描述说明','描述说明','textArea','description','varchar',1000,NULL,NULL,NULL,NULL,8,1,8,1,0,0,1,0,NULL,'created',0,0,0,NULL,0,NULL),(133,10,'全局唯一ID','全局唯一ID','text','guid','varchar',15,NULL,NULL,NULL,NULL,0,0,0,0,1,0,0,0,NULL,'created',1,0,0,NULL,0,NULL),(134,10,'前全局唯一ID','前一版本数据的guid','text','p_guid','varchar',15,NULL,NULL,NULL,NULL,0,0,0,1,0,0,0,0,NULL,'created',1,0,0,NULL,1,NULL),(135,10,'根全局唯一ID','原始数据guid','text','r_guid','varchar',15,NULL,NULL,NULL,NULL,0,0,0,0,0,0,0,0,NULL,'created',1,0,0,NULL,0,NULL),(136,10,'更新用户','更新用户','text','updated_by','varchar',50,NULL,NULL,NULL,NULL,0,0,0,0,0,0,0,0,NULL,'created',1,0,0,NULL,1,NULL),(137,10,'更新日期','更新日期','date','updated_date','datetime',1,NULL,NULL,NULL,NULL,0,0,0,0,0,0,0,0,NULL,'created',1,0,0,NULL,1,NULL),(138,10,'创建用户','创建用户','text','created_by','varchar',50,NULL,NULL,NULL,NULL,0,0,0,0,0,0,0,0,NULL,'created',1,0,0,NULL,0,NULL),(139,10,'创建日期','创建日期','date','created_date','datetime',1,NULL,NULL,NULL,NULL,0,0,0,0,0,0,0,0,NULL,'created',1,0,0,NULL,0,NULL),(140,10,'状态','状态','select','state','int',15,7,NULL,NULL,NULL,0,0,0,0,0,0,0,0,NULL,'created',1,0,0,NULL,0,NULL),(141,10,'唯一名称','唯一名称','text','key_name','varchar',1000,NULL,NULL,NULL,NULL,1,1,1,0,0,0,0,0,NULL,'created',1,0,1,'[{\"type\":\"rule\",\"value\":\"[{\\\"ciTypeId\\\":10},{\\\"ciTypeId\\\":10,\\\"parentRs\\\":{\\\"attrId\\\":145,\\\"isReferedFromParent\\\":1}}]\"}]',0,NULL),(142,10,'状态编码','状态编码','text','state_code','varchar',50,NULL,NULL,NULL,NULL,2,1,2,0,0,0,0,0,NULL,'created',1,0,1,'[{\"type\":\"rule\",\"value\":\"[{\\\"ciTypeId\\\":10},{\\\"ciTypeId\\\":10,\\\"parentRs\\\":{\\\"attrId\\\":140,\\\"isReferedFromParent\\\":1},\\\"enumCodeAttr\\\":\\\"code\\\"}]\"}]',0,NULL),(143,10,'确认日期','确认日期','text','fixed_date','varchar',19,NULL,NULL,NULL,NULL,3,1,3,1,0,0,0,0,NULL,'created',1,0,0,NULL,0,NULL),(144,10,'编码','编码','text','code','varchar',1000,NULL,NULL,NULL,NULL,4,1,4,0,0,0,1,0,NULL,'created',1,0,0,NULL,0,NULL),(145,10,'名称','名称','text','name','varchar',200,NULL,NULL,NULL,NULL,5,1,5,0,0,0,1,0,NULL,'created',0,0,0,NULL,0,NULL),(147,10,'资源实例类型','资源实例类型','multiRef','resource_instance_type','varchar',1000,9,'关联',32,NULL,7,1,7,0,0,0,1,0,NULL,'created',0,0,0,NULL,0,NULL),(148,10,'描述说明','描述说明','textArea','description','varchar',1000,NULL,NULL,NULL,NULL,8,1,8,1,0,0,1,0,NULL,'created',0,0,0,NULL,0,NULL),(149,11,'全局唯一ID','全局唯一ID','text','guid','varchar',15,NULL,NULL,NULL,NULL,0,0,0,0,1,0,0,0,NULL,'created',1,0,0,NULL,0,NULL),(150,11,'前全局唯一ID','前一版本数据的guid','text','p_guid','varchar',15,NULL,NULL,NULL,NULL,0,0,0,1,0,0,0,0,NULL,'created',1,0,0,NULL,1,NULL),(151,11,'根全局唯一ID','原始数据guid','text','r_guid','varchar',15,NULL,NULL,NULL,NULL,0,0,0,0,0,0,0,0,NULL,'created',1,0,0,NULL,0,NULL),(152,11,'更新用户','更新用户','text','updated_by','varchar',50,NULL,NULL,NULL,NULL,0,0,0,0,0,0,0,0,NULL,'created',1,0,0,NULL,1,NULL),(153,11,'更新日期','更新日期','date','updated_date','datetime',1,NULL,NULL,NULL,NULL,0,0,0,0,0,0,0,0,NULL,'created',1,0,0,NULL,1,NULL),(154,11,'创建用户','创建用户','text','created_by','varchar',50,NULL,NULL,NULL,NULL,0,0,0,0,0,0,0,0,NULL,'created',1,0,0,NULL,0,NULL),(155,11,'创建日期','创建日期','date','created_date','datetime',1,NULL,NULL,NULL,NULL,0,0,0,0,0,0,0,0,NULL,'created',1,0,0,NULL,0,NULL),(156,11,'状态','状态','select','state','int',15,7,NULL,NULL,NULL,0,0,0,0,0,0,0,0,NULL,'created',1,0,0,NULL,0,NULL),(157,11,'唯一名称','唯一名称','text','key_name','varchar',1000,NULL,NULL,NULL,NULL,1,1,1,0,0,0,0,0,NULL,'created',1,0,1,'[{\"type\":\"rule\",\"value\":\"[{\\\"ciTypeId\\\":11},{\\\"ciTypeId\\\":11,\\\"parentRs\\\":{\\\"attrId\\\":161,\\\"isReferedFromParent\\\":1}}]\"}]',0,NULL),(158,11,'状态编码','状态编码','text','state_code','varchar',50,NULL,NULL,NULL,NULL,2,1,2,0,0,0,0,0,NULL,'created',1,0,1,'[{\"type\":\"rule\",\"value\":\"[{\\\"ciTypeId\\\":11},{\\\"ciTypeId\\\":11,\\\"parentRs\\\":{\\\"attrId\\\":156,\\\"isReferedFromParent\\\":1},\\\"enumCodeAttr\\\":\\\"code\\\"}]\"}]',0,NULL),(159,11,'确认日期','确认日期','text','fixed_date','varchar',19,NULL,NULL,NULL,NULL,3,1,3,1,0,0,0,0,NULL,'created',1,0,0,NULL,0,NULL),(160,11,'编码','编码','text','code','varchar',1000,NULL,NULL,NULL,NULL,4,1,4,0,0,0,1,0,NULL,'created',1,0,0,NULL,0,NULL),(161,11,'名称','名称','text','name','varchar',200,NULL,NULL,NULL,NULL,5,1,5,0,0,0,1,0,NULL,'created',0,0,0,NULL,0,NULL),(162,11,'资源实例类型','资源实例类型','multiRef','resource_instance_type','varchar',1000,9,'关联',32,NULL,6,1,6,0,0,0,1,0,NULL,'created',0,0,0,NULL,0,NULL),(164,11,'描述说明','描述说明','textArea','description','varchar',1000,NULL,NULL,NULL,NULL,7,1,7,1,0,0,1,0,NULL,'created',0,0,0,NULL,0,NULL),(165,12,'全局唯一ID','全局唯一ID','text','guid','varchar',15,NULL,NULL,NULL,NULL,0,0,0,0,1,0,0,0,NULL,'created',1,0,0,NULL,0,NULL),(166,12,'前全局唯一ID','前一版本数据的guid','text','p_guid','varchar',15,NULL,NULL,NULL,NULL,0,0,0,1,0,0,0,0,NULL,'created',1,0,0,NULL,1,NULL),(167,12,'根全局唯一ID','原始数据guid','text','r_guid','varchar',15,NULL,NULL,NULL,NULL,0,0,0,0,0,0,0,0,NULL,'created',1,0,0,NULL,0,NULL),(168,12,'更新用户','更新用户','text','updated_by','varchar',50,NULL,NULL,NULL,NULL,0,0,0,0,0,0,0,0,NULL,'created',1,0,0,NULL,1,NULL),(169,12,'更新日期','更新日期','date','updated_date','datetime',1,NULL,NULL,NULL,NULL,0,0,0,0,0,0,0,0,NULL,'created',1,0,0,NULL,1,NULL),(170,12,'创建用户','创建用户','text','created_by','varchar',50,NULL,NULL,NULL,NULL,0,0,0,0,0,0,0,0,NULL,'created',1,0,0,NULL,0,NULL),(171,12,'创建日期','创建日期','date','created_date','datetime',1,NULL,NULL,NULL,NULL,0,0,0,0,0,0,0,0,NULL,'created',1,0,0,NULL,0,NULL),(172,12,'状态','状态','select','state','int',15,7,NULL,NULL,NULL,0,0,0,0,0,0,0,0,NULL,'created',1,0,0,NULL,0,NULL),(173,12,'唯一名称','唯一名称','text','key_name','varchar',1000,NULL,NULL,NULL,NULL,1,1,1,0,1,0,0,0,NULL,'created',1,0,1,'[{\"type\":\"rule\",\"value\":\"[{\\\"ciTypeId\\\":12},{\\\"ciTypeId\\\":12,\\\"parentRs\\\":{\\\"attrId\\\":176,\\\"isReferedFromParent\\\":1}}]\"}]',0,NULL),(174,12,'状态编码','状态编码','text','state_code','varchar',50,NULL,NULL,NULL,NULL,2,1,2,0,0,0,0,0,NULL,'created',1,0,1,'[{\"type\":\"rule\",\"value\":\"[{\\\"ciTypeId\\\":12},{\\\"ciTypeId\\\":12,\\\"parentRs\\\":{\\\"attrId\\\":172,\\\"isReferedFromParent\\\":1},\\\"enumCodeAttr\\\":\\\"code\\\"}]\"},{\"type\":\"rule\",\"value\":\"[{\\\"ciTypeId\\\":12},{\\\"ciTypeId\\\":12,\\\"parentRs\\\":{\\\"attrId\\\":175,\\\"isReferedFromParent\\\":1}}]\"}]',0,NULL),(175,12,'确认日期','确认日期','text','fixed_date','varchar',19,NULL,NULL,NULL,NULL,3,1,3,1,0,0,0,0,NULL,'created',1,0,0,NULL,0,NULL),(176,12,'编码','字母开头的2-6位大写或小写英文字母数字组合','text','code','varchar',1000,NULL,NULL,NULL,NULL,4,1,4,0,0,0,1,0,NULL,'created',1,0,0,NULL,0,'[a-zA-Z][a-zA-Z0-9]{1,5}'),(177,12,'名称','名称','text','name','varchar',200,NULL,NULL,NULL,NULL,5,1,5,0,0,0,1,0,NULL,'created',0,0,0,NULL,0,NULL),(178,12,'描述说明','描述说明','textArea','description','varchar',1000,NULL,NULL,NULL,NULL,6,1,6,1,0,0,1,0,NULL,'created',0,0,0,NULL,0,NULL),(179,13,'全局唯一ID','全局唯一ID','text','guid','varchar',15,NULL,NULL,NULL,NULL,0,0,0,0,1,0,0,0,NULL,'created',1,0,0,NULL,0,NULL),(180,13,'前全局唯一ID','前一版本数据的guid','text','p_guid','varchar',15,NULL,NULL,NULL,NULL,0,0,0,1,0,0,0,0,NULL,'created',1,0,0,NULL,1,NULL),(181,13,'根全局唯一ID','原始数据guid','text','r_guid','varchar',15,NULL,NULL,NULL,NULL,0,0,0,0,0,0,0,0,NULL,'created',1,0,0,NULL,0,NULL),(182,13,'更新用户','更新用户','text','updated_by','varchar',50,NULL,NULL,NULL,NULL,0,0,0,0,0,0,0,0,NULL,'created',1,0,0,NULL,1,NULL),(183,13,'更新日期','更新日期','date','updated_date','datetime',1,NULL,NULL,NULL,NULL,0,0,0,0,0,0,0,0,NULL,'created',1,0,0,NULL,1,NULL),(184,13,'创建用户','创建用户','text','created_by','varchar',50,NULL,NULL,NULL,NULL,0,0,0,0,0,0,0,0,NULL,'created',1,0,0,NULL,0,NULL),(185,13,'创建日期','创建日期','date','created_date','datetime',1,NULL,NULL,NULL,NULL,0,0,0,0,0,0,0,0,NULL,'created',1,0,0,NULL,0,NULL),(186,13,'状态','状态','select','state','int',15,7,NULL,NULL,NULL,0,0,0,0,0,0,0,0,NULL,'created',1,0,0,NULL,0,NULL),(187,13,'唯一名称','唯一名称','text','key_name','varchar',1000,NULL,NULL,NULL,NULL,1,1,1,0,1,0,0,0,NULL,'created',1,0,1,'[{\"type\":\"rule\",\"value\":\"[{\\\"ciTypeId\\\":13},{\\\"ciTypeId\\\":13,\\\"parentRs\\\":{\\\"attrId\\\":190,\\\"isReferedFromParent\\\":1}}]\"},{\"type\":\"delimiter\",\"value\":\"__\"},{\"type\":\"rule\",\"value\":\"[{\\\"ciTypeId\\\":13},{\\\"ciTypeId\\\":13,\\\"parentRs\\\":{\\\"attrId\\\":192,\\\"isReferedFromParent\\\":1}}]\"},{\"type\":\"delimiter\",\"value\":\"__\"},{\"type\":\"rule\",\"value\":\"[{\\\"ciTypeId\\\":13},{\\\"ciTypeId\\\":12,\\\"parentRs\\\":{\\\"attrId\\\":193,\\\"isReferedFromParent\\\":1}},{\\\"ciTypeId\\\":12,\\\"parentRs\\\":{\\\"attrId\\\":176,\\\"isReferedFromParent\\\":1}}]\"},{\"type\":\"delimiter\",\"value\":\"_\"},{\"type\":\"rule\",\"value\":\"[{\\\"ciTypeId\\\":13},{\\\"ciTypeId\\\":13,\\\"parentRs\\\":{\\\"attrId\\\":191,\\\"isReferedFromParent\\\":1}}]\"}]',0,NULL),(188,13,'状态编码','状态编码','text','state_code','varchar',50,NULL,NULL,NULL,NULL,2,1,2,0,0,0,0,0,NULL,'created',1,0,1,'[{\"type\":\"rule\",\"value\":\"[{\\\"ciTypeId\\\":13},{\\\"ciTypeId\\\":13,\\\"parentRs\\\":{\\\"attrId\\\":186,\\\"isReferedFromParent\\\":1},\\\"enumCodeAttr\\\":\\\"code\\\"}]\"}]',0,NULL),(189,13,'确认日期','确认日期','text','fixed_date','varchar',19,NULL,NULL,NULL,NULL,3,1,3,1,0,0,0,0,NULL,'created',1,0,0,NULL,0,NULL),(190,13,'编码','编码','text','code','varchar',1000,NULL,NULL,NULL,NULL,4,1,4,0,0,0,1,0,NULL,'created',1,0,0,NULL,0,NULL),(191,13,'名称','大写字母数字和下划线组成的字符串','text','name','varchar',200,NULL,NULL,NULL,NULL,5,1,5,0,0,0,1,0,NULL,'created',0,0,0,NULL,0,'[A-Z][A-Z0-9_]*[A-Z0-9]'),(192,13,'网段用途','RDC | VPC | SUBNET | WNET | WAN | TON  |BON  | PTN','text','network_segment_usage','varchar',200,NULL,NULL,NULL,NULL,6,1,6,0,0,0,1,0,NULL,'created',0,0,0,NULL,0,'RDC|VPC|SUBNET|WNET|WAN|TON|BON|PTN'),(193,13,'数据中心设计','数据中心设计','ref','data_center_design','varchar',15,12,'关联',32,NULL,7,1,7,0,0,0,1,0,NULL,'created',0,0,0,NULL,0,NULL),(194,13,'子网掩码','0-32的数字','text','mask','varchar',200,NULL,NULL,NULL,NULL,8,1,8,0,0,0,1,0,NULL,'created',0,0,0,NULL,0,'([1-2][0-9]|3[0-2]|[0-9])'),(195,13,'父网段设计','父网段设计','ref','f_network_segment_design','varchar',15,13,'属于',29,'[{\"filter_1\":{\"left\":\"[{\\\"ciTypeId\\\":13},{\\\"ciTypeId\\\":13,\\\"parentRs\\\":{\\\"attrId\\\":192,\\\"isReferedFromParent\\\":1}}]\",\"operator\":\"in\",\"right\":[\"RDC\",\"VPC\",\"PTN\",\"WAN\",\"TON\",\"BON\"]}}]',9,1,9,1,0,0,1,0,NULL,'created',0,0,0,NULL,0,NULL),(196,13,'描述说明','描述说明','textArea','description','varchar',1000,NULL,NULL,NULL,NULL,13,1,13,1,0,0,1,0,NULL,'created',0,0,0,NULL,0,NULL),(197,14,'全局唯一ID','全局唯一ID','text','guid','varchar',15,NULL,NULL,NULL,NULL,0,0,0,0,1,0,0,0,NULL,'created',1,0,0,NULL,0,NULL),(198,14,'前全局唯一ID','前一版本数据的guid','text','p_guid','varchar',15,NULL,NULL,NULL,NULL,0,0,0,1,0,0,0,0,NULL,'created',1,0,0,NULL,1,NULL),(199,14,'根全局唯一ID','原始数据guid','text','r_guid','varchar',15,NULL,NULL,NULL,NULL,0,0,0,0,0,0,0,0,NULL,'created',1,0,0,NULL,0,NULL),(200,14,'更新用户','更新用户','text','updated_by','varchar',50,NULL,NULL,NULL,NULL,0,0,0,0,0,0,0,0,NULL,'created',1,0,0,NULL,1,NULL),(201,14,'更新日期','更新日期','date','updated_date','datetime',1,NULL,NULL,NULL,NULL,0,0,0,0,0,0,0,0,NULL,'created',1,0,0,NULL,1,NULL),(202,14,'创建用户','创建用户','text','created_by','varchar',50,NULL,NULL,NULL,NULL,0,0,0,0,0,0,0,0,NULL,'created',1,0,0,NULL,0,NULL),(203,14,'创建日期','创建日期','date','created_date','datetime',1,NULL,NULL,NULL,NULL,0,0,0,0,0,0,0,0,NULL,'created',1,0,0,NULL,0,NULL),(204,14,'状态','状态','select','state','int',15,7,NULL,NULL,NULL,0,0,0,0,0,0,0,0,NULL,'created',1,0,0,NULL,0,NULL),(205,14,'唯一名称','唯一名称','text','key_name','varchar',1000,NULL,NULL,NULL,NULL,1,1,1,0,1,0,0,0,NULL,'created',1,0,1,'[{\"type\":\"rule\",\"value\":\"[{\\\"ciTypeId\\\":14},{\\\"ciTypeId\\\":12,\\\"parentRs\\\":{\\\"attrId\\\":209,\\\"isReferedFromParent\\\":1}},{\\\"ciTypeId\\\":12,\\\"parentRs\\\":{\\\"attrId\\\":176,\\\"isReferedFromParent\\\":1}}]\"},{\"type\":\"delimiter\",\"value\":\"_\"},{\"type\":\"rule\",\"value\":\"[{\\\"ciTypeId\\\":14},{\\\"ciTypeId\\\":14,\\\"parentRs\\\":{\\\"attrId\\\":208,\\\"isReferedFromParent\\\":1}}]\"}]',0,NULL),(206,14,'状态编码','状态编码','text','state_code','varchar',50,NULL,NULL,NULL,NULL,2,1,2,0,0,0,0,0,NULL,'created',1,0,1,'[{\"type\":\"rule\",\"value\":\"[{\\\"ciTypeId\\\":14},{\\\"ciTypeId\\\":14,\\\"parentRs\\\":{\\\"attrId\\\":204,\\\"isReferedFromParent\\\":1},\\\"enumCodeAttr\\\":\\\"code\\\"}]\"}]',0,NULL),(207,14,'确认日期','确认日期','text','fixed_date','varchar',19,NULL,NULL,NULL,NULL,3,1,3,1,0,0,0,0,NULL,'created',1,0,0,NULL,0,NULL),(208,14,'编码','2-6位大写或小写英文字母','text','code','varchar',1000,NULL,NULL,NULL,NULL,4,1,4,0,0,0,1,0,NULL,'created',1,0,0,NULL,0,'[a-zA-Z]{2,6}'),(209,14,'数据中心设计','数据中心设计','ref','data_center_design','varchar',15,12,'属于',29,NULL,5,1,5,0,0,0,1,0,NULL,'created',0,0,0,NULL,0,NULL),(210,14,'网络区域层级','CLIENT | LINK | CORE','text','network_zone_layer','varchar',200,NULL,NULL,NULL,NULL,6,1,6,0,0,0,1,0,NULL,'created',0,0,0,NULL,0,'CLIENT|LINK|CORE'),(211,14,'网段设计','网段设计','ref','network_segment_design','varchar',15,13,'关联',32,'[{\"filter_1\":{\"left\":\"[{\\\"ciTypeId\\\":13},{\\\"ciTypeId\\\":13,\\\"parentRs\\\":{\\\"attrId\\\":192,\\\"isReferedFromParent\\\":1}}]\",\"operator\":\"in\",\"right\":[\"VPC\",\"WAN\",\"PTN\",\"BON\",\"TON\"]}}]',7,1,7,0,0,0,1,0,NULL,'created',0,0,0,NULL,0,NULL),(212,14,'描述说明','描述说明','textArea','description','varchar',1000,NULL,NULL,NULL,NULL,8,1,8,1,0,0,1,0,NULL,'created',0,0,0,NULL,0,NULL),(213,15,'全局唯一ID','全局唯一ID','text','guid','varchar',15,NULL,NULL,NULL,NULL,0,0,0,0,1,0,0,0,NULL,'created',1,0,0,NULL,0,NULL),(214,15,'前全局唯一ID','前一版本数据的guid','text','p_guid','varchar',15,NULL,NULL,NULL,NULL,0,0,0,1,0,0,0,0,NULL,'created',1,0,0,NULL,1,NULL),(215,15,'根全局唯一ID','原始数据guid','text','r_guid','varchar',15,NULL,NULL,NULL,NULL,0,0,0,0,0,0,0,0,NULL,'created',1,0,0,NULL,0,NULL),(216,15,'更新用户','更新用户','text','updated_by','varchar',50,NULL,NULL,NULL,NULL,0,0,0,0,0,0,0,0,NULL,'created',1,0,0,NULL,1,NULL),(217,15,'更新日期','更新日期','date','updated_date','datetime',1,NULL,NULL,NULL,NULL,0,0,0,0,0,0,0,0,NULL,'created',1,0,0,NULL,1,NULL),(218,15,'创建用户','创建用户','text','created_by','varchar',50,NULL,NULL,NULL,NULL,0,0,0,0,0,0,0,0,NULL,'created',1,0,0,NULL,0,NULL),(219,15,'创建日期','创建日期','date','created_date','datetime',1,NULL,NULL,NULL,NULL,0,0,0,0,0,0,0,0,NULL,'created',1,0,0,NULL,0,NULL),(220,15,'状态','状态','select','state','int',15,7,NULL,NULL,NULL,0,0,0,0,0,0,0,0,NULL,'created',1,0,0,NULL,0,NULL),(221,15,'唯一名称','唯一名称','text','key_name','varchar',1000,NULL,NULL,NULL,NULL,1,1,1,0,1,0,0,0,NULL,'created',1,0,1,'[{\"type\":\"rule\",\"value\":\"[{\\\"ciTypeId\\\":15},{\\\"ciTypeId\\\":13,\\\"parentRs\\\":{\\\"attrId\\\":225,\\\"isReferedFromParent\\\":1}},{\\\"ciTypeId\\\":12,\\\"parentRs\\\":{\\\"attrId\\\":193,\\\"isReferedFromParent\\\":1}},{\\\"ciTypeId\\\":12,\\\"parentRs\\\":{\\\"attrId\\\":176,\\\"isReferedFromParent\\\":1}}]\"},{\"type\":\"delimiter\",\"value\":\"_\"},{\"type\":\"rule\",\"value\":\"[{\\\"ciTypeId\\\":15},{\\\"ciTypeId\\\":13,\\\"parentRs\\\":{\\\"attrId\\\":225,\\\"isReferedFromParent\\\":1}},{\\\"ciTypeId\\\":13,\\\"parentRs\\\":{\\\"attrId\\\":191,\\\"isReferedFromParent\\\":1}}]\"},{\"type\":\"delimiter\",\"value\":\"__\"},{\"type\":\"rule\",\"value\":\"[{\\\"ciTypeId\\\":15},{\\\"ciTypeId\\\":15,\\\"parentRs\\\":{\\\"attrId\\\":227,\\\"isReferedFromParent\\\":1}}]\"},{\"type\":\"delimiter\",\"value\":\"_\"},{\"type\":\"rule\",\"value\":\"[{\\\"ciTypeId\\\":15},{\\\"ciTypeId\\\":15,\\\"parentRs\\\":{\\\"attrId\\\":230,\\\"isReferedFromParent\\\":1}}]\"},{\"type\":\"delimiter\",\"value\":\"__\"},{\"type\":\"rule\",\"value\":\"[{\\\"ciTypeId\\\":15},{\\\"ciTypeId\\\":13,\\\"parentRs\\\":{\\\"attrId\\\":226,\\\"isReferedFromParent\\\":1}},{\\\"ciTypeId\\\":12,\\\"parentRs\\\":{\\\"attrId\\\":193,\\\"isReferedFromParent\\\":1}},{\\\"ciTypeId\\\":12,\\\"parentRs\\\":{\\\"attrId\\\":176,\\\"isReferedFromParent\\\":1}}]\"},{\"type\":\"delimiter\",\"value\":\"_\"},{\"type\":\"rule\",\"value\":\"[{\\\"ciTypeId\\\":15},{\\\"ciTypeId\\\":13,\\\"parentRs\\\":{\\\"attrId\\\":226,\\\"isReferedFromParent\\\":1}},{\\\"ciTypeId\\\":13,\\\"parentRs\\\":{\\\"attrId\\\":191,\\\"isReferedFromParent\\\":1}}]\"}]',0,NULL),(222,15,'状态编码','状态编码','text','state_code','varchar',50,NULL,NULL,NULL,NULL,2,1,2,0,0,0,0,0,NULL,'created',1,0,1,'[{\"type\":\"rule\",\"value\":\"[{\\\"ciTypeId\\\":15},{\\\"ciTypeId\\\":15,\\\"parentRs\\\":{\\\"attrId\\\":220,\\\"isReferedFromParent\\\":1},\\\"enumCodeAttr\\\":\\\"code\\\"}]\"}]',0,NULL),(223,15,'确认日期','确认日期','text','fixed_date','varchar',19,NULL,NULL,NULL,NULL,3,1,3,1,0,0,0,0,NULL,'created',1,0,0,NULL,0,NULL),(224,15,'编码','编码','text','code','varchar',1000,NULL,NULL,NULL,NULL,4,1,4,0,0,0,0,0,NULL,'created',1,0,1,'[{\"type\":\"rule\",\"value\":\"[{\\\"ciTypeId\\\":15},{\\\"ciTypeId\\\":15,\\\"parentRs\\\":{\\\"attrId\\\":227,\\\"isReferedFromParent\\\":1}}]\"},{\"type\":\"delimiter\",\"value\":\"_\"},{\"type\":\"rule\",\"value\":\"[{\\\"ciTypeId\\\":15},{\\\"ciTypeId\\\":15,\\\"parentRs\\\":{\\\"attrId\\\":230,\\\"isReferedFromParent\\\":1}}]\"}]',0,NULL),(225,15,'属主网段设计','属主网段设计','ref','owner_network_segment_design','varchar',15,13,'关联',32,'[{\"filter_1\":{\"left\":\"[{\\\"ciTypeId\\\":13},{\\\"ciTypeId\\\":13,\\\"parentRs\\\":{\\\"attrId\\\":1122,\\\"isReferedFromParent\\\":1}}]\",\"operator\":\"in\",\"right\":[\"Y\"]}}]',5,1,5,0,0,0,1,0,NULL,'created',0,0,0,NULL,0,NULL),(226,15,'策略网段设计','策略网段设计','ref','policy_network_segment_design','varchar',15,13,'关联',32,NULL,6,1,6,0,0,0,1,0,NULL,'created',0,0,0,NULL,0,NULL),(227,15,'安全规则类型','ingress | egress','text','security_policy_type','varchar',200,NULL,NULL,NULL,NULL,7,1,7,0,0,0,1,0,NULL,'created',0,0,0,NULL,0,'ingress|egress'),(228,15,'安全规则行为','ACCEPT','text','security_policy_action','varchar',200,NULL,NULL,NULL,NULL,8,1,8,0,0,0,1,0,NULL,'created',0,0,0,NULL,0,'(ACCEPT)'),(229,15,'协议','TCP | UDP | ICMP','text','protocol','varchar',200,NULL,NULL,NULL,NULL,9,1,9,0,0,0,1,0,NULL,'created',0,0,0,NULL,0,'(TCP|UDP|ICMP)'),(230,15,'端口','数字或数字段，数字段位N1-N2格式','text','port','varchar',200,NULL,NULL,NULL,NULL,10,1,10,0,0,0,1,0,NULL,'created',0,0,0,NULL,0,'([1-9]\\d*)|([1-9]\\d*-[1-9]\\d*)|(-1)'),(231,15,'描述说明','描述说明','textArea','description','varchar',1000,NULL,NULL,NULL,NULL,11,1,11,1,0,0,1,0,NULL,'created',0,0,0,NULL,0,NULL),(232,16,'全局唯一ID','全局唯一ID','text','guid','varchar',15,NULL,NULL,NULL,NULL,0,0,0,0,1,0,0,0,NULL,'created',1,0,0,NULL,0,NULL),(233,16,'前全局唯一ID','前一版本数据的guid','text','p_guid','varchar',15,NULL,NULL,NULL,NULL,0,0,0,1,0,0,0,0,NULL,'created',1,0,0,NULL,1,NULL),(234,16,'根全局唯一ID','原始数据guid','text','r_guid','varchar',15,NULL,NULL,NULL,NULL,0,0,0,0,0,0,0,0,NULL,'created',1,0,0,NULL,0,NULL),(235,16,'更新用户','更新用户','text','updated_by','varchar',50,NULL,NULL,NULL,NULL,0,0,0,0,0,0,0,0,NULL,'created',1,0,0,NULL,1,NULL),(236,16,'更新日期','更新日期','date','updated_date','datetime',1,NULL,NULL,NULL,NULL,0,0,0,0,0,0,0,0,NULL,'created',1,0,0,NULL,1,NULL),(237,16,'创建用户','创建用户','text','created_by','varchar',50,NULL,NULL,NULL,NULL,0,0,0,0,0,0,0,0,NULL,'created',1,0,0,NULL,0,NULL),(238,16,'创建日期','创建日期','date','created_date','datetime',1,NULL,NULL,NULL,NULL,0,0,0,0,0,0,0,0,NULL,'created',1,0,0,NULL,0,NULL),(239,16,'状态','状态','select','state','int',15,7,NULL,NULL,NULL,0,0,0,0,0,0,0,0,NULL,'created',1,0,0,NULL,0,NULL),(240,16,'唯一名称','唯一名称','text','key_name','varchar',1000,NULL,NULL,NULL,NULL,1,1,1,0,1,0,0,0,NULL,'created',1,0,1,'[{\"type\":\"rule\",\"value\":\"[{\\\"ciTypeId\\\":16},{\\\"ciTypeId\\\":13,\\\"parentRs\\\":{\\\"attrId\\\":244,\\\"isReferedFromParent\\\":1}},{\\\"ciTypeId\\\":12,\\\"parentRs\\\":{\\\"attrId\\\":193,\\\"isReferedFromParent\\\":1}},{\\\"ciTypeId\\\":12,\\\"parentRs\\\":{\\\"attrId\\\":176,\\\"isReferedFromParent\\\":1}}]\"},{\"type\":\"delimiter\",\"value\":\"_\"},{\"type\":\"rule\",\"value\":\"[{\\\"ciTypeId\\\":16},{\\\"ciTypeId\\\":13,\\\"parentRs\\\":{\\\"attrId\\\":244,\\\"isReferedFromParent\\\":1}},{\\\"ciTypeId\\\":13,\\\"parentRs\\\":{\\\"attrId\\\":191,\\\"isReferedFromParent\\\":1}}]\"},{\"type\":\"delimiter\",\"value\":\"__\"},{\"type\":\"rule\",\"value\":\"[{\\\"ciTypeId\\\":16},{\\\"ciTypeId\\\":16,\\\"parentRs\\\":{\\\"attrId\\\":243,\\\"isReferedFromParent\\\":1}}]\"},{\"type\":\"delimiter\",\"value\":\"__\"},{\"type\":\"rule\",\"value\":\"[{\\\"ciTypeId\\\":16},{\\\"ciTypeId\\\":13,\\\"parentRs\\\":{\\\"attrId\\\":245,\\\"isReferedFromParent\\\":1}},{\\\"ciTypeId\\\":12,\\\"parentRs\\\":{\\\"attrId\\\":193,\\\"isReferedFromParent\\\":1}},{\\\"ciTypeId\\\":12,\\\"parentRs\\\":{\\\"attrId\\\":176,\\\"isReferedFromParent\\\":1}}]\"},{\"type\":\"delimiter\",\"value\":\"_\"},{\"type\":\"rule\",\"value\":\"[{\\\"ciTypeId\\\":16},{\\\"ciTypeId\\\":13,\\\"parentRs\\\":{\\\"attrId\\\":245,\\\"isReferedFromParent\\\":1}},{\\\"ciTypeId\\\":13,\\\"parentRs\\\":{\\\"attrId\\\":191,\\\"isReferedFromParent\\\":1}}]\"}]',0,NULL),(241,16,'状态编码','状态编码','text','state_code','varchar',50,NULL,NULL,NULL,NULL,2,1,2,0,0,0,0,0,NULL,'created',1,0,1,'[{\"type\":\"rule\",\"value\":\"[{\\\"ciTypeId\\\":16},{\\\"ciTypeId\\\":16,\\\"parentRs\\\":{\\\"attrId\\\":239,\\\"isReferedFromParent\\\":1},\\\"enumCodeAttr\\\":\\\"code\\\"}]\"}]',0,NULL),(242,16,'确认日期','确认日期','text','fixed_date','varchar',19,NULL,NULL,NULL,NULL,3,1,3,1,0,0,0,0,NULL,'created',1,0,0,NULL,0,NULL),(243,16,'编码','peer | nat | vpn | eip | direct','text','code','varchar',1000,NULL,NULL,NULL,NULL,4,1,4,0,0,0,1,0,NULL,'created',1,0,0,'',0,'peer|nat|vpn|eip|direct'),(244,16,'网段设计1','网段设计1','ref','network_segment_design_1','varchar',15,13,'关联',32,'[{\"filter_1\":{\"left\":\"[{\\\"ciTypeId\\\":13},{\\\"ciTypeId\\\":13,\\\"parentRs\\\":{\\\"attrId\\\":192,\\\"isReferedFromParent\\\":1}}]\",\"operator\":\"in\",\"right\":[\"VPC\",\"WAN\",\"PTN\",\"BON\",\"TON\"]}}]',5,1,5,0,0,0,1,0,NULL,'created',0,0,0,NULL,0,NULL),(245,16,'网段设计2','网段设计2','ref','network_segment_design_2','varchar',15,13,'关联',32,'[{\"filter_1\":{\"left\":\"[{\\\"ciTypeId\\\":13},{\\\"ciTypeId\\\":13,\\\"parentRs\\\":{\\\"attrId\\\":192,\\\"isReferedFromParent\\\":1}}]\",\"operator\":\"in\",\"right\":[\"VPC\"]},\"filter_2\":{\"left\":\"[{\\\"ciTypeId\\\":13},{\\\"ciTypeId\\\":12,\\\"parentRs\\\":{\\\"attrId\\\":193,\\\"isReferedFromParent\\\":1}},{\\\"ciTypeId\\\":12,\\\"parentRs\\\":{\\\"attrId\\\":165,\\\"isReferedFromParent\\\":1}}]\",\"operator\":\"in\",\"right\":\"[{\\\"ciTypeId\\\":16},{\\\"ciTypeId\\\":13,\\\"parentRs\\\":{\\\"attrId\\\":244,\\\"isReferedFromParent\\\":1}},{\\\"ciTypeId\\\":12,\\\"parentRs\\\":{\\\"attrId\\\":193,\\\"isReferedFromParent\\\":1}},{\\\"ciTypeId\\\":12,\\\"parentRs\\\":{\\\"attrId\\\":165,\\\"isReferedFromParent\\\":1}}]\"}}]',6,1,6,0,0,0,1,0,NULL,'created',0,0,0,NULL,0,NULL),(247,16,'描述说明','描述说明','textArea','description','varchar',1000,NULL,NULL,NULL,NULL,8,1,8,1,0,0,1,0,NULL,'created',0,0,0,NULL,0,NULL),(264,18,'全局唯一ID','全局唯一ID','text','guid','varchar',15,NULL,NULL,NULL,NULL,0,0,0,0,1,0,0,0,NULL,'created',1,0,0,NULL,0,NULL),(265,18,'前全局唯一ID','前一版本数据的guid','text','p_guid','varchar',15,NULL,NULL,NULL,NULL,0,0,0,1,0,0,0,0,NULL,'created',1,0,0,NULL,1,NULL),(266,18,'根全局唯一ID','原始数据guid','text','r_guid','varchar',15,NULL,NULL,NULL,NULL,0,0,0,0,0,0,0,0,NULL,'created',1,0,0,NULL,0,NULL),(267,18,'更新用户','更新用户','text','updated_by','varchar',50,NULL,NULL,NULL,NULL,0,0,0,0,0,0,0,0,NULL,'created',1,0,0,NULL,1,NULL),(268,18,'更新日期','更新日期','date','updated_date','datetime',1,NULL,NULL,NULL,NULL,0,0,0,0,0,0,0,0,NULL,'created',1,0,0,NULL,1,NULL),(269,18,'创建用户','创建用户','text','created_by','varchar',50,NULL,NULL,NULL,NULL,0,0,0,0,0,0,0,0,NULL,'created',1,0,0,NULL,0,NULL),(270,18,'创建日期','创建日期','date','created_date','datetime',1,NULL,NULL,NULL,NULL,0,0,0,0,0,0,0,0,NULL,'created',1,0,0,NULL,0,NULL),(271,18,'状态','状态','select','state','int',15,7,NULL,NULL,NULL,0,0,0,0,0,0,0,0,NULL,'created',1,0,0,NULL,0,NULL),(272,18,'唯一名称','唯一名称','text','key_name','varchar',1000,NULL,NULL,NULL,NULL,1,1,1,0,1,0,0,0,NULL,'created',1,0,1,'[{\"type\":\"rule\",\"value\":\"[{\\\"ciTypeId\\\":18},{\\\"ciTypeId\\\":18,\\\"parentRs\\\":{\\\"attrId\\\":275,\\\"isReferedFromParent\\\":1}}]\"}]',0,NULL),(273,18,'状态编码','状态编码','text','state_code','varchar',50,NULL,NULL,NULL,NULL,2,1,2,0,0,0,0,0,NULL,'created',1,0,1,'[{\"type\":\"rule\",\"value\":\"[{\\\"ciTypeId\\\":18},{\\\"ciTypeId\\\":18,\\\"parentRs\\\":{\\\"attrId\\\":271,\\\"isReferedFromParent\\\":1},\\\"enumCodeAttr\\\":\\\"code\\\"}]\"}]',0,NULL),(274,18,'确认日期','确认日期','text','fixed_date','varchar',19,NULL,NULL,NULL,NULL,3,1,3,1,0,0,0,0,NULL,'created',1,0,0,NULL,0,NULL),(275,18,'编码','字母开头的2-6位大写或小写英文字母数字组合','text','code','varchar',1000,NULL,NULL,NULL,NULL,4,1,4,0,0,0,1,0,NULL,'created',1,0,0,NULL,0,'[a-zA-Z][a-zA-Z0-9]{1,5}'),(279,18,'描述说明','描述说明','textArea','description','varchar',1000,NULL,NULL,NULL,NULL,8,1,8,1,0,0,1,0,NULL,'created',0,0,0,NULL,0,NULL),(280,19,'全局唯一ID','全局唯一ID','text','guid','varchar',15,NULL,NULL,NULL,NULL,0,0,0,0,1,0,0,0,NULL,'created',1,0,0,NULL,0,NULL),(281,19,'前全局唯一ID','前一版本数据的guid','text','p_guid','varchar',15,NULL,NULL,NULL,NULL,0,0,0,1,0,0,0,0,NULL,'created',1,0,0,NULL,1,NULL),(282,19,'根全局唯一ID','原始数据guid','text','r_guid','varchar',15,NULL,NULL,NULL,NULL,0,0,0,0,0,0,0,0,NULL,'created',1,0,0,NULL,0,NULL),(283,19,'更新用户','更新用户','text','updated_by','varchar',50,NULL,NULL,NULL,NULL,0,0,0,0,0,0,0,0,NULL,'created',1,0,0,NULL,1,NULL),(284,19,'更新日期','更新日期','date','updated_date','datetime',1,NULL,NULL,NULL,NULL,0,0,0,0,0,0,0,0,NULL,'created',1,0,0,NULL,1,NULL),(285,19,'创建用户','创建用户','text','created_by','varchar',50,NULL,NULL,NULL,NULL,0,0,0,0,0,0,0,0,NULL,'created',1,0,0,NULL,0,NULL),(286,19,'创建日期','创建日期','date','created_date','datetime',1,NULL,NULL,NULL,NULL,0,0,0,0,0,0,0,0,NULL,'created',1,0,0,NULL,0,NULL),(287,19,'状态','状态','select','state','int',15,7,NULL,NULL,NULL,0,0,0,0,0,0,0,0,NULL,'created',1,0,0,NULL,0,NULL),(288,19,'唯一名称','唯一名称','text','key_name','varchar',1000,NULL,NULL,NULL,NULL,1,1,1,0,1,0,0,0,NULL,'created',1,0,1,'[{\"type\":\"rule\",\"value\":\"[{\\\"ciTypeId\\\":19},{\\\"ciTypeId\\\":14,\\\"parentRs\\\":{\\\"attrId\\\":1134,\\\"isReferedFromParent\\\":1}},{\\\"ciTypeId\\\":12,\\\"parentRs\\\":{\\\"attrId\\\":209,\\\"isReferedFromParent\\\":1}},{\\\"ciTypeId\\\":12,\\\"parentRs\\\":{\\\"attrId\\\":176,\\\"isReferedFromParent\\\":1}}]\"},{\"type\":\"delimiter\",\"value\":\"_\"},{\"type\":\"rule\",\"value\":\"[{\\\"ciTypeId\\\":19},{\\\"ciTypeId\\\":14,\\\"parentRs\\\":{\\\"attrId\\\":1134,\\\"isReferedFromParent\\\":1}},{\\\"ciTypeId\\\":14,\\\"parentRs\\\":{\\\"attrId\\\":208,\\\"isReferedFromParent\\\":1}}]\"},{\"type\":\"delimiter\",\"value\":\"_\"},{\"type\":\"rule\",\"value\":\"[{\\\"ciTypeId\\\":19},{\\\"ciTypeId\\\":18,\\\"parentRs\\\":{\\\"attrId\\\":292,\\\"isReferedFromParent\\\":1}},{\\\"ciTypeId\\\":18,\\\"parentRs\\\":{\\\"attrId\\\":275,\\\"isReferedFromParent\\\":1}}]\"},{\"type\":\"delimiter\",\"value\":\"_\"},{\"type\":\"rule\",\"value\":\"[{\\\"ciTypeId\\\":19},{\\\"ciTypeId\\\":19,\\\"parentRs\\\":{\\\"attrId\\\":291,\\\"isReferedFromParent\\\":1}}]\"}]',0,NULL),(289,19,'状态编码','状态编码','text','state_code','varchar',50,NULL,NULL,NULL,NULL,2,1,2,0,0,0,0,0,NULL,'created',1,0,1,'[{\"type\":\"rule\",\"value\":\"[{\\\"ciTypeId\\\":19},{\\\"ciTypeId\\\":19,\\\"parentRs\\\":{\\\"attrId\\\":287,\\\"isReferedFromParent\\\":1},\\\"enumCodeAttr\\\":\\\"code\\\"}]\"}]',0,NULL),(290,19,'确认日期','确认日期','text','fixed_date','varchar',19,NULL,NULL,NULL,NULL,3,1,3,1,0,0,0,0,NULL,'created',1,0,0,NULL,0,NULL),(291,19,'编码','字母开头的2-6位大写或小写英文字母数字组合','text','code','varchar',1000,NULL,NULL,NULL,NULL,4,1,4,0,0,0,1,0,NULL,'created',1,0,0,NULL,0,'[a-zA-Z][a-zA-Z0-9]{1,5}'),(292,19,'业务区域设计','业务区域设计','ref','business_zone_design','varchar',15,18,'关联',32,NULL,7,1,7,1,0,0,1,0,NULL,'created',0,0,0,NULL,0,NULL),(293,19,'单元类型','单元类型','ref','unit_type','varchar',15,2,'关联',32,NULL,8,1,8,0,0,0,1,0,NULL,'created',0,0,0,NULL,0,NULL),(294,19,'网段设计','网段设计','ref','network_segment_design','varchar',15,13,'关联',32,'[{\"filter_1\":{\"left\":\"[{\\\"ciTypeId\\\":13},{\\\"ciTypeId\\\":13,\\\"parentRs\\\":{\\\"attrId\\\":195,\\\"isReferedFromParent\\\":1}},{\\\"ciTypeId\\\":13,\\\"parentRs\\\":{\\\"attrId\\\":179,\\\"isReferedFromParent\\\":1}}]\",\"operator\":\"in\",\"right\":\"[{\\\"ciTypeId\\\":19},{\\\"ciTypeId\\\":14,\\\"parentRs\\\":{\\\"attrId\\\":1134,\\\"isReferedFromParent\\\":1}},{\\\"ciTypeId\\\":13,\\\"parentRs\\\":{\\\"attrId\\\":211,\\\"isReferedFromParent\\\":1}},{\\\"ciTypeId\\\":13,\\\"parentRs\\\":{\\\"attrId\\\":179,\\\"isReferedFromParent\\\":1}}]\"}}]',6,1,6,0,0,0,1,0,NULL,'created',0,0,0,NULL,0,NULL),(295,19,'描述说明','描述说明','textArea','description','varchar',1000,NULL,NULL,NULL,NULL,10,1,10,1,0,0,1,0,NULL,'created',0,0,0,NULL,0,NULL),(296,20,'全局唯一ID','全局唯一ID','text','guid','varchar',15,NULL,NULL,NULL,NULL,0,0,0,0,1,0,0,0,NULL,'created',1,0,0,NULL,0,NULL),(297,20,'前全局唯一ID','前一版本数据的guid','text','p_guid','varchar',15,NULL,NULL,NULL,NULL,0,0,0,1,0,0,0,0,NULL,'created',1,0,0,NULL,1,NULL),(298,20,'根全局唯一ID','原始数据guid','text','r_guid','varchar',15,NULL,NULL,NULL,NULL,0,0,0,0,0,0,0,0,NULL,'created',1,0,0,NULL,0,NULL),(299,20,'更新用户','更新用户','text','updated_by','varchar',50,NULL,NULL,NULL,NULL,0,0,0,0,0,0,0,0,NULL,'created',1,0,0,NULL,1,NULL),(300,20,'更新日期','更新日期','date','updated_date','datetime',1,NULL,NULL,NULL,NULL,0,0,0,0,0,0,0,0,NULL,'created',1,0,0,NULL,1,NULL),(301,20,'创建用户','创建用户','text','created_by','varchar',50,NULL,NULL,NULL,NULL,0,0,0,0,0,0,0,0,NULL,'created',1,0,0,NULL,0,NULL),(302,20,'创建日期','创建日期','date','created_date','datetime',1,NULL,NULL,NULL,NULL,0,0,0,0,0,0,0,0,NULL,'created',1,0,0,NULL,0,NULL),(303,20,'状态','状态','select','state','int',15,7,NULL,NULL,NULL,0,0,0,0,0,0,0,0,NULL,'created',1,0,0,NULL,0,NULL),(304,20,'唯一名称','唯一名称','text','key_name','varchar',1000,NULL,NULL,NULL,NULL,1,1,1,0,1,0,0,0,NULL,'created',1,0,1,'[{\"type\":\"rule\",\"value\":\"[{\\\"ciTypeId\\\":20},{\\\"ciTypeId\\\":13,\\\"parentRs\\\":{\\\"attrId\\\":308,\\\"isReferedFromParent\\\":1}},{\\\"ciTypeId\\\":12,\\\"parentRs\\\":{\\\"attrId\\\":193,\\\"isReferedFromParent\\\":1}},{\\\"ciTypeId\\\":12,\\\"parentRs\\\":{\\\"attrId\\\":176,\\\"isReferedFromParent\\\":1}}]\"},{\"type\":\"delimiter\",\"value\":\"_\"},{\"type\":\"rule\",\"value\":\"[{\\\"ciTypeId\\\":20},{\\\"ciTypeId\\\":13,\\\"parentRs\\\":{\\\"attrId\\\":308,\\\"isReferedFromParent\\\":1}},{\\\"ciTypeId\\\":13,\\\"parentRs\\\":{\\\"attrId\\\":191,\\\"isReferedFromParent\\\":1}}]\"},{\"type\":\"delimiter\",\"value\":\"__\"},{\"type\":\"rule\",\"value\":\"[{\\\"ciTypeId\\\":20},{\\\"ciTypeId\\\":16,\\\"parentRs\\\":{\\\"attrId\\\":310,\\\"isReferedFromParent\\\":1}},{\\\"ciTypeId\\\":16,\\\"parentRs\\\":{\\\"attrId\\\":243,\\\"isReferedFromParent\\\":1}}]\"},{\"type\":\"delimiter\",\"value\":\"__\"},{\"type\":\"rule\",\"value\":\"[{\\\"ciTypeId\\\":20},{\\\"ciTypeId\\\":13,\\\"parentRs\\\":{\\\"attrId\\\":309,\\\"isReferedFromParent\\\":1}},{\\\"ciTypeId\\\":12,\\\"parentRs\\\":{\\\"attrId\\\":193,\\\"isReferedFromParent\\\":1}},{\\\"ciTypeId\\\":12,\\\"parentRs\\\":{\\\"attrId\\\":176,\\\"isReferedFromParent\\\":1}}]\"},{\"type\":\"delimiter\",\"value\":\"_\"},{\"type\":\"rule\",\"value\":\"[{\\\"ciTypeId\\\":20},{\\\"ciTypeId\\\":13,\\\"parentRs\\\":{\\\"attrId\\\":309,\\\"isReferedFromParent\\\":1}},{\\\"ciTypeId\\\":13,\\\"parentRs\\\":{\\\"attrId\\\":191,\\\"isReferedFromParent\\\":1}}]\"}]',0,NULL),(305,20,'状态编码','状态编码','text','state_code','varchar',50,NULL,NULL,NULL,NULL,2,1,2,0,0,0,0,0,NULL,'created',1,0,1,'[{\"type\":\"rule\",\"value\":\"[{\\\"ciTypeId\\\":20},{\\\"ciTypeId\\\":20,\\\"parentRs\\\":{\\\"attrId\\\":303,\\\"isReferedFromParent\\\":1},\\\"enumCodeAttr\\\":\\\"code\\\"}]\"}]',0,NULL),(306,20,'确认日期','确认日期','text','fixed_date','varchar',19,NULL,NULL,NULL,NULL,3,1,3,1,0,0,0,0,NULL,'created',1,0,0,NULL,0,NULL),(307,20,'编码','编码','text','code','varchar',1000,NULL,NULL,NULL,NULL,4,1,4,0,0,0,0,0,NULL,'created',1,0,1,'[{\"type\":\"rule\",\"value\":\"[{\\\"ciTypeId\\\":20},{\\\"ciTypeId\\\":16,\\\"parentRs\\\":{\\\"attrId\\\":310,\\\"isReferedFromParent\\\":1}},{\\\"ciTypeId\\\":16,\\\"parentRs\\\":{\\\"attrId\\\":243,\\\"isReferedFromParent\\\":1}}]\"}]',0,NULL),(308,20,'属主网段设计','属主网段设计','ref','owner_network_segment_design','varchar',15,13,'属于',29,'[{\"filter_1\":{\"left\":\"[{\\\"ciTypeId\\\":13},{\\\"ciTypeId\\\":13,\\\"parentRs\\\":{\\\"attrId\\\":1008,\\\"isReferedFromParent\\\":1}}]\",\"operator\":\"in\",\"right\":[\"Y\"]}}]',5,1,5,0,0,0,1,0,NULL,'created',0,0,0,NULL,0,NULL),(309,20,'目标网段设计','目标网段设计','ref','dest_network_segment_design','varchar',15,13,'关联',32,NULL,6,1,6,0,0,0,1,0,NULL,'created',0,0,0,NULL,0,NULL),(310,20,'网络连接设计','网络连接设计','ref','network_zone_link_design','varchar',15,16,'关联',32,NULL,7,1,7,0,0,0,1,0,NULL,'created',0,0,0,NULL,0,NULL),(311,20,'描述说明','描述说明','textArea','description','varchar',1000,NULL,NULL,NULL,NULL,8,1,8,1,0,0,1,0,NULL,'created',0,0,0,NULL,0,NULL),(312,21,'全局唯一ID','全局唯一ID','text','guid','varchar',15,NULL,NULL,NULL,NULL,0,0,0,0,1,0,0,0,NULL,'created',1,0,0,NULL,0,NULL),(313,21,'前全局唯一ID','前一版本数据的guid','text','p_guid','varchar',15,NULL,NULL,NULL,NULL,0,0,0,1,0,0,0,0,NULL,'created',1,0,0,NULL,1,NULL),(314,21,'根全局唯一ID','原始数据guid','text','r_guid','varchar',15,NULL,NULL,NULL,NULL,0,0,0,0,0,0,0,0,NULL,'created',1,0,0,NULL,0,NULL),(315,21,'更新用户','更新用户','text','updated_by','varchar',50,NULL,NULL,NULL,NULL,0,0,0,0,0,0,0,0,NULL,'created',1,0,0,NULL,1,NULL),(316,21,'更新日期','更新日期','date','updated_date','datetime',1,NULL,NULL,NULL,NULL,0,0,0,0,0,0,0,0,NULL,'created',1,0,0,NULL,1,NULL),(317,21,'创建用户','创建用户','text','created_by','varchar',50,NULL,NULL,NULL,NULL,0,0,0,0,0,0,0,0,NULL,'created',1,0,0,NULL,0,NULL),(318,21,'创建日期','创建日期','date','created_date','datetime',1,NULL,NULL,NULL,NULL,0,0,0,0,0,0,0,0,NULL,'created',1,0,0,NULL,0,NULL),(319,21,'状态','状态','select','state','int',15,7,NULL,NULL,NULL,0,0,0,0,0,0,0,0,NULL,'created',1,0,0,NULL,0,NULL),(320,21,'唯一名称','唯一名称','text','key_name','varchar',1000,NULL,NULL,NULL,NULL,1,1,1,0,1,0,0,0,NULL,'created',1,0,1,'[{\"type\":\"rule\",\"value\":\"[{\\\"ciTypeId\\\":21},{\\\"ciTypeId\\\":19,\\\"parentRs\\\":{\\\"attrId\\\":324,\\\"isReferedFromParent\\\":1}},{\\\"ciTypeId\\\":19,\\\"parentRs\\\":{\\\"attrId\\\":288,\\\"isReferedFromParent\\\":1}}]\"},{\"type\":\"delimiter\",\"value\":\"-->>--\"},{\"type\":\"rule\",\"value\":\"[{\\\"ciTypeId\\\":21},{\\\"ciTypeId\\\":19,\\\"parentRs\\\":{\\\"attrId\\\":325,\\\"isReferedFromParent\\\":1}},{\\\"ciTypeId\\\":19,\\\"parentRs\\\":{\\\"attrId\\\":288,\\\"isReferedFromParent\\\":1}}]\"}]',0,NULL),(321,21,'状态编码','状态编码','text','state_code','varchar',50,NULL,NULL,NULL,NULL,2,1,2,0,0,0,0,0,NULL,'created',1,0,1,'[{\"type\":\"rule\",\"value\":\"[{\\\"ciTypeId\\\":21},{\\\"ciTypeId\\\":21,\\\"parentRs\\\":{\\\"attrId\\\":319,\\\"isReferedFromParent\\\":1},\\\"enumCodeAttr\\\":\\\"code\\\"}]\"}]',0,NULL),(322,21,'确认日期','确认日期','text','fixed_date','varchar',19,NULL,NULL,NULL,NULL,3,1,3,1,0,0,0,0,NULL,'created',1,0,0,NULL,0,NULL),(323,21,'编码','编码','text','code','varchar',1000,NULL,NULL,NULL,NULL,4,1,4,0,0,0,0,0,NULL,'created',1,0,1,'[{\"type\":\"rule\",\"value\":\"[{\\\"ciTypeId\\\":21},{\\\"ciTypeId\\\":19,\\\"parentRs\\\":{\\\"attrId\\\":324,\\\"isReferedFromParent\\\":1}},{\\\"ciTypeId\\\":19,\\\"parentRs\\\":{\\\"attrId\\\":291,\\\"isReferedFromParent\\\":1}}]\"},{\"type\":\"delimiter\",\"value\":\"-->>--\"},{\"type\":\"rule\",\"value\":\"[{\\\"ciTypeId\\\":21},{\\\"ciTypeId\\\":19,\\\"parentRs\\\":{\\\"attrId\\\":325,\\\"isReferedFromParent\\\":1}},{\\\"ciTypeId\\\":19,\\\"parentRs\\\":{\\\"attrId\\\":291,\\\"isReferedFromParent\\\":1}}]\"}]',0,NULL),(324,21,'调用资源集合设计','调用资源集合设计','ref','invoke_resource_set_design','varchar',15,19,'关联',32,NULL,5,1,5,1,0,0,1,0,NULL,'created',0,0,0,NULL,0,NULL),(325,21,'被调用资源集合设计','被调用资源集合设计','ref','invoked_resource_set_design','varchar',15,19,'关联',32,NULL,6,1,6,1,0,0,1,0,NULL,'created',0,0,0,NULL,0,NULL),(326,21,'描述说明','描述说明','textArea','description','varchar',1000,NULL,NULL,NULL,NULL,7,1,7,1,0,0,1,0,NULL,'created',0,0,0,NULL,0,NULL),(327,22,'全局唯一ID','全局唯一ID','text','guid','varchar',15,NULL,NULL,NULL,NULL,0,0,0,0,1,0,0,0,NULL,'created',1,0,0,NULL,0,NULL),(328,22,'前全局唯一ID','前一版本数据的guid','text','p_guid','varchar',15,NULL,NULL,NULL,NULL,0,0,0,1,0,0,0,0,NULL,'created',1,0,0,NULL,1,NULL),(329,22,'根全局唯一ID','原始数据guid','text','r_guid','varchar',15,NULL,NULL,NULL,NULL,0,0,0,0,0,0,0,0,NULL,'created',1,0,0,NULL,0,NULL),(330,22,'更新用户','更新用户','text','updated_by','varchar',50,NULL,NULL,NULL,NULL,0,0,0,0,0,0,0,0,NULL,'created',1,0,0,NULL,1,NULL),(331,22,'更新日期','更新日期','date','updated_date','datetime',1,NULL,NULL,NULL,NULL,0,0,0,0,0,0,0,0,NULL,'created',1,0,0,NULL,1,NULL),(332,22,'创建用户','创建用户','text','created_by','varchar',50,NULL,NULL,NULL,NULL,0,0,0,0,0,0,0,0,NULL,'created',1,0,0,NULL,0,NULL),(333,22,'创建日期','创建日期','date','created_date','datetime',1,NULL,NULL,NULL,NULL,0,0,0,0,0,0,0,0,NULL,'created',1,0,0,NULL,0,NULL),(334,22,'状态','状态','select','state','int',15,8,NULL,NULL,NULL,0,0,0,0,0,0,0,0,NULL,'created',1,0,0,NULL,0,NULL),(335,22,'唯一名称','唯一名称','text','key_name','varchar',1000,NULL,NULL,NULL,NULL,1,1,1,0,1,0,0,0,NULL,'created',1,0,1,'[{\"type\":\"rule\",\"value\":\"[{\\\"ciTypeId\\\":22},{\\\"ciTypeId\\\":22,\\\"parentRs\\\":{\\\"attrId\\\":338,\\\"isReferedFromParent\\\":1}}]\"}]',0,NULL),(336,22,'状态编码','状态编码','text','state_code','varchar',50,NULL,NULL,NULL,NULL,2,1,2,0,0,0,0,0,NULL,'created',1,0,1,'[{\"type\":\"rule\",\"value\":\"[{\\\"ciTypeId\\\":22},{\\\"ciTypeId\\\":22,\\\"parentRs\\\":{\\\"attrId\\\":334,\\\"isReferedFromParent\\\":1},\\\"enumCodeAttr\\\":\\\"code\\\"}]\"}]',0,NULL),(337,22,'确认日期','确认日期','text','fixed_date','varchar',19,NULL,NULL,NULL,NULL,3,1,3,1,0,0,0,0,NULL,'created',1,0,0,NULL,0,NULL),(338,22,'编码','字母开头的2-6位大写或小写英文字母数字组合','text','code','varchar',1000,NULL,NULL,NULL,NULL,4,1,4,0,0,0,1,0,NULL,'created',1,0,0,NULL,0,'[A-Z][A-Z0-9_]*[A-Z0-9]'),(339,22,'名称','名称','text','name','varchar',200,NULL,NULL,NULL,NULL,5,1,5,0,0,0,1,0,NULL,'created',0,0,0,NULL,0,NULL),(340,22,'数据中心设计','数据中心设计','ref','data_center_design','varchar',15,12,'实现',33,NULL,6,1,6,0,0,0,1,0,NULL,'created',0,0,0,NULL,0,NULL),(341,22,'云厂商','云厂商','ref','cloud_vendor','varchar',15,6,'属于',29,NULL,7,1,7,0,0,0,1,0,NULL,'created',0,0,0,NULL,0,NULL),(342,22,'数据中心类型','REGION | ZONE |ENTERPRISE','text','data_center_type','varchar',200,NULL,NULL,NULL,NULL,8,1,8,0,0,0,1,0,NULL,'created',0,0,0,NULL,0,'REGION|ZONE|ENTERPRISE'),(343,22,'地域数据中心','地域数据中心','ref','regional_data_center','varchar',15,22,'关联',32,'[{\"filter_1\":{\"left\":\"[{\\\"ciTypeId\\\":22},{\\\"ciTypeId\\\":22,\\\"parentRs\\\":{\\\"attrId\\\":342,\\\"isReferedFromParent\\\":1}}]\",\"operator\":\"in\",\"right\":[\"REGION\",\"ENTERPRISE\"]}}]',9,1,9,1,0,0,1,0,NULL,'created',0,0,0,NULL,0,NULL),(344,22,'部署环境','部署环境','multiRef','deploy_environment','varchar',1000,3,'关联',32,NULL,10,1,10,0,0,0,1,0,NULL,'created',0,0,0,NULL,0,NULL),(345,22,'位置','位置','text','location','varchar',200,NULL,NULL,NULL,NULL,13,1,13,0,0,0,1,0,NULL,'created',0,0,0,NULL,0,NULL),(346,22,'云用户ID','云用户ID','text','cloud_uid','varchar',200,NULL,NULL,NULL,NULL,14,1,14,1,0,0,1,0,NULL,'created',0,0,0,NULL,0,NULL),(347,22,'描述说明','描述说明','textArea','description','varchar',1000,NULL,NULL,NULL,NULL,16,1,16,1,0,0,1,0,NULL,'created',0,0,0,'',0,NULL),(348,23,'全局唯一ID','全局唯一ID','text','guid','varchar',15,NULL,NULL,NULL,NULL,0,0,0,0,1,0,0,0,NULL,'created',1,0,0,NULL,0,NULL),(349,23,'前全局唯一ID','前一版本数据的guid','text','p_guid','varchar',15,NULL,NULL,NULL,NULL,0,0,0,1,0,0,0,0,NULL,'created',1,0,0,NULL,1,NULL),(350,23,'根全局唯一ID','原始数据guid','text','r_guid','varchar',15,NULL,NULL,NULL,NULL,0,0,0,0,0,0,0,0,NULL,'created',1,0,0,NULL,0,NULL),(351,23,'更新用户','更新用户','text','updated_by','varchar',50,NULL,NULL,NULL,NULL,0,0,0,0,0,0,0,0,NULL,'created',1,0,0,NULL,1,NULL),(352,23,'更新日期','更新日期','date','updated_date','datetime',1,NULL,NULL,NULL,NULL,0,0,0,0,0,0,0,0,NULL,'created',1,0,0,NULL,1,NULL),(353,23,'创建用户','创建用户','text','created_by','varchar',50,NULL,NULL,NULL,NULL,0,0,0,0,0,0,0,0,NULL,'created',1,0,0,NULL,0,NULL),(354,23,'创建日期','创建日期','date','created_date','datetime',1,NULL,NULL,NULL,NULL,0,0,0,0,0,0,0,0,NULL,'created',1,0,0,NULL,0,NULL),(355,23,'状态','状态','select','state','int',15,8,NULL,NULL,NULL,0,0,0,0,0,0,0,0,NULL,'created',1,0,0,NULL,0,NULL),(356,23,'唯一名称','唯一名称','text','key_name','varchar',1000,NULL,NULL,NULL,NULL,1,1,1,0,1,0,0,0,NULL,'created',1,0,1,'[{\"type\":\"rule\",\"value\":\"[{\\\"ciTypeId\\\":23},{\\\"ciTypeId\\\":23,\\\"parentRs\\\":{\\\"attrId\\\":359,\\\"isReferedFromParent\\\":1}}]\"},{\"type\":\"delimiter\",\"value\":\"__\"},{\"type\":\"rule\",\"value\":\"[{\\\"ciTypeId\\\":23},{\\\"ciTypeId\\\":22,\\\"parentRs\\\":{\\\"attrId\\\":361,\\\"isReferedFromParent\\\":1}},{\\\"ciTypeId\\\":22,\\\"parentRs\\\":{\\\"attrId\\\":338,\\\"isReferedFromParent\\\":1}}]\"},{\"type\":\"delimiter\",\"value\":\"_\"},{\"type\":\"rule\",\"value\":\"[{\\\"ciTypeId\\\":23},{\\\"ciTypeId\\\":13,\\\"parentRs\\\":{\\\"attrId\\\":362,\\\"isReferedFromParent\\\":1}},{\\\"ciTypeId\\\":13,\\\"parentRs\\\":{\\\"attrId\\\":191,\\\"isReferedFromParent\\\":1}}]\"},{\"type\":\"rule\",\"value\":\"[{\\\"ciTypeId\\\":23},{\\\"ciTypeId\\\":23,\\\"parentRs\\\":{\\\"attrId\\\":1126,\\\"isReferedFromParent\\\":1}}]\"}]',0,NULL),(357,23,'状态编码','状态编码','text','state_code','varchar',50,NULL,NULL,NULL,NULL,2,1,2,0,0,0,0,0,NULL,'created',1,0,1,'[{\"type\":\"rule\",\"value\":\"[{\\\"ciTypeId\\\":23},{\\\"ciTypeId\\\":23,\\\"parentRs\\\":{\\\"attrId\\\":355,\\\"isReferedFromParent\\\":1},\\\"enumCodeAttr\\\":\\\"code\\\"}]\"}]',0,NULL),(358,23,'确认日期','确认日期','text','fixed_date','varchar',19,NULL,NULL,NULL,NULL,3,1,3,1,0,0,0,0,NULL,'created',1,0,0,NULL,0,NULL),(359,23,'编码','N.N.N.N/M','text','code','varchar',1000,NULL,NULL,NULL,NULL,4,1,4,0,0,0,1,0,NULL,'created',0,0,0,NULL,0,'(?=(\\b|\\D))(((\\d{1,2})|(1\\d{1,2})|(2[0-4]\\d)|(25[0-5]))\\.){3}((\\d{1,2})|(1\\d{1,2})|(2[0-4]\\d)|(25[0-5]))(?=(\\b|\\D))/([1-2][0-9]|3[0-2]|[0-9])'),(360,23,'名称','名称','text','name','varchar',200,NULL,NULL,NULL,NULL,5,1,5,0,0,0,0,0,NULL,'created',0,0,1,'[{\"type\":\"rule\",\"value\":\"[{\\\"ciTypeId\\\":23},{\\\"ciTypeId\\\":22,\\\"parentRs\\\":{\\\"attrId\\\":361,\\\"isReferedFromParent\\\":1}},{\\\"ciTypeId\\\":22,\\\"parentRs\\\":{\\\"attrId\\\":338,\\\"isReferedFromParent\\\":1}}]\"},{\"type\":\"delimiter\",\"value\":\"_\"},{\"type\":\"rule\",\"value\":\"[{\\\"ciTypeId\\\":23},{\\\"ciTypeId\\\":13,\\\"parentRs\\\":{\\\"attrId\\\":362,\\\"isReferedFromParent\\\":1}},{\\\"ciTypeId\\\":13,\\\"parentRs\\\":{\\\"attrId\\\":191,\\\"isReferedFromParent\\\":1}}]\"},{\"type\":\"rule\",\"value\":\"[{\\\"ciTypeId\\\":23},{\\\"ciTypeId\\\":23,\\\"parentRs\\\":{\\\"attrId\\\":1126,\\\"isReferedFromParent\\\":1}}]\"}]',0,NULL),(361,23,'数据中心','数据中心','ref','data_center','varchar',15,22,'关联',32,NULL,7,1,7,0,0,0,1,0,NULL,'created',0,0,0,NULL,0,NULL),(362,23,'网段设计','网段设计','ref','network_segment_design','varchar',15,13,'实现',33,'[{\"filter_1\":{\"left\":\"[{\\\"ciTypeId\\\":13},{\\\"ciTypeId\\\":13,\\\"parentRs\\\":{\\\"attrId\\\":179,\\\"isReferedFromParent\\\":1}}]\",\"operator\":\"in\",\"right\":\"[{\\\"ciTypeId\\\":23},{\\\"ciTypeId\\\":22,\\\"parentRs\\\":{\\\"attrId\\\":361,\\\"isReferedFromParent\\\":1}},{\\\"ciTypeId\\\":12,\\\"parentRs\\\":{\\\"attrId\\\":340,\\\"isReferedFromParent\\\":1}},{\\\"ciTypeId\\\":13,\\\"parentRs\\\":{\\\"attrId\\\":193,\\\"isReferedFromParent\\\":0}},{\\\"ciTypeId\\\":13,\\\"parentRs\\\":{\\\"attrId\\\":179,\\\"isReferedFromParent\\\":1}}]\"}}]',8,1,8,0,0,0,1,0,NULL,'created',0,0,0,NULL,0,NULL),(363,23,'网段用途','自动填充','text','network_segment_usage','varchar',200,NULL,NULL,NULL,NULL,10,1,10,0,0,0,0,0,NULL,'created',0,0,1,'[{\"type\":\"rule\",\"value\":\"[{\\\"ciTypeId\\\":23},{\\\"ciTypeId\\\":13,\\\"parentRs\\\":{\\\"attrId\\\":362,\\\"isReferedFromParent\\\":1}},{\\\"ciTypeId\\\":13,\\\"parentRs\\\":{\\\"attrId\\\":192,\\\"isReferedFromParent\\\":1}}]\"}]',0,NULL),(364,23,'子网掩码','自动填充','text','mask','varchar',200,NULL,NULL,NULL,NULL,11,1,11,0,0,0,0,0,NULL,'created',0,0,1,'[{\"type\":\"rule\",\"value\":\"[{\\\"ciTypeId\\\":23},{\\\"ciTypeId\\\":13,\\\"parentRs\\\":{\\\"attrId\\\":362,\\\"isReferedFromParent\\\":1}},{\\\"ciTypeId\\\":13,\\\"parentRs\\\":{\\\"attrId\\\":194,\\\"isReferedFromParent\\\":1}}]\"}]',0,'([1-2][0-9]|3[0-2]|[0-9])'),(365,23,'网关IP地址','网关IP地址','text','gateway_ip','varchar',200,NULL,NULL,0,NULL,12,1,12,1,0,0,1,0,NULL,'created',0,0,0,NULL,0,NULL),(366,23,'父网段','父网段','ref','f_network_segment','varchar',15,23,'属于',29,'[{\"filter_1\":{\"left\":\"[{\\\"ciTypeId\\\":23},{\\\"ciTypeId\\\":13,\\\"parentRs\\\":{\\\"attrId\\\":362,\\\"isReferedFromParent\\\":1}},{\\\"ciTypeId\\\":13,\\\"parentRs\\\":{\\\"attrId\\\":179,\\\"isReferedFromParent\\\":1}}]\",\"operator\":\"in\",\"right\":\"[{\\\"ciTypeId\\\":23},{\\\"ciTypeId\\\":13,\\\"parentRs\\\":{\\\"attrId\\\":362,\\\"isReferedFromParent\\\":1}},{\\\"ciTypeId\\\":13,\\\"parentRs\\\":{\\\"attrId\\\":195,\\\"isReferedFromParent\\\":1}},{\\\"ciTypeId\\\":13,\\\"parentRs\\\":{\\\"attrId\\\":179,\\\"isReferedFromParent\\\":1}}]\"}}]',9,1,9,1,0,0,1,0,NULL,'created',0,0,0,NULL,0,NULL),(367,23,'VPC资产ID','VPC资产ID','text','vpc_asset_id','varchar',200,NULL,NULL,NULL,NULL,13,1,13,1,0,0,1,0,NULL,'created',0,0,0,NULL,0,NULL),(368,23,'子网资产ID','子网资产ID','text','subnet_asset_id','varchar',200,NULL,NULL,NULL,NULL,14,1,14,1,0,0,1,0,NULL,'created',0,0,0,NULL,0,NULL),(369,23,'路由表资产ID','路由表资产ID','text','route_table_asset_id','varchar',200,NULL,NULL,NULL,NULL,16,1,16,1,0,0,1,0,NULL,'created',0,0,0,NULL,0,NULL),(370,23,'描述说明','描述说明','textArea','description','varchar',1000,NULL,NULL,NULL,NULL,21,1,21,1,0,0,1,0,NULL,'created',0,0,0,NULL,0,NULL),(371,24,'全局唯一ID','全局唯一ID','text','guid','varchar',15,NULL,NULL,NULL,NULL,0,0,0,0,1,0,0,0,NULL,'created',1,0,0,NULL,0,NULL),(372,24,'前全局唯一ID','前一版本数据的guid','text','p_guid','varchar',15,NULL,NULL,NULL,NULL,0,0,0,1,0,0,0,0,NULL,'created',1,0,0,NULL,1,NULL),(373,24,'根全局唯一ID','原始数据guid','text','r_guid','varchar',15,NULL,NULL,NULL,NULL,0,0,0,0,0,0,0,0,NULL,'created',1,0,0,NULL,0,NULL),(374,24,'更新用户','更新用户','text','updated_by','varchar',50,NULL,NULL,NULL,NULL,0,0,0,0,0,0,0,0,NULL,'created',1,0,0,NULL,1,NULL),(375,24,'更新日期','更新日期','date','updated_date','datetime',1,NULL,NULL,NULL,NULL,0,0,0,0,0,0,0,0,NULL,'created',1,0,0,NULL,1,NULL),(376,24,'创建用户','创建用户','text','created_by','varchar',50,NULL,NULL,NULL,NULL,0,0,0,0,0,0,0,0,NULL,'created',1,0,0,NULL,0,NULL),(377,24,'创建日期','创建日期','date','created_date','datetime',1,NULL,NULL,NULL,NULL,0,0,0,0,0,0,0,0,NULL,'created',1,0,0,NULL,0,NULL),(378,24,'状态','状态','select','state','int',15,8,NULL,NULL,NULL,0,0,0,0,0,0,0,0,NULL,'created',1,0,0,NULL,0,NULL),(379,24,'唯一名称','唯一名称','text','key_name','varchar',1000,NULL,NULL,NULL,NULL,1,1,1,0,1,0,0,0,NULL,'created',1,0,1,'[{\"type\":\"rule\",\"value\":\"[{\\\"ciTypeId\\\":24},{\\\"ciTypeId\\\":22,\\\"parentRs\\\":{\\\"attrId\\\":383,\\\"isReferedFromParent\\\":1}},{\\\"ciTypeId\\\":22,\\\"parentRs\\\":{\\\"attrId\\\":338,\\\"isReferedFromParent\\\":1}}]\"},{\"type\":\"delimiter\",\"value\":\"_\"},{\"type\":\"rule\",\"value\":\"[{\\\"ciTypeId\\\":24},{\\\"ciTypeId\\\":14,\\\"parentRs\\\":{\\\"attrId\\\":384,\\\"isReferedFromParent\\\":1}},{\\\"ciTypeId\\\":14,\\\"parentRs\\\":{\\\"attrId\\\":208,\\\"isReferedFromParent\\\":1}}]\"}]',0,NULL),(380,24,'状态编码','状态编码','text','state_code','varchar',50,NULL,NULL,NULL,NULL,2,1,2,0,0,0,0,0,NULL,'created',1,0,1,'[{\"type\":\"rule\",\"value\":\"[{\\\"ciTypeId\\\":24},{\\\"ciTypeId\\\":24,\\\"parentRs\\\":{\\\"attrId\\\":378,\\\"isReferedFromParent\\\":1},\\\"enumCodeAttr\\\":\\\"code\\\"}]\"}]',0,NULL),(381,24,'确认日期','确认日期','text','fixed_date','varchar',19,NULL,NULL,NULL,NULL,3,1,3,1,0,0,0,0,NULL,'created',1,0,0,NULL,0,NULL),(382,24,'编码','2-6位大写或小写英文字母','text','code','varchar',1000,NULL,NULL,NULL,NULL,4,1,4,0,0,0,1,0,NULL,'created',1,0,1,'[{\"type\":\"rule\",\"value\":\"[{\\\"ciTypeId\\\":24},{\\\"ciTypeId\\\":14,\\\"parentRs\\\":{\\\"attrId\\\":384,\\\"isReferedFromParent\\\":1}},{\\\"ciTypeId\\\":14,\\\"parentRs\\\":{\\\"attrId\\\":208,\\\"isReferedFromParent\\\":1}}]\"}]',0,'[a-zA-Z]{2,6}'),(383,24,'数据中心','数据中心','ref','data_center','varchar',15,22,'属于',29,'[{\"filter_1\":{\"left\":\"[{\\\"ciTypeId\\\":22},{\\\"ciTypeId\\\":22,\\\"parentRs\\\":{\\\"attrId\\\":342,\\\"isReferedFromParent\\\":1}}]\",\"operator\":\"in\",\"right\":[\"REGION\"]}}]',5,1,5,0,0,0,1,0,NULL,'created',0,0,0,NULL,0,NULL),(384,24,'网络区域设计','网络区域设计','ref','network_zone_design','varchar',15,14,'实现',33,'[{\"filter_1\":{\"left\":\"[{\\\"ciTypeId\\\":14},{\\\"ciTypeId\\\":14,\\\"parentRs\\\":{\\\"attrId\\\":197,\\\"isReferedFromParent\\\":1}}]\",\"operator\":\"in\",\"right\":\"[{\\\"ciTypeId\\\":24},{\\\"ciTypeId\\\":22,\\\"parentRs\\\":{\\\"attrId\\\":383,\\\"isReferedFromParent\\\":1}},{\\\"ciTypeId\\\":12,\\\"parentRs\\\":{\\\"attrId\\\":340,\\\"isReferedFromParent\\\":1}},{\\\"ciTypeId\\\":14,\\\"parentRs\\\":{\\\"attrId\\\":209,\\\"isReferedFromParent\\\":0}},{\\\"ciTypeId\\\":14,\\\"parentRs\\\":{\\\"attrId\\\":197,\\\"isReferedFromParent\\\":1}}]\"}}]',6,1,6,0,0,0,1,0,NULL,'created',0,0,0,NULL,0,NULL),(386,24,'网络区域层级','网络区域层级','text','network_zone_layer','varchar',200,NULL,NULL,NULL,NULL,7,1,7,0,0,0,0,0,NULL,'created',0,0,1,'[{\"type\":\"rule\",\"value\":\"[{\\\"ciTypeId\\\":24},{\\\"ciTypeId\\\":14,\\\"parentRs\\\":{\\\"attrId\\\":384,\\\"isReferedFromParent\\\":1}},{\\\"ciTypeId\\\":14,\\\"parentRs\\\":{\\\"attrId\\\":210,\\\"isReferedFromParent\\\":1}}]\"}]',0,NULL),(387,24,'网段','网段','ref','network_segment','varchar',15,23,'使用',30,'[{\"filter_1\":{\"left\":\"[{\\\"ciTypeId\\\":23},{\\\"ciTypeId\\\":23,\\\"parentRs\\\":{\\\"attrId\\\":348,\\\"isReferedFromParent\\\":1}}]\",\"operator\":\"in\",\"right\":\"[{\\\"ciTypeId\\\":24},{\\\"ciTypeId\\\":14,\\\"parentRs\\\":{\\\"attrId\\\":384,\\\"isReferedFromParent\\\":1}},{\\\"ciTypeId\\\":13,\\\"parentRs\\\":{\\\"attrId\\\":211,\\\"isReferedFromParent\\\":1}},{\\\"ciTypeId\\\":23,\\\"parentRs\\\":{\\\"attrId\\\":362,\\\"isReferedFromParent\\\":0}},{\\\"ciTypeId\\\":23,\\\"parentRs\\\":{\\\"attrId\\\":348,\\\"isReferedFromParent\\\":1}}]\"}}]',8,1,8,0,0,0,1,0,NULL,'created',0,0,0,NULL,0,NULL),(389,23,'安全组资产ID','安全组资产ID','text','security_group_asset_id','varchar',200,NULL,NULL,NULL,NULL,18,1,18,1,0,0,1,0,NULL,'created',0,0,0,NULL,0,NULL),(390,24,'描述说明','描述说明','textArea','description','varchar',1000,NULL,NULL,NULL,NULL,9,1,9,1,0,0,1,0,NULL,'created',0,0,0,NULL,0,NULL),(391,25,'全局唯一ID','全局唯一ID','text','guid','varchar',15,NULL,NULL,NULL,NULL,0,0,0,0,1,0,0,0,NULL,'created',1,0,0,NULL,0,NULL),(392,25,'前全局唯一ID','前一版本数据的guid','text','p_guid','varchar',15,NULL,NULL,NULL,NULL,0,0,0,1,0,0,0,0,NULL,'created',1,0,0,NULL,1,NULL),(393,25,'根全局唯一ID','原始数据guid','text','r_guid','varchar',15,NULL,NULL,NULL,NULL,0,0,0,0,0,0,0,0,NULL,'created',1,0,0,NULL,0,NULL),(394,25,'更新用户','更新用户','text','updated_by','varchar',50,NULL,NULL,NULL,NULL,0,0,0,0,0,0,0,0,NULL,'created',1,0,0,NULL,1,NULL),(395,25,'更新日期','更新日期','date','updated_date','datetime',1,NULL,NULL,NULL,NULL,0,0,0,0,0,0,0,0,NULL,'created',1,0,0,NULL,1,NULL),(396,25,'创建用户','创建用户','text','created_by','varchar',50,NULL,NULL,NULL,NULL,0,0,0,0,0,0,0,0,NULL,'created',1,0,0,NULL,0,NULL),(397,25,'创建日期','创建日期','date','created_date','datetime',1,NULL,NULL,NULL,NULL,0,0,0,0,0,0,0,0,NULL,'created',1,0,0,NULL,0,NULL),(398,25,'状态','状态','select','state','int',15,8,NULL,NULL,NULL,0,0,0,0,0,0,0,0,NULL,'created',1,0,0,NULL,0,NULL),(399,25,'唯一名称','唯一名称','text','key_name','varchar',1000,NULL,NULL,NULL,NULL,1,1,1,0,1,0,0,0,NULL,'created',1,0,1,'[{\"type\":\"rule\",\"value\":\"[{\\\"ciTypeId\\\":25},{\\\"ciTypeId\\\":23,\\\"parentRs\\\":{\\\"attrId\\\":403,\\\"isReferedFromParent\\\":1}},{\\\"ciTypeId\\\":23,\\\"parentRs\\\":{\\\"attrId\\\":360,\\\"isReferedFromParent\\\":1}}]\"},{\"type\":\"delimiter\",\"value\":\"__\"},{\"type\":\"rule\",\"value\":\"[{\\\"ciTypeId\\\":25},{\\\"ciTypeId\\\":25,\\\"parentRs\\\":{\\\"attrId\\\":406,\\\"isReferedFromParent\\\":1}}]\"},{\"type\":\"delimiter\",\"value\":\"_\"},{\"type\":\"rule\",\"value\":\"[{\\\"ciTypeId\\\":25},{\\\"ciTypeId\\\":25,\\\"parentRs\\\":{\\\"attrId\\\":409,\\\"isReferedFromParent\\\":1}}]\"},{\"type\":\"delimiter\",\"value\":\"__\"},{\"type\":\"rule\",\"value\":\"[{\\\"ciTypeId\\\":25},{\\\"ciTypeId\\\":23,\\\"parentRs\\\":{\\\"attrId\\\":405,\\\"isReferedFromParent\\\":1}},{\\\"ciTypeId\\\":23,\\\"parentRs\\\":{\\\"attrId\\\":360,\\\"isReferedFromParent\\\":1}}]\"}]',0,NULL),(400,25,'状态编码','状态编码','text','state_code','varchar',50,NULL,NULL,NULL,NULL,2,1,2,0,0,0,0,0,NULL,'created',1,0,1,'[{\"type\":\"rule\",\"value\":\"[{\\\"ciTypeId\\\":25},{\\\"ciTypeId\\\":25,\\\"parentRs\\\":{\\\"attrId\\\":398,\\\"isReferedFromParent\\\":1},\\\"enumCodeAttr\\\":\\\"code\\\"}]\"}]',0,NULL),(401,25,'确认日期','确认日期','text','fixed_date','varchar',19,NULL,NULL,NULL,NULL,3,1,3,1,0,0,0,0,NULL,'created',1,0,0,NULL,0,NULL),(402,25,'编码','编码','text','code','varchar',1000,NULL,NULL,NULL,NULL,4,1,4,0,0,0,0,0,NULL,'created',1,0,1,'[{\"type\":\"rule\",\"value\":\"[{\\\"ciTypeId\\\":25},{\\\"ciTypeId\\\":15,\\\"parentRs\\\":{\\\"attrId\\\":404,\\\"isReferedFromParent\\\":1}},{\\\"ciTypeId\\\":15,\\\"parentRs\\\":{\\\"attrId\\\":227,\\\"isReferedFromParent\\\":1}}]\"},{\"type\":\"delimiter\",\"value\":\"_\"},{\"type\":\"rule\",\"value\":\"[{\\\"ciTypeId\\\":25},{\\\"ciTypeId\\\":15,\\\"parentRs\\\":{\\\"attrId\\\":404,\\\"isReferedFromParent\\\":1}},{\\\"ciTypeId\\\":15,\\\"parentRs\\\":{\\\"attrId\\\":230,\\\"isReferedFromParent\\\":1}}]\"}]',0,NULL),(403,25,'属主网段','属主网段','ref','owner_network_segment','varchar',15,23,'关联',32,'[{\"filter_1\":{\"left\":\"[{\\\"ciTypeId\\\":23},{\\\"ciTypeId\\\":13,\\\"parentRs\\\":{\\\"attrId\\\":362,\\\"isReferedFromParent\\\":1}},{\\\"ciTypeId\\\":13,\\\"parentRs\\\":{\\\"attrId\\\":179,\\\"isReferedFromParent\\\":1}}]\",\"operator\":\"in\",\"right\":\"[{\\\"ciTypeId\\\":25},{\\\"ciTypeId\\\":15,\\\"parentRs\\\":{\\\"attrId\\\":404,\\\"isReferedFromParent\\\":1}},{\\\"ciTypeId\\\":13,\\\"parentRs\\\":{\\\"attrId\\\":225,\\\"isReferedFromParent\\\":1}},{\\\"ciTypeId\\\":13,\\\"parentRs\\\":{\\\"attrId\\\":179,\\\"isReferedFromParent\\\":1}}]\"}}]',6,1,6,0,0,0,1,0,NULL,'created',0,0,0,NULL,0,NULL),(404,25,'默认安全策略设计','默认安全策略设计','ref','default_security_policy_design','varchar',15,15,'实现',33,'',5,1,5,0,0,0,1,0,NULL,'created',0,0,0,NULL,0,NULL),(405,25,'策略网段','策略网段','ref','policy_network_segment','varchar',15,23,'关联',32,'[{\"filter_1\":{\"left\":\"[{\\\"ciTypeId\\\":23},{\\\"ciTypeId\\\":13,\\\"parentRs\\\":{\\\"attrId\\\":362,\\\"isReferedFromParent\\\":1}},{\\\"ciTypeId\\\":13,\\\"parentRs\\\":{\\\"attrId\\\":179,\\\"isReferedFromParent\\\":1}}]\",\"operator\":\"in\",\"right\":\"[{\\\"ciTypeId\\\":25},{\\\"ciTypeId\\\":15,\\\"parentRs\\\":{\\\"attrId\\\":404,\\\"isReferedFromParent\\\":1}},{\\\"ciTypeId\\\":13,\\\"parentRs\\\":{\\\"attrId\\\":226,\\\"isReferedFromParent\\\":1}},{\\\"ciTypeId\\\":13,\\\"parentRs\\\":{\\\"attrId\\\":179,\\\"isReferedFromParent\\\":1}}]\"}}]',7,1,7,0,0,0,1,0,NULL,'created',0,0,0,NULL,0,NULL),(406,25,'安全规则类型','安全规则类型','text','security_policy_type','varchar',200,NULL,NULL,NULL,NULL,8,1,8,0,0,0,0,0,NULL,'created',0,0,1,'[{\"type\":\"rule\",\"value\":\"[{\\\"ciTypeId\\\":25},{\\\"ciTypeId\\\":15,\\\"parentRs\\\":{\\\"attrId\\\":404,\\\"isReferedFromParent\\\":1}},{\\\"ciTypeId\\\":15,\\\"parentRs\\\":{\\\"attrId\\\":227,\\\"isReferedFromParent\\\":1}}]\"}]',0,NULL),(407,25,'安全规则行为','安全规则行为','text','security_policy_action','varchar',200,NULL,NULL,NULL,NULL,9,1,9,0,0,0,0,0,NULL,'created',0,0,1,'[{\"type\":\"rule\",\"value\":\"[{\\\"ciTypeId\\\":25},{\\\"ciTypeId\\\":15,\\\"parentRs\\\":{\\\"attrId\\\":404,\\\"isReferedFromParent\\\":1}},{\\\"ciTypeId\\\":15,\\\"parentRs\\\":{\\\"attrId\\\":228,\\\"isReferedFromParent\\\":1}}]\"}]',0,NULL),(408,25,'协议','协议','text','protocol','varchar',200,NULL,NULL,NULL,NULL,10,1,10,0,0,0,0,0,NULL,'created',0,0,1,'[{\"type\":\"rule\",\"value\":\"[{\\\"ciTypeId\\\":25},{\\\"ciTypeId\\\":15,\\\"parentRs\\\":{\\\"attrId\\\":404,\\\"isReferedFromParent\\\":1}},{\\\"ciTypeId\\\":15,\\\"parentRs\\\":{\\\"attrId\\\":229,\\\"isReferedFromParent\\\":1}}]\"}]',0,NULL),(409,25,'端口','端口','text','port','varchar',200,NULL,NULL,NULL,NULL,11,1,11,0,0,0,0,0,NULL,'created',0,0,1,'[{\"type\":\"rule\",\"value\":\"[{\\\"ciTypeId\\\":25},{\\\"ciTypeId\\\":15,\\\"parentRs\\\":{\\\"attrId\\\":404,\\\"isReferedFromParent\\\":1}},{\\\"ciTypeId\\\":15,\\\"parentRs\\\":{\\\"attrId\\\":230,\\\"isReferedFromParent\\\":1}}]\"}]',0,NULL),(410,25,'描述说明','描述说明','textArea','description','varchar',1000,NULL,NULL,NULL,NULL,13,1,13,1,0,0,1,0,NULL,'created',0,0,0,NULL,0,NULL),(411,26,'全局唯一ID','全局唯一ID','text','guid','varchar',15,NULL,NULL,NULL,NULL,0,0,0,0,1,0,0,0,NULL,'created',1,0,0,NULL,0,NULL),(412,26,'前全局唯一ID','前一版本数据的guid','text','p_guid','varchar',15,NULL,NULL,NULL,NULL,0,0,0,1,0,0,0,0,NULL,'created',1,0,0,NULL,1,NULL),(413,26,'根全局唯一ID','原始数据guid','text','r_guid','varchar',15,NULL,NULL,NULL,NULL,0,0,0,0,0,0,0,0,NULL,'created',1,0,0,NULL,0,NULL),(414,26,'更新用户','更新用户','text','updated_by','varchar',50,NULL,NULL,NULL,NULL,0,0,0,0,0,0,0,0,NULL,'created',1,0,0,NULL,1,NULL),(415,26,'更新日期','更新日期','date','updated_date','datetime',1,NULL,NULL,NULL,NULL,0,0,0,0,0,0,0,0,NULL,'created',1,0,0,NULL,1,NULL),(416,26,'创建用户','创建用户','text','created_by','varchar',50,NULL,NULL,NULL,NULL,0,0,0,0,0,0,0,0,NULL,'created',1,0,0,NULL,0,NULL),(417,26,'创建日期','创建日期','date','created_date','datetime',1,NULL,NULL,NULL,NULL,0,0,0,0,0,0,0,0,NULL,'created',1,0,0,NULL,0,NULL),(418,26,'状态','状态','select','state','int',15,8,NULL,NULL,NULL,0,0,0,0,0,0,0,0,NULL,'created',1,0,0,NULL,0,NULL),(419,26,'唯一名称','唯一名称','text','key_name','varchar',1000,NULL,NULL,NULL,NULL,1,1,1,0,1,0,0,0,NULL,'created',1,0,1,'[{\"type\":\"rule\",\"value\":\"[{\\\"ciTypeId\\\":26},{\\\"ciTypeId\\\":23,\\\"parentRs\\\":{\\\"attrId\\\":423,\\\"isReferedFromParent\\\":1}},{\\\"ciTypeId\\\":23,\\\"parentRs\\\":{\\\"attrId\\\":360,\\\"isReferedFromParent\\\":1}}]\"},{\"type\":\"delimiter\",\"value\":\"__\"},{\"type\":\"rule\",\"value\":\"[{\\\"ciTypeId\\\":26},{\\\"ciTypeId\\\":16,\\\"parentRs\\\":{\\\"attrId\\\":425,\\\"isReferedFromParent\\\":1}},{\\\"ciTypeId\\\":16,\\\"parentRs\\\":{\\\"attrId\\\":243,\\\"isReferedFromParent\\\":1}}]\"},{\"type\":\"delimiter\",\"value\":\"__\"},{\"type\":\"rule\",\"value\":\"[{\\\"ciTypeId\\\":26},{\\\"ciTypeId\\\":23,\\\"parentRs\\\":{\\\"attrId\\\":424,\\\"isReferedFromParent\\\":1}},{\\\"ciTypeId\\\":23,\\\"parentRs\\\":{\\\"attrId\\\":360,\\\"isReferedFromParent\\\":1}}]\"}]',0,NULL),(420,26,'状态编码','状态编码','text','state_code','varchar',50,NULL,NULL,NULL,NULL,2,1,2,0,0,0,0,0,NULL,'created',1,0,1,'[{\"type\":\"rule\",\"value\":\"[{\\\"ciTypeId\\\":26},{\\\"ciTypeId\\\":26,\\\"parentRs\\\":{\\\"attrId\\\":418,\\\"isReferedFromParent\\\":1},\\\"enumCodeAttr\\\":\\\"code\\\"}]\"}]',0,NULL),(421,26,'确认日期','确认日期','text','fixed_date','varchar',19,NULL,NULL,NULL,NULL,3,1,3,1,0,0,0,0,NULL,'created',1,0,0,NULL,0,NULL),(422,26,'编码','编码','text','code','varchar',1000,NULL,NULL,NULL,NULL,4,1,4,0,0,0,0,0,NULL,'created',1,0,1,'[{\"type\":\"rule\",\"value\":\"[{\\\"ciTypeId\\\":26},{\\\"ciTypeId\\\":16,\\\"parentRs\\\":{\\\"attrId\\\":425,\\\"isReferedFromParent\\\":1}},{\\\"ciTypeId\\\":16,\\\"parentRs\\\":{\\\"attrId\\\":243,\\\"isReferedFromParent\\\":1}}]\"}]',0,NULL),(423,26,'网段1','网段1','ref','network_segment_1','varchar',15,23,'关联',32,'[{\"filter_1\":{\"left\":\"[{\\\"ciTypeId\\\":23},{\\\"ciTypeId\\\":13,\\\"parentRs\\\":{\\\"attrId\\\":362,\\\"isReferedFromParent\\\":1}},{\\\"ciTypeId\\\":13,\\\"parentRs\\\":{\\\"attrId\\\":179,\\\"isReferedFromParent\\\":1}}]\",\"operator\":\"in\",\"right\":\"[{\\\"ciTypeId\\\":26},{\\\"ciTypeId\\\":16,\\\"parentRs\\\":{\\\"attrId\\\":425,\\\"isReferedFromParent\\\":1}},{\\\"ciTypeId\\\":13,\\\"parentRs\\\":{\\\"attrId\\\":244,\\\"isReferedFromParent\\\":1}},{\\\"ciTypeId\\\":13,\\\"parentRs\\\":{\\\"attrId\\\":179,\\\"isReferedFromParent\\\":1}}]\"}}]',6,1,6,0,0,0,1,0,NULL,'created',0,0,0,NULL,0,NULL),(424,26,'网段2','网段2','ref','network_segment_2','varchar',15,23,'关联',32,'[{\"filter_1\":{\"left\":\"[{\\\"ciTypeId\\\":23},{\\\"ciTypeId\\\":13,\\\"parentRs\\\":{\\\"attrId\\\":362,\\\"isReferedFromParent\\\":1}},{\\\"ciTypeId\\\":13,\\\"parentRs\\\":{\\\"attrId\\\":179,\\\"isReferedFromParent\\\":1}}]\",\"operator\":\"in\",\"right\":\"[{\\\"ciTypeId\\\":26},{\\\"ciTypeId\\\":16,\\\"parentRs\\\":{\\\"attrId\\\":425,\\\"isReferedFromParent\\\":1}},{\\\"ciTypeId\\\":13,\\\"parentRs\\\":{\\\"attrId\\\":245,\\\"isReferedFromParent\\\":1}},{\\\"ciTypeId\\\":13,\\\"parentRs\\\":{\\\"attrId\\\":179,\\\"isReferedFromParent\\\":1}}]\"}}]',7,1,7,0,0,0,1,0,NULL,'created',0,0,0,NULL,0,NULL),(425,26,'网络连接设计','网络连接设计','ref','network_link_design','varchar',15,16,'实现',33,NULL,5,1,5,0,0,0,1,0,NULL,'created',0,0,0,NULL,0,NULL),(426,26,'网络连接类型','网络连接类型','ref','network_link_type','varchar',15,54,'关联',32,'[{\"filter_1\":{\"left\":\"[{\\\"ciTypeId\\\":54},{\\\"ciTypeId\\\":54,\\\"parentRs\\\":{\\\"attrId\\\":1010,\\\"isReferedFromParent\\\":1}}]\",\"operator\":\"in\",\"right\":\"[{\\\"ciTypeId\\\":26},{\\\"ciTypeId\\\":23,\\\"parentRs\\\":{\\\"attrId\\\":424,\\\"isReferedFromParent\\\":1}},{\\\"ciTypeId\\\":22,\\\"parentRs\\\":{\\\"attrId\\\":361,\\\"isReferedFromParent\\\":1}},{\\\"ciTypeId\\\":6,\\\"parentRs\\\":{\\\"attrId\\\":341,\\\"isReferedFromParent\\\":1}},{\\\"ciTypeId\\\":54,\\\"parentRs\\\":{\\\"attrId\\\":1101,\\\"isReferedFromParent\\\":0}},{\\\"ciTypeId\\\":54,\\\"parentRs\\\":{\\\"attrId\\\":1010,\\\"isReferedFromParent\\\":1}}]\"}}]',8,1,8,0,0,0,1,0,NULL,'created',0,0,0,NULL,0,NULL),(427,26,'网络带宽(M)','网络带宽(M)','text','netband_width','varchar',200,NULL,NULL,NULL,NULL,9,1,9,0,0,0,1,0,NULL,'created',0,0,0,NULL,0,NULL),(428,26,'资产ID','资产ID','text','asset_id','varchar',200,NULL,NULL,NULL,NULL,13,1,13,1,0,0,1,0,NULL,'created',0,0,0,NULL,0,NULL),(429,26,'最大并发连接数','最大并发连接数','text','max_concurrent','varchar',200,NULL,NULL,NULL,NULL,10,1,10,0,0,0,1,0,NULL,'created',0,0,0,NULL,0,NULL),(430,26,'描述说明','描述说明','textArea','description','varchar',1000,NULL,NULL,NULL,NULL,15,1,15,1,0,0,1,0,NULL,'created',0,0,0,NULL,0,NULL),(450,28,'全局唯一ID','全局唯一ID','text','guid','varchar',15,NULL,NULL,NULL,NULL,0,0,0,0,1,0,0,0,NULL,'created',1,0,0,NULL,0,NULL),(451,28,'前全局唯一ID','前一版本数据的guid','text','p_guid','varchar',15,NULL,NULL,NULL,NULL,0,0,0,1,0,0,0,0,NULL,'created',1,0,0,NULL,1,NULL),(452,28,'根全局唯一ID','原始数据guid','text','r_guid','varchar',15,NULL,NULL,NULL,NULL,0,0,0,0,0,0,0,0,NULL,'created',1,0,0,NULL,0,NULL),(453,28,'更新用户','更新用户','text','updated_by','varchar',50,NULL,NULL,NULL,NULL,0,0,0,0,0,0,0,0,NULL,'created',1,0,0,NULL,1,NULL),(454,28,'更新日期','更新日期','date','updated_date','datetime',1,NULL,NULL,NULL,NULL,0,0,0,0,0,0,0,0,NULL,'created',1,0,0,NULL,1,NULL),(455,28,'创建用户','创建用户','text','created_by','varchar',50,NULL,NULL,NULL,NULL,0,0,0,0,0,0,0,0,NULL,'created',1,0,0,NULL,0,NULL),(456,28,'创建日期','创建日期','date','created_date','datetime',1,NULL,NULL,NULL,NULL,0,0,0,0,0,0,0,0,NULL,'created',1,0,0,NULL,0,NULL),(457,28,'状态','状态','select','state','int',15,8,NULL,NULL,NULL,0,0,0,0,0,0,0,0,NULL,'created',1,0,0,NULL,0,NULL),(458,28,'唯一名称','唯一名称','text','key_name','varchar',1000,NULL,NULL,NULL,NULL,1,1,1,0,1,0,0,0,NULL,'created',1,0,1,'[{\"type\":\"rule\",\"value\":\"[{\\\"ciTypeId\\\":28},{\\\"ciTypeId\\\":28,\\\"parentRs\\\":{\\\"attrId\\\":461,\\\"isReferedFromParent\\\":1}}]\"}]',0,NULL),(459,28,'状态编码','状态编码','text','state_code','varchar',50,NULL,NULL,NULL,NULL,2,1,2,0,0,0,0,0,NULL,'created',1,0,1,'[{\"type\":\"rule\",\"value\":\"[{\\\"ciTypeId\\\":28},{\\\"ciTypeId\\\":28,\\\"parentRs\\\":{\\\"attrId\\\":457,\\\"isReferedFromParent\\\":1},\\\"enumCodeAttr\\\":\\\"code\\\"}]\"}]',0,NULL),(460,28,'确认日期','确认日期','text','fixed_date','varchar',19,NULL,NULL,NULL,NULL,3,1,3,1,0,0,0,0,NULL,'created',1,0,0,NULL,0,NULL),(461,28,'编码','第一位代表用途，第二位代表设计类型，第三位0代表分组，1-9代表节点序号','text','code','varchar',1000,NULL,NULL,NULL,NULL,4,1,4,0,0,0,1,0,NULL,'created',1,0,0,NULL,0,'[A-Z1-9][ADMEQ1-9][0-9]'),(462,28,'名称','名称','text','name','varchar',200,NULL,NULL,NULL,NULL,5,1,5,0,0,0,1,0,NULL,'created',0,0,0,NULL,0,NULL),(464,28,'业务区域类型','GROUP | NODE','text','business_zone_type','varchar',200,NULL,NULL,NULL,NULL,6,1,6,0,0,0,1,0,NULL,'created',0,0,0,NULL,0,'GROUP|NODE'),(465,28,'业务区域设计','业务区域设计','ref','business_zone_design','varchar',15,18,'实现',33,'',7,1,7,0,0,0,1,0,NULL,'created',0,0,0,NULL,0,NULL),(466,28,'逻辑业务区域','逻辑业务区域','ref','logic_business_zone','varchar',15,28,'关联',32,'[{\"filter_1\":{\"left\":\"[{\\\"ciTypeId\\\":28},{\\\"ciTypeId\\\":28,\\\"parentRs\\\":{\\\"attrId\\\":464,\\\"isReferedFromParent\\\":1}}]\",\"operator\":\"in\",\"right\":[\"GROUP\"]}}]',9,1,9,1,0,0,1,0,NULL,'created',0,0,0,NULL,0,NULL),(468,28,'描述说明','描述说明','textArea','description','varchar',1000,NULL,NULL,NULL,NULL,12,1,12,1,0,0,1,0,NULL,'created',0,0,0,NULL,0,NULL),(469,29,'全局唯一ID','全局唯一ID','text','guid','varchar',15,NULL,NULL,NULL,NULL,0,0,0,0,1,0,0,0,NULL,'created',1,0,0,NULL,0,NULL),(470,29,'前全局唯一ID','前一版本数据的guid','text','p_guid','varchar',15,NULL,NULL,NULL,NULL,0,0,0,1,0,0,0,0,NULL,'created',1,0,0,NULL,1,NULL),(471,29,'根全局唯一ID','原始数据guid','text','r_guid','varchar',15,NULL,NULL,NULL,NULL,0,0,0,0,0,0,0,0,NULL,'created',1,0,0,NULL,0,NULL),(472,29,'更新用户','更新用户','text','updated_by','varchar',50,NULL,NULL,NULL,NULL,0,0,0,0,0,0,0,0,NULL,'created',1,0,0,NULL,1,NULL),(473,29,'更新日期','更新日期','date','updated_date','datetime',1,NULL,NULL,NULL,NULL,0,0,0,0,0,0,0,0,NULL,'created',1,0,0,NULL,1,NULL),(474,29,'创建用户','创建用户','text','created_by','varchar',50,NULL,NULL,NULL,NULL,0,0,0,0,0,0,0,0,NULL,'created',1,0,0,NULL,0,NULL),(475,29,'创建日期','创建日期','date','created_date','datetime',1,NULL,NULL,NULL,NULL,0,0,0,0,0,0,0,0,NULL,'created',1,0,0,NULL,0,NULL),(476,29,'状态','状态','select','state','int',15,8,NULL,NULL,NULL,0,0,0,0,0,0,0,0,NULL,'created',1,0,0,NULL,0,NULL),(477,29,'唯一名称','唯一名称','text','key_name','varchar',1000,NULL,NULL,NULL,NULL,1,1,1,0,1,0,0,0,NULL,'created',1,0,1,'[{\"type\":\"rule\",\"value\":\"[{\\\"ciTypeId\\\":29},{\\\"ciTypeId\\\":24,\\\"parentRs\\\":{\\\"attrId\\\":1136,\\\"isReferedFromParent\\\":1}},{\\\"ciTypeId\\\":22,\\\"parentRs\\\":{\\\"attrId\\\":383,\\\"isReferedFromParent\\\":1}},{\\\"ciTypeId\\\":22,\\\"parentRs\\\":{\\\"attrId\\\":338,\\\"isReferedFromParent\\\":1}}]\"},{\"type\":\"delimiter\",\"value\":\"_\"},{\"type\":\"rule\",\"value\":\"[{\\\"ciTypeId\\\":29},{\\\"ciTypeId\\\":24,\\\"parentRs\\\":{\\\"attrId\\\":1136,\\\"isReferedFromParent\\\":1}},{\\\"ciTypeId\\\":24,\\\"parentRs\\\":{\\\"attrId\\\":382,\\\"isReferedFromParent\\\":1}}]\"},{\"type\":\"delimiter\",\"value\":\"_\"},{\"type\":\"rule\",\"value\":\"[{\\\"ciTypeId\\\":29},{\\\"ciTypeId\\\":28,\\\"parentRs\\\":{\\\"attrId\\\":481,\\\"isReferedFromParent\\\":1}},{\\\"ciTypeId\\\":28,\\\"parentRs\\\":{\\\"attrId\\\":461,\\\"isReferedFromParent\\\":1}}]\"},{\"type\":\"delimiter\",\"value\":\"_\"},{\"type\":\"rule\",\"value\":\"[{\\\"ciTypeId\\\":29},{\\\"ciTypeId\\\":29,\\\"parentRs\\\":{\\\"attrId\\\":480,\\\"isReferedFromParent\\\":1}}]\"}]',0,NULL),(478,29,'状态编码','状态编码','text','state_code','varchar',50,NULL,NULL,NULL,NULL,2,1,2,0,0,0,0,0,NULL,'created',1,0,1,'[{\"type\":\"rule\",\"value\":\"[{\\\"ciTypeId\\\":29},{\\\"ciTypeId\\\":29,\\\"parentRs\\\":{\\\"attrId\\\":476,\\\"isReferedFromParent\\\":1},\\\"enumCodeAttr\\\":\\\"code\\\"}]\"}]',0,NULL),(479,29,'确认日期','确认日期','text','fixed_date','varchar',19,NULL,NULL,NULL,NULL,3,1,3,1,0,0,0,0,NULL,'created',1,0,0,NULL,0,NULL),(480,29,'编码','平台类型+序号','text','code','varchar',1000,NULL,NULL,NULL,NULL,4,1,4,0,0,0,1,0,NULL,'created',1,0,0,NULL,0,'(BROWER|ACCESS|SEC|OAPP|BDP|DOCKER|VDI|JAVA|REDIS|MYSQL|SQUID|ILB|ELB|NGINX)([1-9]{0,2})'),(481,29,'业务区域','业务区域','ref','business_zone','varchar',15,28,'关联',32,'[{\"filter_1\":{\"left\":\"[{\\\"ciTypeId\\\":28},{\\\"ciTypeId\\\":18,\\\"parentRs\\\":{\\\"attrId\\\":465,\\\"isReferedFromParent\\\":1}},{\\\"ciTypeId\\\":18,\\\"parentRs\\\":{\\\"attrId\\\":264,\\\"isReferedFromParent\\\":1}}]\",\"operator\":\"in\",\"right\":\"[{\\\"ciTypeId\\\":29},{\\\"ciTypeId\\\":19,\\\"parentRs\\\":{\\\"attrId\\\":482,\\\"isReferedFromParent\\\":1}},{\\\"ciTypeId\\\":18,\\\"parentRs\\\":{\\\"attrId\\\":292,\\\"isReferedFromParent\\\":1}},{\\\"ciTypeId\\\":18,\\\"parentRs\\\":{\\\"attrId\\\":264,\\\"isReferedFromParent\\\":1}}]\"},\"filter_2\":{\"left\":\"[{\\\"ciTypeId\\\":28},{\\\"ciTypeId\\\":28,\\\"parentRs\\\":{\\\"attrId\\\":464,\\\"isReferedFromParent\\\":1}}]\",\"operator\":\"in\",\"right\":\"[{\\\"ciTypeId\\\":29},{\\\"ciTypeId\\\":29,\\\"parentRs\\\":{\\\"attrId\\\":485,\\\"isReferedFromParent\\\":1}}]\"}}]',13,1,13,1,0,0,1,0,NULL,'created',0,0,0,NULL,0,NULL),(482,29,'资源集合设计','资源集合设计','ref','resource_set_design','varchar',15,19,'实现',33,'',6,1,6,0,0,0,1,0,NULL,'created',0,0,0,NULL,0,NULL),(483,29,'资源类型','BDP | HOST | RDB | CACHE | LB ','text','resource_type','varchar',200,NULL,NULL,NULL,NULL,12,1,12,0,0,0,1,0,NULL,'created',0,0,0,NULL,0,'BDP|HOST|RDB|CACHE|LB'),(484,29,'集群类型','集群类型','ref','cluster_type','varchar',15,7,'关联',32,'[{\"filter_1\":{\"left\":\"[{\\\"ciTypeId\\\":7},{\\\"ciTypeId\\\":6,\\\"parentRs\\\":{\\\"attrId\\\":100,\\\"isReferedFromParent\\\":1}},{\\\"ciTypeId\\\":6,\\\"parentRs\\\":{\\\"attrId\\\":73,\\\"isReferedFromParent\\\":1}}]\",\"operator\":\"in\",\"right\":\"[{\\\"ciTypeId\\\":29},{\\\"ciTypeId\\\":24,\\\"parentRs\\\":{\\\"attrId\\\":1136,\\\"isReferedFromParent\\\":1}},{\\\"ciTypeId\\\":22,\\\"parentRs\\\":{\\\"attrId\\\":383,\\\"isReferedFromParent\\\":1}},{\\\"ciTypeId\\\":6,\\\"parentRs\\\":{\\\"attrId\\\":341,\\\"isReferedFromParent\\\":1}},{\\\"ciTypeId\\\":6,\\\"parentRs\\\":{\\\"attrId\\\":73,\\\"isReferedFromParent\\\":1}}]\"},\"filter_2\":{\"left\":\"[{\\\"ciTypeId\\\":7},{\\\"ciTypeId\\\":2,\\\"parentRs\\\":{\\\"attrId\\\":1127,\\\"isReferedFromParent\\\":1}},{\\\"ciTypeId\\\":2,\\\"parentRs\\\":{\\\"attrId\\\":17,\\\"isReferedFromParent\\\":1}}]\",\"operator\":\"in\",\"right\":\"[{\\\"ciTypeId\\\":29},{\\\"ciTypeId\\\":19,\\\"parentRs\\\":{\\\"attrId\\\":482,\\\"isReferedFromParent\\\":1}},{\\\"ciTypeId\\\":2,\\\"parentRs\\\":{\\\"attrId\\\":293,\\\"isReferedFromParent\\\":1}},{\\\"ciTypeId\\\":2,\\\"parentRs\\\":{\\\"attrId\\\":17,\\\"isReferedFromParent\\\":1}}]\"}}]',10,1,10,1,0,0,1,0,NULL,'created',0,0,0,NULL,0,NULL),(485,29,'资源集合类型','GROUP | NODE','text','resource_set_type','varchar',200,NULL,NULL,NULL,NULL,5,1,5,0,0,0,1,0,NULL,'created',0,0,0,NULL,0,'GROUP|NODE'),(486,29,'逻辑资源集合','合法值[LOGIC,NODE]','ref','logic_resource_set','varchar',15,29,'属于',29,'[{\"filter_1\":{\"left\":\"[{\\\"ciTypeId\\\":29},{\\\"ciTypeId\\\":29,\\\"parentRs\\\":{\\\"attrId\\\":469,\\\"isReferedFromParent\\\":1}}]\",\"operator\":\"in\",\"right\":\"[{\\\"ciTypeId\\\":29},{\\\"ciTypeId\\\":19,\\\"parentRs\\\":{\\\"attrId\\\":482,\\\"isReferedFromParent\\\":1}},{\\\"ciTypeId\\\":29,\\\"parentRs\\\":{\\\"attrId\\\":482,\\\"isReferedFromParent\\\":0}},{\\\"ciTypeId\\\":29,\\\"parentRs\\\":{\\\"attrId\\\":469,\\\"isReferedFromParent\\\":1}}]\"},\"filter_2\":{\"left\":\"[{\\\"ciTypeId\\\":29},{\\\"ciTypeId\\\":29,\\\"parentRs\\\":{\\\"attrId\\\":485,\\\"isReferedFromParent\\\":1}}]\",\"operator\":\"in\",\"right\":[\"GROUP\"]}}]',11,1,11,1,0,0,1,0,NULL,'created',0,0,0,NULL,0,NULL),(487,29,'部署环境','部署环境','multiRef','deploy_environment','varchar',1000,3,'关联',32,'[{\"filter_1\":{\"left\":\"[{\\\"ciTypeId\\\":3},{\\\"ciTypeId\\\":3,\\\"parentRs\\\":{\\\"attrId\\\":31,\\\"isReferedFromParent\\\":1}}]\",\"operator\":\"in\",\"right\":\"[{\\\"ciTypeId\\\":29},{\\\"ciTypeId\\\":24,\\\"parentRs\\\":{\\\"attrId\\\":1136,\\\"isReferedFromParent\\\":1}},{\\\"ciTypeId\\\":22,\\\"parentRs\\\":{\\\"attrId\\\":383,\\\"isReferedFromParent\\\":1}},{\\\"ciTypeId\\\":3,\\\"parentRs\\\":{\\\"attrId\\\":344,\\\"isReferedFromParent\\\":1}},{\\\"ciTypeId\\\":3,\\\"parentRs\\\":{\\\"attrId\\\":31,\\\"isReferedFromParent\\\":1}}]\"}}]',9,1,9,0,0,0,1,0,NULL,'created',0,0,0,NULL,0,NULL),(488,29,'网段','网段','multiRef','network_segment','varchar',1000,23,'使用',30,'[{\"filter_1\":{\"left\":\"[{\\\"ciTypeId\\\":23},{\\\"ciTypeId\\\":23,\\\"parentRs\\\":{\\\"attrId\\\":366,\\\"isReferedFromParent\\\":1}},{\\\"ciTypeId\\\":23,\\\"parentRs\\\":{\\\"attrId\\\":348,\\\"isReferedFromParent\\\":1}}]\",\"operator\":\"in\",\"right\":\"[{\\\"ciTypeId\\\":29},{\\\"ciTypeId\\\":24,\\\"parentRs\\\":{\\\"attrId\\\":1136,\\\"isReferedFromParent\\\":1}},{\\\"ciTypeId\\\":23,\\\"parentRs\\\":{\\\"attrId\\\":387,\\\"isReferedFromParent\\\":1}},{\\\"ciTypeId\\\":23,\\\"parentRs\\\":{\\\"attrId\\\":348,\\\"isReferedFromParent\\\":1}}]\"},\"filter_2\":{\"left\":\"[{\\\"ciTypeId\\\":23},{\\\"ciTypeId\\\":13,\\\"parentRs\\\":{\\\"attrId\\\":362,\\\"isReferedFromParent\\\":1}},{\\\"ciTypeId\\\":13,\\\"parentRs\\\":{\\\"attrId\\\":179,\\\"isReferedFromParent\\\":1}}]\",\"operator\":\"in\",\"right\":\"[{\\\"ciTypeId\\\":29},{\\\"ciTypeId\\\":19,\\\"parentRs\\\":{\\\"attrId\\\":482,\\\"isReferedFromParent\\\":1}},{\\\"ciTypeId\\\":13,\\\"parentRs\\\":{\\\"attrId\\\":294,\\\"isReferedFromParent\\\":1}},{\\\"ciTypeId\\\":13,\\\"parentRs\\\":{\\\"attrId\\\":179,\\\"isReferedFromParent\\\":1}}]\"}}]',8,1,8,1,0,0,1,0,NULL,'created',0,0,0,NULL,0,NULL),(489,29,'管理角色','管理角色','ref','manage_role','varchar',15,1,'关联',32,NULL,17,1,17,0,0,0,1,0,NULL,'created',0,0,0,NULL,0,NULL),(490,29,'描述说明','描述说明','textArea','description','varchar',1000,NULL,NULL,NULL,NULL,18,1,18,1,0,0,1,0,NULL,'created',0,0,0,NULL,0,NULL),(491,30,'全局唯一ID','全局唯一ID','text','guid','varchar',15,NULL,NULL,NULL,NULL,0,0,0,0,1,0,0,0,NULL,'created',1,0,0,NULL,0,NULL),(492,30,'前全局唯一ID','前一版本数据的guid','text','p_guid','varchar',15,NULL,NULL,NULL,NULL,0,0,0,1,0,0,0,0,NULL,'created',1,0,0,NULL,1,NULL),(493,30,'根全局唯一ID','原始数据guid','text','r_guid','varchar',15,NULL,NULL,NULL,NULL,0,0,0,0,0,0,0,0,NULL,'created',1,0,0,NULL,0,NULL),(494,30,'更新用户','更新用户','text','updated_by','varchar',50,NULL,NULL,NULL,NULL,0,0,0,0,0,0,0,0,NULL,'created',1,0,0,NULL,1,NULL),(495,30,'更新日期','更新日期','date','updated_date','datetime',1,NULL,NULL,NULL,NULL,0,0,0,0,0,0,0,0,NULL,'created',1,0,0,NULL,1,NULL),(496,30,'创建用户','创建用户','text','created_by','varchar',50,NULL,NULL,NULL,NULL,0,0,0,0,0,0,0,0,NULL,'created',1,0,0,NULL,0,NULL),(497,30,'创建日期','创建日期','date','created_date','datetime',1,NULL,NULL,NULL,NULL,0,0,0,0,0,0,0,0,NULL,'created',1,0,0,NULL,0,NULL),(498,30,'状态','状态','select','state','int',15,8,NULL,NULL,NULL,0,0,0,0,0,0,0,0,NULL,'created',1,0,0,NULL,0,NULL),(499,30,'唯一名称','唯一名称','text','key_name','varchar',1000,NULL,NULL,NULL,NULL,1,1,1,0,1,0,0,0,NULL,'created',1,0,1,'[{\"type\":\"rule\",\"value\":\"[{\\\"ciTypeId\\\":30},{\\\"ciTypeId\\\":23,\\\"parentRs\\\":{\\\"attrId\\\":505,\\\"isReferedFromParent\\\":1}},{\\\"ciTypeId\\\":23,\\\"parentRs\\\":{\\\"attrId\\\":360,\\\"isReferedFromParent\\\":1}}]\"},{\"type\":\"delimiter\",\"value\":\"__\"},{\"type\":\"rule\",\"value\":\"[{\\\"ciTypeId\\\":30},{\\\"ciTypeId\\\":26,\\\"parentRs\\\":{\\\"attrId\\\":507,\\\"isReferedFromParent\\\":1}},{\\\"ciTypeId\\\":26,\\\"parentRs\\\":{\\\"attrId\\\":422,\\\"isReferedFromParent\\\":1}}]\"},{\"type\":\"delimiter\",\"value\":\"__\"},{\"type\":\"rule\",\"value\":\"[{\\\"ciTypeId\\\":30},{\\\"ciTypeId\\\":23,\\\"parentRs\\\":{\\\"attrId\\\":506,\\\"isReferedFromParent\\\":1}},{\\\"ciTypeId\\\":23,\\\"parentRs\\\":{\\\"attrId\\\":360,\\\"isReferedFromParent\\\":1}}]\"}]',0,NULL),(500,30,'状态编码','状态编码','text','state_code','varchar',50,NULL,NULL,NULL,NULL,2,1,2,0,0,0,0,0,NULL,'created',1,0,1,'[{\"type\":\"rule\",\"value\":\"[{\\\"ciTypeId\\\":30},{\\\"ciTypeId\\\":30,\\\"parentRs\\\":{\\\"attrId\\\":498,\\\"isReferedFromParent\\\":1},\\\"enumCodeAttr\\\":\\\"code\\\"}]\"}]',0,NULL),(501,30,'确认日期','确认日期','text','fixed_date','varchar',19,NULL,NULL,NULL,NULL,3,1,3,1,0,0,0,0,NULL,'created',1,0,0,NULL,0,NULL),(502,30,'编码','编码','text','code','varchar',1000,NULL,NULL,NULL,NULL,4,1,4,0,0,0,0,0,NULL,'created',1,0,1,'[{\"type\":\"rule\",\"value\":\"[{\\\"ciTypeId\\\":30},{\\\"ciTypeId\\\":26,\\\"parentRs\\\":{\\\"attrId\\\":507,\\\"isReferedFromParent\\\":1}},{\\\"ciTypeId\\\":26,\\\"parentRs\\\":{\\\"attrId\\\":422,\\\"isReferedFromParent\\\":1}}]\"}]',0,NULL),(504,30,'路由设计','路由设计','ref','route_design','varchar',15,20,'实现',33,'',6,1,6,0,0,0,1,0,NULL,'created',0,0,0,NULL,0,NULL),(505,30,'属主网段','属主网段','ref','owner_network_segment','varchar',15,23,'关联',32,'[{\"filter_1\":{\"left\":\"[{\\\"ciTypeId\\\":23},{\\\"ciTypeId\\\":13,\\\"parentRs\\\":{\\\"attrId\\\":362,\\\"isReferedFromParent\\\":1}},{\\\"ciTypeId\\\":13,\\\"parentRs\\\":{\\\"attrId\\\":179,\\\"isReferedFromParent\\\":1}}]\",\"operator\":\"in\",\"right\":\"[{\\\"ciTypeId\\\":30},{\\\"ciTypeId\\\":20,\\\"parentRs\\\":{\\\"attrId\\\":504,\\\"isReferedFromParent\\\":1}},{\\\"ciTypeId\\\":13,\\\"parentRs\\\":{\\\"attrId\\\":308,\\\"isReferedFromParent\\\":1}},{\\\"ciTypeId\\\":13,\\\"parentRs\\\":{\\\"attrId\\\":179,\\\"isReferedFromParent\\\":1}}]\"}}]',7,1,7,0,0,0,1,0,NULL,'created',0,0,0,NULL,0,NULL),(506,30,'目标网段','目标网段','ref','dest_network_segment','varchar',15,23,'关联',32,'[{\"filter_1\":{\"left\":\"[{\\\"ciTypeId\\\":23},{\\\"ciTypeId\\\":13,\\\"parentRs\\\":{\\\"attrId\\\":362,\\\"isReferedFromParent\\\":1}},{\\\"ciTypeId\\\":13,\\\"parentRs\\\":{\\\"attrId\\\":179,\\\"isReferedFromParent\\\":1}}]\",\"operator\":\"in\",\"right\":\"[{\\\"ciTypeId\\\":30},{\\\"ciTypeId\\\":20,\\\"parentRs\\\":{\\\"attrId\\\":504,\\\"isReferedFromParent\\\":1}},{\\\"ciTypeId\\\":13,\\\"parentRs\\\":{\\\"attrId\\\":309,\\\"isReferedFromParent\\\":1}},{\\\"ciTypeId\\\":13,\\\"parentRs\\\":{\\\"attrId\\\":179,\\\"isReferedFromParent\\\":1}}]\"}}]',8,1,8,0,0,0,1,0,NULL,'created',0,0,0,NULL,0,NULL),(507,30,'网络连接','网络连接','ref','network_link','varchar',15,26,'关联',32,'[{\"filter_1\":{\"left\":\"[{\\\"ciTypeId\\\":26},{\\\"ciTypeId\\\":16,\\\"parentRs\\\":{\\\"attrId\\\":425,\\\"isReferedFromParent\\\":1}},{\\\"ciTypeId\\\":16,\\\"parentRs\\\":{\\\"attrId\\\":232,\\\"isReferedFromParent\\\":1}}]\",\"operator\":\"in\",\"right\":\"[{\\\"ciTypeId\\\":30},{\\\"ciTypeId\\\":20,\\\"parentRs\\\":{\\\"attrId\\\":504,\\\"isReferedFromParent\\\":1}},{\\\"ciTypeId\\\":16,\\\"parentRs\\\":{\\\"attrId\\\":310,\\\"isReferedFromParent\\\":1}},{\\\"ciTypeId\\\":16,\\\"parentRs\\\":{\\\"attrId\\\":232,\\\"isReferedFromParent\\\":1}}]\"}}]',9,1,9,0,0,0,1,0,NULL,'created',0,0,0,NULL,0,NULL),(508,30,'资产ID','资产ID','text','asset_id','varchar',200,NULL,NULL,NULL,NULL,10,1,10,1,0,0,1,0,NULL,'created',0,0,0,NULL,0,NULL),(509,30,'描述说明','描述说明','textArea','description','varchar',1000,NULL,NULL,NULL,NULL,11,1,11,1,0,0,1,0,NULL,'created',0,0,0,NULL,0,NULL),(510,31,'全局唯一ID','全局唯一ID','text','guid','varchar',15,NULL,NULL,NULL,NULL,0,0,0,0,1,0,0,0,NULL,'created',1,0,0,NULL,0,NULL),(511,31,'前全局唯一ID','前一版本数据的guid','text','p_guid','varchar',15,NULL,NULL,NULL,NULL,0,0,0,1,0,0,0,0,NULL,'created',1,0,0,NULL,1,NULL),(512,31,'根全局唯一ID','原始数据guid','text','r_guid','varchar',15,NULL,NULL,NULL,NULL,0,0,0,0,0,0,0,0,NULL,'created',1,0,0,NULL,0,NULL),(513,31,'更新用户','更新用户','text','updated_by','varchar',50,NULL,NULL,NULL,NULL,0,0,0,0,0,0,0,0,NULL,'created',1,0,0,NULL,1,NULL),(514,31,'更新日期','更新日期','date','updated_date','datetime',1,NULL,NULL,NULL,NULL,0,0,0,0,0,0,0,0,NULL,'created',1,0,0,NULL,1,NULL),(515,31,'创建用户','创建用户','text','created_by','varchar',50,NULL,NULL,NULL,NULL,0,0,0,0,0,0,0,0,NULL,'created',1,0,0,NULL,0,NULL),(516,31,'创建日期','创建日期','date','created_date','datetime',1,NULL,NULL,NULL,NULL,0,0,0,0,0,0,0,0,NULL,'created',1,0,0,NULL,0,NULL),(517,31,'状态','状态','select','state','int',15,8,NULL,NULL,NULL,0,0,0,0,0,0,0,0,NULL,'created',1,0,0,NULL,0,NULL),(518,31,'唯一名称','唯一名称','text','key_name','varchar',1000,NULL,NULL,NULL,NULL,1,1,1,0,1,0,0,0,NULL,'created',1,0,1,'[{\"type\":\"rule\",\"value\":\"[{\\\"ciTypeId\\\":31},{\\\"ciTypeId\\\":31,\\\"parentRs\\\":{\\\"attrId\\\":521,\\\"isReferedFromParent\\\":1}}]\"}]',0,NULL),(519,31,'状态编码','状态编码','text','state_code','varchar',50,NULL,NULL,NULL,NULL,2,1,2,0,0,0,0,0,NULL,'created',1,0,1,'[{\"type\":\"rule\",\"value\":\"[{\\\"ciTypeId\\\":31},{\\\"ciTypeId\\\":31,\\\"parentRs\\\":{\\\"attrId\\\":517,\\\"isReferedFromParent\\\":1},\\\"enumCodeAttr\\\":\\\"code\\\"}]\"}]',0,NULL),(520,31,'确认日期','确认日期','text','fixed_date','varchar',19,NULL,NULL,NULL,NULL,3,1,3,1,0,0,0,0,NULL,'created',1,0,0,NULL,0,NULL),(521,31,'编码','待创建资源,填写IP+4位随机数字','text','code','varchar',1000,NULL,NULL,NULL,NULL,4,1,4,0,1,0,1,0,NULL,'created',1,0,0,NULL,0,'(IP[0-9]{4})|((25[0-5]|2[0-4]\\d|1\\d{2}|[1-9]?\\d)\\.){3}(25[0-5]|2[0-4]\\d|1\\d{2}|[1-9]?\\d)'),(522,31,'网段','网段','ref','network_segment','varchar',15,23,'属于',29,'[{\"filter_1\":{\"left\":\"[{\\\"ciTypeId\\\":23},{\\\"ciTypeId\\\":23,\\\"parentRs\\\":{\\\"attrId\\\":363,\\\"isReferedFromParent\\\":1}}]\",\"operator\":\"in\",\"right\":[\"WNET\"]}}]',5,1,5,0,0,0,1,0,NULL,'created',0,0,0,NULL,0,NULL),(525,31,'描述说明','描述说明','textArea','description','varchar',1000,NULL,NULL,NULL,NULL,9,1,9,1,0,0,1,0,NULL,'created',0,0,0,NULL,0,NULL),(526,32,'全局唯一ID','全局唯一ID','text','guid','varchar',15,NULL,NULL,NULL,NULL,0,0,0,0,1,0,0,0,NULL,'created',1,0,0,NULL,0,NULL),(527,32,'前全局唯一ID','前一版本数据的guid','text','p_guid','varchar',15,NULL,NULL,NULL,NULL,0,0,0,1,0,0,0,0,NULL,'created',1,0,0,NULL,1,NULL),(528,32,'根全局唯一ID','原始数据guid','text','r_guid','varchar',15,NULL,NULL,NULL,NULL,0,0,0,0,0,0,0,0,NULL,'created',1,0,0,NULL,0,NULL),(529,32,'更新用户','更新用户','text','updated_by','varchar',50,NULL,NULL,NULL,NULL,0,0,0,0,0,0,0,0,NULL,'created',1,0,0,NULL,1,NULL),(530,32,'更新日期','更新日期','date','updated_date','datetime',1,NULL,NULL,NULL,NULL,0,0,0,0,0,0,0,0,NULL,'created',1,0,0,NULL,1,NULL),(531,32,'创建用户','创建用户','text','created_by','varchar',50,NULL,NULL,NULL,NULL,0,0,0,0,0,0,0,0,NULL,'created',1,0,0,NULL,0,NULL),(532,32,'创建日期','创建日期','date','created_date','datetime',1,NULL,NULL,NULL,NULL,0,0,0,0,0,0,0,0,NULL,'created',1,0,0,NULL,0,NULL),(533,32,'状态','状态','select','state','int',15,9,NULL,NULL,NULL,0,0,0,0,0,0,0,0,NULL,'created',1,0,0,NULL,0,NULL),(534,32,'唯一名称','唯一名称','text','key_name','varchar',1000,NULL,NULL,NULL,NULL,1,1,1,0,1,0,0,0,NULL,'created',1,0,1,'[{\"type\":\"rule\",\"value\":\"[{\\\"ciTypeId\\\":32},{\\\"ciTypeId\\\":29,\\\"parentRs\\\":{\\\"attrId\\\":538,\\\"isReferedFromParent\\\":1}},{\\\"ciTypeId\\\":29,\\\"parentRs\\\":{\\\"attrId\\\":477,\\\"isReferedFromParent\\\":1}}]\"},{\"type\":\"delimiter\",\"value\":\"__\"},{\"type\":\"rule\",\"value\":\"[{\\\"ciTypeId\\\":32},{\\\"ciTypeId\\\":32,\\\"parentRs\\\":{\\\"attrId\\\":539,\\\"isReferedFromParent\\\":1}}]\"}]',0,NULL),(535,32,'状态编码','状态编码','text','state_code','varchar',50,NULL,NULL,NULL,NULL,2,1,2,0,0,0,0,0,NULL,'created',1,0,1,'[{\"type\":\"rule\",\"value\":\"[{\\\"ciTypeId\\\":32},{\\\"ciTypeId\\\":32,\\\"parentRs\\\":{\\\"attrId\\\":533,\\\"isReferedFromParent\\\":1},\\\"enumCodeAttr\\\":\\\"code\\\"}]\"}]',0,NULL),(536,32,'确认日期','确认日期','text','fixed_date','varchar',19,NULL,NULL,NULL,NULL,3,1,3,1,0,0,0,0,NULL,'created',1,0,0,NULL,0,NULL),(537,32,'编码','编码','text','code','varchar',1000,NULL,NULL,NULL,NULL,4,1,4,0,0,0,0,0,NULL,'created',1,0,1,'[{\"type\":\"rule\",\"value\":\"[{\\\"ciTypeId\\\":32},{\\\"ciTypeId\\\":32,\\\"parentRs\\\":{\\\"attrId\\\":539,\\\"isReferedFromParent\\\":1}}]\"},{\"type\":\"delimiter\",\"value\":\"_\"},{\"type\":\"rule\",\"value\":\"[{\\\"ciTypeId\\\":32},{\\\"ciTypeId\\\":32,\\\"parentRs\\\":{\\\"attrId\\\":546,\\\"isReferedFromParent\\\":1}}]\"}]',0,NULL),(538,32,'资源集合','资源集合','ref','resource_set','varchar',15,29,'属于',29,'[{\"filter_1\":{\"left\":\"[{\\\"ciTypeId\\\":29},{\\\"ciTypeId\\\":29,\\\"parentRs\\\":{\\\"attrId\\\":485,\\\"isReferedFromParent\\\":1}}]\",\"operator\":\"in\",\"right\":[\"NODE\"]},\"filter_2\":{\"left\":\"[{\\\"ciTypeId\\\":29},{\\\"ciTypeId\\\":29,\\\"parentRs\\\":{\\\"attrId\\\":483,\\\"isReferedFromParent\\\":1}}]\",\"operator\":\"in\",\"right\":[\"HOST\"]}}]',5,1,5,0,0,0,1,0,NULL,'created',0,0,0,NULL,0,NULL),(539,32,'名称','名称','text','name','varchar',200,NULL,NULL,NULL,NULL,6,1,6,0,0,0,1,0,NULL,'created',0,0,0,NULL,0,NULL),(541,32,'资源实例类型','资源实例类型','ref','resource_instance_type','varchar',15,9,'关联',32,'[{\"filter_1\":{\"left\":\"[{\\\"ciTypeId\\\":9},{\\\"ciTypeId\\\":7,\\\"parentRs\\\":{\\\"attrId\\\":1128,\\\"isReferedFromParent\\\":1}},{\\\"ciTypeId\\\":7,\\\"parentRs\\\":{\\\"attrId\\\":87,\\\"isReferedFromParent\\\":1}}]\",\"operator\":\"in\",\"right\":\"[{\\\"ciTypeId\\\":32},{\\\"ciTypeId\\\":29,\\\"parentRs\\\":{\\\"attrId\\\":538,\\\"isReferedFromParent\\\":1}},{\\\"ciTypeId\\\":7,\\\"parentRs\\\":{\\\"attrId\\\":484,\\\"isReferedFromParent\\\":1}},{\\\"ciTypeId\\\":7,\\\"parentRs\\\":{\\\"attrId\\\":87,\\\"isReferedFromParent\\\":1}}]\"},\"filter_2\":{\"left\":\"[{\\\"ciTypeId\\\":9},{\\\"ciTypeId\\\":2,\\\"parentRs\\\":{\\\"attrId\\\":131,\\\"isReferedFromParent\\\":1}},{\\\"ciTypeId\\\":2,\\\"parentRs\\\":{\\\"attrId\\\":17,\\\"isReferedFromParent\\\":1}}]\",\"operator\":\"in\",\"right\":\"[{\\\"ciTypeId\\\":32},{\\\"ciTypeId\\\":29,\\\"parentRs\\\":{\\\"attrId\\\":538,\\\"isReferedFromParent\\\":1}},{\\\"ciTypeId\\\":2,\\\"parentRs\\\":{\\\"attrId\\\":1055,\\\"isReferedFromParent\\\":1}},{\\\"ciTypeId\\\":2,\\\"parentRs\\\":{\\\"attrId\\\":17,\\\"isReferedFromParent\\\":1}}]\"}}]',7,1,7,0,0,0,1,0,NULL,'created',0,0,0,NULL,0,NULL),(542,32,'资源实例系统','资源实例系统','ref','resource_instance_system','varchar',15,11,'关联',32,'[{\"filter_1\":{\"left\":\"[{\\\"ciTypeId\\\":11},{\\\"ciTypeId\\\":11,\\\"parentRs\\\":{\\\"attrId\\\":149,\\\"isReferedFromParent\\\":1}}]\",\"operator\":\"in\",\"right\":\"[{\\\"ciTypeId\\\":32},{\\\"ciTypeId\\\":9,\\\"parentRs\\\":{\\\"attrId\\\":541,\\\"isReferedFromParent\\\":1}},{\\\"ciTypeId\\\":11,\\\"parentRs\\\":{\\\"attrId\\\":162,\\\"isReferedFromParent\\\":0}},{\\\"ciTypeId\\\":11,\\\"parentRs\\\":{\\\"attrId\\\":149,\\\"isReferedFromParent\\\":1}}]\"}}]',8,1,8,0,0,0,1,0,NULL,'created',0,0,0,NULL,0,NULL),(543,32,'资源实例规格','资源实例规格','ref','resource_instance_spec','varchar',15,10,'关联',32,'[{\"filter_1\":{\"left\":\"[{\\\"ciTypeId\\\":10},{\\\"ciTypeId\\\":10,\\\"parentRs\\\":{\\\"attrId\\\":133,\\\"isReferedFromParent\\\":1}}]\",\"operator\":\"in\",\"right\":\"[{\\\"ciTypeId\\\":32},{\\\"ciTypeId\\\":9,\\\"parentRs\\\":{\\\"attrId\\\":541,\\\"isReferedFromParent\\\":1}},{\\\"ciTypeId\\\":10,\\\"parentRs\\\":{\\\"attrId\\\":147,\\\"isReferedFromParent\\\":0}},{\\\"ciTypeId\\\":10,\\\"parentRs\\\":{\\\"attrId\\\":133,\\\"isReferedFromParent\\\":1}}]\"}}]',9,1,9,0,0,0,1,0,NULL,'created',0,0,0,NULL,0,NULL),(544,32,'集群节点类型','集群节点类型','ref','cluster_node_type','varchar',15,8,'关联',32,'[{\"filter_1\":{\"left\":\"[{\\\"ciTypeId\\\":8},{\\\"ciTypeId\\\":8,\\\"parentRs\\\":{\\\"attrId\\\":102,\\\"isReferedFromParent\\\":1}}]\",\"operator\":\"in\",\"right\":\"[{\\\"ciTypeId\\\":32},{\\\"ciTypeId\\\":29,\\\"parentRs\\\":{\\\"attrId\\\":538,\\\"isReferedFromParent\\\":1}},{\\\"ciTypeId\\\":7,\\\"parentRs\\\":{\\\"attrId\\\":484,\\\"isReferedFromParent\\\":1}},{\\\"ciTypeId\\\":8,\\\"parentRs\\\":{\\\"attrId\\\":115,\\\"isReferedFromParent\\\":0}},{\\\"ciTypeId\\\":8,\\\"parentRs\\\":{\\\"attrId\\\":102,\\\"isReferedFromParent\\\":1}}]\"}}]',10,1,10,0,0,0,1,0,NULL,'created',0,0,0,NULL,0,NULL),(545,32,'主资源实例','主资源实例','ref','master_resource_instance','varchar',15,32,'关联',32,'',11,1,11,1,0,0,1,0,NULL,'created',0,0,0,NULL,0,NULL),(546,32,'IP地址','待创建资源,填写IP+4位随机数字','text','ip_address','varchar',200,NULL,NULL,NULL,NULL,13,1,13,0,0,0,1,0,NULL,'created',0,0,0,NULL,0,'(IP[0-9]{4})|((25[0-5]|2[0-4]\\d|1\\d{2}|[1-9]?\\d)\\.){3}(25[0-5]|2[0-4]\\d|1\\d{2}|[1-9]?\\d)'),(547,32,'CPU(核)','CPU(核)','text','cpu','varchar',200,NULL,NULL,NULL,NULL,14,1,14,1,0,0,1,0,NULL,'created',0,0,0,NULL,0,'([1-9][0-9]?)?'),(548,32,'内存(GB)','内存(GB)','text','memory','varchar',200,NULL,NULL,NULL,NULL,15,1,15,1,0,0,1,0,NULL,'created',0,0,0,NULL,0,'([1-9][0-9]?)?'),(549,32,'存储空间(GB)','50的倍数','text','storage','varchar',200,NULL,NULL,NULL,NULL,17,1,17,0,0,0,1,0,NULL,'created',0,0,0,NULL,0,'([1-9]?50)|([1-9]00)'),(550,32,'计费模式','计费模式','ref','charge_type','varchar',15,63,'关联',32,'[{\"filter_1\":{\"left\":\"[{\\\"ciTypeId\\\":63},{\\\"ciTypeId\\\":6,\\\"parentRs\\\":{\\\"attrId\\\":1092,\\\"isReferedFromParent\\\":1}},{\\\"ciTypeId\\\":6,\\\"parentRs\\\":{\\\"attrId\\\":73,\\\"isReferedFromParent\\\":1}}]\",\"operator\":\"in\",\"right\":\"[{\\\"ciTypeId\\\":32},{\\\"ciTypeId\\\":29,\\\"parentRs\\\":{\\\"attrId\\\":538,\\\"isReferedFromParent\\\":1}},{\\\"ciTypeId\\\":7,\\\"parentRs\\\":{\\\"attrId\\\":484,\\\"isReferedFromParent\\\":1}},{\\\"ciTypeId\\\":6,\\\"parentRs\\\":{\\\"attrId\\\":100,\\\"isReferedFromParent\\\":1}},{\\\"ciTypeId\\\":6,\\\"parentRs\\\":{\\\"attrId\\\":73,\\\"isReferedFromParent\\\":1}}]\"}}]',18,1,18,0,0,0,1,0,NULL,'created',0,0,0,NULL,0,NULL),(551,32,'计费周期(月)','1 | 2 | 3','text','billing_cycle','varchar',200,NULL,NULL,NULL,NULL,19,1,19,1,0,0,1,0,NULL,'created',0,0,0,NULL,0,'(1|2|3)?'),(552,32,'截止日期','截止时间，包年包月时必须给出','date','end_date','varchar',200,NULL,NULL,NULL,NULL,20,1,20,1,0,0,1,0,NULL,'created',0,0,0,NULL,0,NULL),(553,32,'用户名','用户名','text','user_name','varchar',200,NULL,NULL,NULL,NULL,21,1,21,0,0,0,1,0,NULL,'created',0,0,0,NULL,0,'[a-zA-Z][a-zA-Z0-9_]*[a-zA-Z]'),(554,32,'用户密码','用户密码','password','user_password','varchar',200,NULL,NULL,NULL,NULL,22,1,22,1,0,0,1,0,NULL,'created',0,0,0,NULL,0,''),(555,32,'登录端口','22|3389','text','login_port','varchar',200,NULL,NULL,NULL,NULL,23,1,23,0,0,0,1,0,NULL,'created',0,0,0,'',0,'22|3389'),(556,32,'监控端口','9100','text','monitor_port','varchar',200,NULL,NULL,NULL,NULL,24,1,24,0,0,0,0,0,NULL,'created',0,0,1,'[{\"type\":\"delimiter\",\"value\":\"9100\"}]',0,'9100'),(557,32,'资产ID','资产ID','text','asset_id','varchar',200,NULL,NULL,NULL,NULL,25,1,25,1,0,0,1,0,NULL,'created',0,0,0,NULL,0,NULL),(558,32,'备份资产ID','备份资产ID','text','backup_asset_id','varchar',200,NULL,NULL,NULL,NULL,26,1,26,1,0,0,1,0,NULL,'created',0,0,0,NULL,0,NULL),(559,32,'监控唯一名称','监控唯一名称','text','monitor_key_name','varchar',200,NULL,NULL,NULL,NULL,27,0,27,0,1,0,0,0,NULL,'created',0,0,1,'[{\"type\":\"rule\",\"value\":\"[{\\\"ciTypeId\\\":32},{\\\"ciTypeId\\\":32,\\\"parentRs\\\":{\\\"attrId\\\":546,\\\"isReferedFromParent\\\":1}}]\"},{\"type\":\"delimiter\",\"value\":\":9100\"}]',0,NULL),(560,32,'描述说明','描述说明','textArea','description','varchar',1000,NULL,NULL,NULL,NULL,29,1,29,1,0,0,1,0,NULL,'created',0,0,0,NULL,0,NULL),(561,33,'全局唯一ID','全局唯一ID','text','guid','varchar',15,NULL,NULL,NULL,NULL,0,0,0,0,1,0,0,0,NULL,'created',1,0,0,NULL,0,NULL),(562,33,'前全局唯一ID','前一版本数据的guid','text','p_guid','varchar',15,NULL,NULL,NULL,NULL,0,0,0,1,0,0,0,0,NULL,'created',1,0,0,NULL,1,NULL),(563,33,'根全局唯一ID','原始数据guid','text','r_guid','varchar',15,NULL,NULL,NULL,NULL,0,0,0,0,0,0,0,0,NULL,'created',1,0,0,NULL,0,NULL),(564,33,'更新用户','更新用户','text','updated_by','varchar',50,NULL,NULL,NULL,NULL,0,0,0,0,0,0,0,0,NULL,'created',1,0,0,NULL,1,NULL),(565,33,'更新日期','更新日期','date','updated_date','datetime',1,NULL,NULL,NULL,NULL,0,0,0,0,0,0,0,0,NULL,'created',1,0,0,NULL,1,NULL),(566,33,'创建用户','创建用户','text','created_by','varchar',50,NULL,NULL,NULL,NULL,0,0,0,0,0,0,0,0,NULL,'created',1,0,0,NULL,0,NULL),(567,33,'创建日期','创建日期','date','created_date','datetime',1,NULL,NULL,NULL,NULL,0,0,0,0,0,0,0,0,NULL,'created',1,0,0,NULL,0,NULL),(568,33,'状态','状态','select','state','int',15,9,NULL,NULL,NULL,0,0,0,0,0,0,0,0,NULL,'created',1,0,0,NULL,0,NULL),(569,33,'唯一名称','唯一名称','text','key_name','varchar',1000,NULL,NULL,NULL,NULL,1,1,1,0,1,0,0,0,NULL,'created',1,0,1,'[{\"type\":\"rule\",\"value\":\"[{\\\"ciTypeId\\\":33},{\\\"ciTypeId\\\":29,\\\"parentRs\\\":{\\\"attrId\\\":573,\\\"isReferedFromParent\\\":1}},{\\\"ciTypeId\\\":29,\\\"parentRs\\\":{\\\"attrId\\\":477,\\\"isReferedFromParent\\\":1}}]\"},{\"type\":\"delimiter\",\"value\":\"__\"},{\"type\":\"rule\",\"value\":\"[{\\\"ciTypeId\\\":33},{\\\"ciTypeId\\\":33,\\\"parentRs\\\":{\\\"attrId\\\":574,\\\"isReferedFromParent\\\":1}}]\"}]',0,NULL),(570,33,'状态编码','状态编码','text','state_code','varchar',50,NULL,NULL,NULL,NULL,2,1,2,0,0,0,0,0,NULL,'created',1,0,1,'[{\"type\":\"rule\",\"value\":\"[{\\\"ciTypeId\\\":33},{\\\"ciTypeId\\\":33,\\\"parentRs\\\":{\\\"attrId\\\":568,\\\"isReferedFromParent\\\":1},\\\"enumCodeAttr\\\":\\\"code\\\"}]\"}]',0,NULL),(571,33,'确认日期','确认日期','text','fixed_date','varchar',19,NULL,NULL,NULL,NULL,3,1,3,1,0,0,0,0,NULL,'created',1,0,0,NULL,0,NULL),(572,33,'编码','编码','text','code','varchar',1000,NULL,NULL,NULL,NULL,4,1,4,0,0,0,0,0,NULL,'created',1,0,1,'[{\"type\":\"rule\",\"value\":\"[{\\\"ciTypeId\\\":33},{\\\"ciTypeId\\\":33,\\\"parentRs\\\":{\\\"attrId\\\":574,\\\"isReferedFromParent\\\":1}}]\"},{\"type\":\"delimiter\",\"value\":\"_\"},{\"type\":\"rule\",\"value\":\"[{\\\"ciTypeId\\\":33},{\\\"ciTypeId\\\":33,\\\"parentRs\\\":{\\\"attrId\\\":581,\\\"isReferedFromParent\\\":1}}]\"}]',0,NULL),(573,33,'资源集合','资源集合','ref','resource_set','varchar',15,29,'属于',29,'[{\"filter_1\":{\"left\":\"[{\\\"ciTypeId\\\":29},{\\\"ciTypeId\\\":29,\\\"parentRs\\\":{\\\"attrId\\\":485,\\\"isReferedFromParent\\\":1}}]\",\"operator\":\"in\",\"right\":[\"NODE\"]},\"filter_2\":{\"left\":\"[{\\\"ciTypeId\\\":29},{\\\"ciTypeId\\\":29,\\\"parentRs\\\":{\\\"attrId\\\":483,\\\"isReferedFromParent\\\":1}}]\",\"operator\":\"in\",\"right\":[\"RDB\"]}}]',5,1,5,0,0,0,1,0,NULL,'created',0,0,0,NULL,0,NULL),(574,33,'名称','名称','text','name','varchar',200,NULL,NULL,NULL,NULL,6,1,6,0,0,0,1,0,NULL,'created',0,0,0,NULL,0,NULL),(576,33,'资源实例类型','资源实例类型','ref','resource_instance_type','varchar',15,9,'关联',32,'[{\"filter_1\":{\"left\":\"[{\\\"ciTypeId\\\":9},{\\\"ciTypeId\\\":7,\\\"parentRs\\\":{\\\"attrId\\\":1128,\\\"isReferedFromParent\\\":1}},{\\\"ciTypeId\\\":7,\\\"parentRs\\\":{\\\"attrId\\\":87,\\\"isReferedFromParent\\\":1}}]\",\"operator\":\"in\",\"right\":\"[{\\\"ciTypeId\\\":33},{\\\"ciTypeId\\\":29,\\\"parentRs\\\":{\\\"attrId\\\":573,\\\"isReferedFromParent\\\":1}},{\\\"ciTypeId\\\":7,\\\"parentRs\\\":{\\\"attrId\\\":484,\\\"isReferedFromParent\\\":1}},{\\\"ciTypeId\\\":7,\\\"parentRs\\\":{\\\"attrId\\\":87,\\\"isReferedFromParent\\\":1}}]\"},\"filter_2\":{\"left\":\"[{\\\"ciTypeId\\\":9},{\\\"ciTypeId\\\":2,\\\"parentRs\\\":{\\\"attrId\\\":131,\\\"isReferedFromParent\\\":1}},{\\\"ciTypeId\\\":2,\\\"parentRs\\\":{\\\"attrId\\\":17,\\\"isReferedFromParent\\\":1}}]\",\"operator\":\"in\",\"right\":\"[{\\\"ciTypeId\\\":33},{\\\"ciTypeId\\\":29,\\\"parentRs\\\":{\\\"attrId\\\":573,\\\"isReferedFromParent\\\":1}},{\\\"ciTypeId\\\":2,\\\"parentRs\\\":{\\\"attrId\\\":1055,\\\"isReferedFromParent\\\":1}},{\\\"ciTypeId\\\":2,\\\"parentRs\\\":{\\\"attrId\\\":17,\\\"isReferedFromParent\\\":1}}]\"}}]',7,1,7,0,0,0,1,0,NULL,'created',0,0,0,NULL,0,NULL),(577,33,'资源实例系统','资源实例系统','ref','resource_instance_system','varchar',15,11,'关联',32,'[{\"filter_1\":{\"left\":\"[{\\\"ciTypeId\\\":11},{\\\"ciTypeId\\\":11,\\\"parentRs\\\":{\\\"attrId\\\":149,\\\"isReferedFromParent\\\":1}}]\",\"operator\":\"in\",\"right\":\"[{\\\"ciTypeId\\\":33},{\\\"ciTypeId\\\":9,\\\"parentRs\\\":{\\\"attrId\\\":576,\\\"isReferedFromParent\\\":1}},{\\\"ciTypeId\\\":11,\\\"parentRs\\\":{\\\"attrId\\\":162,\\\"isReferedFromParent\\\":0}},{\\\"ciTypeId\\\":11,\\\"parentRs\\\":{\\\"attrId\\\":149,\\\"isReferedFromParent\\\":1}}]\"}}]',8,1,8,0,0,0,1,0,NULL,'created',0,0,0,NULL,0,NULL),(578,33,'资源实例规格','资源实例规格','ref','resource_instance_spec','varchar',15,10,'关联',32,'[{\"filter_1\":{\"left\":\"[{\\\"ciTypeId\\\":10},{\\\"ciTypeId\\\":10,\\\"parentRs\\\":{\\\"attrId\\\":133,\\\"isReferedFromParent\\\":1}}]\",\"operator\":\"in\",\"right\":\"[{\\\"ciTypeId\\\":33},{\\\"ciTypeId\\\":9,\\\"parentRs\\\":{\\\"attrId\\\":576,\\\"isReferedFromParent\\\":1}},{\\\"ciTypeId\\\":10,\\\"parentRs\\\":{\\\"attrId\\\":147,\\\"isReferedFromParent\\\":0}},{\\\"ciTypeId\\\":10,\\\"parentRs\\\":{\\\"attrId\\\":133,\\\"isReferedFromParent\\\":1}}]\"}}]',9,1,9,0,0,0,1,0,NULL,'created',0,0,0,NULL,0,NULL),(579,33,'集群节点类型','集群节点类型','ref','cluster_node_type','varchar',15,8,'关联',32,'[{\"filter_1\":{\"left\":\"[{\\\"ciTypeId\\\":8},{\\\"ciTypeId\\\":8,\\\"parentRs\\\":{\\\"attrId\\\":102,\\\"isReferedFromParent\\\":1}}]\",\"operator\":\"in\",\"right\":\"[{\\\"ciTypeId\\\":33},{\\\"ciTypeId\\\":29,\\\"parentRs\\\":{\\\"attrId\\\":573,\\\"isReferedFromParent\\\":1}},{\\\"ciTypeId\\\":7,\\\"parentRs\\\":{\\\"attrId\\\":484,\\\"isReferedFromParent\\\":1}},{\\\"ciTypeId\\\":8,\\\"parentRs\\\":{\\\"attrId\\\":115,\\\"isReferedFromParent\\\":0}},{\\\"ciTypeId\\\":8,\\\"parentRs\\\":{\\\"attrId\\\":102,\\\"isReferedFromParent\\\":1}}]\"}}]',10,1,10,0,0,0,1,0,NULL,'created',0,0,0,NULL,0,NULL),(580,33,'主资源实例','主资源实例','ref','master_resource_instance','varchar',15,33,'关联',32,'',11,1,11,1,0,0,1,0,NULL,'created',0,0,0,NULL,0,NULL),(581,33,'IP地址','待创建资源,填写IP+4位随机数字','text','ip_address','varchar',200,NULL,NULL,NULL,NULL,13,1,13,0,0,0,1,0,NULL,'created',0,0,0,NULL,0,'(IP[0-9]{4})|((25[0-5]|2[0-4]\\d|1\\d{2}|[1-9]?\\d)\\.){3}(25[0-5]|2[0-4]\\d|1\\d{2}|[1-9]?\\d)'),(582,33,'CPU(核)','CPU(核)','text','cpu','varchar',200,NULL,NULL,NULL,NULL,14,1,14,1,0,0,1,0,NULL,'created',0,0,0,NULL,0,'([1-9][0-9]?)?'),(583,33,'内存(GB)','内存(GB)','text','memory','varchar',200,NULL,NULL,NULL,NULL,15,1,15,1,0,0,1,0,NULL,'created',0,0,0,NULL,0,'([1-9][0-9]?)?'),(584,33,'存储空间(GB)','50的倍数','text','storage','varchar',200,NULL,NULL,NULL,NULL,17,1,17,0,0,0,1,0,NULL,'created',0,0,0,NULL,0,'([1-9]?50)|([1-9]00)'),(585,33,'计费模式','计费模式','ref','charge_type','varchar',15,63,'关联',32,'[{\"filter_1\":{\"left\":\"[{\\\"ciTypeId\\\":63},{\\\"ciTypeId\\\":6,\\\"parentRs\\\":{\\\"attrId\\\":1092,\\\"isReferedFromParent\\\":1}},{\\\"ciTypeId\\\":6,\\\"parentRs\\\":{\\\"attrId\\\":73,\\\"isReferedFromParent\\\":1}}]\",\"operator\":\"in\",\"right\":\"[{\\\"ciTypeId\\\":33},{\\\"ciTypeId\\\":29,\\\"parentRs\\\":{\\\"attrId\\\":573,\\\"isReferedFromParent\\\":1}},{\\\"ciTypeId\\\":7,\\\"parentRs\\\":{\\\"attrId\\\":484,\\\"isReferedFromParent\\\":1}},{\\\"ciTypeId\\\":6,\\\"parentRs\\\":{\\\"attrId\\\":100,\\\"isReferedFromParent\\\":1}},{\\\"ciTypeId\\\":6,\\\"parentRs\\\":{\\\"attrId\\\":73,\\\"isReferedFromParent\\\":1}}]\"}}]',18,1,18,0,0,0,1,0,NULL,'created',0,0,0,NULL,0,NULL),(586,33,'计费周期(月)','1 | 2 | 3','text','billing_cycle','varchar',200,NULL,NULL,NULL,NULL,19,1,19,1,0,0,1,0,NULL,'created',0,0,0,NULL,0,'(1|2|3)?'),(587,33,'截止日期','截止时间，包年包月时必须给出','date','end_date','varchar',200,NULL,NULL,NULL,NULL,20,1,20,1,0,0,1,0,NULL,'created',0,0,0,NULL,0,NULL),(588,33,'用户名','用户名','text','user_name','varchar',200,NULL,NULL,NULL,NULL,21,1,21,0,0,0,0,0,NULL,'created',0,0,1,'[{\"type\":\"delimiter\",\"value\":\"root\"}]',0,NULL),(589,33,'用户密码','用户密码','password','user_password','varchar',200,NULL,NULL,NULL,NULL,22,1,22,1,0,0,1,0,NULL,'created',0,0,0,NULL,0,NULL),(590,33,'登录端口','1000-4999的一个数字','text','login_port','varchar',200,NULL,NULL,NULL,NULL,23,1,23,0,0,0,0,0,NULL,'created',0,0,1,'[{\"type\":\"delimiter\",\"value\":\"3306\"}]',0,'(1|2|3|4)[0-9]{3}'),(591,33,'监控端口','1000-4999的一个数字，一般与登录端口一致','text','monitor_port','varchar',200,NULL,NULL,NULL,NULL,24,1,24,0,0,0,0,0,NULL,'created',0,0,1,'[{\"type\":\"delimiter\",\"value\":\"3306\"}]',0,'(1|2|3|4)[0-9]{3}'),(592,33,'资产ID','资产ID','text','asset_id','varchar',200,NULL,NULL,NULL,NULL,25,1,25,1,0,0,1,0,NULL,'created',0,0,0,NULL,0,NULL),(593,33,'备份资产ID','备份资产ID','text','backup_asset_id','varchar',200,NULL,NULL,NULL,NULL,26,1,26,1,0,0,1,0,NULL,'created',0,0,0,NULL,0,NULL),(594,33,'监控唯一名称','监控唯一名称','text','monitor_key_name','varchar',200,NULL,NULL,NULL,NULL,27,0,27,0,1,0,0,0,NULL,'created',0,0,1,'[{\"type\":\"rule\",\"value\":\"[{\\\"ciTypeId\\\":33},{\\\"ciTypeId\\\":33,\\\"parentRs\\\":{\\\"attrId\\\":581,\\\"isReferedFromParent\\\":1}}]\"},{\"type\":\"delimiter\",\"value\":\":3306\"}]',0,NULL),(595,33,'描述说明','描述说明','textArea','description','varchar',1000,NULL,NULL,NULL,NULL,28,1,28,1,0,0,1,0,NULL,'created',0,0,0,NULL,0,NULL),(596,34,'全局唯一ID','全局唯一ID','text','guid','varchar',15,NULL,NULL,NULL,NULL,0,0,0,0,1,0,0,0,NULL,'created',1,0,0,NULL,0,NULL),(597,34,'前全局唯一ID','前一版本数据的guid','text','p_guid','varchar',15,NULL,NULL,NULL,NULL,0,0,0,1,0,0,0,0,NULL,'created',1,0,0,NULL,1,NULL),(598,34,'根全局唯一ID','原始数据guid','text','r_guid','varchar',15,NULL,NULL,NULL,NULL,0,0,0,0,0,0,0,0,NULL,'created',1,0,0,NULL,0,NULL),(599,34,'更新用户','更新用户','text','updated_by','varchar',50,NULL,NULL,NULL,NULL,0,0,0,0,0,0,0,0,NULL,'created',1,0,0,NULL,1,NULL),(600,34,'更新日期','更新日期','date','updated_date','datetime',1,NULL,NULL,NULL,NULL,0,0,0,0,0,0,0,0,NULL,'created',1,0,0,NULL,1,NULL),(601,34,'创建用户','创建用户','text','created_by','varchar',50,NULL,NULL,NULL,NULL,0,0,0,0,0,0,0,0,NULL,'created',1,0,0,NULL,0,NULL),(602,34,'创建日期','创建日期','date','created_date','datetime',1,NULL,NULL,NULL,NULL,0,0,0,0,0,0,0,0,NULL,'created',1,0,0,NULL,0,NULL),(603,34,'状态','状态','select','state','int',15,9,NULL,NULL,NULL,0,0,0,0,0,0,0,0,NULL,'created',1,0,0,NULL,0,NULL),(604,34,'唯一名称','唯一名称','text','key_name','varchar',1000,NULL,NULL,NULL,NULL,1,1,1,0,1,0,0,0,NULL,'created',1,0,1,'[{\"type\":\"rule\",\"value\":\"[{\\\"ciTypeId\\\":34},{\\\"ciTypeId\\\":29,\\\"parentRs\\\":{\\\"attrId\\\":608,\\\"isReferedFromParent\\\":1}},{\\\"ciTypeId\\\":29,\\\"parentRs\\\":{\\\"attrId\\\":477,\\\"isReferedFromParent\\\":1}}]\"},{\"type\":\"delimiter\",\"value\":\"__\"},{\"type\":\"rule\",\"value\":\"[{\\\"ciTypeId\\\":34},{\\\"ciTypeId\\\":34,\\\"parentRs\\\":{\\\"attrId\\\":609,\\\"isReferedFromParent\\\":1}}]\"}]',0,NULL),(605,34,'状态编码','状态编码','text','state_code','varchar',50,NULL,NULL,NULL,NULL,2,1,2,0,0,0,0,0,NULL,'created',1,0,1,'[{\"type\":\"rule\",\"value\":\"[{\\\"ciTypeId\\\":34},{\\\"ciTypeId\\\":34,\\\"parentRs\\\":{\\\"attrId\\\":603,\\\"isReferedFromParent\\\":1},\\\"enumCodeAttr\\\":\\\"code\\\"}]\"}]',0,NULL),(606,34,'确认日期','确认日期','text','fixed_date','varchar',19,NULL,NULL,NULL,NULL,3,1,3,1,0,0,0,0,NULL,'created',1,0,0,NULL,0,NULL),(607,34,'编码','编码','text','code','varchar',1000,NULL,NULL,NULL,NULL,4,1,4,0,0,0,0,0,NULL,'created',1,0,1,'[{\"type\":\"rule\",\"value\":\"[{\\\"ciTypeId\\\":34},{\\\"ciTypeId\\\":34,\\\"parentRs\\\":{\\\"attrId\\\":609,\\\"isReferedFromParent\\\":1}}]\"},{\"type\":\"delimiter\",\"value\":\"_\"},{\"type\":\"rule\",\"value\":\"[{\\\"ciTypeId\\\":34},{\\\"ciTypeId\\\":34,\\\"parentRs\\\":{\\\"attrId\\\":616,\\\"isReferedFromParent\\\":1}}]\"}]',0,NULL),(608,34,'资源集合','资源集合','ref','resource_set','varchar',15,29,'属于',29,'[{\"filter_1\":{\"left\":\"[{\\\"ciTypeId\\\":29},{\\\"ciTypeId\\\":29,\\\"parentRs\\\":{\\\"attrId\\\":485,\\\"isReferedFromParent\\\":1}}]\",\"operator\":\"in\",\"right\":[\"NODE\"]},\"filter_2\":{\"left\":\"[{\\\"ciTypeId\\\":29},{\\\"ciTypeId\\\":29,\\\"parentRs\\\":{\\\"attrId\\\":483,\\\"isReferedFromParent\\\":1}}]\",\"operator\":\"in\",\"right\":[\"CACHE\"]}}]',5,1,5,0,0,0,1,0,NULL,'created',0,0,0,NULL,0,NULL),(609,34,'名称','名称','text','name','varchar',200,NULL,NULL,NULL,NULL,6,1,6,0,0,0,1,0,NULL,'created',0,0,0,NULL,0,NULL),(611,34,'资源实例类型','资源实例类型','ref','resource_instance_type','varchar',15,9,'关联',32,'[{\"filter_1\":{\"left\":\"[{\\\"ciTypeId\\\":9},{\\\"ciTypeId\\\":7,\\\"parentRs\\\":{\\\"attrId\\\":1128,\\\"isReferedFromParent\\\":1}},{\\\"ciTypeId\\\":7,\\\"parentRs\\\":{\\\"attrId\\\":87,\\\"isReferedFromParent\\\":1}}]\",\"operator\":\"in\",\"right\":\"[{\\\"ciTypeId\\\":34},{\\\"ciTypeId\\\":29,\\\"parentRs\\\":{\\\"attrId\\\":608,\\\"isReferedFromParent\\\":1}},{\\\"ciTypeId\\\":7,\\\"parentRs\\\":{\\\"attrId\\\":484,\\\"isReferedFromParent\\\":1}},{\\\"ciTypeId\\\":7,\\\"parentRs\\\":{\\\"attrId\\\":87,\\\"isReferedFromParent\\\":1}}]\"},\"filter_2\":{\"left\":\"[{\\\"ciTypeId\\\":9},{\\\"ciTypeId\\\":2,\\\"parentRs\\\":{\\\"attrId\\\":131,\\\"isReferedFromParent\\\":1}},{\\\"ciTypeId\\\":2,\\\"parentRs\\\":{\\\"attrId\\\":17,\\\"isReferedFromParent\\\":1}}]\",\"operator\":\"in\",\"right\":\"[{\\\"ciTypeId\\\":34},{\\\"ciTypeId\\\":29,\\\"parentRs\\\":{\\\"attrId\\\":608,\\\"isReferedFromParent\\\":1}},{\\\"ciTypeId\\\":2,\\\"parentRs\\\":{\\\"attrId\\\":1055,\\\"isReferedFromParent\\\":1}},{\\\"ciTypeId\\\":2,\\\"parentRs\\\":{\\\"attrId\\\":17,\\\"isReferedFromParent\\\":1}}]\"}}]',7,1,7,0,0,0,1,0,NULL,'created',0,0,0,NULL,0,NULL),(612,34,'资源实例系统','资源实例系统','ref','resource_instance_system','varchar',15,11,'关联',32,'[{\"filter_1\":{\"left\":\"[{\\\"ciTypeId\\\":11},{\\\"ciTypeId\\\":11,\\\"parentRs\\\":{\\\"attrId\\\":149,\\\"isReferedFromParent\\\":1}}]\",\"operator\":\"in\",\"right\":\"[{\\\"ciTypeId\\\":34},{\\\"ciTypeId\\\":9,\\\"parentRs\\\":{\\\"attrId\\\":611,\\\"isReferedFromParent\\\":1}},{\\\"ciTypeId\\\":11,\\\"parentRs\\\":{\\\"attrId\\\":162,\\\"isReferedFromParent\\\":0}},{\\\"ciTypeId\\\":11,\\\"parentRs\\\":{\\\"attrId\\\":149,\\\"isReferedFromParent\\\":1}}]\"}}]',8,1,8,0,0,0,1,0,NULL,'created',0,0,0,NULL,0,NULL),(613,34,'资源实例规格','资源实例规格','ref','resource_instance_spec','varchar',15,10,'关联',32,'[{\"filter_1\":{\"left\":\"[{\\\"ciTypeId\\\":10},{\\\"ciTypeId\\\":10,\\\"parentRs\\\":{\\\"attrId\\\":133,\\\"isReferedFromParent\\\":1}}]\",\"operator\":\"in\",\"right\":\"[{\\\"ciTypeId\\\":34},{\\\"ciTypeId\\\":9,\\\"parentRs\\\":{\\\"attrId\\\":611,\\\"isReferedFromParent\\\":1}},{\\\"ciTypeId\\\":10,\\\"parentRs\\\":{\\\"attrId\\\":147,\\\"isReferedFromParent\\\":0}},{\\\"ciTypeId\\\":10,\\\"parentRs\\\":{\\\"attrId\\\":133,\\\"isReferedFromParent\\\":1}}]\"}}]',9,1,9,0,0,0,1,0,NULL,'created',0,0,0,NULL,0,NULL),(614,34,'集群节点类型','集群节点类型','ref','cluster_node_type','varchar',15,8,'关联',32,'[{\"filter_1\":{\"left\":\"[{\\\"ciTypeId\\\":8},{\\\"ciTypeId\\\":8,\\\"parentRs\\\":{\\\"attrId\\\":102,\\\"isReferedFromParent\\\":1}}]\",\"operator\":\"in\",\"right\":\"[{\\\"ciTypeId\\\":34},{\\\"ciTypeId\\\":29,\\\"parentRs\\\":{\\\"attrId\\\":608,\\\"isReferedFromParent\\\":1}},{\\\"ciTypeId\\\":7,\\\"parentRs\\\":{\\\"attrId\\\":484,\\\"isReferedFromParent\\\":1}},{\\\"ciTypeId\\\":8,\\\"parentRs\\\":{\\\"attrId\\\":115,\\\"isReferedFromParent\\\":0}},{\\\"ciTypeId\\\":8,\\\"parentRs\\\":{\\\"attrId\\\":102,\\\"isReferedFromParent\\\":1}}]\"}}]',10,1,10,0,0,0,1,0,NULL,'created',0,0,0,NULL,0,NULL),(615,34,'主资源实例','主资源实例','ref','master_resource_instance','varchar',15,34,'关联',32,NULL,11,1,11,1,0,0,1,0,NULL,'created',0,0,0,NULL,0,NULL),(616,34,'IP地址','待创建资源,填写IP+4位随机数字','text','ip_address','varchar',200,NULL,NULL,NULL,NULL,13,1,13,0,0,0,1,0,NULL,'created',0,0,0,NULL,0,'(IP[0-9]{4})|((25[0-5]|2[0-4]\\d|1\\d{2}|[1-9]?\\d)\\.){3}(25[0-5]|2[0-4]\\d|1\\d{2}|[1-9]?\\d)'),(618,34,'内存(GB)','内存(GB)','text','memory','varchar',200,NULL,NULL,NULL,NULL,14,1,14,1,0,0,1,0,NULL,'created',0,0,0,NULL,0,'([1-9][0-9]?)?'),(620,34,'计费模式','计费模式','ref','charge_type','varchar',15,63,'关联',32,'[{\"filter_1\":{\"left\":\"[{\\\"ciTypeId\\\":63},{\\\"ciTypeId\\\":6,\\\"parentRs\\\":{\\\"attrId\\\":1092,\\\"isReferedFromParent\\\":1}},{\\\"ciTypeId\\\":6,\\\"parentRs\\\":{\\\"attrId\\\":73,\\\"isReferedFromParent\\\":1}}]\",\"operator\":\"in\",\"right\":\"[{\\\"ciTypeId\\\":34},{\\\"ciTypeId\\\":29,\\\"parentRs\\\":{\\\"attrId\\\":608,\\\"isReferedFromParent\\\":1}},{\\\"ciTypeId\\\":7,\\\"parentRs\\\":{\\\"attrId\\\":484,\\\"isReferedFromParent\\\":1}},{\\\"ciTypeId\\\":6,\\\"parentRs\\\":{\\\"attrId\\\":100,\\\"isReferedFromParent\\\":1}},{\\\"ciTypeId\\\":6,\\\"parentRs\\\":{\\\"attrId\\\":73,\\\"isReferedFromParent\\\":1}}]\"}}]',15,1,15,0,0,0,1,0,NULL,'created',0,0,0,NULL,0,NULL),(621,34,'计费周期(月)','1 | 2 | 3','text','billing_cycle','varchar',200,NULL,NULL,NULL,NULL,16,1,16,1,0,0,1,0,NULL,'created',0,0,0,NULL,0,'(1|2|3)?'),(622,34,'截止日期','截止时间，包年包月时必须给出','date','end_date','varchar',200,NULL,NULL,NULL,NULL,17,1,17,1,0,0,1,0,NULL,'created',0,0,0,NULL,0,NULL),(623,34,'用户名','用户名','text','user_name','varchar',200,NULL,NULL,NULL,NULL,18,1,18,0,0,0,1,0,NULL,'created',0,0,0,NULL,0,NULL),(624,34,'用户密码','用户密码','password','user_password','varchar',200,NULL,NULL,NULL,NULL,19,1,19,1,0,0,1,0,NULL,'created',0,0,0,NULL,0,NULL),(625,34,'登录端口','6379','text','login_port','varchar',200,NULL,NULL,NULL,NULL,20,1,20,0,0,0,0,0,NULL,'created',0,0,1,'[{\"type\":\"delimiter\",\"value\":\"6379\"}]',0,'6379'),(626,34,'监控端口','5000-9999的一个数字，一般与登录端口一致','text','monitor_port','varchar',200,NULL,NULL,NULL,NULL,21,1,21,0,0,0,0,0,NULL,'created',0,0,1,'[{\"type\":\"delimiter\",\"value\":\"6379\"}]',0,'(5|6|7|8|9)[0-9]{3}'),(627,34,'资产ID','资产ID','text','asset_id','varchar',200,NULL,NULL,NULL,NULL,22,1,22,1,0,0,1,0,NULL,'created',0,0,0,NULL,0,NULL),(628,34,'备份资产ID','备份资产ID','text','backup_asset_id','varchar',200,NULL,NULL,NULL,NULL,23,1,23,1,0,0,1,0,NULL,'created',0,0,0,NULL,0,NULL),(629,34,'监控唯一名称','监控唯一名称','text','monitor_key_name','varchar',200,NULL,NULL,NULL,NULL,24,0,24,0,1,0,0,0,NULL,'created',0,0,1,'[{\"type\":\"rule\",\"value\":\"[{\\\"ciTypeId\\\":34},{\\\"ciTypeId\\\":34,\\\"parentRs\\\":{\\\"attrId\\\":616,\\\"isReferedFromParent\\\":1}}]\"},{\"type\":\"delimiter\",\"value\":\":6379\"}]',0,NULL),(630,34,'描述说明','描述说明','textArea','description','varchar',1000,NULL,NULL,NULL,NULL,25,1,25,1,0,0,1,0,NULL,'created',0,0,0,NULL,0,NULL),(631,35,'全局唯一ID','全局唯一ID','text','guid','varchar',15,NULL,NULL,NULL,NULL,0,0,0,0,1,0,0,0,NULL,'created',1,0,0,NULL,0,NULL),(632,35,'前全局唯一ID','前一版本数据的guid','text','p_guid','varchar',15,NULL,NULL,NULL,NULL,0,0,0,1,0,0,0,0,NULL,'created',1,0,0,NULL,1,NULL),(633,35,'根全局唯一ID','原始数据guid','text','r_guid','varchar',15,NULL,NULL,NULL,NULL,0,0,0,0,0,0,0,0,NULL,'created',1,0,0,NULL,0,NULL),(634,35,'更新用户','更新用户','text','updated_by','varchar',50,NULL,NULL,NULL,NULL,0,0,0,0,0,0,0,0,NULL,'created',1,0,0,NULL,1,NULL),(635,35,'更新日期','更新日期','date','updated_date','datetime',1,NULL,NULL,NULL,NULL,0,0,0,0,0,0,0,0,NULL,'created',1,0,0,NULL,1,NULL),(636,35,'创建用户','创建用户','text','created_by','varchar',50,NULL,NULL,NULL,NULL,0,0,0,0,0,0,0,0,NULL,'created',1,0,0,NULL,0,NULL),(637,35,'创建日期','创建日期','date','created_date','datetime',1,NULL,NULL,NULL,NULL,0,0,0,0,0,0,0,0,NULL,'created',1,0,0,NULL,0,NULL),(638,35,'状态','状态','select','state','int',15,8,NULL,NULL,NULL,0,0,0,0,0,0,0,0,NULL,'created',1,0,0,NULL,0,NULL),(639,35,'唯一名称','唯一名称','text','key_name','varchar',1000,NULL,NULL,NULL,NULL,1,1,1,0,1,0,0,0,NULL,'created',1,0,1,'[{\"type\":\"rule\",\"value\":\"[{\\\"ciTypeId\\\":35},{\\\"ciTypeId\\\":29,\\\"parentRs\\\":{\\\"attrId\\\":643,\\\"isReferedFromParent\\\":1}},{\\\"ciTypeId\\\":29,\\\"parentRs\\\":{\\\"attrId\\\":477,\\\"isReferedFromParent\\\":1}}]\"},{\"type\":\"delimiter\",\"value\":\"__\"},{\"type\":\"rule\",\"value\":\"[{\\\"ciTypeId\\\":35},{\\\"ciTypeId\\\":35,\\\"parentRs\\\":{\\\"attrId\\\":644,\\\"isReferedFromParent\\\":1}}]\"}]',0,NULL),(640,35,'状态编码','状态编码','text','state_code','varchar',50,NULL,NULL,NULL,NULL,2,1,2,0,0,0,0,0,NULL,'created',1,0,1,'[{\"type\":\"rule\",\"value\":\"[{\\\"ciTypeId\\\":35},{\\\"ciTypeId\\\":35,\\\"parentRs\\\":{\\\"attrId\\\":638,\\\"isReferedFromParent\\\":1},\\\"enumCodeAttr\\\":\\\"code\\\"}]\"}]',0,NULL),(641,35,'确认日期','确认日期','text','fixed_date','varchar',19,NULL,NULL,NULL,NULL,3,1,3,1,0,0,0,0,NULL,'created',1,0,0,NULL,0,NULL),(642,35,'编码','编码','text','code','varchar',1000,NULL,NULL,NULL,NULL,4,1,4,0,0,0,0,0,NULL,'created',1,0,1,'[{\"type\":\"rule\",\"value\":\"[{\\\"ciTypeId\\\":35},{\\\"ciTypeId\\\":35,\\\"parentRs\\\":{\\\"attrId\\\":644,\\\"isReferedFromParent\\\":1}}]\"},{\"type\":\"delimiter\",\"value\":\"_\"},{\"type\":\"rule\",\"value\":\"[{\\\"ciTypeId\\\":35},{\\\"ciTypeId\\\":35,\\\"parentRs\\\":{\\\"attrId\\\":649,\\\"isReferedFromParent\\\":1}}]\"}]',0,NULL),(643,35,'资源集合','资源集合','ref','resource_set','varchar',15,29,'属于',29,'[{\"filter_1\":{\"left\":\"[{\\\"ciTypeId\\\":29},{\\\"ciTypeId\\\":29,\\\"parentRs\\\":{\\\"attrId\\\":485,\\\"isReferedFromParent\\\":1}}]\",\"operator\":\"in\",\"right\":[\"NODE\"]},\"filter_2\":{\"left\":\"[{\\\"ciTypeId\\\":29},{\\\"ciTypeId\\\":29,\\\"parentRs\\\":{\\\"attrId\\\":483,\\\"isReferedFromParent\\\":1}}]\",\"operator\":\"in\",\"right\":[\"LB\"]}}]',5,1,5,0,0,0,1,0,NULL,'created',0,0,0,NULL,0,NULL),(644,35,'名称','名称','text','name','varchar',200,NULL,NULL,NULL,NULL,6,1,6,0,0,0,1,0,NULL,'created',0,0,0,NULL,0,NULL),(646,35,'资源实例类型','资源实例类型','ref','resource_instance_type','varchar',15,9,'关联',32,'[{\"filter_1\":{\"left\":\"[{\\\"ciTypeId\\\":9},{\\\"ciTypeId\\\":7,\\\"parentRs\\\":{\\\"attrId\\\":1128,\\\"isReferedFromParent\\\":1}},{\\\"ciTypeId\\\":7,\\\"parentRs\\\":{\\\"attrId\\\":87,\\\"isReferedFromParent\\\":1}}]\",\"operator\":\"in\",\"right\":\"[{\\\"ciTypeId\\\":35},{\\\"ciTypeId\\\":29,\\\"parentRs\\\":{\\\"attrId\\\":643,\\\"isReferedFromParent\\\":1}},{\\\"ciTypeId\\\":7,\\\"parentRs\\\":{\\\"attrId\\\":484,\\\"isReferedFromParent\\\":1}},{\\\"ciTypeId\\\":7,\\\"parentRs\\\":{\\\"attrId\\\":87,\\\"isReferedFromParent\\\":1}}]\"},\"filter_2\":{\"left\":\"[{\\\"ciTypeId\\\":9},{\\\"ciTypeId\\\":2,\\\"parentRs\\\":{\\\"attrId\\\":131,\\\"isReferedFromParent\\\":1}},{\\\"ciTypeId\\\":2,\\\"parentRs\\\":{\\\"attrId\\\":17,\\\"isReferedFromParent\\\":1}}]\",\"operator\":\"in\",\"right\":\"[{\\\"ciTypeId\\\":35},{\\\"ciTypeId\\\":29,\\\"parentRs\\\":{\\\"attrId\\\":643,\\\"isReferedFromParent\\\":1}},{\\\"ciTypeId\\\":2,\\\"parentRs\\\":{\\\"attrId\\\":1055,\\\"isReferedFromParent\\\":1}},{\\\"ciTypeId\\\":2,\\\"parentRs\\\":{\\\"attrId\\\":17,\\\"isReferedFromParent\\\":1}}]\"}}]',7,1,7,0,0,0,1,0,NULL,'created',0,0,0,NULL,0,NULL),(647,35,'集群节点类型','集群节点类型','ref','cluster_node_type','varchar',15,8,'关联',32,'[{\"filter_1\":{\"left\":\"[{\\\"ciTypeId\\\":8},{\\\"ciTypeId\\\":8,\\\"parentRs\\\":{\\\"attrId\\\":102,\\\"isReferedFromParent\\\":1}}]\",\"operator\":\"in\",\"right\":\"[{\\\"ciTypeId\\\":35},{\\\"ciTypeId\\\":29,\\\"parentRs\\\":{\\\"attrId\\\":643,\\\"isReferedFromParent\\\":1}},{\\\"ciTypeId\\\":7,\\\"parentRs\\\":{\\\"attrId\\\":484,\\\"isReferedFromParent\\\":1}},{\\\"ciTypeId\\\":8,\\\"parentRs\\\":{\\\"attrId\\\":115,\\\"isReferedFromParent\\\":0}},{\\\"ciTypeId\\\":8,\\\"parentRs\\\":{\\\"attrId\\\":102,\\\"isReferedFromParent\\\":1}}]\"}}]',8,1,8,0,0,0,1,0,NULL,'created',0,0,0,NULL,0,NULL),(649,35,'IP地址','待创建资源,填写IP+4位随机数字','text','ip_address','varchar',200,NULL,NULL,NULL,NULL,10,1,10,0,0,0,1,0,NULL,'created',0,0,0,NULL,0,'(IP[0-9]{4})|((25[0-5]|2[0-4]\\d|1\\d{2}|[1-9]?\\d)\\.){3}(25[0-5]|2[0-4]\\d|1\\d{2}|[1-9]?\\d)'),(650,35,'计费模式','计费模式','ref','charge_type','varchar',15,63,'关联',32,'[{\"filter_1\":{\"left\":\"[{\\\"ciTypeId\\\":63},{\\\"ciTypeId\\\":6,\\\"parentRs\\\":{\\\"attrId\\\":1092,\\\"isReferedFromParent\\\":1}},{\\\"ciTypeId\\\":6,\\\"parentRs\\\":{\\\"attrId\\\":73,\\\"isReferedFromParent\\\":1}}]\",\"operator\":\"in\",\"right\":\"[{\\\"ciTypeId\\\":35},{\\\"ciTypeId\\\":29,\\\"parentRs\\\":{\\\"attrId\\\":643,\\\"isReferedFromParent\\\":1}},{\\\"ciTypeId\\\":7,\\\"parentRs\\\":{\\\"attrId\\\":484,\\\"isReferedFromParent\\\":1}},{\\\"ciTypeId\\\":6,\\\"parentRs\\\":{\\\"attrId\\\":100,\\\"isReferedFromParent\\\":1}},{\\\"ciTypeId\\\":6,\\\"parentRs\\\":{\\\"attrId\\\":73,\\\"isReferedFromParent\\\":1}}]\"}}]',11,1,11,0,0,0,1,0,NULL,'created',0,0,0,NULL,0,NULL),(651,35,'计费周期(月)','1 | 2 | 3','text','billing_cycle','varchar',200,NULL,NULL,NULL,NULL,12,1,12,1,0,0,1,0,NULL,'created',0,0,0,NULL,0,'(1|2|3)?'),(652,35,'截止日期','截止时间，包年包月时必须给出','date','end_date','varchar',200,NULL,NULL,NULL,NULL,13,1,13,1,0,0,1,0,NULL,'created',0,0,0,NULL,0,NULL),(653,35,'监控端口','50-999的一个端口','text','monitor_port','varchar',200,NULL,NULL,NULL,NULL,14,1,14,0,0,0,0,0,NULL,'created',0,0,1,'[{\"type\":\"delimiter\",\"value\":\"80\"}]',0,'(5|6|7|8|9)[0-9]{1,2}'),(654,35,'资产ID','资产ID','text','asset_id','varchar',200,NULL,NULL,NULL,NULL,15,1,15,1,0,0,1,0,NULL,'created',0,0,0,NULL,0,NULL),(655,35,'监控唯一名称','监控唯一名称','text','monitor_key_name','varchar',200,NULL,NULL,NULL,NULL,16,0,16,0,1,0,0,0,NULL,'created',0,0,1,'[{\"type\":\"rule\",\"value\":\"[{\\\"ciTypeId\\\":35},{\\\"ciTypeId\\\":35,\\\"parentRs\\\":{\\\"attrId\\\":649,\\\"isReferedFromParent\\\":1}}]\"},{\"type\":\"delimiter\",\"value\":\":80\"}]',0,NULL),(656,35,'描述说明','描述说明','textArea','description','varchar',1000,NULL,NULL,NULL,NULL,17,1,17,1,0,0,1,0,NULL,'created',0,0,0,NULL,0,NULL),(657,36,'全局唯一ID','全局唯一ID','text','guid','varchar',15,NULL,NULL,NULL,NULL,0,0,0,0,1,0,0,0,NULL,'created',1,0,0,NULL,0,NULL),(658,36,'前全局唯一ID','前一版本数据的guid','text','p_guid','varchar',15,NULL,NULL,NULL,NULL,0,0,0,1,0,0,0,0,NULL,'created',1,0,0,NULL,1,NULL),(659,36,'根全局唯一ID','原始数据guid','text','r_guid','varchar',15,NULL,NULL,NULL,NULL,0,0,0,0,0,0,0,0,NULL,'created',1,0,0,NULL,0,NULL),(660,36,'更新用户','更新用户','text','updated_by','varchar',50,NULL,NULL,NULL,NULL,0,0,0,0,0,0,0,0,NULL,'created',1,0,0,NULL,1,NULL),(661,36,'更新日期','更新日期','date','updated_date','datetime',1,NULL,NULL,NULL,NULL,0,0,0,0,0,0,0,0,NULL,'created',1,0,0,NULL,1,NULL),(662,36,'创建用户','创建用户','text','created_by','varchar',50,NULL,NULL,NULL,NULL,0,0,0,0,0,0,0,0,NULL,'created',1,0,0,NULL,0,NULL),(663,36,'创建日期','创建日期','date','created_date','datetime',1,NULL,NULL,NULL,NULL,0,0,0,0,0,0,0,0,NULL,'created',1,0,0,NULL,0,NULL),(664,36,'状态','状态','select','state','int',15,8,NULL,NULL,NULL,0,0,0,0,0,0,0,0,NULL,'created',1,0,0,NULL,0,NULL),(665,36,'唯一名称','唯一名称','text','key_name','varchar',1000,NULL,NULL,NULL,NULL,1,1,1,0,1,0,0,0,NULL,'created',1,0,1,'[{\"type\":\"rule\",\"value\":\"[{\\\"ciTypeId\\\":36},{\\\"ciTypeId\\\":32,\\\"parentRs\\\":{\\\"attrId\\\":669,\\\"isReferedFromParent\\\":1}},{\\\"ciTypeId\\\":32,\\\"parentRs\\\":{\\\"attrId\\\":534,\\\"isReferedFromParent\\\":1}}]\"},{\"type\":\"delimiter\",\"value\":\"_\"},{\"type\":\"rule\",\"value\":\"[{\\\"ciTypeId\\\":36},{\\\"ciTypeId\\\":36,\\\"parentRs\\\":{\\\"attrId\\\":668,\\\"isReferedFromParent\\\":1}}]\"}]',0,NULL),(666,36,'状态编码','状态编码','text','state_code','varchar',50,NULL,NULL,NULL,NULL,2,1,2,0,0,0,0,0,NULL,'created',1,0,1,'[{\"type\":\"rule\",\"value\":\"[{\\\"ciTypeId\\\":36},{\\\"ciTypeId\\\":36,\\\"parentRs\\\":{\\\"attrId\\\":664,\\\"isReferedFromParent\\\":1},\\\"enumCodeAttr\\\":\\\"code\\\"}]\"}]',0,NULL),(667,36,'确认日期','确认日期','text','fixed_date','varchar',19,NULL,NULL,NULL,NULL,3,1,3,1,0,0,0,0,NULL,'created',1,0,0,NULL,0,NULL),(668,36,'编码','字母开头的2-6位大写或小写英文字母数字组合','text','code','varchar',1000,NULL,NULL,NULL,NULL,4,1,4,0,0,0,1,0,NULL,'created',1,0,0,NULL,0,'[a-zA-Z][a-zA-Z0-9]{1,5}'),(669,36,'主机资源实例','主机资源实例','ref','host_resource_instance','varchar',15,32,'属于',32,NULL,5,1,5,0,0,0,1,0,NULL,'created',0,0,0,NULL,0,NULL),(670,36,'名称','名称','text','name','varchar',200,NULL,NULL,NULL,NULL,6,1,6,0,0,0,1,0,NULL,'created',0,0,0,NULL,0,NULL),(671,36,'挂载点','/加字母开头的3-12位字符串','text','mount_point','varchar',200,NULL,NULL,NULL,NULL,7,1,7,0,0,0,1,0,NULL,'created',0,0,0,NULL,0,'/[a-zA-Z][a-z-A-Z0-9_]{1,10}[a-zA-Z0-9]'),(672,36,'存储类型','存储类型','ref','storage_type','varchar',15,62,'关联',32,'[{\"filter_1\":{\"left\":\"[{\\\"ciTypeId\\\":62},{\\\"ciTypeId\\\":6,\\\"parentRs\\\":{\\\"attrId\\\":1078,\\\"isReferedFromParent\\\":1}},{\\\"ciTypeId\\\":6,\\\"parentRs\\\":{\\\"attrId\\\":73,\\\"isReferedFromParent\\\":1}}]\",\"operator\":\"in\",\"right\":\"[{\\\"ciTypeId\\\":36},{\\\"ciTypeId\\\":32,\\\"parentRs\\\":{\\\"attrId\\\":669,\\\"isReferedFromParent\\\":1}},{\\\"ciTypeId\\\":29,\\\"parentRs\\\":{\\\"attrId\\\":538,\\\"isReferedFromParent\\\":1}},{\\\"ciTypeId\\\":7,\\\"parentRs\\\":{\\\"attrId\\\":484,\\\"isReferedFromParent\\\":1}},{\\\"ciTypeId\\\":6,\\\"parentRs\\\":{\\\"attrId\\\":100,\\\"isReferedFromParent\\\":1}},{\\\"ciTypeId\\\":6,\\\"parentRs\\\":{\\\"attrId\\\":73,\\\"isReferedFromParent\\\":1}}]\"},\"filter_2\":{\"left\":\"[{\\\"ciTypeId\\\":62},{\\\"ciTypeId\\\":2,\\\"parentRs\\\":{\\\"attrId\\\":1097,\\\"isReferedFromParent\\\":1}},{\\\"ciTypeId\\\":2,\\\"parentRs\\\":{\\\"attrId\\\":17,\\\"isReferedFromParent\\\":1}}]\",\"operator\":\"in\",\"right\":\"[{\\\"ciTypeId\\\":36},{\\\"ciTypeId\\\":32,\\\"parentRs\\\":{\\\"attrId\\\":669,\\\"isReferedFromParent\\\":1}},{\\\"ciTypeId\\\":29,\\\"parentRs\\\":{\\\"attrId\\\":538,\\\"isReferedFromParent\\\":1}},{\\\"ciTypeId\\\":2,\\\"parentRs\\\":{\\\"attrId\\\":1055,\\\"isReferedFromParent\\\":1}},{\\\"ciTypeId\\\":2,\\\"parentRs\\\":{\\\"attrId\\\":17,\\\"isReferedFromParent\\\":1}}]\"}}]',8,1,8,0,0,0,1,0,NULL,'created',0,0,0,NULL,0,'CLOUD_SSD|CLOUD_PREMIUM'),(673,36,'文件系统格式','EXT | EXT4','text','file_system','varchar',200,NULL,NULL,NULL,NULL,9,1,9,0,0,0,1,0,NULL,'created',0,0,0,NULL,0,'EXT|EXT4'),(674,36,'容量(GB)','50的倍数','text','disk_size','varchar',200,NULL,NULL,NULL,NULL,10,1,10,0,0,0,1,0,NULL,'created',0,0,0,NULL,0,'([1-9]?50)|([1-9]00)'),(675,36,'计费模式','计费模式','ref','charge_type','varchar',15,63,'关联',32,'[{\"filter_1\":{\"left\":\"[{\\\"ciTypeId\\\":63},{\\\"ciTypeId\\\":6,\\\"parentRs\\\":{\\\"attrId\\\":1092,\\\"isReferedFromParent\\\":1}},{\\\"ciTypeId\\\":6,\\\"parentRs\\\":{\\\"attrId\\\":73,\\\"isReferedFromParent\\\":1}}]\",\"operator\":\"in\",\"right\":\"[{\\\"ciTypeId\\\":36},{\\\"ciTypeId\\\":32,\\\"parentRs\\\":{\\\"attrId\\\":669,\\\"isReferedFromParent\\\":1}},{\\\"ciTypeId\\\":29,\\\"parentRs\\\":{\\\"attrId\\\":538,\\\"isReferedFromParent\\\":1}},{\\\"ciTypeId\\\":23,\\\"parentRs\\\":{\\\"attrId\\\":488,\\\"isReferedFromParent\\\":1}},{\\\"ciTypeId\\\":22,\\\"parentRs\\\":{\\\"attrId\\\":361,\\\"isReferedFromParent\\\":1}},{\\\"ciTypeId\\\":6,\\\"parentRs\\\":{\\\"attrId\\\":341,\\\"isReferedFromParent\\\":1}},{\\\"ciTypeId\\\":6,\\\"parentRs\\\":{\\\"attrId\\\":73,\\\"isReferedFromParent\\\":1}}]\"}}]',11,1,11,0,0,0,1,0,NULL,'created',0,0,0,NULL,0,'POSTPAID_BY_HOUR|PREPAID'),(676,36,'计费周期(月)','1 | 2 | 3','text','billing_cycle','varchar',200,NULL,NULL,NULL,NULL,12,1,12,1,0,0,1,0,NULL,'created',0,0,0,NULL,0,'(1|2|3)?'),(677,36,'截止日期','截止时间，包年包月时必须给出','text','end_date','varchar',200,NULL,NULL,NULL,NULL,13,1,13,1,0,0,1,0,NULL,'created',0,0,0,NULL,0,NULL),(678,36,'资产ID','资产ID','text','asset_id','varchar',200,NULL,NULL,NULL,NULL,14,1,14,1,0,0,1,0,NULL,'created',0,0,0,NULL,0,NULL),(679,36,'描述说明','描述说明','textArea','description','varchar',1000,NULL,NULL,NULL,NULL,15,1,15,1,0,0,1,0,NULL,'created',0,0,0,NULL,0,NULL),(680,37,'全局唯一ID','全局唯一ID','text','guid','varchar',15,NULL,NULL,NULL,NULL,0,0,0,0,1,0,0,0,NULL,'created',1,0,0,NULL,0,NULL),(681,37,'前全局唯一ID','前一版本数据的guid','text','p_guid','varchar',15,NULL,NULL,NULL,NULL,0,0,0,1,0,0,0,0,NULL,'created',1,0,0,NULL,1,NULL),(682,37,'根全局唯一ID','原始数据guid','text','r_guid','varchar',15,NULL,NULL,NULL,NULL,0,0,0,0,0,0,0,0,NULL,'created',1,0,0,NULL,0,NULL),(683,37,'更新用户','更新用户','text','updated_by','varchar',50,NULL,NULL,NULL,NULL,0,0,0,0,0,0,0,0,NULL,'created',1,0,0,NULL,1,NULL),(684,37,'更新日期','更新日期','date','updated_date','datetime',1,NULL,NULL,NULL,NULL,0,0,0,0,0,0,0,0,NULL,'created',1,0,0,NULL,1,NULL),(685,37,'创建用户','创建用户','text','created_by','varchar',50,NULL,NULL,NULL,NULL,0,0,0,0,0,0,0,0,NULL,'created',1,0,0,NULL,0,NULL),(686,37,'创建日期','创建日期','date','created_date','datetime',1,NULL,NULL,NULL,NULL,0,0,0,0,0,0,0,0,NULL,'created',1,0,0,NULL,0,NULL),(687,37,'状态','状态','select','state','int',15,7,NULL,NULL,NULL,0,0,0,0,0,0,0,0,NULL,'created',1,0,0,NULL,0,NULL),(688,37,'唯一名称','唯一名称','text','key_name','varchar',1000,NULL,NULL,NULL,NULL,1,1,1,0,1,0,0,0,NULL,'created',1,0,1,'[{\"type\":\"rule\",\"value\":\"[{\\\"ciTypeId\\\":37},{\\\"ciTypeId\\\":37,\\\"parentRs\\\":{\\\"attrId\\\":691,\\\"isReferedFromParent\\\":1}}]\"}]',0,NULL),(689,37,'状态编码','状态编码','text','state_code','varchar',50,NULL,NULL,NULL,NULL,2,1,2,0,0,0,0,0,NULL,'created',1,0,1,'[{\"type\":\"rule\",\"value\":\"[{\\\"ciTypeId\\\":37},{\\\"ciTypeId\\\":37,\\\"parentRs\\\":{\\\"attrId\\\":687,\\\"isReferedFromParent\\\":1},\\\"enumCodeAttr\\\":\\\"code\\\"}]\"}]',0,NULL),(690,37,'确认日期','确认日期','text','fixed_date','varchar',19,NULL,NULL,NULL,NULL,3,1,3,1,0,0,0,0,NULL,'created',1,0,0,NULL,0,NULL),(691,37,'编码','2-6位大写或小写英文字母','text','code','varchar',1000,NULL,NULL,NULL,NULL,4,1,4,0,1,0,1,0,NULL,'created',1,0,0,NULL,0,'[a-zA-Z]{2,6}'),(692,37,'名称','名称','text','name','varchar',200,NULL,NULL,NULL,NULL,5,1,5,0,0,0,1,0,NULL,'created',0,0,0,NULL,0,NULL),(693,37,'应用域','应用域','ref','application_domain','varchar',15,5,'关联',32,NULL,6,1,6,0,0,0,1,0,NULL,'created',0,1,0,NULL,0,NULL),(694,37,'应用系统设计ID','4-6位数字','text','app_system_design_id','varchar',200,NULL,NULL,NULL,NULL,7,1,7,0,0,0,1,0,NULL,'created',0,0,0,NULL,0,'^[1-9][0-9]{3,5}$'),(695,37,'数据中心设计','数据中心设计','ref','data_center_design','varchar',15,12,'关联',32,NULL,8,1,8,0,0,0,1,0,NULL,'created',0,0,0,NULL,0,''),(696,37,'描述说明','描述说明','textArea','description','varchar',1000,NULL,NULL,NULL,NULL,9,1,9,1,0,0,1,0,NULL,'created',0,0,0,NULL,0,NULL),(697,38,'全局唯一ID','全局唯一ID','text','guid','varchar',15,NULL,NULL,NULL,NULL,0,0,0,0,1,0,0,0,NULL,'created',1,0,0,NULL,0,NULL),(698,38,'前全局唯一ID','前一版本数据的guid','text','p_guid','varchar',15,NULL,NULL,NULL,NULL,0,0,0,1,0,0,0,0,NULL,'created',1,0,0,NULL,1,NULL),(699,38,'根全局唯一ID','原始数据guid','text','r_guid','varchar',15,NULL,NULL,NULL,NULL,0,0,0,0,0,0,0,0,NULL,'created',1,0,0,NULL,0,NULL),(700,38,'更新用户','更新用户','text','updated_by','varchar',50,NULL,NULL,NULL,NULL,0,0,0,0,0,0,0,0,NULL,'created',1,0,0,NULL,1,NULL),(701,38,'更新日期','更新日期','date','updated_date','datetime',1,NULL,NULL,NULL,NULL,0,0,0,0,0,0,0,0,NULL,'created',1,0,0,NULL,1,NULL),(702,38,'创建用户','创建用户','text','created_by','varchar',50,NULL,NULL,NULL,NULL,0,0,0,0,0,0,0,0,NULL,'created',1,0,0,NULL,0,NULL),(703,38,'创建日期','创建日期','date','created_date','datetime',1,NULL,NULL,NULL,NULL,0,0,0,0,0,0,0,0,NULL,'created',1,0,0,NULL,0,NULL),(704,38,'状态','状态','select','state','int',15,7,NULL,NULL,NULL,0,0,0,0,0,0,0,0,NULL,'created',1,0,0,NULL,0,NULL),(705,38,'唯一名称','唯一名称','text','key_name','varchar',1000,NULL,NULL,NULL,NULL,1,1,1,0,1,0,0,0,NULL,'created',1,0,1,'[{\"type\":\"rule\",\"value\":\"[{\\\"ciTypeId\\\":38},{\\\"ciTypeId\\\":37,\\\"parentRs\\\":{\\\"attrId\\\":709,\\\"isReferedFromParent\\\":1}},{\\\"ciTypeId\\\":37,\\\"parentRs\\\":{\\\"attrId\\\":688,\\\"isReferedFromParent\\\":1}}]\"},{\"type\":\"delimiter\",\"value\":\"_\"},{\"type\":\"rule\",\"value\":\"[{\\\"ciTypeId\\\":38},{\\\"ciTypeId\\\":38,\\\"parentRs\\\":{\\\"attrId\\\":708,\\\"isReferedFromParent\\\":1}}]\"}]',0,NULL),(706,38,'状态编码','状态编码','text','state_code','varchar',50,NULL,NULL,NULL,NULL,2,1,2,0,0,0,0,0,NULL,'created',1,0,1,'[{\"type\":\"rule\",\"value\":\"[{\\\"ciTypeId\\\":38},{\\\"ciTypeId\\\":38,\\\"parentRs\\\":{\\\"attrId\\\":704,\\\"isReferedFromParent\\\":1},\\\"enumCodeAttr\\\":\\\"code\\\"}]\"}]',0,NULL),(707,38,'确认日期','确认日期','text','fixed_date','varchar',19,NULL,NULL,NULL,NULL,3,1,3,1,0,0,0,0,NULL,'created',1,0,0,NULL,0,NULL),(708,38,'编码','2-6位大写或小写英文字母','text','code','varchar',1000,NULL,NULL,NULL,NULL,4,1,4,0,0,0,1,0,NULL,'created',1,0,0,NULL,0,'[a-zA-Z]{2,8}'),(709,38,'应用系统设计','应用系统设计','ref','app_system_design','varchar',15,37,'属于',29,NULL,5,1,5,0,0,0,1,0,NULL,'created',0,1,0,NULL,0,NULL),(710,38,'名称','名称','text','name','varchar',200,NULL,NULL,NULL,NULL,6,1,6,0,0,0,1,0,NULL,'created',0,0,0,NULL,0,NULL),(711,38,'子系统设计ID','4-6位数字','text','subsys_design_id','varchar',200,NULL,NULL,NULL,NULL,7,1,7,0,0,0,1,0,NULL,'created',0,0,0,NULL,0,'^[1-9][0-9]{3,5}$'),(712,38,'网络区域设计','网络区域设计','ref','network_zone_design','varchar',15,14,'关联',32,'[{\"filter_1\":{\"left\":\"[{\\\"ciTypeId\\\":14},{\\\"ciTypeId\\\":12,\\\"parentRs\\\":{\\\"attrId\\\":209,\\\"isReferedFromParent\\\":1}},{\\\"ciTypeId\\\":12,\\\"parentRs\\\":{\\\"attrId\\\":165,\\\"isReferedFromParent\\\":1}}]\",\"operator\":\"in\",\"right\":\"[{\\\"ciTypeId\\\":38},{\\\"ciTypeId\\\":37,\\\"parentRs\\\":{\\\"attrId\\\":709,\\\"isReferedFromParent\\\":1}},{\\\"ciTypeId\\\":12,\\\"parentRs\\\":{\\\"attrId\\\":695,\\\"isReferedFromParent\\\":1}},{\\\"ciTypeId\\\":12,\\\"parentRs\\\":{\\\"attrId\\\":165,\\\"isReferedFromParent\\\":1}}]\"}}]',8,1,8,0,0,0,1,0,NULL,'created',0,0,0,NULL,0,NULL),(713,38,'描述说明','描述说明','textArea','description','varchar',1000,NULL,NULL,NULL,NULL,9,1,9,1,0,0,1,0,NULL,'created',0,0,0,NULL,0,NULL),(714,39,'全局唯一ID','全局唯一ID','text','guid','varchar',15,NULL,NULL,NULL,NULL,0,0,0,0,1,0,0,0,NULL,'created',1,0,0,NULL,0,NULL),(715,39,'前全局唯一ID','前一版本数据的guid','text','p_guid','varchar',15,NULL,NULL,NULL,NULL,0,0,0,1,0,0,0,0,NULL,'created',1,0,0,NULL,1,NULL),(716,39,'根全局唯一ID','原始数据guid','text','r_guid','varchar',15,NULL,NULL,NULL,NULL,0,0,0,0,0,0,0,0,NULL,'created',1,0,0,NULL,0,NULL),(717,39,'更新用户','更新用户','text','updated_by','varchar',50,NULL,NULL,NULL,NULL,0,0,0,0,0,0,0,0,NULL,'created',1,0,0,NULL,1,NULL),(718,39,'更新日期','更新日期','date','updated_date','datetime',1,NULL,NULL,NULL,NULL,0,0,0,0,0,0,0,0,NULL,'created',1,0,0,NULL,1,NULL),(719,39,'创建用户','创建用户','text','created_by','varchar',50,NULL,NULL,NULL,NULL,0,0,0,0,0,0,0,0,NULL,'created',1,0,0,NULL,0,NULL),(720,39,'创建日期','创建日期','date','created_date','datetime',1,NULL,NULL,NULL,NULL,0,0,0,0,0,0,0,0,NULL,'created',1,0,0,NULL,0,NULL),(721,39,'状态','状态','select','state','int',15,7,NULL,NULL,NULL,0,0,0,0,0,0,0,0,NULL,'created',1,0,0,NULL,0,NULL),(722,39,'唯一名称','唯一名称','text','key_name','varchar',1000,NULL,NULL,NULL,NULL,1,1,1,0,1,0,0,0,NULL,'created',1,0,1,'[{\"type\":\"rule\",\"value\":\"[{\\\"ciTypeId\\\":39},{\\\"ciTypeId\\\":38,\\\"parentRs\\\":{\\\"attrId\\\":726,\\\"isReferedFromParent\\\":1}},{\\\"ciTypeId\\\":38,\\\"parentRs\\\":{\\\"attrId\\\":705,\\\"isReferedFromParent\\\":1}}]\"},{\"type\":\"delimiter\",\"value\":\"_\"},{\"type\":\"rule\",\"value\":\"[{\\\"ciTypeId\\\":39},{\\\"ciTypeId\\\":39,\\\"parentRs\\\":{\\\"attrId\\\":725,\\\"isReferedFromParent\\\":1}}]\"}]',0,NULL),(723,39,'状态编码','状态编码','text','state_code','varchar',50,NULL,NULL,NULL,NULL,2,1,2,0,0,0,0,0,NULL,'created',1,0,1,'[{\"type\":\"rule\",\"value\":\"[{\\\"ciTypeId\\\":39},{\\\"ciTypeId\\\":39,\\\"parentRs\\\":{\\\"attrId\\\":721,\\\"isReferedFromParent\\\":1},\\\"enumCodeAttr\\\":\\\"code\\\"}]\"}]',0,NULL),(724,39,'确认日期','确认日期','text','fixed_date','varchar',19,NULL,NULL,NULL,NULL,3,1,3,1,0,0,0,0,NULL,'created',1,0,0,NULL,0,NULL),(725,39,'编码','2-8位大写或小写英文字母','text','code','varchar',1000,NULL,NULL,NULL,NULL,4,1,4,0,0,0,1,0,NULL,'created',1,0,0,'',0,'[a-zA-Z]{2,8}'),(726,39,'子系统设计','子系统设计','ref','subsys_design','varchar',15,38,'属于',29,NULL,5,1,5,0,0,0,1,0,NULL,'created',0,0,0,NULL,0,NULL),(727,39,'资源集合设计','资源集合设计','ref','resource_set_design','varchar',15,19,'关联',32,'[{\"filter_1\":{\"left\":\"[{\\\"ciTypeId\\\":19},{\\\"ciTypeId\\\":14,\\\"parentRs\\\":{\\\"attrId\\\":1134,\\\"isReferedFromParent\\\":1}},{\\\"ciTypeId\\\":14,\\\"parentRs\\\":{\\\"attrId\\\":197,\\\"isReferedFromParent\\\":1}}]\",\"operator\":\"in\",\"right\":\"[{\\\"ciTypeId\\\":39},{\\\"ciTypeId\\\":38,\\\"parentRs\\\":{\\\"attrId\\\":726,\\\"isReferedFromParent\\\":1}},{\\\"ciTypeId\\\":14,\\\"parentRs\\\":{\\\"attrId\\\":712,\\\"isReferedFromParent\\\":1}},{\\\"ciTypeId\\\":14,\\\"parentRs\\\":{\\\"attrId\\\":197,\\\"isReferedFromParent\\\":1}}]\"},\"filter_2\":{\"left\":\"[{\\\"ciTypeId\\\":19},{\\\"ciTypeId\\\":19,\\\"parentRs\\\":{\\\"attrId\\\":280,\\\"isReferedFromParent\\\":1}}]\",\"operator\":\"in\",\"right\":\"[{\\\"ciTypeId\\\":39},{\\\"ciTypeId\\\":2,\\\"parentRs\\\":{\\\"attrId\\\":728,\\\"isReferedFromParent\\\":1}},{\\\"ciTypeId\\\":19,\\\"parentRs\\\":{\\\"attrId\\\":293,\\\"isReferedFromParent\\\":0}},{\\\"ciTypeId\\\":19,\\\"parentRs\\\":{\\\"attrId\\\":280,\\\"isReferedFromParent\\\":1}}]\"}}]',7,1,7,0,0,0,1,0,NULL,'created',0,0,0,NULL,0,NULL),(728,39,'单元类型','单元类型','ref','unit_type','varchar',15,2,'关联',32,NULL,6,1,6,0,0,0,1,0,NULL,'created',0,0,0,NULL,0,NULL),(729,39,'名称','名称','text','name','varchar',200,NULL,NULL,NULL,NULL,8,1,8,0,0,0,1,0,NULL,'created',0,0,0,NULL,0,NULL),(730,39,'通讯协议','合法值为“TCP”或“UDP”','text','protocol','varchar',200,NULL,NULL,NULL,NULL,9,1,9,0,0,0,1,0,NULL,'created',0,0,0,NULL,0,'^TCP|UDP$'),(731,39,'跨资源集合部署','合法值为“Y”或“N”','text','across_resource_set','varchar',200,NULL,NULL,NULL,NULL,10,1,10,0,0,0,1,0,NULL,'created',0,0,0,NULL,0,'^Y|N$'),(732,39,'描述说明','描述说明','textArea','description','varchar',1000,NULL,NULL,NULL,NULL,12,1,12,1,0,0,1,0,NULL,'created',0,0,0,NULL,0,NULL),(733,40,'全局唯一ID','全局唯一ID','text','guid','varchar',15,NULL,NULL,NULL,NULL,0,0,0,0,1,0,0,0,NULL,'created',1,0,0,NULL,0,NULL),(734,40,'前全局唯一ID','前一版本数据的guid','text','p_guid','varchar',15,NULL,NULL,NULL,NULL,0,0,0,1,0,0,0,0,NULL,'created',1,0,0,NULL,1,NULL),(735,40,'根全局唯一ID','原始数据guid','text','r_guid','varchar',15,NULL,NULL,NULL,NULL,0,0,0,0,0,0,0,0,NULL,'created',1,0,0,NULL,0,NULL),(736,40,'更新用户','更新用户','text','updated_by','varchar',50,NULL,NULL,NULL,NULL,0,0,0,0,0,0,0,0,NULL,'created',1,0,0,NULL,1,NULL),(737,40,'更新日期','更新日期','date','updated_date','datetime',1,NULL,NULL,NULL,NULL,0,0,0,0,0,0,0,0,NULL,'created',1,0,0,NULL,1,NULL),(738,40,'创建用户','创建用户','text','created_by','varchar',50,NULL,NULL,NULL,NULL,0,0,0,0,0,0,0,0,NULL,'created',1,0,0,NULL,0,NULL),(739,40,'创建日期','创建日期','date','created_date','datetime',1,NULL,NULL,NULL,NULL,0,0,0,0,0,0,0,0,NULL,'created',1,0,0,NULL,0,NULL),(740,40,'状态','状态','select','state','int',15,7,NULL,NULL,NULL,0,0,0,0,0,0,0,0,NULL,'created',1,0,0,NULL,0,NULL),(741,40,'唯一名称','唯一名称','text','key_name','varchar',1000,NULL,NULL,NULL,NULL,1,1,1,0,1,0,0,0,NULL,'created',1,0,1,'[{\"type\":\"rule\",\"value\":\"[{\\\"ciTypeId\\\":40},{\\\"ciTypeId\\\":39,\\\"parentRs\\\":{\\\"attrId\\\":745,\\\"isReferedFromParent\\\":1}},{\\\"ciTypeId\\\":39,\\\"parentRs\\\":{\\\"attrId\\\":722,\\\"isReferedFromParent\\\":1}}]\"},{\"type\":\"delimiter\",\"value\":\"-->--\"},{\"type\":\"rule\",\"value\":\"[{\\\"ciTypeId\\\":40},{\\\"ciTypeId\\\":39,\\\"parentRs\\\":{\\\"attrId\\\":747,\\\"isReferedFromParent\\\":1}},{\\\"ciTypeId\\\":39,\\\"parentRs\\\":{\\\"attrId\\\":722,\\\"isReferedFromParent\\\":1}}]\"}]',0,NULL),(742,40,'状态编码','状态编码','text','state_code','varchar',50,NULL,NULL,NULL,NULL,2,1,2,0,0,0,0,0,NULL,'created',1,0,1,'[{\"type\":\"rule\",\"value\":\"[{\\\"ciTypeId\\\":40},{\\\"ciTypeId\\\":40,\\\"parentRs\\\":{\\\"attrId\\\":740,\\\"isReferedFromParent\\\":1},\\\"enumCodeAttr\\\":\\\"code\\\"}]\"}]',0,NULL),(743,40,'确认日期','确认日期','text','fixed_date','varchar',19,NULL,NULL,NULL,NULL,3,1,3,1,0,0,0,0,NULL,'created',1,0,0,NULL,0,NULL),(744,40,'编码','编码','text','code','varchar',1000,NULL,NULL,NULL,NULL,4,1,4,0,0,0,0,0,NULL,'created',1,0,1,'[{\"type\":\"rule\",\"value\":\"[{\\\"ciTypeId\\\":40},{\\\"ciTypeId\\\":39,\\\"parentRs\\\":{\\\"attrId\\\":745,\\\"isReferedFromParent\\\":1}},{\\\"ciTypeId\\\":39,\\\"parentRs\\\":{\\\"attrId\\\":725,\\\"isReferedFromParent\\\":1}}]\"},{\"type\":\"delimiter\",\"value\":\"-->--\"},{\"type\":\"rule\",\"value\":\"[{\\\"ciTypeId\\\":40},{\\\"ciTypeId\\\":39,\\\"parentRs\\\":{\\\"attrId\\\":747,\\\"isReferedFromParent\\\":1}},{\\\"ciTypeId\\\":39,\\\"parentRs\\\":{\\\"attrId\\\":725,\\\"isReferedFromParent\\\":1}}]\"}]',0,NULL),(745,40,'调用单元设计','调用单元设计','ref','invoke_unit_design','varchar',15,39,'属于',29,NULL,5,1,5,0,0,0,1,0,NULL,'created',0,0,0,NULL,0,NULL),(746,40,'资源集合调用设计','资源集合调用设计','ref','resource_set_invoke_design','varchar',15,21,'关联',32,'[{\"filter_1\":{\"left\":\"[{\\\"ciTypeId\\\":21},{\\\"ciTypeId\\\":19,\\\"parentRs\\\":{\\\"attrId\\\":324,\\\"isReferedFromParent\\\":1}},{\\\"ciTypeId\\\":19,\\\"parentRs\\\":{\\\"attrId\\\":280,\\\"isReferedFromParent\\\":1}}]\",\"operator\":\"in\",\"right\":\"[{\\\"ciTypeId\\\":40},{\\\"ciTypeId\\\":39,\\\"parentRs\\\":{\\\"attrId\\\":745,\\\"isReferedFromParent\\\":1}},{\\\"ciTypeId\\\":19,\\\"parentRs\\\":{\\\"attrId\\\":727,\\\"isReferedFromParent\\\":1}},{\\\"ciTypeId\\\":19,\\\"parentRs\\\":{\\\"attrId\\\":280,\\\"isReferedFromParent\\\":1}}]\"}}]',6,1,6,0,0,0,1,0,NULL,'created',0,0,0,NULL,0,NULL),(747,40,'被调用单元设计','被调用单元设计','ref','invoked_unit_design','varchar',15,39,'依赖',31,'[{\"filter_1\":{\"left\":\"[{\\\"ciTypeId\\\":39},{\\\"ciTypeId\\\":19,\\\"parentRs\\\":{\\\"attrId\\\":727,\\\"isReferedFromParent\\\":1}},{\\\"ciTypeId\\\":19,\\\"parentRs\\\":{\\\"attrId\\\":280,\\\"isReferedFromParent\\\":1}}]\",\"operator\":\"in\",\"right\":\"[{\\\"ciTypeId\\\":40},{\\\"ciTypeId\\\":21,\\\"parentRs\\\":{\\\"attrId\\\":746,\\\"isReferedFromParent\\\":1}},{\\\"ciTypeId\\\":19,\\\"parentRs\\\":{\\\"attrId\\\":325,\\\"isReferedFromParent\\\":1}},{\\\"ciTypeId\\\":19,\\\"parentRs\\\":{\\\"attrId\\\":280,\\\"isReferedFromParent\\\":1}}]\"}}]',7,1,7,0,0,0,1,0,NULL,'created',0,0,0,NULL,0,NULL),(748,40,'调用类型','同步调用 | 同步请求 | 异步返回','text','invoke_type','varchar',200,NULL,NULL,NULL,NULL,8,1,8,0,0,0,1,0,NULL,'created',0,0,0,NULL,0,'^同步调用|同步请求|异步返回$'),(749,40,'描述说明','描述说明','textArea','description','varchar',1000,NULL,NULL,NULL,NULL,9,1,9,1,0,0,1,0,NULL,'created',0,0,0,NULL,0,NULL),(750,41,'全局唯一ID','全局唯一ID','text','guid','varchar',15,NULL,NULL,NULL,NULL,0,0,0,0,1,0,0,0,NULL,'created',1,0,0,NULL,0,NULL),(751,41,'前全局唯一ID','前一版本数据的guid','text','p_guid','varchar',15,NULL,NULL,NULL,NULL,0,0,0,1,0,0,0,0,NULL,'created',1,0,0,NULL,1,NULL),(752,41,'根全局唯一ID','原始数据guid','text','r_guid','varchar',15,NULL,NULL,NULL,NULL,0,0,0,0,0,0,0,0,NULL,'created',1,0,0,NULL,0,NULL),(753,41,'更新用户','更新用户','text','updated_by','varchar',50,NULL,NULL,NULL,NULL,0,0,0,0,0,0,0,0,NULL,'created',1,0,0,NULL,1,NULL),(754,41,'更新日期','更新日期','date','updated_date','datetime',1,NULL,NULL,NULL,NULL,0,0,0,0,0,0,0,0,NULL,'created',1,0,0,NULL,1,NULL),(755,41,'创建用户','创建用户','text','created_by','varchar',50,NULL,NULL,NULL,NULL,0,0,0,0,0,0,0,0,NULL,'created',1,0,0,NULL,0,NULL),(756,41,'创建日期','创建日期','date','created_date','datetime',1,NULL,NULL,NULL,NULL,0,0,0,0,0,0,0,0,NULL,'created',1,0,0,NULL,0,NULL),(757,41,'状态','状态','select','state','int',15,7,NULL,NULL,NULL,0,0,0,0,0,0,0,0,NULL,'created',1,0,0,NULL,0,NULL),(758,41,'唯一名称','唯一名称','text','key_name','varchar',1000,NULL,NULL,NULL,NULL,1,1,1,0,1,0,0,0,NULL,'created',1,0,1,'[{\"type\":\"rule\",\"value\":\"[{\\\"ciTypeId\\\":41},{\\\"ciTypeId\\\":41,\\\"parentRs\\\":{\\\"attrId\\\":761,\\\"isReferedFromParent\\\":1}}]\"},{\"type\":\"delimiter\",\"value\":\"_\"},{\"type\":\"rule\",\"value\":\"[{\\\"ciTypeId\\\":41},{\\\"ciTypeId\\\":41,\\\"parentRs\\\":{\\\"attrId\\\":763,\\\"isReferedFromParent\\\":1}}]\"}]',0,NULL),(759,41,'状态编码','状态编码','text','state_code','varchar',50,NULL,NULL,NULL,NULL,2,1,2,0,0,0,0,0,NULL,'created',1,0,1,'[{\"type\":\"rule\",\"value\":\"[{\\\"ciTypeId\\\":41},{\\\"ciTypeId\\\":41,\\\"parentRs\\\":{\\\"attrId\\\":757,\\\"isReferedFromParent\\\":1},\\\"enumCodeAttr\\\":\\\"code\\\"}]\"}]',0,NULL),(760,41,'确认日期','确认日期','text','fixed_date','varchar',19,NULL,NULL,NULL,NULL,3,1,3,1,0,0,0,0,NULL,'created',1,0,0,NULL,0,NULL),(761,41,'编码','Q或S开头，后面跟6位数字且首位数字不能是0','text','code','varchar',1000,NULL,NULL,NULL,NULL,4,1,4,0,0,0,1,0,NULL,'created',1,0,0,NULL,0,'(Q|S)[1-9][0-9]{5}'),(762,41,'单元设计','单元设计','ref','unit_design','varchar',15,39,'属于',29,NULL,5,1,5,0,0,0,1,0,NULL,'created',0,0,0,NULL,0,NULL),(763,41,'名称','服务名称','text','name','varchar',200,NULL,NULL,NULL,NULL,6,1,6,0,0,0,1,0,NULL,'created',0,0,0,NULL,0,NULL),(764,41,'服务类型','直连服务 | RMB服务','text','service_type','varchar',200,28,NULL,NULL,NULL,7,1,7,0,0,0,1,0,NULL,'created',0,0,0,NULL,0,'^直连服务|RMB服务$'),(765,41,'服务调用方式','同步请求 | 异步回调 | 广播 | 同步调用','text','service_invoke_type','varchar',200,48,NULL,NULL,NULL,8,1,8,0,0,0,1,0,NULL,'created',0,0,0,NULL,0,'^同步请求|异步回调|广播|同步调用$'),(766,41,'服务性质','查询类 | 交易类','text','service_nature','varchar',200,49,NULL,NULL,NULL,9,1,9,0,0,0,1,0,NULL,'created',0,0,0,NULL,0,'^查询类|交易类$'),(767,41,'描述说明','描述说明','textArea','description','varchar',1000,NULL,NULL,NULL,NULL,10,1,10,1,0,0,1,0,NULL,'created',0,0,0,NULL,0,NULL),(768,42,'全局唯一ID','全局唯一ID','text','guid','varchar',15,NULL,NULL,NULL,NULL,0,0,0,0,1,0,0,0,NULL,'created',1,0,0,NULL,0,NULL),(769,42,'前全局唯一ID','前一版本数据的guid','text','p_guid','varchar',15,NULL,NULL,NULL,NULL,0,0,0,1,0,0,0,0,NULL,'created',1,0,0,NULL,1,NULL),(770,42,'根全局唯一ID','原始数据guid','text','r_guid','varchar',15,NULL,NULL,NULL,NULL,0,0,0,0,0,0,0,0,NULL,'created',1,0,0,NULL,0,NULL),(771,42,'更新用户','更新用户','text','updated_by','varchar',50,NULL,NULL,NULL,NULL,0,0,0,0,0,0,0,0,NULL,'created',1,0,0,NULL,1,NULL),(772,42,'更新日期','更新日期','date','updated_date','datetime',1,NULL,NULL,NULL,NULL,0,0,0,0,0,0,0,0,NULL,'created',1,0,0,NULL,1,NULL),(773,42,'创建用户','创建用户','text','created_by','varchar',50,NULL,NULL,NULL,NULL,0,0,0,0,0,0,0,0,NULL,'created',1,0,0,NULL,0,NULL),(774,42,'创建日期','创建日期','date','created_date','datetime',1,NULL,NULL,NULL,NULL,0,0,0,0,0,0,0,0,NULL,'created',1,0,0,NULL,0,NULL),(775,42,'状态','状态','select','state','int',15,7,NULL,NULL,NULL,0,0,0,0,0,0,0,0,NULL,'created',1,0,0,NULL,0,NULL),(776,42,'唯一名称','唯一名称','text','key_name','varchar',1000,NULL,NULL,NULL,NULL,1,1,1,0,1,0,0,0,NULL,'created',1,0,1,'[{\"type\":\"rule\",\"value\":\"[{\\\"ciTypeId\\\":42},{\\\"ciTypeId\\\":39,\\\"parentRs\\\":{\\\"attrId\\\":780,\\\"isReferedFromParent\\\":1}},{\\\"ciTypeId\\\":39,\\\"parentRs\\\":{\\\"attrId\\\":722,\\\"isReferedFromParent\\\":1}}]\"},{\"type\":\"delimiter\",\"value\":\"-->--\"},{\"type\":\"rule\",\"value\":\"[{\\\"ciTypeId\\\":42},{\\\"ciTypeId\\\":39,\\\"parentRs\\\":{\\\"attrId\\\":781,\\\"isReferedFromParent\\\":1}},{\\\"ciTypeId\\\":39,\\\"parentRs\\\":{\\\"attrId\\\":722,\\\"isReferedFromParent\\\":1}}]\"},{\"type\":\"delimiter\",\"value\":\"@\"},{\"type\":\"rule\",\"value\":\"[{\\\"ciTypeId\\\":42},{\\\"ciTypeId\\\":41,\\\"parentRs\\\":{\\\"attrId\\\":782,\\\"isReferedFromParent\\\":1}},{\\\"ciTypeId\\\":41,\\\"parentRs\\\":{\\\"attrId\\\":758,\\\"isReferedFromParent\\\":1}}]\"}]',0,NULL),(777,42,'状态编码','状态编码','text','state_code','varchar',50,NULL,NULL,NULL,NULL,2,1,2,0,0,0,0,0,NULL,'created',1,0,1,'[{\"type\":\"rule\",\"value\":\"[{\\\"ciTypeId\\\":42},{\\\"ciTypeId\\\":42,\\\"parentRs\\\":{\\\"attrId\\\":775,\\\"isReferedFromParent\\\":1},\\\"enumCodeAttr\\\":\\\"code\\\"}]\"}]',0,NULL),(778,42,'确认日期','确认日期','text','fixed_date','varchar',19,NULL,NULL,NULL,NULL,3,1,3,1,0,0,0,0,NULL,'created',1,0,0,NULL,0,NULL),(779,42,'编码','自动填充','text','code','varchar',1000,NULL,NULL,NULL,NULL,4,1,4,0,0,0,0,0,NULL,'created',1,0,1,'[{\"type\":\"rule\",\"value\":\"[{\\\"ciTypeId\\\":42},{\\\"ciTypeId\\\":39,\\\"parentRs\\\":{\\\"attrId\\\":780,\\\"isReferedFromParent\\\":1}},{\\\"ciTypeId\\\":39,\\\"parentRs\\\":{\\\"attrId\\\":725,\\\"isReferedFromParent\\\":1}}]\"},{\"type\":\"delimiter\",\"value\":\"-->--\"},{\"type\":\"rule\",\"value\":\"[{\\\"ciTypeId\\\":42},{\\\"ciTypeId\\\":39,\\\"parentRs\\\":{\\\"attrId\\\":781,\\\"isReferedFromParent\\\":1}},{\\\"ciTypeId\\\":39,\\\"parentRs\\\":{\\\"attrId\\\":725,\\\"isReferedFromParent\\\":1}}]\"},{\"type\":\"delimiter\",\"value\":\"@\"},{\"type\":\"rule\",\"value\":\"[{\\\"ciTypeId\\\":42},{\\\"ciTypeId\\\":41,\\\"parentRs\\\":{\\\"attrId\\\":782,\\\"isReferedFromParent\\\":1}},{\\\"ciTypeId\\\":41,\\\"parentRs\\\":{\\\"attrId\\\":763,\\\"isReferedFromParent\\\":1}}]\"}]',0,''),(780,42,'调用单元设计','调用单元设计','ref','invoke_unit_design','varchar',15,39,'属于',29,NULL,5,1,5,0,0,0,1,0,NULL,'created',0,0,0,NULL,0,NULL),(781,42,'被调用单元设计','被调用单元设计','ref','invoked_unit_design','varchar',15,39,'依赖',31,NULL,6,1,6,0,0,0,1,0,NULL,'created',0,0,0,NULL,0,NULL),(782,42,'服务设计','服务设计','ref','service_design','varchar',15,41,'依赖',31,'[{\"filter_1\":{\"left\":\"[{\\\"ciTypeId\\\":41},{\\\"ciTypeId\\\":41,\\\"parentRs\\\":{\\\"attrId\\\":750,\\\"isReferedFromParent\\\":1}}]\",\"operator\":\"in\",\"right\":\"[{\\\"ciTypeId\\\":42},{\\\"ciTypeId\\\":39,\\\"parentRs\\\":{\\\"attrId\\\":781,\\\"isReferedFromParent\\\":1}},{\\\"ciTypeId\\\":41,\\\"parentRs\\\":{\\\"attrId\\\":762,\\\"isReferedFromParent\\\":0}},{\\\"ciTypeId\\\":41,\\\"parentRs\\\":{\\\"attrId\\\":750,\\\"isReferedFromParent\\\":1}}]\"}}]',7,1,7,0,0,0,1,0,NULL,'created',0,0,0,NULL,0,NULL),(783,42,'描述说明','描述说明','textArea','description','varchar',1000,NULL,NULL,NULL,NULL,8,1,8,1,0,0,1,0,NULL,'created',0,0,0,NULL,0,NULL),(784,43,'全局唯一ID','全局唯一ID','text','guid','varchar',15,NULL,NULL,NULL,NULL,0,0,0,0,1,0,0,0,NULL,'created',1,0,0,NULL,0,NULL),(785,43,'前全局唯一ID','前一版本数据的guid','text','p_guid','varchar',15,NULL,NULL,NULL,NULL,0,0,0,1,0,0,0,0,NULL,'created',1,0,0,NULL,1,NULL),(786,43,'根全局唯一ID','原始数据guid','text','r_guid','varchar',15,NULL,NULL,NULL,NULL,0,0,0,0,0,0,0,0,NULL,'created',1,0,0,NULL,0,NULL),(787,43,'更新用户','更新用户','text','updated_by','varchar',50,NULL,NULL,NULL,NULL,0,0,0,0,0,0,0,0,NULL,'created',1,0,0,NULL,1,NULL),(788,43,'更新日期','更新日期','date','updated_date','datetime',1,NULL,NULL,NULL,NULL,0,0,0,0,0,0,0,0,NULL,'created',1,0,0,NULL,1,NULL),(789,43,'创建用户','创建用户','text','created_by','varchar',50,NULL,NULL,NULL,NULL,0,0,0,0,0,0,0,0,NULL,'created',1,0,0,NULL,0,NULL),(790,43,'创建日期','创建日期','date','created_date','datetime',1,NULL,NULL,NULL,NULL,0,0,0,0,0,0,0,0,NULL,'created',1,0,0,NULL,0,NULL),(791,43,'状态','状态','select','state','int',15,7,NULL,NULL,NULL,0,0,0,0,0,0,0,0,NULL,'created',1,0,0,NULL,0,NULL),(792,43,'唯一名称','唯一名称','text','key_name','varchar',1000,NULL,NULL,NULL,NULL,1,1,1,0,1,0,0,0,NULL,'created',1,0,1,'[{\"type\":\"rule\",\"value\":\"[{\\\"ciTypeId\\\":43},{\\\"ciTypeId\\\":37,\\\"parentRs\\\":{\\\"attrId\\\":796,\\\"isReferedFromParent\\\":1}},{\\\"ciTypeId\\\":37,\\\"parentRs\\\":{\\\"attrId\\\":688,\\\"isReferedFromParent\\\":1}}]\"},{\"type\":\"delimiter\",\"value\":\"_seq_\"},{\"type\":\"rule\",\"value\":\"[{\\\"ciTypeId\\\":43},{\\\"ciTypeId\\\":43,\\\"parentRs\\\":{\\\"attrId\\\":795,\\\"isReferedFromParent\\\":1}}]\"}]',0,NULL),(793,43,'状态编码','状态编码','text','state_code','varchar',50,NULL,NULL,NULL,NULL,2,1,2,0,0,0,0,0,NULL,'created',1,0,1,'[{\"type\":\"rule\",\"value\":\"[{\\\"ciTypeId\\\":43},{\\\"ciTypeId\\\":43,\\\"parentRs\\\":{\\\"attrId\\\":791,\\\"isReferedFromParent\\\":1},\\\"enumCodeAttr\\\":\\\"code\\\"}]\"}]',0,NULL),(794,43,'确认日期','确认日期','text','fixed_date','varchar',19,NULL,NULL,NULL,NULL,3,1,3,1,0,0,0,0,NULL,'created',1,0,0,NULL,0,NULL),(795,43,'编码','3-6位大写或小写英文字母','text','code','varchar',1000,NULL,NULL,NULL,NULL,4,1,4,0,0,0,1,0,NULL,'created',1,0,0,NULL,0,'^[a-zA-Z]{2,5}$'),(796,43,'应用系统设计','应用系统设计','ref','app_system_design','varchar',15,37,'关联',32,NULL,5,1,5,0,0,0,1,0,NULL,'created',0,0,0,NULL,0,NULL),(797,43,'名称','时序名称','text','name','varchar',200,NULL,NULL,NULL,NULL,6,1,6,0,0,0,1,0,NULL,'created',0,0,0,NULL,0,NULL),(798,43,'服务调用设计序列','服务调用设计序列','multiRef','service_invoke_design_sequence','varchar',1000,42,'依赖',31,NULL,7,1,7,0,0,0,1,0,NULL,'created',0,0,0,NULL,0,NULL),(799,43,'描述说明','描述说明','textArea','description','varchar',1000,NULL,NULL,NULL,NULL,8,1,8,1,0,0,1,0,NULL,'created',0,0,0,NULL,0,NULL),(800,44,'全局唯一ID','全局唯一ID','text','guid','varchar',15,NULL,NULL,NULL,NULL,0,0,0,0,1,0,0,0,NULL,'created',1,0,0,NULL,0,NULL),(801,44,'前全局唯一ID','前一版本数据的guid','text','p_guid','varchar',15,NULL,NULL,NULL,NULL,0,0,0,1,0,0,0,0,NULL,'created',1,0,0,NULL,1,NULL),(802,44,'根全局唯一ID','原始数据guid','text','r_guid','varchar',15,NULL,NULL,NULL,NULL,0,0,0,0,0,0,0,0,NULL,'created',1,0,0,NULL,0,NULL),(803,44,'更新用户','更新用户','text','updated_by','varchar',50,NULL,NULL,NULL,NULL,0,0,0,0,0,0,0,0,NULL,'created',1,0,0,NULL,1,NULL),(804,44,'更新日期','更新日期','date','updated_date','datetime',1,NULL,NULL,NULL,NULL,0,0,0,0,0,0,0,0,NULL,'created',1,0,0,NULL,1,NULL),(805,44,'创建用户','创建用户','text','created_by','varchar',50,NULL,NULL,NULL,NULL,0,0,0,0,0,0,0,0,NULL,'created',1,0,0,NULL,0,NULL),(806,44,'创建日期','创建日期','date','created_date','datetime',1,NULL,NULL,NULL,NULL,0,0,0,0,0,0,0,0,NULL,'created',1,0,0,NULL,0,NULL),(807,44,'状态','状态','select','state','int',15,7,NULL,NULL,NULL,0,0,0,0,0,0,0,0,NULL,'created',1,0,0,NULL,0,NULL),(808,44,'唯一名称','唯一名称','text','key_name','varchar',1000,NULL,NULL,NULL,NULL,1,1,1,0,1,0,0,0,NULL,'created',1,0,1,'[{\"type\":\"rule\",\"value\":\"[{\\\"ciTypeId\\\":44},{\\\"ciTypeId\\\":44,\\\"parentRs\\\":{\\\"attrId\\\":812,\\\"isReferedFromParent\\\":1}}]\"}]',0,NULL),(809,44,'状态编码','状态编码','text','state_code','varchar',50,NULL,NULL,NULL,NULL,2,1,2,0,0,0,0,0,NULL,'created',1,0,1,'[{\"type\":\"rule\",\"value\":\"[{\\\"ciTypeId\\\":44},{\\\"ciTypeId\\\":44,\\\"parentRs\\\":{\\\"attrId\\\":807,\\\"isReferedFromParent\\\":1},\\\"enumCodeAttr\\\":\\\"code\\\"}]\"}]',0,NULL),(810,44,'确认日期','确认日期','text','fixed_date','varchar',19,NULL,NULL,NULL,NULL,3,1,3,1,0,0,0,0,NULL,'created',1,0,0,NULL,0,NULL),(811,44,'编码','编码','text','code','varchar',1000,NULL,NULL,NULL,NULL,4,1,4,0,0,0,0,0,NULL,'created',1,0,1,'[{\"type\":\"rule\",\"value\":\"[{\\\"ciTypeId\\\":44},{\\\"ciTypeId\\\":44,\\\"parentRs\\\":{\\\"attrId\\\":812,\\\"isReferedFromParent\\\":1}}]\"}]',0,NULL),(812,44,'变量名','变量名','text','variable_name','varchar',200,NULL,NULL,NULL,NULL,5,1,5,0,0,0,1,0,NULL,'created',0,0,0,NULL,0,NULL),(813,44,'变量值','变量值','text','variable_value','varchar',6000,NULL,NULL,NULL,NULL,6,1,6,1,0,0,1,0,NULL,'created',0,0,0,NULL,0,NULL),(814,44,'描述说明','描述说明','textArea','description','varchar',1000,NULL,NULL,NULL,NULL,7,1,7,1,0,0,1,0,NULL,'created',0,0,0,NULL,0,NULL),(815,45,'全局唯一ID','全局唯一ID','text','guid','varchar',15,NULL,NULL,NULL,NULL,0,0,0,0,1,0,0,0,NULL,'created',1,0,0,NULL,0,NULL),(816,45,'前全局唯一ID','前一版本数据的guid','text','p_guid','varchar',15,NULL,NULL,NULL,NULL,0,0,0,1,0,0,0,0,NULL,'created',1,0,0,NULL,1,NULL),(817,45,'根全局唯一ID','原始数据guid','text','r_guid','varchar',15,NULL,NULL,NULL,NULL,0,0,0,0,0,0,0,0,NULL,'created',1,0,0,NULL,0,NULL),(818,45,'更新用户','更新用户','text','updated_by','varchar',50,NULL,NULL,NULL,NULL,0,0,0,0,0,0,0,0,NULL,'created',1,0,0,NULL,1,NULL),(819,45,'更新日期','更新日期','date','updated_date','datetime',1,NULL,NULL,NULL,NULL,0,0,0,0,0,0,0,0,NULL,'created',1,0,0,NULL,1,NULL),(820,45,'创建用户','创建用户','text','created_by','varchar',50,NULL,NULL,NULL,NULL,0,0,0,0,0,0,0,0,NULL,'created',1,0,0,NULL,0,NULL),(821,45,'创建日期','创建日期','date','created_date','datetime',1,NULL,NULL,NULL,NULL,0,0,0,0,0,0,0,0,NULL,'created',1,0,0,NULL,0,NULL),(822,45,'状态','状态','select','state','int',15,7,NULL,NULL,NULL,0,0,0,0,0,0,0,0,NULL,'created',1,0,0,NULL,0,NULL),(823,45,'唯一名称','唯一名称','text','key_name','varchar',1000,NULL,NULL,NULL,NULL,1,1,1,0,1,0,0,0,NULL,'created',1,0,1,'[{\"type\":\"rule\",\"value\":\"[{\\\"ciTypeId\\\":45},{\\\"ciTypeId\\\":39,\\\"parentRs\\\":{\\\"attrId\\\":827,\\\"isReferedFromParent\\\":1}},{\\\"ciTypeId\\\":39,\\\"parentRs\\\":{\\\"attrId\\\":722,\\\"isReferedFromParent\\\":1}}]\"},{\"type\":\"delimiter\",\"value\":\"_\"},{\"type\":\"rule\",\"value\":\"[{\\\"ciTypeId\\\":45},{\\\"ciTypeId\\\":45,\\\"parentRs\\\":{\\\"attrId\\\":828,\\\"isReferedFromParent\\\":1}}]\"}]',0,NULL),(824,45,'状态编码','状态编码','text','state_code','varchar',50,NULL,NULL,NULL,NULL,2,1,2,0,0,0,0,0,NULL,'created',1,0,1,'[{\"type\":\"rule\",\"value\":\"[{\\\"ciTypeId\\\":45},{\\\"ciTypeId\\\":45,\\\"parentRs\\\":{\\\"attrId\\\":822,\\\"isReferedFromParent\\\":1},\\\"enumCodeAttr\\\":\\\"code\\\"}]\"}]',0,NULL),(825,45,'确认日期','确认日期','text','fixed_date','varchar',19,NULL,NULL,NULL,NULL,3,1,3,1,0,0,0,0,NULL,'created',1,0,0,NULL,0,NULL),(826,45,'编码','编码','text','code','varchar',1000,NULL,NULL,NULL,NULL,4,1,4,0,0,0,0,0,NULL,'created',1,0,1,'[{\"type\":\"rule\",\"value\":\"[{\\\"ciTypeId\\\":45},{\\\"ciTypeId\\\":45,\\\"parentRs\\\":{\\\"attrId\\\":828,\\\"isReferedFromParent\\\":1}}]\"}]',0,NULL),(827,45,'单元设计','单元设计','ref','unit_design','varchar',15,39,'关联',32,NULL,5,1,5,0,0,0,1,0,NULL,'created',0,0,0,NULL,0,NULL),(828,45,'包名称','包名称','text','name','varchar',200,NULL,NULL,NULL,NULL,6,1,6,0,0,0,1,0,NULL,'created',0,0,0,NULL,0,NULL),(829,45,'MD5值','MD5值','text','md5_value','varchar',200,NULL,NULL,NULL,NULL,7,1,7,0,0,0,1,0,NULL,'created',0,0,0,NULL,0,NULL),(830,45,'上传时间','上传时间','date','upload_time','datetime',200,NULL,NULL,NULL,NULL,8,1,8,0,0,0,1,0,NULL,'created',0,0,0,NULL,0,NULL),(831,45,'上传人','上传人','text','upload_user','varchar',200,NULL,NULL,NULL,NULL,9,1,9,0,0,0,1,0,NULL,'created',0,0,0,NULL,0,NULL),(832,45,'部署包地址','存储路径','text','deploy_package_url','varchar',200,NULL,NULL,NULL,NULL,10,1,10,0,0,0,1,0,NULL,'created',0,0,0,NULL,0,NULL),(833,45,'部署脚本文件','执行部署脚本文件','text','deploy_file_path','varchar',200,NULL,NULL,NULL,NULL,11,1,11,1,0,0,1,0,NULL,'created',0,0,0,NULL,0,NULL),(834,45,'启动脚步文件','启动脚步文件','text','start_file_path','varchar',200,NULL,NULL,NULL,NULL,12,1,12,1,0,0,1,0,NULL,'created',0,0,0,NULL,0,NULL),(835,45,'停止脚步文件','停止脚步文件','text','stop_file_path','varchar',200,NULL,NULL,NULL,NULL,13,1,13,1,0,0,1,0,NULL,'created',0,0,0,NULL,0,NULL),(836,45,'差异配置文件','差异配置文件','text','diff_conf_file','varchar',4096,NULL,NULL,NULL,NULL,14,1,14,1,0,0,1,0,NULL,'created',0,0,0,NULL,0,NULL),(837,45,'差异配置变量','差异配置变量','multiRef','diff_conf_variable','varchar',1000,44,'关联',32,NULL,15,1,15,1,0,0,1,0,NULL,'created',0,0,0,NULL,0,NULL),(838,45,'是否解压','是否解压','text','is_decompression','varchar',200,NULL,NULL,NULL,NULL,16,1,16,1,0,0,1,0,NULL,'created',0,0,0,NULL,0,NULL),(839,45,'描述说明','描述说明','textArea','description','varchar',1000,NULL,NULL,NULL,NULL,17,1,17,1,0,0,1,0,NULL,'created',0,0,0,NULL,0,NULL),(840,46,'全局唯一ID','全局唯一ID','text','guid','varchar',15,NULL,NULL,NULL,NULL,0,0,0,0,1,0,0,0,NULL,'created',1,0,0,NULL,0,NULL),(841,46,'前全局唯一ID','前一版本数据的guid','text','p_guid','varchar',15,NULL,NULL,NULL,NULL,0,0,0,1,0,0,0,0,NULL,'created',1,0,0,NULL,1,NULL),(842,46,'根全局唯一ID','原始数据guid','text','r_guid','varchar',15,NULL,NULL,NULL,NULL,0,0,0,0,0,0,0,0,NULL,'created',1,0,0,NULL,0,NULL),(843,46,'更新用户','更新用户','text','updated_by','varchar',50,NULL,NULL,NULL,NULL,0,0,0,0,0,0,0,0,NULL,'created',1,0,0,NULL,1,NULL),(844,46,'更新日期','更新日期','date','updated_date','datetime',1,NULL,NULL,NULL,NULL,0,0,0,0,0,0,0,0,NULL,'created',1,0,0,NULL,1,NULL),(845,46,'创建用户','创建用户','text','created_by','varchar',50,NULL,NULL,NULL,NULL,0,0,0,0,0,0,0,0,NULL,'created',1,0,0,NULL,0,NULL),(846,46,'创建日期','创建日期','date','created_date','datetime',1,NULL,NULL,NULL,NULL,0,0,0,0,0,0,0,0,NULL,'created',1,0,0,NULL,0,NULL),(847,46,'状态','状态','select','state','int',15,8,NULL,NULL,NULL,0,0,0,0,0,0,0,0,NULL,'created',1,0,0,NULL,0,NULL),(848,46,'唯一名称','唯一名称','text','key_name','varchar',1000,NULL,NULL,NULL,NULL,1,1,1,0,1,0,0,0,NULL,'created',1,0,1,'[{\"type\":\"rule\",\"value\":\"[{\\\"ciTypeId\\\":46},{\\\"ciTypeId\\\":3,\\\"parentRs\\\":{\\\"attrId\\\":854,\\\"isReferedFromParent\\\":1}},{\\\"ciTypeId\\\":3,\\\"parentRs\\\":{\\\"attrId\\\":42,\\\"isReferedFromParent\\\":1}}]\"},{\"type\":\"delimiter\",\"value\":\"_\"},{\"type\":\"rule\",\"value\":\"[{\\\"ciTypeId\\\":46},{\\\"ciTypeId\\\":46,\\\"parentRs\\\":{\\\"attrId\\\":851,\\\"isReferedFromParent\\\":1}}]\"}]',0,NULL),(849,46,'状态编码','状态编码','text','state_code','varchar',50,NULL,NULL,NULL,NULL,2,1,2,0,0,0,0,0,NULL,'created',1,0,1,'[{\"type\":\"rule\",\"value\":\"[{\\\"ciTypeId\\\":46},{\\\"ciTypeId\\\":46,\\\"parentRs\\\":{\\\"attrId\\\":847,\\\"isReferedFromParent\\\":1},\\\"enumCodeAttr\\\":\\\"code\\\"}]\"}]',0,NULL),(850,46,'确认日期','确认日期','text','fixed_date','varchar',19,NULL,NULL,NULL,NULL,3,1,3,1,0,0,0,0,NULL,'created',1,0,0,NULL,0,NULL),(851,46,'编码','2-10字符','text','code','varchar',1000,NULL,NULL,NULL,NULL,4,1,4,0,0,0,1,0,NULL,'created',1,0,0,'',0,'[a-zA-Z]{2,10}'),(852,46,'应用系统设计','应用系统设计','ref','app_system_design','varchar',15,37,'实现',33,NULL,5,1,5,0,0,0,1,0,NULL,'created',0,0,0,NULL,0,NULL),(853,46,'数据中心','数据中心','multiRef','data_center','varchar',1000,22,'关联',32,NULL,6,1,6,0,0,0,1,0,NULL,'created',0,0,0,NULL,0,NULL),(854,46,'部署环境','部署环境','ref','deploy_environment','varchar',15,3,'关联',32,NULL,7,1,7,0,0,0,1,0,NULL,'created',0,0,0,NULL,0,NULL),(855,46,'法人','法人','ref','legal_person','varchar',15,4,'关联',32,NULL,8,1,8,1,0,0,1,0,NULL,'created',0,0,0,NULL,0,NULL),(856,46,'描述说明','描述说明','textArea','description','varchar',1000,NULL,NULL,NULL,NULL,9,1,9,1,0,0,1,0,NULL,'created',0,0,0,NULL,0,NULL),(857,47,'全局唯一ID','全局唯一ID','text','guid','varchar',15,NULL,NULL,NULL,NULL,0,0,0,0,1,0,0,0,NULL,'created',1,0,0,NULL,0,NULL),(858,47,'前全局唯一ID','前一版本数据的guid','text','p_guid','varchar',15,NULL,NULL,NULL,NULL,0,0,0,1,0,0,0,0,NULL,'created',1,0,0,NULL,1,NULL),(859,47,'根全局唯一ID','原始数据guid','text','r_guid','varchar',15,NULL,NULL,NULL,NULL,0,0,0,0,0,0,0,0,NULL,'created',1,0,0,NULL,0,NULL),(860,47,'更新用户','更新用户','text','updated_by','varchar',50,NULL,NULL,NULL,NULL,0,0,0,0,0,0,0,0,NULL,'created',1,0,0,NULL,1,NULL),(861,47,'更新日期','更新日期','date','updated_date','datetime',1,NULL,NULL,NULL,NULL,0,0,0,0,0,0,0,0,NULL,'created',1,0,0,NULL,1,NULL),(862,47,'创建用户','创建用户','text','created_by','varchar',50,NULL,NULL,NULL,NULL,0,0,0,0,0,0,0,0,NULL,'created',1,0,0,NULL,0,NULL),(863,47,'创建日期','创建日期','date','created_date','datetime',1,NULL,NULL,NULL,NULL,0,0,0,0,0,0,0,0,NULL,'created',1,0,0,NULL,0,NULL),(864,47,'状态','状态','select','state','int',15,8,NULL,NULL,NULL,0,0,0,0,0,0,0,0,NULL,'created',1,0,0,NULL,0,NULL),(865,47,'唯一名称','唯一名称','text','key_name','varchar',1000,NULL,NULL,NULL,NULL,1,1,1,0,1,0,0,0,NULL,'created',1,0,1,'[{\"type\":\"rule\",\"value\":\"[{\\\"ciTypeId\\\":47},{\\\"ciTypeId\\\":46,\\\"parentRs\\\":{\\\"attrId\\\":869,\\\"isReferedFromParent\\\":1}},{\\\"ciTypeId\\\":46,\\\"parentRs\\\":{\\\"attrId\\\":848,\\\"isReferedFromParent\\\":1}}]\"},{\"type\":\"delimiter\",\"value\":\"_\"},{\"type\":\"rule\",\"value\":\"[{\\\"ciTypeId\\\":47},{\\\"ciTypeId\\\":38,\\\"parentRs\\\":{\\\"attrId\\\":870,\\\"isReferedFromParent\\\":1}},{\\\"ciTypeId\\\":38,\\\"parentRs\\\":{\\\"attrId\\\":708,\\\"isReferedFromParent\\\":1}}]\"}]',0,NULL),(866,47,'状态编码','状态编码','text','state_code','varchar',50,NULL,NULL,NULL,NULL,2,1,2,0,0,0,0,0,NULL,'created',1,0,1,'[{\"type\":\"rule\",\"value\":\"[{\\\"ciTypeId\\\":47},{\\\"ciTypeId\\\":47,\\\"parentRs\\\":{\\\"attrId\\\":864,\\\"isReferedFromParent\\\":1},\\\"enumCodeAttr\\\":\\\"code\\\"}]\"}]',0,NULL),(867,47,'确认日期','确认日期','text','fixed_date','varchar',19,NULL,NULL,NULL,NULL,3,1,3,1,0,0,0,0,NULL,'created',1,0,0,NULL,0,NULL),(868,47,'编码','编码','text','code','varchar',1000,NULL,NULL,NULL,NULL,4,1,4,0,0,0,0,0,NULL,'created',1,0,1,'[{\"type\":\"rule\",\"value\":\"[{\\\"ciTypeId\\\":47},{\\\"ciTypeId\\\":38,\\\"parentRs\\\":{\\\"attrId\\\":870,\\\"isReferedFromParent\\\":1}},{\\\"ciTypeId\\\":38,\\\"parentRs\\\":{\\\"attrId\\\":708,\\\"isReferedFromParent\\\":1}}]\"}]',0,NULL),(869,47,'应用系统','应用系统','ref','app_system','varchar',15,46,'属于',29,NULL,5,1,5,0,0,0,1,0,NULL,'created',0,0,0,NULL,0,NULL),(870,47,'子系统设计','子系统设计','ref','subsys_design','varchar',15,38,'实现',33,'[{\"filter_1\":{\"left\":\"[{\\\"ciTypeId\\\":38},{\\\"ciTypeId\\\":38,\\\"parentRs\\\":{\\\"attrId\\\":697,\\\"isReferedFromParent\\\":1}}]\",\"operator\":\"in\",\"right\":\"[{\\\"ciTypeId\\\":47},{\\\"ciTypeId\\\":46,\\\"parentRs\\\":{\\\"attrId\\\":869,\\\"isReferedFromParent\\\":1}},{\\\"ciTypeId\\\":37,\\\"parentRs\\\":{\\\"attrId\\\":852,\\\"isReferedFromParent\\\":1}},{\\\"ciTypeId\\\":38,\\\"parentRs\\\":{\\\"attrId\\\":709,\\\"isReferedFromParent\\\":0}},{\\\"ciTypeId\\\":38,\\\"parentRs\\\":{\\\"attrId\\\":697,\\\"isReferedFromParent\\\":1}}]\"}}]',6,1,6,0,0,0,1,0,NULL,'created',0,0,0,NULL,0,NULL),(871,47,'网络区域','网络区域','ref','network_zone','varchar',15,24,'关联',32,'[{\"filter_1\":{\"left\":\"[{\\\"ciTypeId\\\":24},{\\\"ciTypeId\\\":22,\\\"parentRs\\\":{\\\"attrId\\\":383,\\\"isReferedFromParent\\\":1}},{\\\"ciTypeId\\\":22,\\\"parentRs\\\":{\\\"attrId\\\":327,\\\"isReferedFromParent\\\":1}}]\",\"operator\":\"in\",\"right\":\"[{\\\"ciTypeId\\\":47},{\\\"ciTypeId\\\":46,\\\"parentRs\\\":{\\\"attrId\\\":869,\\\"isReferedFromParent\\\":1}},{\\\"ciTypeId\\\":22,\\\"parentRs\\\":{\\\"attrId\\\":853,\\\"isReferedFromParent\\\":1}},{\\\"ciTypeId\\\":22,\\\"parentRs\\\":{\\\"attrId\\\":327,\\\"isReferedFromParent\\\":1}}]\"},\"filter_2\":{\"left\":\"[{\\\"ciTypeId\\\":24},{\\\"ciTypeId\\\":14,\\\"parentRs\\\":{\\\"attrId\\\":384,\\\"isReferedFromParent\\\":1}},{\\\"ciTypeId\\\":14,\\\"parentRs\\\":{\\\"attrId\\\":197,\\\"isReferedFromParent\\\":1}}]\",\"operator\":\"in\",\"right\":\"[{\\\"ciTypeId\\\":47},{\\\"ciTypeId\\\":38,\\\"parentRs\\\":{\\\"attrId\\\":870,\\\"isReferedFromParent\\\":1}},{\\\"ciTypeId\\\":14,\\\"parentRs\\\":{\\\"attrId\\\":712,\\\"isReferedFromParent\\\":1}},{\\\"ciTypeId\\\":14,\\\"parentRs\\\":{\\\"attrId\\\":197,\\\"isReferedFromParent\\\":1}}]\"}}]',7,1,7,0,0,0,1,0,NULL,'created',0,0,0,NULL,0,NULL),(872,47,'管理角色','管理角色','ref','manage_role','varchar',50,1,'关联',32,NULL,8,1,8,0,0,0,1,0,NULL,'created',0,0,0,NULL,0,NULL),(873,47,'描述说明','描述说明','textArea','description','varchar',1000,NULL,NULL,NULL,NULL,9,1,9,1,0,0,1,0,NULL,'created',0,0,0,NULL,0,NULL),(874,48,'全局唯一ID','全局唯一ID','text','guid','varchar',15,NULL,NULL,NULL,NULL,0,0,0,0,1,0,0,0,NULL,'created',1,0,0,NULL,0,NULL),(875,48,'前全局唯一ID','前一版本数据的guid','text','p_guid','varchar',15,NULL,NULL,NULL,NULL,0,0,0,1,0,0,0,0,NULL,'created',1,0,0,NULL,1,NULL),(876,48,'根全局唯一ID','原始数据guid','text','r_guid','varchar',15,NULL,NULL,NULL,NULL,0,0,0,0,0,0,0,0,NULL,'created',1,0,0,NULL,0,NULL),(877,48,'更新用户','更新用户','text','updated_by','varchar',50,NULL,NULL,NULL,NULL,0,0,0,0,0,0,0,0,NULL,'created',1,0,0,NULL,1,NULL),(878,48,'更新日期','更新日期','date','updated_date','datetime',1,NULL,NULL,NULL,NULL,0,0,0,0,0,0,0,0,NULL,'created',1,0,0,NULL,1,NULL),(879,48,'创建用户','创建用户','text','created_by','varchar',50,NULL,NULL,NULL,NULL,0,0,0,0,0,0,0,0,NULL,'created',1,0,0,NULL,0,NULL),(880,48,'创建日期','创建日期','date','created_date','datetime',1,NULL,NULL,NULL,NULL,0,0,0,0,0,0,0,0,NULL,'created',1,0,0,NULL,0,NULL),(881,48,'状态','状态','select','state','int',15,8,NULL,NULL,NULL,0,0,0,0,0,0,0,0,NULL,'created',1,0,0,NULL,0,NULL),(882,48,'唯一名称','唯一名称','text','key_name','varchar',1000,NULL,NULL,NULL,NULL,1,1,1,0,1,0,0,0,NULL,'created',1,0,1,'[{\"type\":\"rule\",\"value\":\"[{\\\"ciTypeId\\\":48},{\\\"ciTypeId\\\":47,\\\"parentRs\\\":{\\\"attrId\\\":886,\\\"isReferedFromParent\\\":1}},{\\\"ciTypeId\\\":47,\\\"parentRs\\\":{\\\"attrId\\\":865,\\\"isReferedFromParent\\\":1}}]\"},{\"type\":\"delimiter\",\"value\":\"_\"},{\"type\":\"rule\",\"value\":\"[{\\\"ciTypeId\\\":48},{\\\"ciTypeId\\\":48,\\\"parentRs\\\":{\\\"attrId\\\":885,\\\"isReferedFromParent\\\":1}}]\"}]',0,NULL),(883,48,'状态编码','状态编码','text','state_code','varchar',50,NULL,NULL,NULL,NULL,2,1,2,0,0,0,0,0,NULL,'created',1,0,1,'[{\"type\":\"rule\",\"value\":\"[{\\\"ciTypeId\\\":48},{\\\"ciTypeId\\\":48,\\\"parentRs\\\":{\\\"attrId\\\":881,\\\"isReferedFromParent\\\":1},\\\"enumCodeAttr\\\":\\\"code\\\"}]\"}]',0,NULL),(884,48,'确认日期','确认日期','text','fixed_date','varchar',19,NULL,NULL,NULL,NULL,3,1,3,1,0,0,0,0,NULL,'created',1,0,0,NULL,0,NULL),(885,48,'编码','2-8位大写或小写英文字母，后面追加“_”后可在增加1-5位数字或字母','text','code','varchar',1000,NULL,NULL,NULL,NULL,4,1,4,0,0,0,1,0,NULL,'created',1,0,0,NULL,0,'[a-zA-Z]{2,8}(_[a-zA-Z0-9]{1,5})?'),(886,48,'子系统','子系统','ref','subsys','varchar',15,47,'属于',29,NULL,5,1,5,0,0,0,1,0,NULL,'created',0,0,0,NULL,0,NULL),(887,48,'单元设计','单元设计','ref','unit_design','varchar',15,39,'实现',33,'[{\"filter_1\":{\"left\":\"[{\\\"ciTypeId\\\":39},{\\\"ciTypeId\\\":38,\\\"parentRs\\\":{\\\"attrId\\\":726,\\\"isReferedFromParent\\\":1}},{\\\"ciTypeId\\\":38,\\\"parentRs\\\":{\\\"attrId\\\":697,\\\"isReferedFromParent\\\":1}}]\",\"operator\":\"in\",\"right\":\"[{\\\"ciTypeId\\\":48},{\\\"ciTypeId\\\":47,\\\"parentRs\\\":{\\\"attrId\\\":886,\\\"isReferedFromParent\\\":1}},{\\\"ciTypeId\\\":38,\\\"parentRs\\\":{\\\"attrId\\\":870,\\\"isReferedFromParent\\\":1}},{\\\"ciTypeId\\\":38,\\\"parentRs\\\":{\\\"attrId\\\":697,\\\"isReferedFromParent\\\":1}}]\"}}]',6,1,6,0,0,0,1,0,NULL,'created',0,0,0,NULL,0,NULL),(888,48,'单元类型','单元类型','ref','unit_type','varchar',15,2,'关联',32,NULL,7,1,7,1,0,0,0,0,NULL,'created',0,0,1,'[{\"type\":\"rule\",\"value\":\"[{\\\"ciTypeId\\\":48},{\\\"ciTypeId\\\":39,\\\"parentRs\\\":{\\\"attrId\\\":887,\\\"isReferedFromParent\\\":1}},{\\\"ciTypeId\\\":2,\\\"parentRs\\\":{\\\"attrId\\\":728,\\\"isReferedFromParent\\\":1}},{\\\"ciTypeId\\\":2,\\\"parentRs\\\":{\\\"attrId\\\":17,\\\"isReferedFromParent\\\":1}}]\"}]',0,NULL),(889,48,'资源集合','资源集合','ref','resource_set','varchar',15,29,'关联',32,'[{\"filter_1\":{\"left\":\"[{\\\"ciTypeId\\\":29},{\\\"ciTypeId\\\":24,\\\"parentRs\\\":{\\\"attrId\\\":1136,\\\"isReferedFromParent\\\":1}},{\\\"ciTypeId\\\":24,\\\"parentRs\\\":{\\\"attrId\\\":371,\\\"isReferedFromParent\\\":1}}]\",\"operator\":\"in\",\"right\":\"[{\\\"ciTypeId\\\":48},{\\\"ciTypeId\\\":47,\\\"parentRs\\\":{\\\"attrId\\\":886,\\\"isReferedFromParent\\\":1}},{\\\"ciTypeId\\\":24,\\\"parentRs\\\":{\\\"attrId\\\":871,\\\"isReferedFromParent\\\":1}},{\\\"ciTypeId\\\":24,\\\"parentRs\\\":{\\\"attrId\\\":371,\\\"isReferedFromParent\\\":1}}]\"},\"filter_2\":{\"left\":\"[{\\\"ciTypeId\\\":29},{\\\"ciTypeId\\\":29,\\\"parentRs\\\":{\\\"attrId\\\":469,\\\"isReferedFromParent\\\":1}}]\",\"operator\":\"in\",\"right\":\"[{\\\"ciTypeId\\\":48},{\\\"ciTypeId\\\":39,\\\"parentRs\\\":{\\\"attrId\\\":887,\\\"isReferedFromParent\\\":1}},{\\\"ciTypeId\\\":2,\\\"parentRs\\\":{\\\"attrId\\\":728,\\\"isReferedFromParent\\\":1}},{\\\"ciTypeId\\\":29,\\\"parentRs\\\":{\\\"attrId\\\":1055,\\\"isReferedFromParent\\\":0}},{\\\"ciTypeId\\\":29,\\\"parentRs\\\":{\\\"attrId\\\":469,\\\"isReferedFromParent\\\":1}}]\"}}]',8,1,8,0,0,0,1,0,NULL,'created',0,0,0,NULL,0,NULL),(890,48,'部署包','部署包','multiRef','deploy_package','varchar',1000,45,'关联',32,'[{\"filter_1\":{\"left\":\"[{\\\"ciTypeId\\\":45},{\\\"ciTypeId\\\":45,\\\"parentRs\\\":{\\\"attrId\\\":815,\\\"isReferedFromParent\\\":1}}]\",\"operator\":\"in\",\"right\":\"[{\\\"ciTypeId\\\":48},{\\\"ciTypeId\\\":39,\\\"parentRs\\\":{\\\"attrId\\\":887,\\\"isReferedFromParent\\\":1}},{\\\"ciTypeId\\\":45,\\\"parentRs\\\":{\\\"attrId\\\":827,\\\"isReferedFromParent\\\":0}},{\\\"ciTypeId\\\":45,\\\"parentRs\\\":{\\\"attrId\\\":815,\\\"isReferedFromParent\\\":1}}]\"}}]',9,1,9,1,0,0,1,0,NULL,'created',0,0,0,NULL,0,NULL),(891,48,'部署路径','部署路径','text','deploy_path','varchar',200,NULL,NULL,NULL,NULL,10,1,10,0,0,0,0,0,NULL,'created',0,0,1,'[{\"type\":\"delimiter\",\"value\":\"/data/\"},{\"type\":\"rule\",\"value\":\"[{\\\"ciTypeId\\\":48},{\\\"ciTypeId\\\":47,\\\"parentRs\\\":{\\\"attrId\\\":886,\\\"isReferedFromParent\\\":1}},{\\\"ciTypeId\\\":47,\\\"parentRs\\\":{\\\"attrId\\\":865,\\\"isReferedFromParent\\\":1}}]\"},{\"type\":\"delimiter\",\"value\":\"_\"},{\"type\":\"rule\",\"value\":\"[{\\\"ciTypeId\\\":48},{\\\"ciTypeId\\\":48,\\\"parentRs\\\":{\\\"attrId\\\":885,\\\"isReferedFromParent\\\":1}}]\"},{\"type\":\"delimiter\",\"value\":\"/\"}]',0,NULL),(892,48,'加密公钥','加密公钥','text','public_key','varchar',1000,NULL,NULL,NULL,NULL,11,1,11,1,0,0,1,0,NULL,'created',0,0,0,NULL,0,NULL),(893,48,'管理角色','管理角色','ref','manage_role','varchar',15,1,'关联',32,NULL,12,1,12,1,0,0,1,0,NULL,'created',0,0,0,NULL,0,NULL),(894,48,'安全组资产ID','安全组资产编码','text','security_group_asset_id','varchar',200,NULL,NULL,NULL,NULL,15,1,15,1,0,0,1,0,NULL,'created',0,0,0,NULL,0,NULL),(895,48,'描述说明','描述说明','textArea','description','varchar',1000,NULL,NULL,NULL,NULL,16,1,16,1,0,0,1,0,NULL,'created',0,0,0,NULL,0,NULL),(896,49,'全局唯一ID','全局唯一ID','text','guid','varchar',15,NULL,NULL,NULL,NULL,0,0,0,0,1,0,0,0,NULL,'created',1,0,0,NULL,0,NULL),(897,49,'前全局唯一ID','前一版本数据的guid','text','p_guid','varchar',15,NULL,NULL,NULL,NULL,0,0,0,1,0,0,0,0,NULL,'created',1,0,0,NULL,1,NULL),(898,49,'根全局唯一ID','原始数据guid','text','r_guid','varchar',15,NULL,NULL,NULL,NULL,0,0,0,0,0,0,0,0,NULL,'created',1,0,0,NULL,0,NULL),(899,49,'更新用户','更新用户','text','updated_by','varchar',50,NULL,NULL,NULL,NULL,0,0,0,0,0,0,0,0,NULL,'created',1,0,0,NULL,1,NULL),(900,49,'更新日期','更新日期','date','updated_date','datetime',1,NULL,NULL,NULL,NULL,0,0,0,0,0,0,0,0,NULL,'created',1,0,0,NULL,1,NULL),(901,49,'创建用户','创建用户','text','created_by','varchar',50,NULL,NULL,NULL,NULL,0,0,0,0,0,0,0,0,NULL,'created',1,0,0,NULL,0,NULL),(902,49,'创建日期','创建日期','date','created_date','datetime',1,NULL,NULL,NULL,NULL,0,0,0,0,0,0,0,0,NULL,'created',1,0,0,NULL,0,NULL),(903,49,'状态','状态','select','state','int',15,8,NULL,NULL,NULL,0,0,0,0,0,0,0,0,NULL,'created',1,0,0,NULL,0,NULL),(904,49,'唯一名称','唯一名称','text','key_name','varchar',1000,NULL,NULL,NULL,NULL,1,1,1,0,1,0,0,0,NULL,'created',1,0,1,'[{\"type\":\"rule\",\"value\":\"[{\\\"ciTypeId\\\":49},{\\\"ciTypeId\\\":48,\\\"parentRs\\\":{\\\"attrId\\\":908,\\\"isReferedFromParent\\\":1}},{\\\"ciTypeId\\\":48,\\\"parentRs\\\":{\\\"attrId\\\":882,\\\"isReferedFromParent\\\":1}}]\"},{\"type\":\"delimiter\",\"value\":\"-->--\"},{\"type\":\"rule\",\"value\":\"[{\\\"ciTypeId\\\":49},{\\\"ciTypeId\\\":48,\\\"parentRs\\\":{\\\"attrId\\\":910,\\\"isReferedFromParent\\\":1}},{\\\"ciTypeId\\\":48,\\\"parentRs\\\":{\\\"attrId\\\":882,\\\"isReferedFromParent\\\":1}}]\"}]',0,NULL),(905,49,'状态编码','状态编码','text','state_code','varchar',50,NULL,NULL,NULL,NULL,2,1,2,0,0,0,0,0,NULL,'created',1,0,1,'[{\"type\":\"rule\",\"value\":\"[{\\\"ciTypeId\\\":49},{\\\"ciTypeId\\\":49,\\\"parentRs\\\":{\\\"attrId\\\":903,\\\"isReferedFromParent\\\":1},\\\"enumCodeAttr\\\":\\\"code\\\"}]\"}]',0,NULL),(906,49,'确认日期','确认日期','text','fixed_date','varchar',19,NULL,NULL,NULL,NULL,3,1,3,1,0,0,0,0,NULL,'created',1,0,0,NULL,0,NULL),(907,49,'编码','编码','text','code','varchar',1000,NULL,NULL,NULL,NULL,4,1,4,0,0,0,0,0,NULL,'created',1,0,1,'[{\"type\":\"rule\",\"value\":\"[{\\\"ciTypeId\\\":49},{\\\"ciTypeId\\\":48,\\\"parentRs\\\":{\\\"attrId\\\":908,\\\"isReferedFromParent\\\":1}},{\\\"ciTypeId\\\":48,\\\"parentRs\\\":{\\\"attrId\\\":882,\\\"isReferedFromParent\\\":1}}]\"},{\"type\":\"delimiter\",\"value\":\"-->--\"},{\"type\":\"rule\",\"value\":\"[{\\\"ciTypeId\\\":49},{\\\"ciTypeId\\\":48,\\\"parentRs\\\":{\\\"attrId\\\":910,\\\"isReferedFromParent\\\":1}},{\\\"ciTypeId\\\":48,\\\"parentRs\\\":{\\\"attrId\\\":882,\\\"isReferedFromParent\\\":1}}]\"}]',0,NULL),(908,49,'调用单元','调用单元','ref','invoke_unit','varchar',15,48,'属于',29,NULL,5,1,5,0,0,0,1,0,NULL,'created',0,0,0,NULL,0,NULL),(909,49,'调用设计','调用设计','ref','invoke_design','varchar',15,40,'实现',33,'[{\"filter_1\":{\"left\":\"[{\\\"ciTypeId\\\":40},{\\\"ciTypeId\\\":39,\\\"parentRs\\\":{\\\"attrId\\\":745,\\\"isReferedFromParent\\\":1}},{\\\"ciTypeId\\\":39,\\\"parentRs\\\":{\\\"attrId\\\":714,\\\"isReferedFromParent\\\":1}}]\",\"operator\":\"in\",\"right\":\"[{\\\"ciTypeId\\\":49},{\\\"ciTypeId\\\":48,\\\"parentRs\\\":{\\\"attrId\\\":908,\\\"isReferedFromParent\\\":1}},{\\\"ciTypeId\\\":39,\\\"parentRs\\\":{\\\"attrId\\\":887,\\\"isReferedFromParent\\\":1}},{\\\"ciTypeId\\\":39,\\\"parentRs\\\":{\\\"attrId\\\":714,\\\"isReferedFromParent\\\":1}}]\"}}]',6,1,6,0,0,0,1,0,NULL,'created',0,0,0,NULL,0,NULL),(910,49,'被调用单元','被调用单元','ref','invoked_unit','varchar',15,48,'依赖',31,'[{\"filter_1\":{\"left\":\"[{\\\"ciTypeId\\\":48},{\\\"ciTypeId\\\":39,\\\"parentRs\\\":{\\\"attrId\\\":887,\\\"isReferedFromParent\\\":1}},{\\\"ciTypeId\\\":39,\\\"parentRs\\\":{\\\"attrId\\\":714,\\\"isReferedFromParent\\\":1}}]\",\"operator\":\"in\",\"right\":\"[{\\\"ciTypeId\\\":49},{\\\"ciTypeId\\\":40,\\\"parentRs\\\":{\\\"attrId\\\":909,\\\"isReferedFromParent\\\":1}},{\\\"ciTypeId\\\":39,\\\"parentRs\\\":{\\\"attrId\\\":747,\\\"isReferedFromParent\\\":1}},{\\\"ciTypeId\\\":39,\\\"parentRs\\\":{\\\"attrId\\\":714,\\\"isReferedFromParent\\\":1}}]\"}}]',7,1,7,0,0,0,1,0,NULL,'created',0,0,0,NULL,0,NULL),(911,49,'调用类型','调用类型','text','invoke_type','varchar',200,NULL,NULL,NULL,NULL,9,1,10,0,0,0,0,0,NULL,'created',0,0,1,'[{\"type\":\"rule\",\"value\":\"[{\\\"ciTypeId\\\":49},{\\\"ciTypeId\\\":40,\\\"parentRs\\\":{\\\"attrId\\\":909,\\\"isReferedFromParent\\\":1}},{\\\"ciTypeId\\\":40,\\\"parentRs\\\":{\\\"attrId\\\":748,\\\"isReferedFromParent\\\":1}}]\"}]',0,NULL),(913,49,'描述说明','描述说明','textArea','description','varchar',1000,NULL,NULL,NULL,NULL,10,1,11,1,0,0,1,0,NULL,'created',0,0,0,NULL,0,NULL),(914,50,'全局唯一ID','全局唯一ID','text','guid','varchar',15,NULL,NULL,NULL,NULL,0,0,0,0,1,0,0,0,NULL,'created',1,0,0,NULL,0,NULL),(915,50,'前全局唯一ID','前一版本数据的guid','text','p_guid','varchar',15,NULL,NULL,NULL,NULL,0,0,0,1,0,0,0,0,NULL,'created',1,0,0,NULL,1,NULL),(916,50,'根全局唯一ID','原始数据guid','text','r_guid','varchar',15,NULL,NULL,NULL,NULL,0,0,0,0,0,0,0,0,NULL,'created',1,0,0,NULL,0,NULL),(917,50,'更新用户','更新用户','text','updated_by','varchar',50,NULL,NULL,NULL,NULL,0,0,0,0,0,0,0,0,NULL,'created',1,0,0,NULL,1,NULL),(918,50,'更新日期','更新日期','date','updated_date','datetime',1,NULL,NULL,NULL,NULL,0,0,0,0,0,0,0,0,NULL,'created',1,0,0,NULL,1,NULL),(919,50,'创建用户','创建用户','text','created_by','varchar',50,NULL,NULL,NULL,NULL,0,0,0,0,0,0,0,0,NULL,'created',1,0,0,NULL,0,NULL),(920,50,'创建日期','创建日期','date','created_date','datetime',1,NULL,NULL,NULL,NULL,0,0,0,0,0,0,0,0,NULL,'created',1,0,0,NULL,0,NULL),(921,50,'状态','状态','select','state','int',15,9,NULL,NULL,NULL,0,0,0,0,0,0,0,0,NULL,'created',1,0,0,NULL,0,NULL),(922,50,'唯一名称','唯一名称','text','key_name','varchar',1000,NULL,NULL,NULL,NULL,1,1,1,0,1,0,0,0,NULL,'created',1,0,1,'[{\"type\":\"rule\",\"value\":\"[{\\\"ciTypeId\\\":50},{\\\"ciTypeId\\\":50,\\\"parentRs\\\":{\\\"attrId\\\":1056,\\\"isReferedFromParent\\\":1}}]\"},{\"type\":\"delimiter\",\"value\":\"_\"},{\"type\":\"rule\",\"value\":\"[{\\\"ciTypeId\\\":50},{\\\"ciTypeId\\\":32,\\\"parentRs\\\":{\\\"attrId\\\":927,\\\"isReferedFromParent\\\":1}},{\\\"ciTypeId\\\":32,\\\"parentRs\\\":{\\\"attrId\\\":546,\\\"isReferedFromParent\\\":1}}]\"},{\"type\":\"delimiter\",\"value\":\":\"},{\"type\":\"rule\",\"value\":\"[{\\\"ciTypeId\\\":50},{\\\"ciTypeId\\\":50,\\\"parentRs\\\":{\\\"attrId\\\":928,\\\"isReferedFromParent\\\":1}}]\"}]',0,NULL),(923,50,'状态编码','状态编码','text','state_code','varchar',50,NULL,NULL,NULL,NULL,2,1,2,0,0,0,0,0,NULL,'created',1,0,1,'[{\"type\":\"rule\",\"value\":\"[{\\\"ciTypeId\\\":50},{\\\"ciTypeId\\\":50,\\\"parentRs\\\":{\\\"attrId\\\":921,\\\"isReferedFromParent\\\":1},\\\"enumCodeAttr\\\":\\\"code\\\"}]\"}]',0,NULL),(924,50,'确认日期','确认日期','text','fixed_date','varchar',19,NULL,NULL,NULL,NULL,3,1,3,1,0,0,0,0,NULL,'created',1,0,0,NULL,0,NULL),(925,50,'编码','编码','text','code','varchar',1000,NULL,NULL,NULL,NULL,4,1,4,0,0,0,0,0,NULL,'created',1,0,1,'[{\"type\":\"rule\",\"value\":\"[{\\\"ciTypeId\\\":50},{\\\"ciTypeId\\\":50,\\\"parentRs\\\":{\\\"attrId\\\":1056,\\\"isReferedFromParent\\\":1}}]\"},{\"type\":\"delimiter\",\"value\":\"_\"},{\"type\":\"rule\",\"value\":\"[{\\\"ciTypeId\\\":50},{\\\"ciTypeId\\\":32,\\\"parentRs\\\":{\\\"attrId\\\":927,\\\"isReferedFromParent\\\":1}},{\\\"ciTypeId\\\":32,\\\"parentRs\\\":{\\\"attrId\\\":546,\\\"isReferedFromParent\\\":1}}]\"},{\"type\":\"delimiter\",\"value\":\":\"},{\"type\":\"rule\",\"value\":\"[{\\\"ciTypeId\\\":50},{\\\"ciTypeId\\\":50,\\\"parentRs\\\":{\\\"attrId\\\":928,\\\"isReferedFromParent\\\":1}}]\"}]',0,NULL),(926,50,'单元','单元','ref','unit','varchar',15,48,'属于',29,NULL,6,1,6,0,0,0,1,0,NULL,'created',0,0,0,NULL,0,NULL),(927,50,'主机资源实例','主机资源实例','ref','host_resource_instance','varchar',15,32,'使用',30,'[{\"filter_1\":{\"left\":\"[{\\\"ciTypeId\\\":32},{\\\"ciTypeId\\\":29,\\\"parentRs\\\":{\\\"attrId\\\":538,\\\"isReferedFromParent\\\":1}},{\\\"ciTypeId\\\":29,\\\"parentRs\\\":{\\\"attrId\\\":469,\\\"isReferedFromParent\\\":1}}]\",\"operator\":\"in\",\"right\":\"[{\\\"ciTypeId\\\":50},{\\\"ciTypeId\\\":48,\\\"parentRs\\\":{\\\"attrId\\\":926,\\\"isReferedFromParent\\\":1}},{\\\"ciTypeId\\\":29,\\\"parentRs\\\":{\\\"attrId\\\":889,\\\"isReferedFromParent\\\":1}},{\\\"ciTypeId\\\":29,\\\"parentRs\\\":{\\\"attrId\\\":469,\\\"isReferedFromParent\\\":1}}]\"}}]',7,1,7,1,0,0,1,0,NULL,'created',0,0,0,NULL,0,NULL),(928,50,'端口','10000-19999之间的一个数字','text','port','varchar',200,NULL,NULL,NULL,NULL,8,1,8,0,0,0,1,0,NULL,'created',0,0,0,NULL,0,'1[0-9]{4}'),(929,50,'监控端口','10000-29999之间的一个数字','text','monitor_port','varchar',200,NULL,NULL,NULL,NULL,9,1,9,0,0,0,1,0,NULL,'created',0,0,0,NULL,0,'1|2[0-9]{4}'),(930,50,'CPU(核)','1 | 2 | 4 | 6 | 8','text','cpu','varchar',200,NULL,NULL,NULL,NULL,10,1,10,0,0,0,1,0,NULL,'created',0,0,0,NULL,0,'1|2|4|6|8'),(931,50,'内存(GB)','1 | 2 | 4 | 6 | 8 | 12 | 16','text','memory','varchar',200,NULL,NULL,NULL,NULL,11,1,11,0,0,0,1,0,NULL,'created',0,0,0,NULL,0,'1|2|4|6|8|12|16'),(932,50,'存储空间(GB)','10 | 20 | 40 | 80 | 120 | 200','text','storage','varchar',200,NULL,NULL,NULL,NULL,12,1,12,0,0,0,1,0,NULL,'created',0,0,0,NULL,0,'10|20|40|80|120|200 '),(933,50,'部署包','部署包','ref','deploy_package','varchar',15,45,'关联',32,'[{\"filter_1\":{\"left\":\"[{\\\"ciTypeId\\\":45},{\\\"ciTypeId\\\":45,\\\"parentRs\\\":{\\\"attrId\\\":815,\\\"isReferedFromParent\\\":1}}]\",\"operator\":\"in\",\"right\":\"[{\\\"ciTypeId\\\":50},{\\\"ciTypeId\\\":48,\\\"parentRs\\\":{\\\"attrId\\\":926,\\\"isReferedFromParent\\\":1}},{\\\"ciTypeId\\\":45,\\\"parentRs\\\":{\\\"attrId\\\":890,\\\"isReferedFromParent\\\":1}},{\\\"ciTypeId\\\":45,\\\"parentRs\\\":{\\\"attrId\\\":815,\\\"isReferedFromParent\\\":1}}]\"}}]',13,1,13,1,0,0,1,0,NULL,'created',0,0,0,NULL,0,NULL),(934,50,'部署包地址','部署包路径','text','deploy_package_url','varchar',200,NULL,NULL,NULL,NULL,14,1,14,1,0,0,1,0,NULL,'created',0,0,0,NULL,0,NULL),(935,50,'部署用户','部署用户','text','deploy_user','varchar',200,NULL,NULL,NULL,NULL,15,1,15,0,0,0,0,0,NULL,'created',0,0,0,'',0,NULL),(936,50,'部署用户密码','部署用户密码','password','deploy_user_password','varchar',200,NULL,NULL,NULL,NULL,16,1,16,1,0,0,1,0,NULL,'created',0,0,0,NULL,0,NULL),(937,50,'差异配置值','差异配置值','text','variable_values','varchar',4000,NULL,NULL,NULL,NULL,17,1,17,0,0,0,0,0,NULL,'created',0,0,1,'[{\"type\":\"rule\",\"value\":\"[{\\\"ciTypeId\\\":50},{\\\"ciTypeId\\\":45,\\\"parentRs\\\":{\\\"attrId\\\":933,\\\"isReferedFromParent\\\":1}},{\\\"ciTypeId\\\":44,\\\"parentRs\\\":{\\\"attrId\\\":837,\\\"isReferedFromParent\\\":1}},{\\\"ciTypeId\\\":44,\\\"parentRs\\\":{\\\"attrId\\\":812,\\\"isReferedFromParent\\\":1}}]\"},{\"type\":\"specialDelimiter\",\"value\":\"\\u0001=\\u0001\"},{\"type\":\"rule\",\"value\":\"[{\\\"ciTypeId\\\":50},{\\\"ciTypeId\\\":45,\\\"parentRs\\\":{\\\"attrId\\\":933,\\\"isReferedFromParent\\\":1}},{\\\"ciTypeId\\\":44,\\\"parentRs\\\":{\\\"attrId\\\":837,\\\"isReferedFromParent\\\":1}},{\\\"ciTypeId\\\":44,\\\"parentRs\\\":{\\\"attrId\\\":813,\\\"isReferedFromParent\\\":1}}]\"}]',0,NULL),(938,50,'启动脚本','启动脚本','text','start_script','varchar',200,NULL,NULL,NULL,NULL,18,1,18,1,0,0,0,0,NULL,'created',0,0,1,'[{\"type\":\"rule\",\"value\":\"[{\\\"ciTypeId\\\":50},{\\\"ciTypeId\\\":48,\\\"parentRs\\\":{\\\"attrId\\\":926,\\\"isReferedFromParent\\\":1}},{\\\"ciTypeId\\\":48,\\\"parentRs\\\":{\\\"attrId\\\":891,\\\"isReferedFromParent\\\":1}}]\"},{\"type\":\"rule\",\"value\":\"[{\\\"ciTypeId\\\":50},{\\\"ciTypeId\\\":45,\\\"parentRs\\\":{\\\"attrId\\\":933,\\\"isReferedFromParent\\\":1}},{\\\"ciTypeId\\\":45,\\\"parentRs\\\":{\\\"attrId\\\":834,\\\"isReferedFromParent\\\":1}}]\"}]',0,NULL),(939,50,'停止脚本','停止脚本','text','stop_script','varchar',200,NULL,NULL,NULL,NULL,19,1,19,1,0,0,0,0,NULL,'created',0,0,1,'[{\"type\":\"rule\",\"value\":\"[{\\\"ciTypeId\\\":50},{\\\"ciTypeId\\\":48,\\\"parentRs\\\":{\\\"attrId\\\":926,\\\"isReferedFromParent\\\":1}},{\\\"ciTypeId\\\":48,\\\"parentRs\\\":{\\\"attrId\\\":891,\\\"isReferedFromParent\\\":1}}]\"},{\"type\":\"rule\",\"value\":\"[{\\\"ciTypeId\\\":50},{\\\"ciTypeId\\\":45,\\\"parentRs\\\":{\\\"attrId\\\":933,\\\"isReferedFromParent\\\":1}},{\\\"ciTypeId\\\":45,\\\"parentRs\\\":{\\\"attrId\\\":835,\\\"isReferedFromParent\\\":1}}]\"}]',0,NULL),(940,50,'部署脚本','部署脚本','text','deploy_script','varchar',200,NULL,NULL,NULL,NULL,20,1,20,1,0,0,0,0,NULL,'created',0,0,1,'[{\"type\":\"rule\",\"value\":\"[{\\\"ciTypeId\\\":50},{\\\"ciTypeId\\\":48,\\\"parentRs\\\":{\\\"attrId\\\":926,\\\"isReferedFromParent\\\":1}},{\\\"ciTypeId\\\":48,\\\"parentRs\\\":{\\\"attrId\\\":891,\\\"isReferedFromParent\\\":1}}]\"},{\"type\":\"rule\",\"value\":\"[{\\\"ciTypeId\\\":50},{\\\"ciTypeId\\\":45,\\\"parentRs\\\":{\\\"attrId\\\":933,\\\"isReferedFromParent\\\":1}},{\\\"ciTypeId\\\":45,\\\"parentRs\\\":{\\\"attrId\\\":833,\\\"isReferedFromParent\\\":1}}]\"}]',0,NULL),(941,50,'端口冲突检测','端口冲突检测','text','port_conflict','varchar',200,NULL,NULL,NULL,NULL,21,1,21,0,1,0,0,0,NULL,'created',0,0,1,'[{\"type\":\"rule\",\"value\":\"[{\\\"ciTypeId\\\":50},{\\\"ciTypeId\\\":32,\\\"parentRs\\\":{\\\"attrId\\\":927,\\\"isReferedFromParent\\\":1}},{\\\"ciTypeId\\\":32,\\\"parentRs\\\":{\\\"attrId\\\":546,\\\"isReferedFromParent\\\":1}}]\"},{\"type\":\"delimiter\",\"value\":\":\"},{\"type\":\"rule\",\"value\":\"[{\\\"ciTypeId\\\":50},{\\\"ciTypeId\\\":50,\\\"parentRs\\\":{\\\"attrId\\\":928,\\\"isReferedFromParent\\\":1}}]\"}]',0,NULL),(942,50,'监控唯一名称','监控唯一名称','text','monitor_key_name','varchar',200,NULL,NULL,NULL,NULL,22,0,22,0,1,0,0,0,NULL,'created',0,0,1,'[{\"type\":\"rule\",\"value\":\"[{\\\"ciTypeId\\\":50},{\\\"ciTypeId\\\":32,\\\"parentRs\\\":{\\\"attrId\\\":927,\\\"isReferedFromParent\\\":1}},{\\\"ciTypeId\\\":32,\\\"parentRs\\\":{\\\"attrId\\\":546,\\\"isReferedFromParent\\\":1}}]\"},{\"type\":\"delimiter\",\"value\":\":\"},{\"type\":\"rule\",\"value\":\"[{\\\"ciTypeId\\\":50},{\\\"ciTypeId\\\":50,\\\"parentRs\\\":{\\\"attrId\\\":929,\\\"isReferedFromParent\\\":1}}]\"}]',0,NULL),(943,50,'描述说明','描述说明','textArea','description','varchar',1000,NULL,NULL,NULL,NULL,26,1,26,1,0,0,1,0,NULL,'created',0,0,0,NULL,0,NULL),(944,51,'全局唯一ID','全局唯一ID','text','guid','varchar',15,NULL,NULL,NULL,NULL,0,0,0,0,1,0,0,0,NULL,'created',1,0,0,NULL,0,NULL),(945,51,'前全局唯一ID','前一版本数据的guid','text','p_guid','varchar',15,NULL,NULL,NULL,NULL,0,0,0,1,0,0,0,0,NULL,'created',1,0,0,NULL,1,NULL),(946,51,'根全局唯一ID','原始数据guid','text','r_guid','varchar',15,NULL,NULL,NULL,NULL,0,0,0,0,0,0,0,0,NULL,'created',1,0,0,NULL,0,NULL),(947,51,'更新用户','更新用户','text','updated_by','varchar',50,NULL,NULL,NULL,NULL,0,0,0,0,0,0,0,0,NULL,'created',1,0,0,NULL,1,NULL),(948,51,'更新日期','更新日期','date','updated_date','datetime',1,NULL,NULL,NULL,NULL,0,0,0,0,0,0,0,0,NULL,'created',1,0,0,NULL,1,NULL),(949,51,'创建用户','创建用户','text','created_by','varchar',50,NULL,NULL,NULL,NULL,0,0,0,0,0,0,0,0,NULL,'created',1,0,0,NULL,0,NULL),(950,51,'创建日期','创建日期','date','created_date','datetime',1,NULL,NULL,NULL,NULL,0,0,0,0,0,0,0,0,NULL,'created',1,0,0,NULL,0,NULL),(951,51,'状态','状态','select','state','int',15,8,NULL,NULL,NULL,0,0,0,0,0,0,0,0,NULL,'created',1,0,0,NULL,0,NULL),(952,51,'唯一名称','唯一名称','text','key_name','varchar',1000,NULL,NULL,NULL,NULL,1,1,1,0,1,0,0,0,NULL,'created',1,0,1,'[{\"type\":\"rule\",\"value\":\"[{\\\"ciTypeId\\\":51},{\\\"ciTypeId\\\":51,\\\"parentRs\\\":{\\\"attrId\\\":1057,\\\"isReferedFromParent\\\":1}}]\"},{\"type\":\"delimiter\",\"value\":\"_\"},{\"type\":\"rule\",\"value\":\"[{\\\"ciTypeId\\\":51},{\\\"ciTypeId\\\":33,\\\"parentRs\\\":{\\\"attrId\\\":957,\\\"isReferedFromParent\\\":1}},{\\\"ciTypeId\\\":33,\\\"parentRs\\\":{\\\"attrId\\\":581,\\\"isReferedFromParent\\\":1}}]\"},{\"type\":\"delimiter\",\"value\":\":\"},{\"type\":\"rule\",\"value\":\"[{\\\"ciTypeId\\\":51},{\\\"ciTypeId\\\":33,\\\"parentRs\\\":{\\\"attrId\\\":957,\\\"isReferedFromParent\\\":1}},{\\\"ciTypeId\\\":33,\\\"parentRs\\\":{\\\"attrId\\\":590,\\\"isReferedFromParent\\\":1}}]\"}]',0,NULL),(953,51,'状态编码','状态编码','text','state_code','varchar',50,NULL,NULL,NULL,NULL,2,1,2,0,0,0,0,0,NULL,'created',1,0,1,'[{\"type\":\"rule\",\"value\":\"[{\\\"ciTypeId\\\":51},{\\\"ciTypeId\\\":51,\\\"parentRs\\\":{\\\"attrId\\\":951,\\\"isReferedFromParent\\\":1},\\\"enumCodeAttr\\\":\\\"code\\\"}]\"}]',0,NULL),(954,51,'确认日期','确认日期','text','fixed_date','varchar',19,NULL,NULL,NULL,NULL,3,1,3,1,0,0,0,0,NULL,'created',1,0,0,NULL,0,NULL),(955,51,'编码','编码','text','code','varchar',1000,NULL,NULL,NULL,NULL,4,1,4,0,0,0,0,0,NULL,'created',1,0,1,'[{\"type\":\"rule\",\"value\":\"[{\\\"ciTypeId\\\":51},{\\\"ciTypeId\\\":51,\\\"parentRs\\\":{\\\"attrId\\\":1057,\\\"isReferedFromParent\\\":1}}]\"},{\"type\":\"delimiter\",\"value\":\"(\"},{\"type\":\"rule\",\"value\":\"[{\\\"ciTypeId\\\":51},{\\\"ciTypeId\\\":33,\\\"parentRs\\\":{\\\"attrId\\\":957,\\\"isReferedFromParent\\\":1}},{\\\"ciTypeId\\\":8,\\\"parentRs\\\":{\\\"attrId\\\":579,\\\"isReferedFromParent\\\":1}},{\\\"ciTypeId\\\":8,\\\"parentRs\\\":{\\\"attrId\\\":113,\\\"isReferedFromParent\\\":1}}]\"},{\"type\":\"delimiter\",\"value\":\")_\"},{\"type\":\"rule\",\"value\":\"[{\\\"ciTypeId\\\":51},{\\\"ciTypeId\\\":33,\\\"parentRs\\\":{\\\"attrId\\\":957,\\\"isReferedFromParent\\\":1}},{\\\"ciTypeId\\\":33,\\\"parentRs\\\":{\\\"attrId\\\":581,\\\"isReferedFromParent\\\":1}}]\"},{\"type\":\"delimiter\",\"value\":\":\"},{\"type\":\"rule\",\"value\":\"[{\\\"ciTypeId\\\":51},{\\\"ciTypeId\\\":33,\\\"parentRs\\\":{\\\"attrId\\\":957,\\\"isReferedFromParent\\\":1}},{\\\"ciTypeId\\\":33,\\\"parentRs\\\":{\\\"attrId\\\":590,\\\"isReferedFromParent\\\":1}}]\"}]',0,NULL),(956,51,'单元','单元','ref','unit','varchar',15,48,'属于',29,NULL,6,1,6,0,0,0,1,0,NULL,'created',0,0,0,NULL,0,NULL),(957,51,'数据库资源实例','数据库资源实例','ref','rdb_resource_instance','varchar',15,33,'使用',30,'[{\"filter_1\":{\"left\":\"[{\\\"ciTypeId\\\":33},{\\\"ciTypeId\\\":29,\\\"parentRs\\\":{\\\"attrId\\\":573,\\\"isReferedFromParent\\\":1}},{\\\"ciTypeId\\\":29,\\\"parentRs\\\":{\\\"attrId\\\":469,\\\"isReferedFromParent\\\":1}}]\",\"operator\":\"in\",\"right\":\"[{\\\"ciTypeId\\\":51},{\\\"ciTypeId\\\":48,\\\"parentRs\\\":{\\\"attrId\\\":956,\\\"isReferedFromParent\\\":1}},{\\\"ciTypeId\\\":29,\\\"parentRs\\\":{\\\"attrId\\\":889,\\\"isReferedFromParent\\\":1}},{\\\"ciTypeId\\\":29,\\\"parentRs\\\":{\\\"attrId\\\":469,\\\"isReferedFromParent\\\":1}}]\"}}]',7,1,7,1,0,0,1,0,NULL,'created',0,0,0,NULL,0,NULL),(958,51,'端口','1000-4999的一个数字','text','port','varchar',200,NULL,NULL,NULL,NULL,8,1,8,0,0,0,0,0,NULL,'created',0,0,1,'[{\"type\":\"rule\",\"value\":\"[{\\\"ciTypeId\\\":51},{\\\"ciTypeId\\\":33,\\\"parentRs\\\":{\\\"attrId\\\":957,\\\"isReferedFromParent\\\":1}},{\\\"ciTypeId\\\":33,\\\"parentRs\\\":{\\\"attrId\\\":590,\\\"isReferedFromParent\\\":1}}]\"}]',0,'(1|2|3|4)[0-9]{3}'),(959,51,'CPU(核)','1 | 2 | 4 | 6 | 8','text','cpu','varchar',200,NULL,NULL,NULL,NULL,9,1,9,0,0,0,1,0,NULL,'created',0,0,0,NULL,0,'1|2|4|6|8'),(960,51,'内存(GB)','1 | 2 | 4 | 6 | 8 | 12 | 16','text','memory','varchar',200,NULL,NULL,NULL,NULL,10,1,10,0,0,0,1,0,NULL,'created',0,0,0,NULL,0,'1|2|4|6|8|12|16'),(961,51,'存储空间(GB)','10的倍数','text','storage','varchar',200,NULL,NULL,NULL,NULL,11,1,11,0,0,0,1,0,NULL,'created',0,0,0,NULL,0,'[1-9][0-9]*0'),(962,51,'部署包','部署包','ref','deploy_package','varchar',15,45,'关联',32,'[{\"filter_1\":{\"left\":\"[{\\\"ciTypeId\\\":45},{\\\"ciTypeId\\\":45,\\\"parentRs\\\":{\\\"attrId\\\":815,\\\"isReferedFromParent\\\":1}}]\",\"operator\":\"in\",\"right\":\"[{\\\"ciTypeId\\\":51},{\\\"ciTypeId\\\":48,\\\"parentRs\\\":{\\\"attrId\\\":956,\\\"isReferedFromParent\\\":1}},{\\\"ciTypeId\\\":45,\\\"parentRs\\\":{\\\"attrId\\\":890,\\\"isReferedFromParent\\\":1}},{\\\"ciTypeId\\\":45,\\\"parentRs\\\":{\\\"attrId\\\":815,\\\"isReferedFromParent\\\":1}}]\"}}]',12,1,12,1,0,0,1,0,NULL,'created',0,0,0,NULL,0,NULL),(963,51,'部署包地址','部署包路径','text','deploy_package_url','varchar',200,NULL,NULL,NULL,NULL,13,1,13,1,0,0,1,0,NULL,'created',0,0,0,NULL,0,NULL),(964,51,'部署用户','字母开头由字母、数字、下划线组成的6-12位字符串','text','deploy_user','varchar',200,NULL,NULL,NULL,NULL,14,1,14,0,0,0,1,0,NULL,'created',0,0,0,NULL,0,'[a-zA-Z][a-zA-Z0-9_]{5,11}'),(965,51,'部署用户密码','部署用户密码','password','deploy_user_password','varchar',200,NULL,NULL,NULL,NULL,15,1,15,1,0,0,1,0,NULL,'created',0,0,0,NULL,0,NULL),(966,51,'差异配置值','差异配置值','text','variable_values','varchar',4000,NULL,NULL,NULL,NULL,16,1,16,1,0,0,0,0,NULL,'created',0,0,1,'[{\"type\":\"rule\",\"value\":\"[{\\\"ciTypeId\\\":51},{\\\"ciTypeId\\\":45,\\\"parentRs\\\":{\\\"attrId\\\":962,\\\"isReferedFromParent\\\":1}},{\\\"ciTypeId\\\":44,\\\"parentRs\\\":{\\\"attrId\\\":837,\\\"isReferedFromParent\\\":1}},{\\\"ciTypeId\\\":44,\\\"parentRs\\\":{\\\"attrId\\\":812,\\\"isReferedFromParent\\\":1}}]\"},{\"type\":\"specialDelimiter\",\"value\":\"\\u0001=\\u0001\"},{\"type\":\"rule\",\"value\":\"[{\\\"ciTypeId\\\":51},{\\\"ciTypeId\\\":45,\\\"parentRs\\\":{\\\"attrId\\\":962,\\\"isReferedFromParent\\\":1}},{\\\"ciTypeId\\\":44,\\\"parentRs\\\":{\\\"attrId\\\":837,\\\"isReferedFromParent\\\":1}},{\\\"ciTypeId\\\":44,\\\"parentRs\\\":{\\\"attrId\\\":813,\\\"isReferedFromParent\\\":1}}]\"}]',0,NULL),(967,51,'升级脚本','升级脚本','text','upgrade_script','varchar',200,NULL,NULL,NULL,NULL,17,1,17,1,0,0,0,0,NULL,'created',0,0,1,'[{\"type\":\"rule\",\"value\":\"[{\\\"ciTypeId\\\":51},{\\\"ciTypeId\\\":45,\\\"parentRs\\\":{\\\"attrId\\\":962,\\\"isReferedFromParent\\\":1}},{\\\"ciTypeId\\\":45,\\\"parentRs\\\":{\\\"attrId\\\":834,\\\"isReferedFromParent\\\":1}}]\"}]',0,NULL),(968,51,'回滚脚本','回滚脚本','text','rollback_script','varchar',200,NULL,NULL,NULL,NULL,18,1,18,1,0,0,0,0,NULL,'created',0,0,1,'[{\"type\":\"rule\",\"value\":\"[{\\\"ciTypeId\\\":51},{\\\"ciTypeId\\\":45,\\\"parentRs\\\":{\\\"attrId\\\":962,\\\"isReferedFromParent\\\":1}},{\\\"ciTypeId\\\":45,\\\"parentRs\\\":{\\\"attrId\\\":835,\\\"isReferedFromParent\\\":1}}]\"}]',0,NULL),(969,51,'部署脚本','部署脚本','text','deploy_script','varchar',200,NULL,NULL,NULL,NULL,19,1,19,1,0,0,0,0,NULL,'created',0,0,1,'[{\"type\":\"rule\",\"value\":\"[{\\\"ciTypeId\\\":51},{\\\"ciTypeId\\\":45,\\\"parentRs\\\":{\\\"attrId\\\":962,\\\"isReferedFromParent\\\":1}},{\\\"ciTypeId\\\":45,\\\"parentRs\\\":{\\\"attrId\\\":833,\\\"isReferedFromParent\\\":1}}]\"}]',0,NULL),(970,51,'常规备份资产ID','常规备份资产ID','text','regular_backup_asset_id','varchar',200,NULL,NULL,NULL,NULL,20,1,20,1,0,0,1,0,NULL,'created',0,0,0,NULL,0,NULL),(971,51,'描述说明','描述说明','textArea','description','varchar',1000,NULL,NULL,NULL,NULL,22,1,22,1,0,0,1,0,NULL,'created',0,0,0,NULL,0,NULL),(972,52,'全局唯一ID','全局唯一ID','text','guid','varchar',15,NULL,NULL,NULL,NULL,0,0,0,0,1,0,0,0,NULL,'created',1,0,0,NULL,0,NULL),(973,52,'前全局唯一ID','前一版本数据的guid','text','p_guid','varchar',15,NULL,NULL,NULL,NULL,0,0,0,1,0,0,0,0,NULL,'created',1,0,0,NULL,1,NULL),(974,52,'根全局唯一ID','原始数据guid','text','r_guid','varchar',15,NULL,NULL,NULL,NULL,0,0,0,0,0,0,0,0,NULL,'created',1,0,0,NULL,0,NULL),(975,52,'更新用户','更新用户','text','updated_by','varchar',50,NULL,NULL,NULL,NULL,0,0,0,0,0,0,0,0,NULL,'created',1,0,0,NULL,1,NULL),(976,52,'更新日期','更新日期','date','updated_date','datetime',1,NULL,NULL,NULL,NULL,0,0,0,0,0,0,0,0,NULL,'created',1,0,0,NULL,1,NULL),(977,52,'创建用户','创建用户','text','created_by','varchar',50,NULL,NULL,NULL,NULL,0,0,0,0,0,0,0,0,NULL,'created',1,0,0,NULL,0,NULL),(978,52,'创建日期','创建日期','date','created_date','datetime',1,NULL,NULL,NULL,NULL,0,0,0,0,0,0,0,0,NULL,'created',1,0,0,NULL,0,NULL),(979,52,'状态','状态','select','state','int',15,8,NULL,NULL,NULL,0,0,0,0,0,0,0,0,NULL,'created',1,0,0,NULL,0,NULL),(980,52,'唯一名称','唯一名称','text','key_name','varchar',1000,NULL,NULL,NULL,NULL,1,1,1,0,1,0,0,0,NULL,'created',1,0,1,'[{\"type\":\"rule\",\"value\":\"[{\\\"ciTypeId\\\":52},{\\\"ciTypeId\\\":52,\\\"parentRs\\\":{\\\"attrId\\\":1058,\\\"isReferedFromParent\\\":1}}]\"},{\"type\":\"delimiter\",\"value\":\"_\"},{\"type\":\"rule\",\"value\":\"[{\\\"ciTypeId\\\":52},{\\\"ciTypeId\\\":34,\\\"parentRs\\\":{\\\"attrId\\\":985,\\\"isReferedFromParent\\\":1}},{\\\"ciTypeId\\\":34,\\\"parentRs\\\":{\\\"attrId\\\":616,\\\"isReferedFromParent\\\":1}}]\"},{\"type\":\"delimiter\",\"value\":\":\"},{\"type\":\"rule\",\"value\":\"[{\\\"ciTypeId\\\":52},{\\\"ciTypeId\\\":34,\\\"parentRs\\\":{\\\"attrId\\\":985,\\\"isReferedFromParent\\\":1}},{\\\"ciTypeId\\\":34,\\\"parentRs\\\":{\\\"attrId\\\":625,\\\"isReferedFromParent\\\":1}}]\"}]',0,NULL),(981,52,'状态编码','状态编码','text','state_code','varchar',50,NULL,NULL,NULL,NULL,2,1,2,0,0,0,0,0,NULL,'created',1,0,1,'[{\"type\":\"rule\",\"value\":\"[{\\\"ciTypeId\\\":52},{\\\"ciTypeId\\\":52,\\\"parentRs\\\":{\\\"attrId\\\":979,\\\"isReferedFromParent\\\":1},\\\"enumCodeAttr\\\":\\\"code\\\"}]\"}]',0,NULL),(982,52,'确认日期','确认日期','text','fixed_date','varchar',19,NULL,NULL,NULL,NULL,3,1,3,1,0,0,0,0,NULL,'created',1,0,0,NULL,0,NULL),(983,52,'编码','编码','text','code','varchar',1000,NULL,NULL,NULL,NULL,4,1,4,0,0,0,0,0,NULL,'created',1,0,1,'[{\"type\":\"rule\",\"value\":\"[{\\\"ciTypeId\\\":52},{\\\"ciTypeId\\\":52,\\\"parentRs\\\":{\\\"attrId\\\":1058,\\\"isReferedFromParent\\\":1}}]\"},{\"type\":\"delimiter\",\"value\":\"_\"},{\"type\":\"rule\",\"value\":\"[{\\\"ciTypeId\\\":52},{\\\"ciTypeId\\\":34,\\\"parentRs\\\":{\\\"attrId\\\":985,\\\"isReferedFromParent\\\":1}},{\\\"ciTypeId\\\":34,\\\"parentRs\\\":{\\\"attrId\\\":616,\\\"isReferedFromParent\\\":1}}]\"},{\"type\":\"delimiter\",\"value\":\":\"},{\"type\":\"rule\",\"value\":\"[{\\\"ciTypeId\\\":52},{\\\"ciTypeId\\\":34,\\\"parentRs\\\":{\\\"attrId\\\":985,\\\"isReferedFromParent\\\":1}},{\\\"ciTypeId\\\":34,\\\"parentRs\\\":{\\\"attrId\\\":625,\\\"isReferedFromParent\\\":1}}]\"}]',0,NULL),(984,52,'单元','单元','ref','unit','varchar',15,48,'属于',29,NULL,6,1,6,0,0,0,1,0,NULL,'created',0,0,0,NULL,0,NULL),(985,52,'缓存资源实例','缓存资源实例','ref','cache_resource_instance','varchar',15,34,'使用',30,'[{\"filter_1\":{\"left\":\"[{\\\"ciTypeId\\\":34},{\\\"ciTypeId\\\":29,\\\"parentRs\\\":{\\\"attrId\\\":608,\\\"isReferedFromParent\\\":1}},{\\\"ciTypeId\\\":29,\\\"parentRs\\\":{\\\"attrId\\\":469,\\\"isReferedFromParent\\\":1}}]\",\"operator\":\"in\",\"right\":\"[{\\\"ciTypeId\\\":52},{\\\"ciTypeId\\\":48,\\\"parentRs\\\":{\\\"attrId\\\":984,\\\"isReferedFromParent\\\":1}},{\\\"ciTypeId\\\":29,\\\"parentRs\\\":{\\\"attrId\\\":889,\\\"isReferedFromParent\\\":1}},{\\\"ciTypeId\\\":29,\\\"parentRs\\\":{\\\"attrId\\\":469,\\\"isReferedFromParent\\\":1}}]\"}}]',7,1,7,1,0,0,1,0,NULL,'created',0,0,0,NULL,0,NULL),(986,52,'端口','5000-9999的一个数字','text','port','varchar',200,NULL,NULL,NULL,NULL,8,1,8,0,0,0,0,0,NULL,'created',0,0,1,'[{\"type\":\"rule\",\"value\":\"[{\\\"ciTypeId\\\":52},{\\\"ciTypeId\\\":34,\\\"parentRs\\\":{\\\"attrId\\\":985,\\\"isReferedFromParent\\\":1}},{\\\"ciTypeId\\\":34,\\\"parentRs\\\":{\\\"attrId\\\":625,\\\"isReferedFromParent\\\":1}}]\"}]',0,'(5|6|7|8|9)[0-9]{3}'),(988,52,'内存(GB)','内存(GB)','text','memory','varchar',200,NULL,NULL,NULL,NULL,9,1,9,0,0,0,1,0,NULL,'created',0,0,0,NULL,0,'^[2468]d*$'),(990,52,'描述说明','描述说明','textArea','description','varchar',1000,NULL,NULL,NULL,NULL,10,1,10,1,0,0,1,0,NULL,'created',0,0,0,NULL,0,NULL),(991,53,'全局唯一ID','全局唯一ID','text','guid','varchar',15,NULL,NULL,NULL,NULL,0,0,0,0,1,0,0,0,NULL,'created',1,0,0,NULL,0,NULL),(992,53,'前全局唯一ID','前一版本数据的guid','text','p_guid','varchar',15,NULL,NULL,NULL,NULL,0,0,0,1,0,0,0,0,NULL,'created',1,0,0,NULL,1,NULL),(993,53,'根全局唯一ID','原始数据guid','text','r_guid','varchar',15,NULL,NULL,NULL,NULL,0,0,0,0,0,0,0,0,NULL,'created',1,0,0,NULL,0,NULL),(994,53,'更新用户','更新用户','text','updated_by','varchar',50,NULL,NULL,NULL,NULL,0,0,0,0,0,0,0,0,NULL,'created',1,0,0,NULL,1,NULL),(995,53,'更新日期','更新日期','date','updated_date','datetime',1,NULL,NULL,NULL,NULL,0,0,0,0,0,0,0,0,NULL,'created',1,0,0,NULL,1,NULL),(996,53,'创建用户','创建用户','text','created_by','varchar',50,NULL,NULL,NULL,NULL,0,0,0,0,0,0,0,0,NULL,'created',1,0,0,NULL,0,NULL),(997,53,'创建日期','创建日期','date','created_date','datetime',1,NULL,NULL,NULL,NULL,0,0,0,0,0,0,0,0,NULL,'created',1,0,0,NULL,0,NULL),(998,53,'状态','状态','select','state','int',15,8,NULL,NULL,NULL,0,0,0,0,0,0,0,0,NULL,'created',1,0,0,NULL,0,NULL),(999,53,'唯一名称','唯一名称','text','key_name','varchar',1000,NULL,NULL,NULL,NULL,1,1,1,0,1,0,0,0,NULL,'created',1,0,1,'[{\"type\":\"rule\",\"value\":\"[{\\\"ciTypeId\\\":53},{\\\"ciTypeId\\\":53,\\\"parentRs\\\":{\\\"attrId\\\":1059,\\\"isReferedFromParent\\\":1}}]\"},{\"type\":\"delimiter\",\"value\":\"_\"},{\"type\":\"rule\",\"value\":\"[{\\\"ciTypeId\\\":53},{\\\"ciTypeId\\\":35,\\\"parentRs\\\":{\\\"attrId\\\":1004,\\\"isReferedFromParent\\\":1}},{\\\"ciTypeId\\\":35,\\\"parentRs\\\":{\\\"attrId\\\":649,\\\"isReferedFromParent\\\":1}}]\"},{\"type\":\"delimiter\",\"value\":\":\"},{\"type\":\"rule\",\"value\":\"[{\\\"ciTypeId\\\":53},{\\\"ciTypeId\\\":53,\\\"parentRs\\\":{\\\"attrId\\\":1005,\\\"isReferedFromParent\\\":1}}]\"}]',0,NULL),(1000,53,'状态编码','状态编码','text','state_code','varchar',50,NULL,NULL,NULL,NULL,2,1,2,0,0,0,0,0,NULL,'created',1,0,1,'[{\"type\":\"rule\",\"value\":\"[{\\\"ciTypeId\\\":53},{\\\"ciTypeId\\\":53,\\\"parentRs\\\":{\\\"attrId\\\":998,\\\"isReferedFromParent\\\":1},\\\"enumCodeAttr\\\":\\\"code\\\"}]\"}]',0,NULL),(1001,53,'确认日期','确认日期','text','fixed_date','varchar',19,NULL,NULL,NULL,NULL,3,1,3,1,0,0,0,0,NULL,'created',1,0,0,NULL,0,NULL),(1002,53,'编码','编码','text','code','varchar',1000,NULL,NULL,NULL,NULL,4,1,4,0,0,0,0,0,NULL,'created',1,0,1,'[{\"type\":\"rule\",\"value\":\"[{\\\"ciTypeId\\\":53},{\\\"ciTypeId\\\":53,\\\"parentRs\\\":{\\\"attrId\\\":1059,\\\"isReferedFromParent\\\":1}}]\"},{\"type\":\"delimiter\",\"value\":\"_\"},{\"type\":\"rule\",\"value\":\"[{\\\"ciTypeId\\\":53},{\\\"ciTypeId\\\":35,\\\"parentRs\\\":{\\\"attrId\\\":1004,\\\"isReferedFromParent\\\":1}},{\\\"ciTypeId\\\":35,\\\"parentRs\\\":{\\\"attrId\\\":649,\\\"isReferedFromParent\\\":1}}]\"},{\"type\":\"delimiter\",\"value\":\":\"},{\"type\":\"rule\",\"value\":\"[{\\\"ciTypeId\\\":53},{\\\"ciTypeId\\\":53,\\\"parentRs\\\":{\\\"attrId\\\":1005,\\\"isReferedFromParent\\\":1}}]\"}]',0,NULL),(1003,53,'单元','单元','ref','unit','varchar',15,48,'属于',29,NULL,6,1,6,0,0,0,1,0,NULL,'created',0,0,0,NULL,0,NULL),(1004,53,'负载均衡资源实例','负载均衡资源实例','ref','lb_resource_instance','varchar',15,35,'使用',30,'[{\"filter_1\":{\"left\":\"[{\\\"ciTypeId\\\":35},{\\\"ciTypeId\\\":29,\\\"parentRs\\\":{\\\"attrId\\\":643,\\\"isReferedFromParent\\\":1}},{\\\"ciTypeId\\\":29,\\\"parentRs\\\":{\\\"attrId\\\":469,\\\"isReferedFromParent\\\":1}}]\",\"operator\":\"in\",\"right\":\"[{\\\"ciTypeId\\\":53},{\\\"ciTypeId\\\":48,\\\"parentRs\\\":{\\\"attrId\\\":1003,\\\"isReferedFromParent\\\":1}},{\\\"ciTypeId\\\":29,\\\"parentRs\\\":{\\\"attrId\\\":889,\\\"isReferedFromParent\\\":1}},{\\\"ciTypeId\\\":29,\\\"parentRs\\\":{\\\"attrId\\\":469,\\\"isReferedFromParent\\\":1}}]\"}}]',7,1,7,1,0,0,1,0,NULL,'created',0,0,0,NULL,0,NULL),(1005,53,'端口','50-999的一个端口或10000-19999的一个端口','text','port','varchar',200,NULL,NULL,NULL,NULL,8,1,8,0,0,0,1,0,NULL,'created',0,0,0,NULL,0,'((5|6|7|8|9)[0-9]{1,2})|(1[0-9]{4})'),(1006,53,'负载监听资产ID','负载监听资产ID','text','lb_listener_asset_id','varchar',200,NULL,NULL,NULL,NULL,9,1,9,1,0,0,1,0,NULL,'created',0,0,0,NULL,0,NULL),(1007,53,'描述说明','描述说明','textArea','description','varchar',1000,NULL,NULL,NULL,NULL,11,1,11,1,0,0,1,0,NULL,'created',0,0,0,NULL,0,NULL),(1008,13,'独立路由表','Y | N','text','private_route_table','varchar',200,NULL,NULL,NULL,NULL,10,1,10,1,0,0,1,0,NULL,'created',0,0,0,NULL,0,'Y|N'),(1009,23,'独立路由表','独立路由表,腾讯云支持','text','private_route_table','varchar',200,NULL,NULL,NULL,NULL,15,1,15,1,0,0,0,0,NULL,'created',0,0,1,'[{\"type\":\"rule\",\"value\":\"[{\\\"ciTypeId\\\":23},{\\\"ciTypeId\\\":13,\\\"parentRs\\\":{\\\"attrId\\\":362,\\\"isReferedFromParent\\\":1}},{\\\"ciTypeId\\\":13,\\\"parentRs\\\":{\\\"attrId\\\":1008,\\\"isReferedFromParent\\\":1}}]\"}]',0,NULL),(1010,54,'全局唯一ID','全局唯一ID','text','guid','varchar',15,NULL,NULL,NULL,NULL,0,0,0,0,1,0,0,0,NULL,'created',1,0,0,NULL,0,NULL),(1011,54,'前全局唯一ID','前一版本数据的guid','text','p_guid','varchar',15,NULL,NULL,NULL,NULL,0,0,0,1,0,0,0,0,NULL,'created',1,0,0,NULL,1,NULL),(1012,54,'根全局唯一ID','原始数据guid','text','r_guid','varchar',15,NULL,NULL,NULL,NULL,0,0,0,0,0,0,0,0,NULL,'created',1,0,0,NULL,0,NULL),(1013,54,'更新用户','更新用户','text','updated_by','varchar',50,NULL,NULL,NULL,NULL,0,0,0,0,0,0,0,0,NULL,'created',1,0,0,NULL,1,NULL),(1014,54,'更新日期','更新日期','date','updated_date','datetime',1,NULL,NULL,NULL,NULL,0,0,0,0,0,0,0,0,NULL,'created',1,0,0,NULL,1,NULL),(1015,54,'创建用户','创建用户','text','created_by','varchar',50,NULL,NULL,NULL,NULL,0,0,0,0,0,0,0,0,NULL,'created',1,0,0,NULL,0,NULL),(1016,54,'创建日期','创建日期','date','created_date','datetime',1,NULL,NULL,NULL,NULL,0,0,0,0,0,0,0,0,NULL,'created',1,0,0,NULL,0,NULL),(1017,54,'状态','状态','select','state','int',15,7,NULL,NULL,NULL,0,0,0,0,0,0,0,0,NULL,'created',1,0,0,NULL,0,NULL),(1018,54,'唯一名称','唯一名称','text','key_name','varchar',1000,NULL,NULL,NULL,NULL,1,1,1,0,0,0,0,0,NULL,'created',1,0,1,'[{\"type\":\"rule\",\"value\":\"[{\\\"ciTypeId\\\":54},{\\\"ciTypeId\\\":54,\\\"parentRs\\\":{\\\"attrId\\\":1023,\\\"isReferedFromParent\\\":1}}]\"}]',0,NULL),(1019,54,'确认日期','确认日期','text','fixed_date','varchar',19,NULL,NULL,NULL,NULL,3,1,3,1,0,0,0,0,NULL,'created',1,0,0,NULL,0,NULL),(1020,54,'编码','编码','text','code','varchar',1000,NULL,NULL,NULL,NULL,4,1,4,0,0,0,1,0,NULL,'created',1,0,0,NULL,0,NULL),(1021,54,'描述说明','描述说明','textArea','description','varchar',1000,NULL,NULL,NULL,NULL,6,1,6,1,0,0,1,0,NULL,'created',0,0,0,NULL,0,NULL),(1022,54,'状态编码','状态编码','text','state_code','varchar',50,NULL,NULL,NULL,NULL,2,1,2,0,0,0,0,0,NULL,'created',1,0,1,'[{\"type\":\"rule\",\"value\":\"[{\\\"ciTypeId\\\":54},{\\\"ciTypeId\\\":54,\\\"parentRs\\\":{\\\"attrId\\\":1017,\\\"isReferedFromParent\\\":1},\\\"enumCodeAttr\\\":\\\"code\\\"}]\"}]',0,NULL),(1023,54,'名称','名称','text','name','varchar',200,NULL,NULL,NULL,NULL,5,1,5,0,0,0,1,0,NULL,'created',0,0,0,NULL,0,NULL),(1054,25,'安全策略资产ID','安全策略资产ID','text','security_policy_asset_id','varchar',200,NULL,NULL,NULL,NULL,12,1,12,1,0,0,1,0,NULL,'created',0,0,0,NULL,0,NULL),(1055,29,'单元类型','单元类型','ref','unit_type','varchar',15,2,'关联',32,NULL,14,1,14,0,0,0,0,0,NULL,'created',0,0,1,'[{\"type\":\"rule\",\"value\":\"[{\\\"ciTypeId\\\":29},{\\\"ciTypeId\\\":19,\\\"parentRs\\\":{\\\"attrId\\\":482,\\\"isReferedFromParent\\\":1}},{\\\"ciTypeId\\\":2,\\\"parentRs\\\":{\\\"attrId\\\":293,\\\"isReferedFromParent\\\":1}},{\\\"ciTypeId\\\":2,\\\"parentRs\\\":{\\\"attrId\\\":17,\\\"isReferedFromParent\\\":1}}]\"}]',0,NULL),(1056,50,'名称','名称','text','name','varchar',200,NULL,NULL,NULL,NULL,5,1,5,0,0,0,1,0,NULL,'created',0,0,0,NULL,0,NULL),(1057,51,'名称','名称','text','name','varchar',200,NULL,NULL,NULL,NULL,5,1,5,0,0,0,1,0,NULL,'created',0,0,0,'',0,NULL),(1058,52,'名称','名称','text','name','varchar',200,NULL,NULL,NULL,NULL,5,1,5,0,0,0,1,0,NULL,'created',0,0,0,NULL,0,NULL),(1059,53,'名称','名称','text','name','varchar',200,NULL,NULL,NULL,NULL,5,1,5,0,0,0,1,0,NULL,'created',0,0,0,NULL,0,NULL),(1060,26,'子网网段','子网网段','ref','subnet_network_segment','varchar',15,23,'关联',32,'[{\"filter_1\":{\"left\":\"[{\\\"ciTypeId\\\":23},{\\\"ciTypeId\\\":23,\\\"parentRs\\\":{\\\"attrId\\\":363,\\\"isReferedFromParent\\\":1}}]\",\"operator\":\"in\",\"right\":[\"SUBNET\"]}}]',11,1,11,1,0,0,1,0,NULL,'created',0,0,0,NULL,0,NULL),(1061,31,'资产ID','资产ID','text','asset_id','varchar',200,NULL,NULL,NULL,NULL,8,1,8,1,0,0,1,0,NULL,'created',0,0,0,NULL,0,NULL),(1062,26,'NATIP地址','NATIP地址','multiRef','nat_ip_address','varchar',1000,31,'关联',32,NULL,12,1,12,1,0,0,1,0,NULL,'created',0,0,0,NULL,0,NULL),(1063,23,'独立NAT','独立NAT','text','private_nat','varchar',200,NULL,NULL,NULL,NULL,19,1,19,0,0,0,0,0,NULL,'created',0,0,1,'[{\"type\":\"rule\",\"value\":\"[{\\\"ciTypeId\\\":23},{\\\"ciTypeId\\\":13,\\\"parentRs\\\":{\\\"attrId\\\":362,\\\"isReferedFromParent\\\":1}},{\\\"ciTypeId\\\":13,\\\"parentRs\\\":{\\\"attrId\\\":1102,\\\"isReferedFromParent\\\":1}}]\"}]',0,'Y | N'),(1064,22,'可用区','可用区','text','available_zone','varchar',200,NULL,NULL,NULL,NULL,12,1,12,1,0,0,1,0,NULL,'created',0,0,0,NULL,0,NULL),(1065,62,'全局唯一ID','全局唯一ID','text','guid','varchar',15,NULL,NULL,NULL,NULL,0,0,0,0,1,0,0,0,NULL,'created',1,0,0,NULL,0,NULL),(1066,62,'前全局唯一ID','前一版本数据的guid','text','p_guid','varchar',15,NULL,NULL,NULL,NULL,0,0,0,1,0,0,0,0,NULL,'created',1,0,0,NULL,1,NULL),(1067,62,'根全局唯一ID','原始数据guid','text','r_guid','varchar',15,NULL,NULL,NULL,NULL,0,0,0,0,0,0,0,0,NULL,'created',1,0,0,NULL,0,NULL),(1068,62,'更新用户','更新用户','text','updated_by','varchar',50,NULL,NULL,NULL,NULL,0,0,0,0,0,0,0,0,NULL,'created',1,0,0,NULL,1,NULL),(1069,62,'更新日期','更新日期','date','updated_date','datetime',1,NULL,NULL,NULL,NULL,0,0,0,0,0,0,0,0,NULL,'created',1,0,0,NULL,1,NULL),(1070,62,'创建用户','创建用户','text','created_by','varchar',50,NULL,NULL,NULL,NULL,0,0,0,0,0,0,0,0,NULL,'created',1,0,0,NULL,0,NULL),(1071,62,'创建日期','创建日期','date','created_date','datetime',1,NULL,NULL,NULL,NULL,0,0,0,0,0,0,0,0,NULL,'created',1,0,0,NULL,0,NULL),(1072,62,'状态','状态','select','state','int',15,7,NULL,NULL,NULL,0,0,0,0,0,0,0,0,NULL,'created',1,0,0,NULL,0,NULL),(1073,62,'唯一名称','唯一名称','text','key_name','varchar',1000,NULL,NULL,NULL,NULL,1,1,1,0,1,0,0,0,NULL,'created',1,0,1,'[{\"type\":\"rule\",\"value\":\"[{\\\"ciTypeId\\\":62},{\\\"ciTypeId\\\":62,\\\"parentRs\\\":{\\\"attrId\\\":1077,\\\"isReferedFromParent\\\":1}}]\"},{\"type\":\"delimiter\",\"value\":\"_\"},{\"type\":\"rule\",\"value\":\"[{\\\"ciTypeId\\\":62},{\\\"ciTypeId\\\":6,\\\"parentRs\\\":{\\\"attrId\\\":1078,\\\"isReferedFromParent\\\":1}},{\\\"ciTypeId\\\":6,\\\"parentRs\\\":{\\\"attrId\\\":85,\\\"isReferedFromParent\\\":1}}]\"},{\"type\":\"rule\",\"value\":\"[{\\\"ciTypeId\\\":62},{\\\"ciTypeId\\\":2,\\\"parentRs\\\":{\\\"attrId\\\":1097,\\\"isReferedFromParent\\\":1}},{\\\"ciTypeId\\\":2,\\\"parentRs\\\":{\\\"attrId\\\":29,\\\"isReferedFromParent\\\":1}}]\"}]',0,NULL),(1074,62,'状态编码','状态编码','text','state_code','varchar',50,NULL,NULL,NULL,NULL,2,1,2,0,0,0,0,0,NULL,'created',1,0,1,'[{\"type\":\"rule\",\"value\":\"[{\\\"ciTypeId\\\":62},{\\\"ciTypeId\\\":62,\\\"parentRs\\\":{\\\"attrId\\\":1072,\\\"isReferedFromParent\\\":1},\\\"enumCodeAttr\\\":\\\"code\\\"}]\"}]',0,NULL),(1075,62,'确认日期','确认日期','text','fixed_date','varchar',19,NULL,NULL,NULL,NULL,3,1,3,1,0,0,0,0,NULL,'created',1,0,0,NULL,0,NULL),(1076,62,'编码','编码','text','code','varchar',1000,NULL,NULL,NULL,NULL,4,1,4,0,0,0,1,0,NULL,'created',1,0,0,NULL,0,NULL),(1077,62,'名称','名称','text','name','varchar',200,NULL,NULL,NULL,NULL,5,1,5,0,0,NULL,1,NULL,NULL,'created',0,0,0,NULL,0,NULL),(1078,62,'云厂商','云厂商','ref','cloud_vendor','varchar',15,6,'关联',32,NULL,6,1,6,0,0,NULL,1,NULL,NULL,'created',0,0,0,NULL,0,NULL),(1079,62,'描述说明','描述说明','textArea','description','varchar',1000,NULL,NULL,NULL,NULL,8,1,8,1,0,0,1,0,NULL,'created',0,0,0,NULL,0,NULL),(1080,63,'全局唯一ID','全局唯一ID','text','guid','varchar',15,NULL,NULL,NULL,NULL,0,0,0,0,1,0,0,0,NULL,'created',1,0,0,NULL,0,NULL),(1081,63,'前全局唯一ID','前一版本数据的guid','text','p_guid','varchar',15,NULL,NULL,NULL,NULL,0,0,0,1,0,0,0,0,NULL,'created',1,0,0,NULL,1,NULL),(1082,63,'根全局唯一ID','原始数据guid','text','r_guid','varchar',15,NULL,NULL,NULL,NULL,0,0,0,0,0,0,0,0,NULL,'created',1,0,0,NULL,0,NULL),(1083,63,'更新用户','更新用户','text','updated_by','varchar',50,NULL,NULL,NULL,NULL,0,0,0,0,0,0,0,0,NULL,'created',1,0,0,NULL,1,NULL),(1084,63,'更新日期','更新日期','date','updated_date','datetime',1,NULL,NULL,NULL,NULL,0,0,0,0,0,0,0,0,NULL,'created',1,0,0,NULL,1,NULL),(1085,63,'创建用户','创建用户','text','created_by','varchar',50,NULL,NULL,NULL,NULL,0,0,0,0,0,0,0,0,NULL,'created',1,0,0,NULL,0,NULL),(1086,63,'创建日期','创建日期','date','created_date','datetime',1,NULL,NULL,NULL,NULL,0,0,0,0,0,0,0,0,NULL,'created',1,0,0,NULL,0,NULL),(1087,63,'状态','状态','select','state','int',15,7,NULL,NULL,NULL,0,0,0,0,0,0,0,0,NULL,'created',1,0,0,NULL,0,NULL),(1088,63,'唯一名称','唯一名称','text','key_name','varchar',1000,NULL,NULL,NULL,NULL,1,1,1,0,0,0,0,0,NULL,'created',1,0,1,'[{\"type\":\"rule\",\"value\":\"[{\\\"ciTypeId\\\":63},{\\\"ciTypeId\\\":63,\\\"parentRs\\\":{\\\"attrId\\\":1093,\\\"isReferedFromParent\\\":1}}]\"}]',0,NULL),(1089,63,'状态编码','状态编码','text','state_code','varchar',50,NULL,NULL,NULL,NULL,2,1,2,0,0,0,0,0,NULL,'created',1,0,1,'[{\"type\":\"rule\",\"value\":\"[{\\\"ciTypeId\\\":63},{\\\"ciTypeId\\\":63,\\\"parentRs\\\":{\\\"attrId\\\":1087,\\\"isReferedFromParent\\\":1},\\\"enumCodeAttr\\\":\\\"code\\\"}]\"}]',0,NULL),(1090,63,'确认日期','确认日期','text','fixed_date','varchar',19,NULL,NULL,NULL,NULL,3,1,3,1,0,0,0,0,NULL,'created',1,0,0,NULL,0,NULL),(1091,63,'编码','编码','text','code','varchar',1000,NULL,NULL,NULL,NULL,4,1,4,0,0,0,1,0,NULL,'created',1,0,0,NULL,0,NULL),(1092,63,'云厂商','云厂商','ref','cloud_vendor','varchar',15,6,'关联',32,NULL,6,1,6,0,0,0,1,0,NULL,'created',0,0,0,NULL,0,NULL),(1093,63,'名称','名称','text','name','varchar',200,NULL,NULL,NULL,NULL,5,1,5,0,0,NULL,1,NULL,NULL,'created',0,0,0,NULL,0,NULL),(1094,63,'描述说明','描述说明','textArea','description','varchar',1000,NULL,NULL,NULL,NULL,7,1,7,1,0,NULL,1,NULL,NULL,'created',0,0,0,NULL,0,NULL),(1095,32,'存储类型','存储类型','ref','storage_type','varchar',15,62,'关联',32,'[{\"filter_1\":{\"left\":\"[{\\\"ciTypeId\\\":62},{\\\"ciTypeId\\\":6,\\\"parentRs\\\":{\\\"attrId\\\":1078,\\\"isReferedFromParent\\\":1}},{\\\"ciTypeId\\\":6,\\\"parentRs\\\":{\\\"attrId\\\":73,\\\"isReferedFromParent\\\":1}}]\",\"operator\":\"in\",\"right\":\"[{\\\"ciTypeId\\\":32},{\\\"ciTypeId\\\":29,\\\"parentRs\\\":{\\\"attrId\\\":538,\\\"isReferedFromParent\\\":1}},{\\\"ciTypeId\\\":7,\\\"parentRs\\\":{\\\"attrId\\\":484,\\\"isReferedFromParent\\\":1}},{\\\"ciTypeId\\\":6,\\\"parentRs\\\":{\\\"attrId\\\":100,\\\"isReferedFromParent\\\":1}},{\\\"ciTypeId\\\":6,\\\"parentRs\\\":{\\\"attrId\\\":73,\\\"isReferedFromParent\\\":1}}]\"},\"filter_2\":{\"left\":\"[{\\\"ciTypeId\\\":62},{\\\"ciTypeId\\\":2,\\\"parentRs\\\":{\\\"attrId\\\":1097,\\\"isReferedFromParent\\\":1}},{\\\"ciTypeId\\\":2,\\\"parentRs\\\":{\\\"attrId\\\":17,\\\"isReferedFromParent\\\":1}}]\",\"operator\":\"in\",\"right\":\"[{\\\"ciTypeId\\\":32},{\\\"ciTypeId\\\":29,\\\"parentRs\\\":{\\\"attrId\\\":538,\\\"isReferedFromParent\\\":1}},{\\\"ciTypeId\\\":2,\\\"parentRs\\\":{\\\"attrId\\\":1055,\\\"isReferedFromParent\\\":1}},{\\\"ciTypeId\\\":2,\\\"parentRs\\\":{\\\"attrId\\\":17,\\\"isReferedFromParent\\\":1}}]\"}}]',16,1,16,0,0,0,1,0,NULL,'created',0,0,0,NULL,0,NULL),(1096,23,'NAT规则资产ID','NAT规则资产ID','text','nat_rule_asset_id','varchar',200,NULL,NULL,NULL,NULL,20,1,20,1,0,0,1,0,NULL,'created',0,0,0,NULL,0,NULL),(1097,62,'单元类型','单元类型','ref','unit_type','varchar',15,2,'关联',32,NULL,7,1,7,0,0,0,1,0,NULL,'created',0,0,0,NULL,0,NULL),(1098,33,'存储类型','存储类型','ref','storage_type','varchar',15,62,'关联',32,'[{\"filter_1\":{\"left\":\"[{\\\"ciTypeId\\\":62},{\\\"ciTypeId\\\":6,\\\"parentRs\\\":{\\\"attrId\\\":1078,\\\"isReferedFromParent\\\":1}},{\\\"ciTypeId\\\":6,\\\"parentRs\\\":{\\\"attrId\\\":73,\\\"isReferedFromParent\\\":1}}]\",\"operator\":\"in\",\"right\":\"[{\\\"ciTypeId\\\":33},{\\\"ciTypeId\\\":29,\\\"parentRs\\\":{\\\"attrId\\\":573,\\\"isReferedFromParent\\\":1}},{\\\"ciTypeId\\\":7,\\\"parentRs\\\":{\\\"attrId\\\":484,\\\"isReferedFromParent\\\":1}},{\\\"ciTypeId\\\":6,\\\"parentRs\\\":{\\\"attrId\\\":100,\\\"isReferedFromParent\\\":1}},{\\\"ciTypeId\\\":6,\\\"parentRs\\\":{\\\"attrId\\\":73,\\\"isReferedFromParent\\\":1}}]\"},\"filter_2\":{\"left\":\"[{\\\"ciTypeId\\\":62},{\\\"ciTypeId\\\":2,\\\"parentRs\\\":{\\\"attrId\\\":1097,\\\"isReferedFromParent\\\":1}},{\\\"ciTypeId\\\":2,\\\"parentRs\\\":{\\\"attrId\\\":17,\\\"isReferedFromParent\\\":1}}]\",\"operator\":\"in\",\"right\":\"[{\\\"ciTypeId\\\":33},{\\\"ciTypeId\\\":29,\\\"parentRs\\\":{\\\"attrId\\\":573,\\\"isReferedFromParent\\\":1}},{\\\"ciTypeId\\\":2,\\\"parentRs\\\":{\\\"attrId\\\":1055,\\\"isReferedFromParent\\\":1}},{\\\"ciTypeId\\\":2,\\\"parentRs\\\":{\\\"attrId\\\":17,\\\"isReferedFromParent\\\":1}}]\"}}]',16,1,16,0,0,0,1,0,NULL,'created',0,0,0,NULL,0,NULL),(1099,48,'通讯协议','通讯协议','text','protocol','varchar',200,NULL,NULL,NULL,NULL,13,1,13,0,0,0,0,0,NULL,'created',0,0,1,'[{\"type\":\"rule\",\"value\":\"[{\\\"ciTypeId\\\":48},{\\\"ciTypeId\\\":39,\\\"parentRs\\\":{\\\"attrId\\\":887,\\\"isReferedFromParent\\\":1}},{\\\"ciTypeId\\\":39,\\\"parentRs\\\":{\\\"attrId\\\":730,\\\"isReferedFromParent\\\":1}}]\"}]',0,NULL),(1100,51,'部署备份资产ID','部署备份资产ID','text','deploy_backup_asset_id','varchar',200,NULL,NULL,NULL,NULL,21,1,21,1,0,0,1,0,NULL,'created',0,0,0,NULL,0,NULL),(1101,54,'云厂商','云厂商','ref','cloud_vendor','varchar',15,6,'关联',32,NULL,7,1,7,0,0,0,1,0,NULL,'created',0,0,0,NULL,0,NULL),(1102,13,'独立NAT','Y | N','text','private_nat','varchar',200,NULL,NULL,NULL,NULL,11,1,11,0,0,0,1,0,NULL,'created',0,0,0,NULL,0,'Y|N'),(1104,64,'全局唯一ID','全局唯一ID','text','guid','varchar',15,NULL,NULL,NULL,NULL,0,0,0,0,1,0,0,0,NULL,'created',1,0,0,NULL,0,NULL),(1105,64,'前全局唯一ID','前一版本数据的guid','text','p_guid','varchar',15,NULL,NULL,NULL,NULL,0,0,0,1,0,0,0,0,NULL,'created',1,0,0,NULL,1,NULL),(1106,64,'根全局唯一ID','原始数据guid','text','r_guid','varchar',15,NULL,NULL,NULL,NULL,0,0,0,0,0,0,0,0,NULL,'created',1,0,0,NULL,0,NULL),(1107,64,'更新用户','更新用户','text','updated_by','varchar',50,NULL,NULL,NULL,NULL,0,0,0,0,0,0,0,0,NULL,'created',1,0,0,NULL,1,NULL),(1108,64,'更新日期','更新日期','date','updated_date','datetime',1,NULL,NULL,NULL,NULL,0,0,0,0,0,0,0,0,NULL,'created',1,0,0,NULL,1,NULL),(1109,64,'创建用户','创建用户','text','created_by','varchar',50,NULL,NULL,NULL,NULL,0,0,0,0,0,0,0,0,NULL,'created',1,0,0,NULL,0,NULL),(1110,64,'创建日期','创建日期','date','created_date','datetime',1,NULL,NULL,NULL,NULL,0,0,0,0,0,0,0,0,NULL,'created',1,0,0,NULL,0,NULL),(1111,64,'状态','状态','select','state','int',15,7,NULL,NULL,NULL,0,0,0,0,0,0,0,0,NULL,'created',1,0,0,NULL,0,NULL),(1112,64,'唯一名称','唯一名称','text','key_name','varchar',1000,NULL,NULL,NULL,NULL,1,1,1,0,1,0,0,0,NULL,'created',1,0,1,'[{\"type\":\"rule\",\"value\":\"[{\\\"ciTypeId\\\":64},{\\\"ciTypeId\\\":39,\\\"parentRs\\\":{\\\"attrId\\\":1119,\\\"isReferedFromParent\\\":1}},{\\\"ciTypeId\\\":39,\\\"parentRs\\\":{\\\"attrId\\\":722,\\\"isReferedFromParent\\\":1}}]\"},{\"type\":\"delimiter\",\"value\":\"_\"},{\"type\":\"rule\",\"value\":\"[{\\\"ciTypeId\\\":64},{\\\"ciTypeId\\\":3,\\\"parentRs\\\":{\\\"attrId\\\":1117,\\\"isReferedFromParent\\\":1}},{\\\"ciTypeId\\\":3,\\\"parentRs\\\":{\\\"attrId\\\":42,\\\"isReferedFromParent\\\":1}}]\"},{\"type\":\"delimiter\",\"value\":\"_\"},{\"type\":\"rule\",\"value\":\"[{\\\"ciTypeId\\\":64},{\\\"ciTypeId\\\":64,\\\"parentRs\\\":{\\\"attrId\\\":1115,\\\"isReferedFromParent\\\":1}}]\"}]',0,NULL),(1113,64,'状态编码','状态编码','text','state_code','varchar',50,NULL,NULL,NULL,NULL,2,1,2,0,0,0,0,0,NULL,'created',1,0,1,'[{\"type\":\"rule\",\"value\":\"[{\\\"ciTypeId\\\":64},{\\\"ciTypeId\\\":64,\\\"parentRs\\\":{\\\"attrId\\\":1111,\\\"isReferedFromParent\\\":1},\\\"enumCodeAttr\\\":\\\"code\\\"}]\"}]',0,NULL),(1114,64,'确认日期','确认日期','text','fixed_date','varchar',19,NULL,NULL,NULL,NULL,3,1,3,1,0,0,0,0,NULL,'created',1,0,0,NULL,0,NULL),(1115,64,'编码','2-12位字母开头，包含字母数字下划线的字符串','text','code','varchar',1000,NULL,NULL,NULL,NULL,4,1,4,0,0,0,1,0,NULL,'created',1,0,0,NULL,0,'[a-zA-Z]{2,10}(_[a-zA-Z0-9]{1,5})?'),(1116,64,'环境差异','Y | N','text','deploy_environment_difference','varchar',200,NULL,NULL,NULL,NULL,6,1,6,0,0,0,1,0,NULL,'created',0,0,0,NULL,0,'Y|N'),(1117,64,'部署环境','部署环境','ref','deploy_environment','varchar',15,3,'关联',32,NULL,7,1,7,1,0,NULL,1,NULL,NULL,'created',0,0,0,NULL,0,NULL),(1118,64,'静态值','静态值','text','static_value','varchar',200,NULL,NULL,NULL,NULL,8,1,8,0,0,NULL,1,NULL,NULL,'created',0,0,0,NULL,0,NULL),(1119,64,'单元设计','单元设计','ref','unit_design','varchar',15,39,'关联',32,NULL,5,1,5,0,0,NULL,1,NULL,NULL,'created',0,0,0,NULL,0,NULL),(1120,64,'描述说明','描述说明','textArea','description','varchar',1000,NULL,NULL,NULL,NULL,9,1,9,1,0,NULL,1,NULL,NULL,'created',0,0,0,NULL,0,NULL),(1121,23,'独立安全组','Y | N','text','private_security_group','varchar',200,NULL,NULL,NULL,NULL,17,1,17,0,0,0,0,0,NULL,'created',0,0,1,'[{\"type\":\"rule\",\"value\":\"[{\\\"ciTypeId\\\":23},{\\\"ciTypeId\\\":13,\\\"parentRs\\\":{\\\"attrId\\\":362,\\\"isReferedFromParent\\\":1}},{\\\"ciTypeId\\\":13,\\\"parentRs\\\":{\\\"attrId\\\":1122,\\\"isReferedFromParent\\\":1}}]\"}]',0,'Y|N'),(1122,13,'独立安全组','Y | N','text','private_security_group','varchar',200,NULL,NULL,NULL,NULL,12,1,12,0,0,0,1,0,NULL,'created',0,0,0,NULL,0,'Y|N'),(1123,22,'地域','地域','text','region','varchar',200,NULL,NULL,NULL,NULL,11,1,11,0,0,0,1,0,NULL,'created',0,0,0,NULL,0,'[a-zA-Z0-9-]{2,20}'),(1125,28,'法人','法人','ref','legal_person','varchar',15,4,'关联',32,NULL,11,1,11,0,0,0,1,0,NULL,'created',0,1,0,NULL,0,NULL),(1126,23,'编号','2位数字或小写字母','text','num','varchar',200,NULL,NULL,NULL,NULL,6,1,6,1,0,0,1,0,NULL,'created',0,0,0,NULL,0,'[a-z0-9][a-z0-9]'),(1127,7,'单元类型','单元类型','multiRef','unit_type','varchar',1000,2,'关联',32,NULL,7,1,7,1,0,0,1,0,NULL,'created',0,0,0,NULL,0,NULL),(1128,9,'集群类型','集群类型','ref','cluster_type','varchar',15,7,'关联',32,'[{\"filter_1\":{\"left\":\"[{\\\"ciTypeId\\\":7},{\\\"ciTypeId\\\":7,\\\"parentRs\\\":{\\\"attrId\\\":87,\\\"isReferedFromParent\\\":1}}]\",\"operator\":\"in\",\"right\":\"[{\\\"ciTypeId\\\":9},{\\\"ciTypeId\\\":2,\\\"parentRs\\\":{\\\"attrId\\\":131,\\\"isReferedFromParent\\\":1}},{\\\"ciTypeId\\\":7,\\\"parentRs\\\":{\\\"attrId\\\":1127,\\\"isReferedFromParent\\\":0}},{\\\"ciTypeId\\\":7,\\\"parentRs\\\":{\\\"attrId\\\":87,\\\"isReferedFromParent\\\":1}}]\"}}]',7,1,7,1,0,0,1,0,NULL,'created',0,0,0,NULL,0,NULL),(1130,33,'网段','网段','ref','network_segment','varchar',15,23,'关联',32,'[{\"filter_1\":{\"left\":\"[{\\\"ciTypeId\\\":23},{\\\"ciTypeId\\\":23,\\\"parentRs\\\":{\\\"attrId\\\":348,\\\"isReferedFromParent\\\":1}}]\",\"operator\":\"in\",\"right\":\"[{\\\"ciTypeId\\\":33},{\\\"ciTypeId\\\":29,\\\"parentRs\\\":{\\\"attrId\\\":573,\\\"isReferedFromParent\\\":1}},{\\\"ciTypeId\\\":23,\\\"parentRs\\\":{\\\"attrId\\\":488,\\\"isReferedFromParent\\\":1}},{\\\"ciTypeId\\\":23,\\\"parentRs\\\":{\\\"attrId\\\":348,\\\"isReferedFromParent\\\":1}}]\"}}]',12,1,12,0,0,0,1,0,NULL,'created',0,0,0,NULL,0,NULL),(1131,32,'网段','网段','ref','network_segment','varchar',15,23,'关联',32,'[{\"filter_1\":{\"left\":\"[{\\\"ciTypeId\\\":23},{\\\"ciTypeId\\\":23,\\\"parentRs\\\":{\\\"attrId\\\":348,\\\"isReferedFromParent\\\":1}}]\",\"operator\":\"in\",\"right\":\"[{\\\"ciTypeId\\\":32},{\\\"ciTypeId\\\":29,\\\"parentRs\\\":{\\\"attrId\\\":538,\\\"isReferedFromParent\\\":1}},{\\\"ciTypeId\\\":23,\\\"parentRs\\\":{\\\"attrId\\\":488,\\\"isReferedFromParent\\\":1}},{\\\"ciTypeId\\\":23,\\\"parentRs\\\":{\\\"attrId\\\":348,\\\"isReferedFromParent\\\":1}}]\"}}]',12,1,12,0,0,0,1,0,NULL,'created',0,0,0,NULL,0,NULL),(1132,34,'网段','网段','ref','network_segment','varchar',15,23,'关联',32,'[{\"filter_1\":{\"left\":\"[{\\\"ciTypeId\\\":23},{\\\"ciTypeId\\\":23,\\\"parentRs\\\":{\\\"attrId\\\":348,\\\"isReferedFromParent\\\":1}}]\",\"operator\":\"in\",\"right\":\"[{\\\"ciTypeId\\\":34},{\\\"ciTypeId\\\":29,\\\"parentRs\\\":{\\\"attrId\\\":608,\\\"isReferedFromParent\\\":1}},{\\\"ciTypeId\\\":23,\\\"parentRs\\\":{\\\"attrId\\\":488,\\\"isReferedFromParent\\\":1}},{\\\"ciTypeId\\\":23,\\\"parentRs\\\":{\\\"attrId\\\":348,\\\"isReferedFromParent\\\":1}}]\"}}]',12,1,12,0,0,0,1,0,NULL,'created',0,0,0,NULL,0,NULL),(1133,35,'网段','网段','ref','network_segment','varchar',15,23,'关联',32,'[{\"filter_1\":{\"left\":\"[{\\\"ciTypeId\\\":23},{\\\"ciTypeId\\\":23,\\\"parentRs\\\":{\\\"attrId\\\":348,\\\"isReferedFromParent\\\":1}}]\",\"operator\":\"in\",\"right\":\"[{\\\"ciTypeId\\\":35},{\\\"ciTypeId\\\":29,\\\"parentRs\\\":{\\\"attrId\\\":643,\\\"isReferedFromParent\\\":1}},{\\\"ciTypeId\\\":23,\\\"parentRs\\\":{\\\"attrId\\\":488,\\\"isReferedFromParent\\\":1}},{\\\"ciTypeId\\\":23,\\\"parentRs\\\":{\\\"attrId\\\":348,\\\"isReferedFromParent\\\":1}}]\"}}]',9,1,9,0,0,0,1,0,NULL,'created',0,0,0,NULL,0,NULL),(1134,19,'网络区域设计','网络区域设计','ref','network_zone_design','varchar',15,14,'属于',29,NULL,5,1,5,0,0,0,1,0,NULL,'created',0,0,0,NULL,0,NULL),(1135,19,'应用域','应用域','multiRef','application_domain','varchar',1000,5,'关联',32,NULL,9,1,9,0,0,0,1,0,NULL,'created',0,0,0,NULL,0,NULL),(1136,29,'网络区域','网络区域','ref','network_zone','varchar',15,24,'属于',29,'[{\"filter_1\":{\"left\":\"[{\\\"ciTypeId\\\":24},{\\\"ciTypeId\\\":14,\\\"parentRs\\\":{\\\"attrId\\\":384,\\\"isReferedFromParent\\\":1}},{\\\"ciTypeId\\\":14,\\\"parentRs\\\":{\\\"attrId\\\":197,\\\"isReferedFromParent\\\":1}}]\",\"operator\":\"in\",\"right\":\"[{\\\"ciTypeId\\\":29},{\\\"ciTypeId\\\":19,\\\"parentRs\\\":{\\\"attrId\\\":482,\\\"isReferedFromParent\\\":1}},{\\\"ciTypeId\\\":14,\\\"parentRs\\\":{\\\"attrId\\\":1134,\\\"isReferedFromParent\\\":1}},{\\\"ciTypeId\\\":14,\\\"parentRs\\\":{\\\"attrId\\\":197,\\\"isReferedFromParent\\\":1}}]\"}}]',7,1,7,1,0,0,1,0,NULL,'created',0,0,0,NULL,0,NULL),(1137,26,'NAT表资产编码','NAT表资产编码','text','nat_table_asset_id','varchar',200,NULL,NULL,NULL,NULL,14,1,14,1,0,0,1,0,NULL,'created',0,0,0,NULL,0,NULL),(1138,39,'白名单类型','N默认策略，I入白名单策略，E出白名单策略，IE出入白名单策略','text','white_list_type','varchar',200,NULL,NULL,NULL,NULL,11,1,11,0,0,0,1,0,NULL,'created',0,0,0,NULL,0,'N|I|E|IE'),(1139,48,'白名单类型','N默认策略，I入白名单策略，E出白名单策略，IE出入白名单策略','text','white_list_type','varchar',200,NULL,NULL,NULL,NULL,14,1,14,0,0,0,1,0,NULL,'created',0,0,1,'[{\"type\":\"rule\",\"value\":\"[{\\\"ciTypeId\\\":48},{\\\"ciTypeId\\\":39,\\\"parentRs\\\":{\\\"attrId\\\":887,\\\"isReferedFromParent\\\":1}},{\\\"ciTypeId\\\":39,\\\"parentRs\\\":{\\\"attrId\\\":1138,\\\"isReferedFromParent\\\":1}}]\"}]',0,'N|I|E|IE'),(1140,32,'独立安全组','Y | N ','text','subnet_security_group','varchar',200,NULL,NULL,NULL,NULL,28,1,28,1,0,0,1,0,NULL,'created',0,0,1,'[{\"type\":\"rule\",\"value\":\"[{\\\"ciTypeId\\\":32},{\\\"ciTypeId\\\":23,\\\"parentRs\\\":{\\\"attrId\\\":1131,\\\"isReferedFromParent\\\":1}},{\\\"ciTypeId\\\":23,\\\"parentRs\\\":{\\\"attrId\\\":1121,\\\"isReferedFromParent\\\":1}}]\"}]',0,'Y|N'),(1141,49,'被调用资源类型','被调用资源类型','text','invoked_resource_type','varchar',200,NULL,NULL,NULL,NULL,8,1,8,1,0,0,1,0,NULL,'created',0,0,1,'[{\"type\":\"rule\",\"value\":\"[{\\\"ciTypeId\\\":49},{\\\"ciTypeId\\\":48,\\\"parentRs\\\":{\\\"attrId\\\":910,\\\"isReferedFromParent\\\":1}},{\\\"ciTypeId\\\":29,\\\"parentRs\\\":{\\\"attrId\\\":889,\\\"isReferedFromParent\\\":1}},{\\\"ciTypeId\\\":29,\\\"parentRs\\\":{\\\"attrId\\\":483,\\\"isReferedFromParent\\\":1}}]\"}]',0,NULL),(1142,22,'云企业网资产ID','云企业网资产ID','text','cen_asset_id','varchar',200,NULL,NULL,NULL,NULL,15,1,15,1,0,0,1,0,NULL,'created',0,0,0,NULL,0,NULL),(1143,53,'监控唯一名称','监控唯一名称','text','monitor_key_name','varchar',200,NULL,NULL,NULL,NULL,10,1,10,0,1,0,1,0,NULL,'created',0,0,1,'[{\"type\":\"rule\",\"value\":\"[{\\\"ciTypeId\\\":53},{\\\"ciTypeId\\\":35,\\\"parentRs\\\":{\\\"attrId\\\":1004,\\\"isReferedFromParent\\\":1}},{\\\"ciTypeId\\\":35,\\\"parentRs\\\":{\\\"attrId\\\":649,\\\"isReferedFromParent\\\":1}}]\"},{\"type\":\"delimiter\",\"value\":\":\"},{\"type\":\"rule\",\"value\":\"[{\\\"ciTypeId\\\":53},{\\\"ciTypeId\\\":53,\\\"parentRs\\\":{\\\"attrId\\\":1005,\\\"isReferedFromParent\\\":1}}]\"}]',0,NULL),(1144,29,'初始化脚本类型','S3 | LOCAL | USER_PARAM','text','init_script_type','varchar',200,NULL,NULL,NULL,NULL,15,1,15,1,0,0,1,0,NULL,'created',0,0,0,NULL,0,'S3|LOCAL|USER_PARAM'),(1145,29,'初始化脚本','初始化脚本','textArea','init_script','varchar',2000,NULL,NULL,NULL,NULL,16,1,16,1,0,0,1,0,NULL,'created',0,0,0,NULL,0,NULL),(1146,50,'应用日志文件','用于监控获取业务指标数据','text','app_log_files','varchar',200,NULL,NULL,NULL,NULL,23,1,23,1,0,0,1,0,NULL,'created',0,0,0,NULL,0,NULL),(1147,50,'读写权限目录','非部署目录下的需授权读写目录','text','rw_dir','varchar',200,NULL,NULL,NULL,NULL,24,1,24,1,0,0,1,0,NULL,'created',0,0,0,NULL,0,NULL),(1148,50,'读写权限文件','非部署目录下的需授权读写文件','text','rw_file','varchar',200,NULL,NULL,NULL,NULL,25,1,25,1,0,0,1,0,NULL,'created',0,0,0,NULL,0,NULL);
/*!40000 ALTER TABLE `adm_ci_type_attr` ENABLE KEYS */;
UNLOCK TABLES;

--
-- Table structure for table `adm_ci_type_attr_base`
--

DROP TABLE IF EXISTS `adm_ci_type_attr_base`;
/*!40101 SET @saved_cs_client     = @@character_set_client */;
 SET character_set_client = utf8mb4 ;
CREATE TABLE `adm_ci_type_attr_base` (
  `id_adm_ci_type_attr` int(11) NOT NULL AUTO_INCREMENT COMMENT 'id_adm_ci_type_attr',
  `id_adm_ci_type` int(4) NOT NULL COMMENT 'id_adm_ci_type',
  `name` varchar(64) NOT NULL COMMENT 'CI类型属性中文名',
  `description` varchar(255) DEFAULT NULL COMMENT '描述',
  `input_type` varchar(32) NOT NULL COMMENT '输入类型',
  `property_name` varchar(64) NOT NULL COMMENT '属性真实列名',
  `property_type` varchar(32) NOT NULL COMMENT '属性真实类型',
  `length` int(32) DEFAULT '1' COMMENT '长度',
  `reference_id` int(11) DEFAULT NULL COMMENT '引用ID',
  `reference_name` varchar(64) DEFAULT NULL COMMENT '引用命名',
  `reference_type` int(4) DEFAULT NULL COMMENT '引用类型',
  `filter_rule` varchar(1000) DEFAULT NULL,
  `search_seq_no` int(11) DEFAULT NULL COMMENT '搜索条件排序序号',
  `display_type` int(1) DEFAULT NULL COMMENT '展示类型',
  `display_seq_no` int(11) DEFAULT NULL COMMENT '展示排序',
  `edit_is_null` int(1) DEFAULT NULL,
  `edit_is_only` int(1) DEFAULT NULL COMMENT '是否唯一',
  `edit_is_hiden` int(1) DEFAULT NULL COMMENT '是否隐藏',
  `edit_is_editable` int(1) DEFAULT NULL COMMENT '是否可编辑',
  `is_defunct` int(1) DEFAULT '0' COMMENT '是否丢弃',
  `special_logic` varchar(32) DEFAULT NULL COMMENT '特殊逻辑',
  `status` varchar(20) DEFAULT 'notCreated' COMMENT '属性状态',
  `is_system` int(1) DEFAULT NULL COMMENT '是否系统字段',
  `is_access_controlled` int(1) DEFAULT '0' COMMENT '是否权限控制',
  `is_auto` int(1) DEFAULT NULL,
  `auto_fill_rule` varchar(2000) DEFAULT NULL COMMENT '自动填充规则',
  `regular_expression_rule` varchar(200) DEFAULT NULL COMMENT '正则规则',
  `is_refreshable` int(1) DEFAULT NULL,
  PRIMARY KEY (`id_adm_ci_type_attr`)
) ENGINE=InnoDB AUTO_INCREMENT=13 DEFAULT CHARSET=utf8;
/*!40101 SET character_set_client = @saved_cs_client */;

--
-- Dumping data for table `adm_ci_type_attr_base`
--

LOCK TABLES `adm_ci_type_attr_base` WRITE;
/*!40000 ALTER TABLE `adm_ci_type_attr_base` DISABLE KEYS */;
INSERT INTO `adm_ci_type_attr_base` (`id_adm_ci_type_attr`, `id_adm_ci_type`, `name`, `description`, `input_type`, `property_name`, `property_type`, `length`, `reference_id`, `reference_name`, `reference_type`, `filter_rule`, `search_seq_no`, `display_type`, `display_seq_no`, `edit_is_null`, `edit_is_only`, `edit_is_hiden`, `edit_is_editable`, `is_defunct`, `special_logic`, `status`, `is_system`, `is_access_controlled`, `is_auto`, `auto_fill_rule`, `regular_expression_rule`, `is_refreshable`) VALUES (1,1,'全局唯一ID','全局唯一ID','text','guid','varchar',15,NULL,NULL,NULL,NULL,0,0,0,0,1,0,0,0,NULL,'notCreated',1,0,0,NULL,NULL,0),(2,1,'前全局唯一ID','前一版本数据的guid','text','p_guid','varchar',15,NULL,NULL,NULL,NULL,0,0,0,1,0,0,0,0,NULL,'notCreated',1,0,0,NULL,NULL,1),(3,1,'根全局唯一ID','原始数据guid','text','r_guid','varchar',15,NULL,NULL,NULL,NULL,0,0,0,0,0,0,0,0,NULL,'notCreated',1,0,0,NULL,NULL,0),(4,1,'更新用户','更新用户','text','updated_by','varchar',50,NULL,NULL,NULL,NULL,0,0,0,0,0,1,0,0,NULL,'notCreated',1,0,0,NULL,NULL,1),(5,1,'更新日期','更新日期','date','updated_date','datetime',1,NULL,NULL,NULL,NULL,0,0,0,0,0,1,0,0,NULL,'notCreated',1,0,0,NULL,NULL,1),(6,1,'创建用户','创建用户','text','created_by','varchar',50,NULL,NULL,NULL,NULL,0,0,0,0,0,1,0,0,NULL,'notCreated',1,0,0,NULL,NULL,0),(7,1,'创建日期','创建日期','date','created_date','datetime',1,NULL,NULL,NULL,NULL,0,0,0,0,0,1,0,0,NULL,'notCreated',1,0,0,NULL,NULL,0),(8,1,'状态','状态','select','state','int',15,NULL,NULL,NULL,NULL,0,0,0,0,0,0,0,0,NULL,'notCreated',1,0,0,NULL,NULL,0),(9,1,'唯一名称','唯一名称','text','key_name','varchar',1000,NULL,NULL,NULL,NULL,1,1,1,0,1,0,0,0,NULL,'notCreated',1,0,1,NULL,NULL,0),(10,1,'状态编码','状态编码','text','state_code','varchar',50,NULL,NULL,NULL,NULL,2,1,2,0,0,0,0,0,NULL,'notCreated',1,0,1,NULL,NULL,0),(11,1,'确认日期','确认日期','text','fixed_date','varchar',19,NULL,NULL,NULL,NULL,3,1,3,1,0,0,0,0,NULL,'notCreated',1,0,0,NULL,NULL,0),(12,1,'编码','编码','text','code','varchar',1000,NULL,NULL,NULL,NULL,4,1,4,0,0,0,1,0,NULL,'notCreated',1,0,0,NULL,NULL,0);
/*!40000 ALTER TABLE `adm_ci_type_attr_base` ENABLE KEYS */;
UNLOCK TABLES;

--
-- Table structure for table `adm_ci_type_attr_group`
--

DROP TABLE IF EXISTS `adm_ci_type_attr_group`;
/*!40101 SET @saved_cs_client     = @@character_set_client */;
 SET character_set_client = utf8mb4 ;
CREATE TABLE `adm_ci_type_attr_group` (
  `id_adm_ci_type_attr_group` int(11) NOT NULL AUTO_INCREMENT COMMENT 'id_adm_ci_type_attr_group',
  `id_adm_ci_type_attr` int(11) DEFAULT NULL COMMENT 'id_adm_ci_type_attr',
  `id_adm_attr_group` int(11) DEFAULT NULL COMMENT 'id_adm_attr_group',
  PRIMARY KEY (`id_adm_ci_type_attr_group`),
  KEY `fk_adm_ci_type_attr_group_adm_attr_group_1` (`id_adm_attr_group`),
  KEY `fk_adm_ci_type_attr_group_adm_ci_type_attr_1` (`id_adm_ci_type_attr`),
  CONSTRAINT `fk_adm_ci_type_attr_group_adm_attr_group_1` FOREIGN KEY (`id_adm_attr_group`) REFERENCES `adm_attr_group` (`id_adm_attr_group`),
  CONSTRAINT `fk_adm_ci_type_attr_group_adm_ci_type_attr_1` FOREIGN KEY (`id_adm_ci_type_attr`) REFERENCES `adm_ci_type_attr` (`id_adm_ci_type_attr`)
) ENGINE=InnoDB DEFAULT CHARSET=utf8;
/*!40101 SET character_set_client = @saved_cs_client */;

--
-- Dumping data for table `adm_ci_type_attr_group`
--

LOCK TABLES `adm_ci_type_attr_group` WRITE;
/*!40000 ALTER TABLE `adm_ci_type_attr_group` DISABLE KEYS */;
/*!40000 ALTER TABLE `adm_ci_type_attr_group` ENABLE KEYS */;
UNLOCK TABLES;

--
-- Table structure for table `adm_files`
--

DROP TABLE IF EXISTS `adm_files`;
/*!40101 SET @saved_cs_client     = @@character_set_client */;
 SET character_set_client = utf8mb4 ;
CREATE TABLE `adm_files` (
  `id_adm_file` int(11) NOT NULL AUTO_INCREMENT,
  `type` varchar(32) DEFAULT NULL,
  `name` varchar(255) DEFAULT NULL,
  `content` blob,
  PRIMARY KEY (`id_adm_file`)
) ENGINE=InnoDB AUTO_INCREMENT=88 DEFAULT CHARSET=utf8;
/*!40101 SET character_set_client = @saved_cs_client */;

--
-- Dumping data for table `adm_files`
--

LOCK TABLES `adm_files` WRITE;
/*!40000 ALTER TABLE `adm_files` DISABLE KEYS */;
INSERT INTO `adm_files` (`id_adm_file`, `type`, `name`, `content`) VALUES (1,'image/png','img',0x89504E470D0A1A0A0000000D4948445200000080000000800806000000C33E61CB000000017352474200AECE1CE9000017AF494441547801ED3D09941445B291D5E71C301C720978012272082A9EC3A58820DE7F0101B9740514715957976306FD4F9941F0603D70451610105050BFA880A8283003A222A2A0B882222C8833F007988199AE3E2A37B2A59AAAACEA9EEAAEEEE9EAA1EBBD7E9519191119191195199995954DA0165D742D34F606609404703350684300EA5302A578DF0104DE75E5C062720D54D5A2269B6E0AEAA6765C9ED5F008B6E4714A213B428B0E0A041E74DD04EF46C039A38A52DE01D0E082670D2CC6277E8811CB1182980426BAFBC1D346F06B3B4ECA3B003EF933D009FE1EADA1041B0C72F585E5D1D2D536FC947600EF87708914806D144088C13047DC045A919BA03C06DA5A43128BE22CD37849823C3DE36337BF0E7FB70A76E8880D1C8AE97FEB087D961760AC0EFC8C02A56C0F403F03B7580547B0FBCF52598CC0521CDFEF0E8EF5A70AE866C8108FC116C4EDA4C205F832A33F5CC9C1CEA8AC3D555BEB13A12D6F7C667417C004A5F159FBD8D4CFF3214C8400AC51B617BDBF33F2203CBE12271E69BA1532BDA5700BF6565D3104CDC6FAF66320FA81AB1F7C170FFE6678A4AC0360F7DF44A7E1FB704C3FAC0307971DBEF204D425681027AC85FA082D5397C42FE75B0BDDC5125880755D207345A7037484020C605F7165C0A3A4179C90CB6AFA9EB231808D40854659141AA3726D1A3802BC229CCDC3834F7ECBC4295F5C03770502B05E697CA50C28EB581CC6B6B0E14C09AFC974CA3A80DD0D7B7945A1A2337D6B60280F67795C11BC8F8723FE41D21E30168CFF453F8466548297D1C811E32C2C6F2F7AA020FE1218E398B20E80DDE6EFF8047FC3371397815FC4276F800C673D02E62761FE411926DFD132AA984086C7E32E06201F1D8C0D2FD55F124CC065EC96D523C61F23651D20A80A02AFF02A4183D7C5F86079D52A3850B51A8AC4D57018F3D3F9279175FFB8183487A78F5B9E401F9E173ADC2E5C8A5E8075FB9565E82882C70FBD95B09A4AA7B403E04ADE3C54EAB76194D51C03ADDC704F21C217396F84AFC3D09A07536DCC61B3C3587C0F710F325FC757808EA18951789C44E453DA01F0490A503BDC81A3AC6EE41F4E61BB2B3BC39F761CD81FAE3C1E7074B0A33C1F0C082760CF340AE157F165D8431DE36135914F6907600ACAB811F6BE7270D6D8FDE245A8F3EAAFAFCAFBC0A3BBD7C2715FA387ABC78E1D039D73334F8D46BE0361F3F19EC397090ED8C4C36A229FF20EC094F44EE903A3C7FEF005997360069478CFD5D5DB9EAA4B60DADED761CA9E95703280FAA734AB5B8158A88B1C07A04061263FD687638B786B9C7D607BB8F244C271084DFDABDB34D143295B04FCE33A2FE37BB82073C7C1C9E78E9C8A0D3CFCB9D8FFD7A93FBCBD1D63026E8D805415E53BB37029D050EF21F3377AC720741AD69917091FE53BE6724307723D1C8C8497A8B294EF01BA1578472A8DCF14F56B557BF8AC6CD853B8CEBFC0DD1F3EE875E7AA9D4084155A25D28CEE85BE67B5F0F840F09DC4E32B4A1FDEEFA70E5D8668FCED44801EC9323E132AE51D8052493B9613E2DB9827CC566A3DB3A5E3CF98574DBF82E5127D6000A55CCFA0A48C3DCD82D4570F4C6F74FF8F5BE0BDC363E0C79397C33ECF45F0FDC9ABCBD0F0E35C4DE08A64BF0F48E921A0CF229A55B9DF5B8EE3B9CA9189206C28CA73F6E44DD76D9A77013ACC481E8EFDFF9C4D53DD717F35DCEB097A998F885BF9FA884D185D34C53997872723AF525C32043053A7679F3895373EE34704C7137A7C0F5DEA188B53461F5F46808C6ABDFA740CC197C79AF70BBEF11A5A42A4A6931DF335F0240152DA0170997D98466F84946F9C4C3ED5C011B0E72622E2144C47F9D4D96C9B4FB3AAA8C7231A18C62637F0F814E8FE1584047878B2F229EB003DA7D3D6F882A719AF3842C9FB3C4C99F734768DC7A85F54C2589A8274371B527878ACF901CFD10C3DF96C20AC8E956722E852D601FC017F2176FFEA1806A773B4AE634A24457D3D86F8700BC8CB1A1C0AF6CAFFF8FEA581C708385429DD8FD268E493321CCFC7C832216429EB0040A57E3A1A3950FC17B25F07AE026D9CE2F81B460A1E159065A834E0B23954B34AA7C13300A0D43F5807ED44F1DFC84F3AF0A48112B623E8FA02DAC40BDE26360CC9CCB64EB2D1C0C649AE1D329F1E059E7E01896A3E00A182B440C68974670B3FB80A380BDFD74F56E1E14251D6612FE371A70A1E43061BDD915F5DC27ABF64AC7ACEA44DC1E76B6A846D00BDD209CE927579A4C4087EB43871758001CBA9EDD04FE2381C871F1425B10D13C68FA3ABD90BF9FD3FF2384BE62349C254007CF3AFB8B016A9A4B3DBF0D26E519E6B4AEE34F1211C4654E33E72BDF5FA9768C3750F06EB54D4603CD9AD905E4B0362686552A69404813917F8BDDE71586FBE0CAFEE2E8208DD9E147753425F6A76A16BF68A81F10B224D3F9DB2F0B7CEA075D0F81FA3BD9FC74837687CB92C9EF7E0A20DA15D799E8408DB5994CFC323E571463643538E8B429EE3E2620D3C0A00A53ECDE6138C3B02C5936C4BA360A3420DEA1475CB74CC74AD2A3491899B031CF57967A3F17B9990C510E96F05FEBFE2F44AD373113B7DDA10030552515EC693180B68F616628F73E38D05B4990235BAA48E1EF06DC32F7179E780BC83BA8E4EA2B0D8717180EED37CD760177C77D85AE25840684067C58E788A26B9DE88A51A4A84273474B8B25809BE987A8160104969630D4F817CA081C50860BA663A8F915C45161707A034A09D92B16A083E5D841C35FBC3EE2FB85902C7D646C8EB02550B5835403FE16146F39BF21DCFE04AA06633069568AFDCE7E93946F9C87819A57EECFEB5D33F9AEDF8878C83EF082AA3D089A68762D3DFA0CE658626EE9AAE345A5EFD5EA0754F947B73512835A940F28BF35C056A60F4B9456B1FC9F21F7464162329917CD3B0FBD7CCAD314E361C50E94940505634F84BEA322A9072DF12847553C3ABC991C0003EEEC5EEBFBC48313DC500743A72613F43576E819807129DA642262497E97ECD43A45C058F3263BA073851E13D0F8DA27A9BC656DA2E3ECB39334A5982E8F3173DDA63CDD2811FEC78EB9263252B1B0406069EA918DC647A69D9FBD9D29C765DEEBBAFF964B8386B4B88353EFD478A1F23E1F60586F0222536E63967E3537984C79108BD36F7597A210F8F98A7A49DB69C7EAE851987305D329D2A2998CE99EE95B058D2A67B0081083901FCE64A79A17025AFB215B728AE650B277569E9DAB6ECB2BACF5CC8BA389954EE58328413E43CF7F7C07E039BCC82EF2A7261EE6FD361D7C92B631AFB65FEF21D63818938E59E27E7D99DADE4914A2F8B050C7D3F78CD744F1FF053A79247304DC8BF34B028004C97B94F7AD83A806A4862BA8F828D2EAAE91E00175342C60AD5808F65286D20B17CD10393FA3498FDF565753E6AAB347E24D24E758AE1A58BBAD1FC0B4674888467B4AC38CF391FB74768165BB0215DF1B56E7B237CEC128CD1E2117F51BEEB6D2D3C4A888E4E75751F255BD30E10657D1AF4FF5B387CDECD0D5F29CC142AB48EA4C15603B077203DEB2DEBB5E98DDEBB595A5D1A7D8E38E8040CCE38E7A52420F85E37C20D65E8CEE3E1D0B29B8759299F540778F3B5710FF5396BE928029229E35D5AE793D61F2FFD53CC3301D9206C2A89E63F28E7E5BB04F412B6B943CEEBDDD90C057DB0A1A60C0FA7D2C02C04301D03C4DA9645CB279ED3D3357796007E8DF103E0A0DBCAAFFBE1A0D8EA352075D7F905A810C0736523E1C0A84ED9EB7BE6D88FA8824E2643F7FA6FF5620E3568E4EC17629589D1D99D749CCF47DE550D45180BE0CE9E85581C76B81102DEF1B86EAF6E0BF626DE2CA7A5DEFEF1BA499A039CEDFFF7B2BA59659A1EE880D8C6F3F989DBFA0F1FFECCA79CB07B30BF64F1E229CD5A39376FEE92BDFE3C65391B023AD559CFA69DA61CE0B389EEF7F045D13EE4A7E28F43C3C56C8DBF680AD9A4AC574EA3F1B52F90281CFD6242625EE2C8F59ABD6B0C6096A111FAF9F3F35A76ADB3F66A1EF7A8BF71E073FF9D6D758C1F421D36ACF0D03583D69FBFF3C4D5BF8780A7123843C87E73E1687C5164EE0A08748C2616603313495C1081735BBE0C17B08A7998D5F24971807ACE438F38852A7577899A293E7E5BC1F08133F61B51D28F27BAF7C50F3C241EB7B9EBD7A13C2CDAFCE6C9EE8F3016603D8EEAC24EA675EED39EDE2A20667ACDF0DC8A374D6F6A17B41FAFF2B4C9CE27C5019A3AF6DEC2377CD7C9AB4A060E9FFB380F0F971F76EF8C6FBF2CBF69255FDE3AE39BD63C2C96BC449DF7EAF602227995E7E7F7C3681EC6369F6EC87327ECF3734D7D310292E200F5ED258D7879F7555DB88A8755973F1A68F9148F93633F6C5BB830AF390F8F36BFE931528481E08F3A74E7E54EF3A81C184707BD17337AB43AEC920B4A8A03D4B597B9F9668B42BD2F785875F9A123667EE9A36E6EDE8ECB395265C7EA688D9413E21AA9D70B10E9F49EC2EB9EA3CCD9EAF1FCF0FDC25B3CCC8AF9A4388003444DBD01104EC6A2209FE4D43A804DAA130B2F9EA6289F6DE1A2DFF170FC0CA5798FE9E20006F75579FFA29A32069109AD4B9C2FF27456CC6B0C5113421E0FB0331AD5979B9E34B4DCAAA49ABB744A934C5BB9A60DD49FF9BD12CF545A728DD0F6021239DBB66B76D587D0EBF23A6BEF3ADBA58E1771FA7F64D5647C0D9E0297467935217385BF61395F4F43E7819B795875F906BE92BFF2383EEAA243474DDFC5C363CDB3378DB826F035A3AF673F0C635B3C0A6F743C1FE6B7EFDC08DF817D5AD8EAD6960BDB7780251D5AC39F9BE7411DFB51EC106C1B62ADAFA6E992E200BFFBCEDFCC37B473F6860E0B163C6AF8DDFB0BABC7BBDA676F1ECFF3D953D9A514D7DF35C3028F174D5EB23987E5D65F4917B56F07FFD3F84568E8D02C414063E70118D4E4595874713B78E49CB15BA3E19F4CDCE43840A04568778CDC7817A9249765AD5BC956F46458A47BDB63BFBF7FAE7B57268FF31FF1C28F7998D9FCA79DC935FF7BC120C8B09DA89655B6FD18F43D6B5E211E4E35A85A640B2024C501EE19FEF406FC445AF318B5C9DA567FC3B2FEDB96D3019AB57EA5AEDE597CEF73D7E6BCAB599039EE6F2895DA5A3CA2C4359BF6AE81AEE891AF18754C561F763F02E22F103F84A8E31AB3F2464B9F14076042EE16AFD02EB722FCCA9C559D3BBEF3C331B64760CED6D10E6583962E9E70FBE6377BFD7253C379136CE0D3F4145F55F47BFBBE21859A77FA4A1ED1A6031466A13155722878B0BA8E28F2A1243A41060DC033218045139AE5CB9A9273F0B0E7DF5BBB64C0BAEEF556689E64B6A68FBFE9277FCB29E8F656874A3C0A2CD0C05992D5C0FE8FA0BC6810CDF553E5E565BF5D94697A1958C918FF8FE0523CD9EB5A258CA5D1F3B6E3A14EA3E4737DBC6BE14AC91F3C0FB89D1217C5ECEBF908DAB8FB58774F40D27A00A6A83E4356F4F9EE44F7FD4AA529D359B6E3C2F9193BB35B676ECF69603F14D6594BBDE77A777A7B771D73F9AB3E25BDD934EEB8D19B991C71B9A0AF6C7C56079E37F885CB097D31F8D4CC6E70A6A0C7C3AC6871A34FAA03B0687D7BAB8B5A7F51D16F47AC2DFAA5AA6379D1D1215D860E7DEA97587984A393F09FC7F832947919E90D9A6186DC00FBF105D23B3C3E06041A1E1A9C240292EA00ACDDECA9ED79D79A4E6BCBEE79B9CCD744BDBB348262D8127071F91D9BB61CEFD7E2EE7BA6FF100135E622ECEAEB6B8809ECD5C064804E190E579A656219DD0AF7B0DD6A4D0B77FBB0F9E3962C99945F9FEE9B77AE7B67EF56993BB251799A408F75F77B2A3B6D2F0DB41B3778F8CCAD8994139FF6523EDE2092E65F474222E098CFFF23096BC0E110820513967100A61BECC6D9F2697067CDEBF3275F6C2315DD5DF6AA36369032AAA4CC3DA23FEB9B11F7CEFC0C601FA2BDCF48127AE116901DFC92121A7988B80A9E73F5C732C5752A10BC5D010A26115F85C797273B6F2907502AE354B79E90AE5D594FC4B40356122F3CABEC89D0A04E748CF578E6EF44B71DFF6FC40E029EF77F33FE7B592196A9D62FF0E90F60C098784F8DD888C885967580C862D74CA9BB37FC82A77D2EC7DAD4AB7A141A206C2E1EF17EFAE441B4BEE612F068789D805183974440D283C024B6DD50D56E47F04F298F1842562211F8CDE5807C25C88AE9B40354631536BDB3DBE04EECCE2BAA410D1523EE511B85DBACFEF43381D30E10325BF884A32F14111B5C8DB382EFC2639D2A21F01546025738FB43426728D5CA6110211D03185414FE3BC9F7180C76F1AE86BB30081C8CB3831E38EC07771EA1631C47369FE193BFC4D90FDEC6BC5E4460B0A69A4533ED00780618E53E0E66AFC35017B5EF42C3B26DE84B4FFDD8AEFF3A78F02CAD91FFFDD3D16950F726D56C7A08C0A3D98E6965204DF1F00297165EBB2024172A6AC2F87FE892688E95D3D77D743A36ED00421DE75E3C62854D88141775E2A9218FB163E314C07432060D301D325D62B7EA5492339D33DD2B61B1A4E3D255E33E79763C5C6F5E0026240E869AAF7778BC743EBC06D040F8EF33DA53D17090FDA438DF7D43784A6325A66300560D2E864DC60321AF432F55F528BA821B932B8D754A03FAD12491EC4026C743492A83C5CA707DBE732B6E859E1F2B7D9A2E3A0D305D339D4747A58F1D170760AC9B66BA1EC22E7FB57E356968BC34C074CC741D3F7EF1E2847CD8116E3D0A7DA3244AC763A6731C59A75911B25D20E4C50D531CF8D7B3B8F5244E575C82403D597ACEA6D9421934F1BBB49F81E9E1D7242CE02553F004B091CA3AF13CB0D76C4E5AA88459216D175D92D4004AD68F23D5EF498F41E0B804817AF59E12382142EBD5170D0CFF3CEA1806A82A12014F0BDDF877D76E15F00CC8C42D06380374552B9B9876805A6956E38D4A3B80715DD54ACCB403D44AB31A6F54DA018CEBAA5662A61DA0569AD578A3D20E605C57B51233ED00B5D2ACC61B95B095403D11D8BBEDC3BBBDC12F68718F5D2B9F9FB66278B80A77001737D52B337A0CE2071B814BD5FD55EC0861C7D42D54C11298C16D65B8A04B5BB02A1C76F2337E4AFE334B376AE3DC15CFBF85633C235D095B09D4ABB4FC00E4F825FAC797328A5D02A8083DF49A85FDE1106AA748A004CAD57C9FEF74FB51470DB1DAB20456AD629D1E0254EA38F332690738F36CAE6A71DA0154EA38F332351A0384532FC6435F6199222A088759ABE06CAF5FD764B7C8120E606BE0BC2E51EFBB93ADE070F5B3FD12FE32D1F0E766E1F89885A78700B31A4C71FAB403A4B801CD8A9F7600B31A4C71FAB403A4B801CD8A9F7600B31A4C71FAB403A4B801CD8A9F7600B31A4C71FAB403A4B801CD8A9F7600B31A4C71FAB403A4B801CD8AAFBB21A4E734EFE501907291792BB671C16C25217A0A6EDCF6716F282F2708BC8AB5C4EDA46FB6B904DFB0EF2644282ECA736E93AB89E5DEADC07B29A5522E2AA14D9C75E1405D8CD6C844601EEAC2A381C70838B5D1E6671B08C57A5F14AB8C7BCB1C9A79B4D4FB4FDCA3333CC6FAAC47860A6D96E91ABFE26152158D70039EA319872AC517751D361A4696C2258BEA3776DEFFFE1852298BA57A1974ACD43B0F8D7F975C582BEED8E3FC5EE965ED1C194D7B90E69F68FC11D1D0581F970E471BB3A36606CBB2867A809ED37CB97E1A28920B6AD51D77DFE148765551BE13FF08B2FA0B3F1EBD0247912D389084F4533D55EA60D889ADDBFA7C473193381404FAA97473EA34214A498386E43681466481B8B5D4F8ACD94A5B87860074F58EA7B7269ED20E216B3088D8195157562C24F4128C02FB2845C3B67554E623A5F570F18CC08F70FBF2B791E8AC58867D580774E67E4AD998ADE57CC80170ECCF9181F25D20F0FAC67CD752399F2AF7DC27BDA3708391CA01F0F04E4DFBC2B587E1F20F03A5C21BC5539D0BC2D15815DEBD401C827F7DA37200A5AD434380551B90962BB11A483B4062F56B79EE6907B0BC89122B60DA0112AB5FCB734F3B80E54D945801D30E9058FD5A9E7BDA012C6FA2C40A987680C4EAD7F2DCD30E6079132556C0B4032456BF96E79E7600CB9B28B102A61D20B1FAB53CF7B40358DE44891530ED0089D5AFE5B9A71DC0F2264AAC80690748AC7E2DCF5DB12104B8FFFEC36D039436EEFD143DC7F2ADE00414FDDE46FCC973B8C123C0A185CDEAE1E2B6C24629A98B80D844A7A1215B9F760002BB71176C0F25322A7196C727CE52C252364DE027C3B2335C0AAAFFE4C3876106EA6286611E564664B63E758586004285B8FC0D99CCD8727749F8DAB04CD1E01A666A1D44A5AD430E20B4702CC48D8F7BAD2366FC24C12DE1BB9BB5752C31CA91E1321AA3F8A984C76CCC6C2DCB1C7280F5A38887806D2400A9B1634A65211279C71DB047F013B19178FEAED7683D0C97D1305AA334A98147CA988D99AD6579430EC0001BF31D1B9DC47929FE2FDD42FC3E2D7878B18C986A77F604633B16D89CAE2ED8AECDD1CACF68182DE391F2BD01DA92D994D996D958A98BFF0284307D0458B3E9820000000049454E44AE426082),(2,'image/png','img',0x89504E470D0A1A0A0000000D4948445200000080000000800806000000C33E61CB000000017352474200AECE1CE900001A53494441547801ED5D099854C5B53E757B1D9611A288880B0645E21689CF272A330C9B6C2AA2221144E3BE9090A8CF87E010100630E1890F23096034AE312ECF1D8645D90637DC83312A8A8828080A22CB74DFEEBEF5FEEA991EEEADBA3DD3D37D6FCFB473EFF7F577EF395575EAD439A7F653D544DEE349C0938027014F029E043C097812F024E049C0938027014F022D4802ECC75456FE121D188B535783A8838FD30E3FA38D6C106DF93195D1E9B214BC01704E5A64115D06C15C85C2F4E4449A5948C0BD0FF8A1502BFA33EB43117398F74D54D006105D42DD79829E80119CD8A032197DE9D768746010553518B70545285803885552AF04A717A1FC0332D5170AAB3346978686D0E399A6F9B1C72B4803A8AEA42E64D09B50CE418D55100C20AAF9A8777020BDD1D8B43FC6F896FEB2500AC838CD05AFB6CA8782E3B0EAF578DBF6F76831424682EEC7DB5728E57593CF82330034FDA743794364A140E1BB80BB2254446DC343A95BE8602A06EE5C8C7236CB7191FEB8D8121A25E35B22EC2FB442270CFAA5CC33141D653EEA151E481FA4C2D87F500CDF2F606AB836A2D33AE2D4211526DE460D9D87CDB896F85D702D006A747F595198FADD193229DF1CCEFAD33750FE7833AEF6BB2F5A82821C03D994256B54E11900A7C395D2325AA6E04C88B04D38941FA6A5D656C194A4C57C165417206A6C7411B596B5836A5CFF6ADF91B48D6D24435E248AFAA80D686D93E9E503E6AF525174275D81366818CAD50DEF205AAA4D782F0D87683EEB475FE5838F826A01D0D74356AAC2302B38B93E61C536D389B2F245FC503BDA5A5F3AB7C2628BA8776427AD074FF7A0400390CF91507E27BC4FC37B523442EB230BE9B76EE56FA65B500620188711FCCB5C00F18DB5FF5F439069CB9248D038390DE02F3050DC6783771505C50E4850B2CBEA9C2E231846117EFF5BBD88A6A68BE3143EADD09CCAC0713A8C9E576872EA155D4CB3F80A52BAB4482594CFE952390DBA8DE7649CDBB0D8AC421E8FC3580319E585D620B2581DF4669436C34805370AE68BE927D1047D861AD24E2E230AF31E5A88C720E00F11D615FDE979F82EB3899760413A313480FE2D87B909572FA499A07F6B23F3585B34145D834B4FC1198090039AD19B600077662B1314FACF582C1A9B6DFA6CD3816F61B83F35A7072F1B60B4E3D18DEDC0F7AD30583126B03CE13075C1A0F00B0BD221007916DE0321B168253D89F7055970BF36DC8A7AE77B6B98BF45AD22DFD05E995F9F9F7AA6F6256AE308455B96B9A1A47360B02FCA699D800B6F0C80528BD9C0E87F7E7EEFF21D17354A06EBF69424166C997365BE959F64F27B6A6BC76C20B1BF1B128352285B1880E5619A7D5A4BA42C8182340051D66DF14347CFDCF810DDB9E92FF45D4CCCA0D23F7B13C574DF571574CB2795BEA7B65E6B3723489FD8A9907EF42D0C372E938B52D2992589D697623ACBE824398EC1DC9BAEC2E00AEF299BCBDB2476EA5B39E7C945A1A0564DFF59BC8446769AFD66F7566BA3285407F4B53BDFDB5D76C8D26F2FE9F2DAAEB3694FA266CCC888C50314ECBE7C12FB2CDF2587E7D28A3483D285825F18C870845B16BA5096EA50473AC8AD29AB326DCAB750B2C92FBE233682A846F922BD6E14D12BBB86275EF961E4B0AADB58DDAA60E91F171FC3A3EC434EBCAE9CE25B277D2A928DCE26EF5CD240C10BEC0C00CA1F2AE8224C7D347AD42DE58BCCEA6D017ACF889D6E181C1D2D3F06710F077F4195C3CC30C8E8FDAAF290B29397596A6BAC928AC82A08ABD48C45CD5E5435299414A4198FB8F722EE55661C8A6D040274D28A5B43CAA292359EB310F81083D7E57897654499D1B6B046270BC7D6928AE82390FF2999A483AC75C4FB12E55CAF69EC89551303AFA54B575733CC11CA2AF49E09CE17241289867DEDCC09EBFD6662BF3EE7A7741A3FCA20BD044669A18581D28316442D10F287A645E3FA187417A1FDE15C8BC75805E0E1FB71EE7F89C12B16AB467CBBA7DDEB6DB4EFBBD69B23A3EF7C3E3A970DACD9E740CB25968BBBD79BA636B05632184B70C22AE8EF4AA645D7F918BB666579F07539BD3208EC353D7A5B9CF35790A183CA97B3CD1EE64CFF15C46869B950FBBF6FDD3668BBB2F7D2AD6C13A2CF937344F9CEEB3D533F55C6BB0D6306F2ED251F7CB4EAA96DE328C6ED1B5418CAF3F0573A35353DCC9527A14BA153A15B9996C500106132F6CC5033B8052F276A2A18B5188AE76394FC35FE58E5388601B5FD13D202331963CA1C3C9130A6DBA77017BB2FDEEEACF99BFF4823D77D4133373E480F6F29A737760F7C09ADD8752C445DC3436858D140FADC592EA053E836A96313E13A4597CC889E8708534C61CDEEB34F45BC37FACFA314C6B8F6808233215EBE8D09A790BB4DA89A4FACBA95CC88F556F02E22FADCA1FF1C4DF461228BDDF1F6B47CC7487A080650BEE1B9B1E1C1343FDC9F36B8983D76CEF894A4AE6B33498E01FACDE0074613D1F96932DE441A5BA031BE8E735FDA5A96266D1DDAC779CE63800433D0FCD791ACF960ECA3AAF2E05A09AB80DC1F9CC512FA0D6845AC6EE4898468057A29095C42C412FC6C99349AFC4FAB26863F91F16698917633F4D0DE8C4BF7CD582264707622947D0DE21C21C7E3069F079D57BD3C917D973480A8A1FF0E910E9623A26F7DD6F793E0989563D91E392CDFF059B378EBEA88AE2EFD327A20135ED64C603BD1FCCD8201A18BDBFFC09ECE2C9D1119B27A6278D17EAC7B5FCCA0A1B20DE3305383CBBC9918B9C4F5F3582F9993D8A13F2CC63B96304E1D6B753E492BFB1B0F33CEAFB3444802ECED438E0D8E6C0ECA17EC54EBB1112888F0E0A97BD0AF278AFCC18C1D3BFDED827350DBB6D711A8FDE009565133BE90439C85454B0BE52B3B7B18DA2C7436A71A6A42776D0E0862EACDDE96E90B9D0BDD6BC696E85960CAB2F95013592B7FF22226E693CDE331D0FC2B0F5FB66C3CFB5A41A741D41AF30C391886D5A364BA7EA18C771AD6B93E581E60A395DDD3E958FF6AA7F34AD1AB191C6BE52938F5163A17BAD7B8A1F54921536F30F5C69A4981C529B8A9DF65337917CE9865E147F0043E1F682C6FBECEA179984A6CB6493775C413DC6783770E85E65F268679CD32B72B9AD0A5D0A9923774AF614E7DBA1C408CFF43C13521226EE897D9CDFDB5CEF673FFFA585D79398BA0CF9DAAC4E1BCFBD6F531758AA944CC0E218C0BCA1E28A7D65C6AFEE57C6C750ADD6B68FE3AC99135CDA7F419729C7CC1C9BE99F34BE5FCB8C61FAF51A61CD230ECEB15F81B9A8FCF9498DC987CCD7C1E50F00E20B67D1A3F03466C1DC533F4C45A202F834F3B9D0ADD6BD85CEF20974FF3259AC4555AE643C0A533E3A518B9FF540EF33730F797E39BE1957D581C059F6CC6896FAC3174F9707BEC6A19EF048C4527A5F94757F4AE79F3CA897CD2D1B0D529742FBA802239918F87AA655C93C1B6833FF6B1DDBA766378EC7B5BF03118FF07721A4646F988D9AA4CE47859C0CAFC1F86EDCAE8DF8E375B9D42F7752B8176899A1A27E6FE1092323AD7329CFBD7C7FF14C60C2CBD4E92E3A015E8B4B53AFA6B199F0BDCB7021B39C48F576830F6A282CB33A2591B40448F5D807ECA32F7175BB97ECA7CEE5F9F3CAB26869EC5E8F84D250E67E307DFCD8B157C96089D624AF30F52DBFADD16782B4B928E256BD606607075EE8F71D3B2E5E5EC2BA724A0699AB2438681E7817B77E937399507867A8A016011AB52B4424EE5912D9D666B0035CD262B930B069F8A07655C2EF0AADB02CB30185B25D380666E142B7732BEB1B0184F60FAD7474E878598BCF5FF72DE66B8D91A408C6CE6FE8CEDF2770E3E632E8023DF3E9FD20AA0CF2ED60DFDD65CE9633CD1571E68A3DB8987FDC1A5B9D276227D7233C80942D9D0E06BA86D6C2F1DC70D3A1435A213DED518987D8DF5FACDFDDE3230F747DD343D180F643DF73791513EAB26065E81D7CC22D0B7DC3C029EC6964CE7B3739CAA29CD3F677C0D1C5572DE1D550A920522EF060097A8304EBF5E8A139DC3A3BBA82F846C718B811160E04FF48F138EA237760DA597765C4CEBF6D4ECD6FA34DF03599431A324CCCFCA71E5DC60D4D6FD568769122E1F11EBE8633322621309E5510C00CD6EB368FE05BB79EB0230BDD27036EEF248358E451B341F4A1E242BDF2CBF03035B69C841F7D1EC6EFD69C6D1E7D2B1ADDFD9589F73A3396D36DFAB2704DF45BAA7E4B406B1ABC55E848CCF042EBD232ADCEA8E50E206DCD9FD53F2C900911703E055D41E173B2C013FF7A37A1F96015F9628A7162FA57BBA9D7944F2A4AF25C459001749FE5E6C315BA8721E4824F429165CA6405CADFDE8DE3E5F3D3E94D743A9F5B1EBBA01E078F3D1D11FE80DD4F6FEF531D26018C3EABF417370B842F8D6BBC2F7CA89A18FC0879D7FC1256533A21979E49ACB61903AFDC3B0A6C9177FCC3CBA22C85406A2E6A3AFAF84F28F49E1E4373ADC7DA815EFE0BD10EFE578AF97E3986128FF6AB4267798714E7EFB7CC1DBB1441C33D3C4BA800FEED5D3CCB886BE7BCDE4ED31DA57775AC9D76CFA7F5106D70C008AF24577274FF01E9D46586BB1A43B3CD49E0E8217EC2938FD7A36DEFDC41D7FE1201D09C626C21876DAA58541DDA22FA6317661B9E2564E601BB14172AF4C0743C30B4A67EA3D647C5A38A10F1286630E179EC96DDAFA579A714DFDED9A01A0A9BE1C46D04F2E2094AA63AA77ADB8F40077F63ECBCE2065E3890DA04D38E33333544C5DD12AA8378280286EFBBC5B5C1621D37702E62C548156C0CA17660746824FCF943ECAA98CFE31FE79B93EF7F54C693B19CF150310E7DCD1D7DD2E332A948F3A3108EECF0BE4303B9895D0CED0601A0E83F9AB1C8E56A05D9493CD028E1CB3F1B098F7E3E2A97B94949C0F861BF9990A5E424CC12E3F508324344E5B349FD17F8A37570C20BA9D7E056B3F349549EA0DA58D2D1A442B5270266FB40046284CD723EE6A253EA7B17C59E6B7852BE9EB41047DC13F6021EA07254A8D1BB9823623964F8FF714FB09669CF8F6FBF3E3FC21E75B1FEC8A0140F9E72B99327A0DCDBE5293957836081CA78A6B7E1A8B1604CB44FB1F7431215DB7696AF747C9FA4BF8CC6384345B260023EE5D3A2D76968C37C39C1B679BE19A6FF6FECAF16CB38A6F5A8CE30680953E7110BFB75C2C34A98A37AE1CA73E3879152C536FF682450CAB2F5D2E616DDB06EFC2C0ED3B990627A342C65960A61A2504DDACA67F297E1D3780B84E27A166FA531988379AF13D219BEB5ACD7132F9D63452368240FB1799A4CD260E066C3FE040AF32E5C49EC1A9BD2BA2C3ED6896FD811F86E65FB9E583F9B46635FD4BF1EEB801E0166EBBBE7F1D1B42D154A6D9BE3180541D286CC61AD9D2B74BD7B155682E8C6C8B1C86E5C2A9B5833D4B90A1ABCE1FA215E933C1AFB8655B123611E0B801A08F54BC8CD1FC2B02CCA6BC41BF4A07F9B5E28BC831EF1D99AF276F62D55878549B7CCE4F583E5DBF588E6F309BD53F4ECDC2F943E655C08E1B000680F0BB971E869BB99D7812144A4326E7D6250DDD24FAB80E817BD10A6C94E360A9F7F6B215FBAF9F1147AD507E65ED03526E96CDBF288FE30620F6F36541013EDC06D768542C6A4387E1824507BA97FA9859702D8BE174EE14250EA7AEF1576357A4F0F1CDF1326C66B74AC1E22D3697B8165C62C635A76FCB60CD09C65053362B74381D8F7B723B26FFBC4109CC1C81E5D87EA86196075343353F4B0C67808EDD028F6CFD581F8F01E0CF5AFB76D169C595F48BE215D429B461CE492FB271A4F14E062F2ADE163D8CBE8D77A21D7A27FA74DFC9F4CEEEBEEFDD77732FDB256D6738CB8D8AE3061008D2FBD838D90145D52DD342675A349AFCAB9739D9B28B9985F8AF00A5CF05BDE5D9D26C4CBA274630FEE2DF472F3B50DBF2B393DAAE261F8BA7928BEEED7861981AAE013C24B431F91397BD95B67F1A7F08F0FB53E62EA44FB032FA74284877E55A0952993AF576BE0BC0A20D84A1F47990CF04AC11B4C99671BD922E028D9FCBE9B1DBF2AC8C731AC696F620DCEEF56EFF768F8EEB51BCDCACFC8CB202DFC7C080C74775FA147426E722878C326C4424C70D40E48D71C0A3363C748CECCB6C0F404ECB5FA623B1E0F327190F78937F30ADB1C13B8212DBD9D8D45A0857B14A285099DB373613D0688369F214C8E153F1BF018D4DEF467C570C009B3D62D0B3DA86E18B51F0D91044C6F962ADFF08741F8BD0AA7490E9F9921E3C64F5E0912365098BBFA5C576F65AF06A7114CD929C9CAC23109530AEDFC801F9863356446319F3F9E9BF312044EB677D80B811CDE022E129640D5121F4F9174662F42694709C1C8AC1DFFBF81FE08765BC1330FEA9A32F6AFDEBC8372D8F28DB1EFCFE0FADDD75F80DF505A807DEDD61DA7D20D4D108BB13BFCFD2F10339E0DA24BA1B15621EDE284ED33C8E0F0253C51077DC4181E528A8B2878E020FC499980F21E82721AC670C1FBD0D27902D58402ED2F7E0465223E93E360AFFF2744A8A9EF90DC1EE82C846E28D9EC1D9A7F60FA99F068F07D85186A636E0372958444FA7B975FCE3DA747FC7FBBF60EC62697C127E17DAD1837CAE85738B5828BBDD2EDC6D9C6B06201887C3C70C78029F804F65F40E8104801F050D8E12776847EA06D52265FA07C24FA096FD323C8852824E1FB9912149E7D5DDF8B3491BE5235F1DE42684BAD03DECF8E47746D4E1CFF04F441CA12FA1D38C38FD150A17F2B03CC86F322ACBBF20AFA72C0179005CEB0252BCE3CF192E454D9D97827379D7D6FC73A0FCC5B9D04997167DFE235086DAECE3CE5E1FA3BE70579BDD18E59BF3112D62E8003A036578DE8C17DFC813C707E9417407DDE430B761D70D40ECE5C3D7EF7A14FC06FCF6665B20A45D87BF87ED095A95D9D2A82F9D98EA4109EA800FCAC7B5AD3D0343E895FAD26712C67AD16EE1E184B8CAD8052D83F0A252761E33A19B4B1CD70D20C51C14F717FCB1F3D150E43CFC326CF093A9BF8260AE84E07AC027E0A3143D27DF503CAE51257800591FD1ECA38F3CDFC96B5B517603FF647A35CAF4BA35B7644B301C7F6A7D868C7713CE9B018842A035D82A5A83908F3A43E45741182F40109BCD0681EF3D10FCBF31A29E8B1A3F20DC918E2A1A42F703EFCA744FF08541D8281881DD3C7F8213355FE4617EC4DE05AE813F1FE5DC6DC68BEF783CBFAD80AB8340B970291857A06FC3F77DB53FD1076AF81FDF83B07C5A2D9AC954BC7CBD31EBB84CCE0BCAD9807FEAB05B7C92A366058BFF00C0C06F16CA3E55225052BD0446EFF865D1522EB5605E5B007B16921E4386308A2651BE706163362E6C98EAE19F3A2C0744D2F19F2D3EE883CFA11863480FA6C8D6AB5DA57027C16661004E16A8B1B4F47D3404B5504C49EB1ED10D05B1C8538770E90346BF17CE32CAD40FFC0C73294B856C8B3700D440D581836889DB3E06759AB071748551F48297533AE797BAA44E7CB47803C0F4EB7045900E38B02A34D3204207D30AF3205844034FBE08535DEBD290C809DDE20D00D2539C5881FB3227A93622B11867A0C9FF464E82A3EA767CC9D172863D03B0F12AD67CB66E6D390B3B2D01A6E687B38F9E01A4159893018C8A647210BEF560A81CC16998ABF9611D44E1CBE96C053DAF05B07159471FDCC90D61A7A38931C021721836C9C40EA1EB4F8B3700389A7E2D4B59B339DC22C77118569A7BAC05287C399C67925C8B3700ACF829828651B876DC4C56A2D801C420B08D8C0FB6F55A005926AEC09873BF6B43386F2B71E88495451F74091BC5DD08367C398E6AF12D0016829E93A58A1AD95578F2C8783760EC435C604357E1C9268E23A8166F00F0C2F910DDC07A599A30824932CE6918CDFF00D03C4DA68BFB453C039085E22A8C431B327D18C085C28D4BC63B05833E2E11537D1080DB1E0E519553F93444A7C5B7004240217162071B40B2B0923E7CB8CF58C63B01E3A0CB0418410F9916F89829BCA864BC5BB0670090AC38AE05C1FF8F2C64AC079C804B2E859FA0A3728A2EA661A05D21E727067FA12368AE8C771376B4606E32EA36ED6098EE441ECA9A3C947F2E0E703CE0D4EE5C52F9063D9AEC02A442612C529EADD3A9442A63D033805A51A1D915AE6863F0B3733D1B13215A897B09B35E21140A8707D0448CFA9FC1378E8E2ACF6318903EAA605D467806601230DCBE97611076A309B5FF9353CF68823EC6F4B09C2FB155E0FEB8D29718ED23DDDB38E832DDAEE623CFB7C2EDE94A29595EC026F109CC4BC9B2CC044EAB7F82C28E471F7DAD4C02B8B6A8C1D3229C7E83384F4171CF25F7F36D5CC710DE4D2CF288793ED29DA61E92ABA50EA7D8B09F86319B1B53E5FCDD803D03B0912A9AE2EBC5712DD4D6C9B63596D3C150EA0D50EA0DD16D14C7E9A76F600C5F03AEC6404E6CEC1C8A746D1A3CB8266ABE50FE59EA72B40D5BAEA03C03B0112B9408FDD2EDE2B816DE0F026865132D8982A2850C3B23456781009CE9F358B81D5DD954353FC5A437064849C2E65D7B56AF070CE2199BE0AC5062AA875BD22FC1ADA9A39A5AF9A2009E0134A0460C0C3FC1B8E07CBF9FC425D1D9AFD061850F4E1E37858EA4639B62B49FAE985E17904E32123E30905E05AA541CDA107EFB68EA8725BD77E1C02945AD03456D07F09C58DB17CBBBF95CE1AB63A2810FCF001A10901C5C7B62E72EE0EF128B43C27B5738700A1F3EE1C6253C79B096B025D81A7F7F97A72D5D99C7C6C09E0134465A52DCDAB3031B8116BF827CBC314041AACD39A63D03704E960549C9338082549B734CC30030A6959EB8C3DB9F12790F6C0209E831BBD90A33B026C177C8FC18146B2FE33CB8C025E08F897F72B13C42F7A205D86EC102C03F5E7495711E5CD812B0D729DBAEC1075EBD7787F3BE855D5C8F7B4502363A15BAD718672BE4C8DC609795CCE0CAD5AC723C0F2E0C09085D0A9DCADC0ADD6BDC672C9103D009B4A2847E8B8AF730052981A42EAD7F6421CA2174AFAD9918FE046BD64BE5826157F3B725D363FD64BC07179604840E852E65AE85CE85EE93EB00F88FE3597204D84790B8B1B0747AE4E673E6ABD6A3C6F730CD4902426742774287495D4ACCA5748E7D8B9AA7645AF461FC1DCA2529D8F2AEF923E5CFE0F410B5E03DA0794A8025EF17EA8AE99CED1D033891F248D5A4D018C17CDD6610F707C751227A3A94AC4E016B089DD03C4BEB71A548006D7EDA0757D8731F745DFB24BB00F1BD6602DBA951A80FFA86CF5381DEFBC72501A15BA163A1EB54C9EA0C40205697B32F7DC1106EB466793B9C9862C47BBB2B01A153A15BA163734E75630033527CF7AE889C631013AED1B8451B7FDAEA3D052701285D1C7259AC119FBFAA3CFC825D01D21A402AF2E0BB7971645FECA898611CEE3398E546CD541CEFDDBC2490D0782CA0695F865B053E177F80DDBCB8F3B8F124E049C0938027014F029E043C097812F024E049C0938027812694C0FF0393FD38578A7B0DC40000000049454E44AE426082),(3,'image/png','img',0x89504E470D0A1A0A0000000D49484452000000800000007D08060000006A326B0C000000017352474200AECE1CE900001BD2494441547801ED5D099414D5D5BEAF7ABAAA0701714370891809207A625C4FD499015C585DE2028824468C2108C4844581991EB6E9611350E14440633046212E7FFE9844080675981935D1A08946B66034C91F418842C2D6553D5DEFFF5E4FD74C7775554FF55E3D439DD3A7EADDF7EA2DF7DD7EF77EF72DC5A8835E372DE65DBE68D2A612E7DF625C5A767E77EF8F1FFF1E0B753476B08ED6E0F16BB877C7BED078CEF4399CD36946FB19A3DD9C58654395FC22638C1BF4F67EEF3002C03967150BB4D1B8D712A72FDB762C637F644C9AD950E57DD5364D3B8AE81002505613BA8E91BE8413BFD869DF6144D8C43CD2ACFA59F27B4EDF29C674ED5A00CA166A97B2B0BE1843FDB569750E540118B48E71B9BABE9A7D9C561E2E7FA95D0AC03535FCBC106901F4DE681879596823D388D82AE6F1D63654B2FD2EEFD394AA9705E6A4545E4E135F5BCB4FD7B8EA8731F73D74BC3795C218B1BD50113D92BEC3D821A886874A6579F92B0FB02349D3164964BB100001E90E6ADA3498EEF8F1CEC9788F8E7E8F18DBC6B93E36361DE8359CB1BFC256980F95D12B362EE199D167808EF3DA037494121A57440401E9CA03DAE40321F5239DF89CA49DCFE86F1263DFACF7CB976274F89B55331BFDF2CF7AF451FA3289A6E29FF16FAB34111AA7D339E98F6DDFAF6E2B0BA82305C2B04DEBF288A21400C1F0F25AF58E6DFBD51DF827AF8CC5F3667E63C8DE4F8C7ED0FF34A55FBD5F79B62D8CFFC228A63554F91EEE7CA2721ED22E80EE3F6ACED308A3DCDE10A6E7CB6BB5B7CB6B43E9199A466605BA179D000CA80D5D5F11D0B6729DAF4F86E731A41F16C3FA495EE5BC46BF6F45AA5EBE8DF7B3FF36F895AA12453E8F245A83BC9A6CFB88F3CBB81EDE5C1E08FEB662A1E6186ADAE697C788923C9695515106A40BEBE1E4FF34C64212F127BC4C9EFF6A15FB2CA342F172DD836C2F6E13CA160497339D2DC0E8739B5D9E181186F0301F5C1E508B063ABA5E005A205D98C38B87C1DCEE12EE5B4E2F9478E4AABA596CB75DB274E98D95BE5D78F776D81C5740FF2F4659032DF3827A82313A9693361223D56A2E79036E868EAE150001E95452AB35AE8D8F40BA24DE79E8F957B987CD689C256FB5EC942C121BFCF2DBC86ED080DAE0B0B0CE1612F18BACB3E7B2CEF9FDA46BE360AFB8163ABACE061090AEA2469DABE9DA6ED26952323C0FBDFC9E449E210D7EDF75F9E8FCD88EDE52E5DB789D5FBE8498741704F093D8B8B867CEBBC05E997F54553F2AAFD1EE13C8252EBEC001D70840CA904E626305A4ABAFF6BE52281ECE654C4F073A56D4AAA3DC021D0B2E008211C0D26352867455CABAB6205DBE0423163A4AC46A512F5B2FA1808EBACE9F730B742CA80018900EC3FCBA36211D63F3D38574F91204011DEBAB15BF47967B170B742C8811582848972F4188838E61560B7872BB5DD906742CAB51D753895CDD388B597A29EDDECF949E570118B890F70E87314B17E6D0816D433A99CB95AF55B38F326D64A1DE8F42C79151E8B808A3DC20CBBA34BB92EFA426EDF67C43C7BC088001E99AC2514867C98566623E215D926A64352A0A1DAF49093A06D4A59E93E4E57593D8E1AC56C694594E6D80628174269EE42C981274E47C5ED301757759409B984BE898130118F93C978179BFEF7896CE05902E67BD6ECA380E3A329AD2D6AC2371FD4762D63157D031AB026040BA3DBBD4ED7097AE809E6F59756BE203A6E4693F23E9FEC82C9D8B209DB99EB90A47A0A3DFF78898750433028EA063407B27DBB38E5913808A9AD060314BE704D2012BCF1390AEA15A5E99EA2C5DAE3AA450F90AE8D8E857AA0574C49F6275D25947E29746671D37656BD6316323D080743ACFEF2C5DA13A2C57E546A1E37D154B82CB49C5AC6372E8381848EAFA6C40C7B405201548073DF7BC97CB55C50CE972D5F1E67CEB1FF4FD15B49103166A9787B1A2D909742CAF0DAE21A6D4A433EB98B200A403E91AF2304B676664B187B7CC92DF411BAEC19E86A144FAA264B38E5CA7EF13D3EEC63A8494A1A36301B81AB37452489B8E59BAA9A818165EDACFCF8A593A187833EBFD859BA829760130EADF58EDFD2D8CEB4DD8D53416F6550D0CEB5E465CDC5DCC3A1209E83811D0717EFFD3BC4F38B1AF1C0B801452DF45E1BDE30A3507B0F0126BE8FCF555F2CFDD325163AE623186A3BC7C06F0FAF9BDBBD489F8EF55A1B34FB56C0B16AC62C410D0F166C40FB14C13434C0105B09362DE333FEE33201D2CDAF5C73BDFCC9EEC8453838EEC1427A53A1E012C33C3FA3BE2ECB193656FF5AF66B0430D96898E13B3CD01011D07BECEE7E96F69AA1E66D58CB89C6E19298C00164588DD378C4F3CD0A4D60E7E8877B748719C94030E942F080D687A437B4F0FF39A4C3A5F542D33011039400884157A2CA87D042B74DEB015BCAB201FBFB2CF81EB17F333C48A631E0ED781EF1766A384CC05205A0BB12B07D6EAECC3FFC1DAB740F0871004251B153C9E0791980CAAA80D4E3B16D2B011868FC9264FB2260046A584750AB4F0F0A1FFA8BBE01AFEF65CCEB35E86515647B80BDFFFF67DDA9F759D96E25FDFC5B2CD199C689251E7249BC04045BFA473FDA9CD01EDFD8A05C19B2C2B7E9C68CB81818BF95970F53E277CFF185DCFB74D486C2B31CFBDF6F1C9633212008F47FE9AC4E831CC6625395C895FA087E9A5F21AF5CD8A40A82279758EC78AA9F4B25A754618C33D0CAC51F61C615FE0289BFBB034FD8A12AE6FB34F973C26230128C1946EBDDF37893C723F8C06EB2108B6EE4148F1959830DA0223E637D828F1D5E4D5EA98B1624675EF2EED03D2F922E8FA13ACB9800D6A8C9E503C721FAC345A3D174BD3ADD339A366E6078896115DC878E7C05A6D4998F842D800F05F5B5F68D808780B8763447896913CBBBD1EBD62DD7A6BEA758BF8978221ED619DC2B726F1B0E3FFC5DEF6109B54E757FE689D53EAD4AC0880516C5D95FC273C0F133895EB98C0E0FCEB465CDCBD79FFDC3739D34663266B75A9AC0470E2C6BEB8341D202090D2A143DA74747E2586FB4E764D8EAC1A92706055A5F7C96C7B59B32A0046031A2ABD5BF07C65F902F51BD8DE558B7F7D7F232EEE2E7C083CE2431807D5B0BC73577999F072C5A5C952806F2005DB86853D72C62FF64FBBE47053373AC173900E86BAD3E74D3DA9543A72EEE6DFD1F9F275B40343ACAD2ACB52750886F1F0C3FF551F4549BDEDF3C4702FF1355C52AA30CA1E6055F629D38D817039BBD041FF4647C6F9977D5EA5DBE699EC3FC9728051E3D9B33384FD73FA3C74F6D9C9D246249D516DE7AECA2A08829A2CAD9338FE3A75D38ED108F4E6CD60F450DCAD61547C66FF8200FC0AA45F2AE7501DBB80704054F6AE8A1A7E2E760E3F029B282932C28CEA5BAC844D72724CDDC080F6F526AEBF155F4BB6B5B15AB92C9E9618CAC8084CCC2E9182098C7063B5BC169DFA15EC04988621ECF3C454CD147450567C08FCB7D433B8811E578FD13E9DD33310BC910E3B5F54E44CA4BF0FBF4DEA27B457DD400F42907C7675764A1FB896FB60DDCF41E76F6BA3F3F731491A877D8F573BE97CA7E5DBA5CBB90018058B7F344EEA10C3FC9761CD245D048977D2F2216098EF7A6C0305D4308E7DE5F45DFC32DA890BA1390902B438788CFE7AEC651A87FCD2E2D78040F0C6F0BFD46DB0EEE7A2F32D85097F8C30CE265A8951B50F8EAB7D2ADBBADEE807F33DAD06993349252C74BC580429B3C8D12B3F823064C587A06DA24B839CB661A81773E5B606552A756D49CBE92C3CFF04A3CAEB180DACE7E15B12B73E88C32D80765E0E73FA1584E7DCD69884A7068C8E97E06CA2FBDB52A9096F6648C88911E8A44ED1E35B26972DE4CBB125AA060C1803D4606993081F02173E841A7543899755BE3E53FE736C19EA46BA436FA29F80561A4B4F7866F4050A7807BF4F019EF740D71F84C07487C09C81FBD9085F818E4A36875101B5F28EFA32DDA48CA00F12F28F12462EE7A57B8E6A9538ACF201D84DB6F9A11E7B39931E145BCCEDF2CA35BD600260342CEA43183B6891B624D4440B2104C38C38F31D82301C6986891931E3F85674FE1CF8C9E79AD31A6130F90084EB69CC48BCE453A8810D22DBC39E782375D10ED1500CFBB7E2BDDB210C09FC01AD17F27B33B89146FB86D106A31CE33E20A0DEB2E7A8FA3004EA1C0896E5D5BCF49BADEC7CA2776EAE508F65C116C484065AA4C90B29FAAF1EEED08730163E84513F7D6A6AA3AE2F1F645541FC9B83E884954A575AC8CA21040E2E56468790EC05F14307CF855F13CBB3E956F3AB1082CE887B41DB4065F2708A1C268D43A4FAC027B732CCF96073FAB830A3BA92129A8CF67E18472F50C0350260B4DFA90FE1AB9DEBBCB79DBAC2BAF389B62A0ADDC6AEA5BF1BF9A67AC7BF7B27DEB90D46E53510A4E7F01CA7FB859D11267A69CBF3370EA8DAF5E2780AD3548C50C956E67C0A7B67BA5832976A5D72993EEF46A0D3C634542ABFECD147C69C81740FDEF947EC7BA7CB9FD09C73C790C7EAE83E46CF29275179269D1F5B56E9707A0DB6FFE5185112753EEC866EECD3ED1ED266C29367DDF9307231E43F5472B2D2D76D9D2FDAE95A011095337C085D4E54FA40EFB6F810269E359DBA967C2192C45DE8A427D06177B0ABE8585C448681D261F40954C9D58C48B8BAE3AE3E9DB62A379DF6781CAD25C0687389445F6DA8561ECCF536EF9632537C70B500186D89F5210C3EF5D9A7AEEAF61B23AAE57E20DCFD2F4A779C2A96A34BD8074A0909EFDD67E622C6F658409DA4560F3604F19F18EE47C1EF717D5DA582695DF75E45210006FB84C5FCC097BED3C7081BF783E1EE6ACF2EFB06B1CB28894FC1489DFE9D0DA17F620AFC368C047153B027967C4EA37A2C43C64CC370BFB05451CEC7702F8C49D75F452500B0CC8780A35799B9BAFBE8C54B01EFEC4FF736BF9041D83B9CDE80003C6DCE6254F747C265A7BC741586FBCA62FA9640510900A057C20A190CB7EF978DDE34DBDC21B90CCB25341BE50663CBF04AAA675EAF51FD6269C5F05C340200EC2D61DCBDC1CC5408C57C7446DC906C4E93EDB05005304A9F34E70B68F80D33CDEDE1A21180A68D7425F078F7588662283E2A9F94E88D8B4D93AB6774F68B16790F15EB0E2CE8AE25158F00582D3363F44AB6219FD39EF20D2531811387458587302825DA284EF32C44BAA2110030E79C040661CE3E81962702D40E963FD2E684E2C2D42B81E66242D10800187E46021F3DF449022D8F04A8A0BF9B8BC332F99E669A9BC34523006062026351F93D05652EA34FCDE563423B5150CD895C142E1E01E08902E02DA1BD85E42546A5C4F239F528649D522DBB680400FFACC3E6C6A944279869F90C037B26940F74607B547C3EEBE6B4ACA21100185C09C3AD2754D8E156E216E55BD4D3696714225DD1080086DB0401D00BAC6FF16F4FD0F756F52C44C73A2DB3680400234082C18783292E75DAD05CA4830024940FCF6482A0E6A2EC6CE5593402001B60AB45A3C5495805B9F82B740660E065E6C2F5127AD74C7373B86804008BE97F0D86C7F9FCE179EB8B19C2BE8560B0DA4437A37C54A9F5C2F0FF7EE910FAB895E2FEA7A21100369CF61FD2BB592DCB9A906F36473A9ED37873B9FFBB6FD229031684AE34D3DD1C2E0A01A808F0B3715AC6B3EBF6CCB82881999C261EDB44E726D07348D036D29DD0FF5F3317F1BBCFC79E190E87DF1475157536C7BB31EC6A01C0D17327600FC03C9DB49D58747927184CC7F478E88D8E90B1D2BF365FCC15B37D2833602E6FFB91CB69D7D14BA2647EA7A8B3A8BB688339AD9BC2AE1400ECA6C1B704B56FE16B9B3BF13C1B9B45223B7E0E3675A7173F9B62C5BF3158A37F975544B6691AA7D55001BDCCF9FEF8D305F124D459D45DB441B445B4293E813B42AE1300A1432B6AB5DFE353294F03FA9D6966D3F3108003D8D36FBE601D3E0E21F8BA999ECD70F0659A8A72EE36E7F9DEA14187DE3F546E263787451BD016D12637DA07AE1100A133C5962FA143F16FB9C29A9B442AEFFCF91FFE3B629D391EFF4A456CD4807EBEDC1C978D303688DC837C1E32E785BFB5D6AFF33B5749244D4EBAF51D6D126D136D74937D50700188D5F3E8F8316606B784C5060B263DE23941EE7DCB5D6BC7829EB8A1122B86B0AFAF1EFB05EDF369C9D0D90304CB837FFE728C464F42F727F00BB40927DF70F82FF5D5F28F44DD441D93ED78166D74937D90D020676CC93C95D089567ADE2A67FCB35E26895F8853B1A6D44D6107451A1FA3EF0285FFDE9C1E1DE6C366D175D8CABD065BB9339A99834AB918F9BC864EB6343CB09F7F79E9085A6BD441D44DD451D435526723C27C77917D501001684BCFB7F28B7DD8FC7978E586E857385BA2E017507DA5740B84E09F2DC4980708C2786CE5DE8DA17B1E2C77DBAF97C5BCD2F2A8E2AC20BCF72CF4BDF03E56B444C43CC0E9B351194A0FC6905A1E455D1BFCCA0DA2EED82B60BF09D405F6415E37870ADD872352164317261DA2852E659CCD39BDAF77B5D81ED6C259D303F602ECE5AFD29541957E89213AC12D0B2110106CB64AE44787BE097DFD9287E8AD260F7DEA93713EC0200A8A534554B18A87E1FC229DAE433E37EB1AF51345E19F6F7961D5CF5AF91C9A0021B0AD9B78517CDA1E67245DF4D9CED004CE38CE488A3F63C9C81C74C33E588FA3F366D4FB99A5501BE9B379770C4D60BCA4754894A8ACD0F3C754ED4130F40103D25936A279232574A9779E31D45BA63311F99B541A3C88032238DD618A4A1A44070685CA489A282612CC0AC30A78003B871F8E213B7A1CF830EF163E129A831DC493C003FBA36B183B86721E2A55E4254E3798B8F690A84CF5BC23CE2211C366506C0A1D03C6FD10BF888DE0E4DD943A9FD12EE4392C9DCE177571AB7D90331B00E7025F950CCFB77610FBD02379060B9D69D6F3AD699C3DF946D0A38A87CEC33F7B197E18F9B3727D86BC262AA57401F2FF5DA6391AF68168B353FB40F032D372EDDECFBA0088634F05D6C5B9C06F08DD6657700433336952CFBEF2455BAABC1933D628870DA52F7CC3693A0E88E88B8E5B82DF4E23CEE91DA3880E9BE00D58F9537D9DA837F25B95EC6819A7F9C6A6136D166D27F020C28BD8C89867C143C14BC153C1DB98A8AC3C66CD088CE8F9A03623D8A44DCF859E4FB5B5D1032266E0BD19EA261875E1C8F4ED9570C89E7124DCB5AF4F3AD2D503A2A6FBE88B504F7CFA88FED153FEF80DE8F857150953CF4328E747D7460DDCC7601FAC6BCB3E80208C016FBF8183B29696FAE4C54EED83B6F896B100083D8F8F1A7C133EEF85280C6E4FFB22B175FA375CE2D370FA87D0A779BB9421B40385895FE42AAFD93F1FF65CB5CF73848E85BB4468A8DB4FB1B3777634495E6F5183770ACE195A85D30297C1504CD80319A990F01F105583D7F7C08732ABA1CAFB0C468F241C6FBB1919A98050B8E90A7C15E40F767EFBD6E2A37ABE5AB931533DDF9A67664FE2CC47A3F333CB297B6F47EC03F0C8B17D00DE676A1F642400613DFC0AA4D5D6F70E5DFA6FA1E3B2ADE7B3C77277E614671F081EDA5C82F7C23EC01EB5793649DA2467AC022C4B4813CF5BE6D5418929DA074014E95D59178042E9F9F49AEFFEB71CDB076936258B0220F4BC34259B902ECD36B5CBD7A2B6D38D036A43D787751D9E487E41361A9A910D202A003D1FE652C9CAE37A3E1BDDD1761EB1F601B87FA8ED3792A7C8580080413C4C6FFAFEDE9DDA33E5B5BC67F2E28EC76683037B776B7D712ACE688C02CD1836834C1D0B80447C1CBC6AB6B354B048EFE0BAB6A33CA04D165F09C9A04EC75FB5E1C08D6B78273882166047D49F308F61394DDDFC2AFB730963936DB289233B16802D7EDFAFC5F9775814B30C869ECD89DBBC2BE7FA4A7CFAECED010B355B78185783E301471C8093E88683FBD50FF1479B65379B887E390C9D3C0DEAF8D23ABF9CB058C6AAA0948CC0A8FB717AC522F5A7D4C4B03A965B4E52807E49B8897E8F6F083FA69428FE7C7F04C1AAA1C54A136B2874AE3D024BEBD6E42E3FF60B8F2CFFA06E06FBBF54DAEA780488CDB47EA6F2417D955C866FDB7C178648DC4149ADE9E0F4E534590DA93BF0A1C894E6E95BF3E8B84F035FE7256581204E20D7B643D7271C596F70066AF963C94323F081A8DB52ED7C91475A02205E143E687CDBE6C725A53266DDD85320580A28883DB8CED7633478559CA92FDE3D7E25E700BE997075F80D6D2BE655966134B5D958D27C2C6D8F4ECA05F595BE0DC973B48F4D4905586553379D0957E538ACF3FB4938ACAFB2C3A7180DAEC157F0DEAFA851174967C98BEAC6B1A0557E1D993664393FF9E85175113EBA792FF43C10B6CD253E3A21D17DD938883AED11C05CB52D95DE86FEDDE58B25C666617C386A8E176148B3A2139F832F687D20BE936B95A6A3D230A9F6EDA347C44E28AC76B6EFFC7D92247D1BA7900FCA46E70B5E674D0044668F7F8F85EAFDCA227C11AC3F54C2AF05CDEA42237BE33BB99B0069D67774DF01BEAEDA1FEA718BCEF5A7A02E4FB5E25744BD327A9C4A947EB0BD9EB64C93263163156055EE6B7EF677D06F6AFE742C5F810E3FDB2A9DF01D90AE0D87EFA0AA471FEFAA642B80ADDE2F669AC0F407F7697E607A2CA049F67D43607A6213F0C16847B02E559E64750430172E3EFB227C073012971EF71DB472275798BEB504E74F391901628B8FFA0E1E80EFE0697CCE611586B9AB63E38D67C37750561B5CE5F32855EDD17710C1F4A43D0A4C7F8B2564329841EC175E26DF8F91F45F2DA41C3DE4740488AD73C477E057CA85EF0023C2E7B171ADCFF8BA9F4E9384EFA02CA08E69A517F793C0F415B5C169114CCFF92D76AD89C5F4F9E87C518FBC098028CCF01D787C72BFB67C07B084D7C138DA5CECBE03B1642BDCA8BD8BFD8A4B93627AC616648AE9058F53BD72AE02AC2A9482EFE0DA62F51D18985E27607AB1E6D8EECA22A6B72B22193DAF2380B92286EF802436B33DF90E0A85E9CDFC75122EA800880A0ADF416395B2D8B1EF20A0FEDCADBE8342637A271D6E4E53101560AE8408C7FA0E78983F0A92E52E18E8D1D1C4B561E5359ABF475FEF636EF01D084C7F60BF560D4C3F2D29A667EC4FC0F4F7E50AD35BF1B52D5AC14700730585EFA0934FE9DFA6EF80F4156E587760607A18AD33F1B3DEF5CBD821B1CDAC671FF932A7F3F466BEE42AEC9A1120B681C5E03B708AE921C8FFE325F907AF55E51ED3C7F2D0E9B3EB4680D88A1BBE031CC0742F1899D477106C12C7B1E5DE77E014D36365CEDF3C120DC7AEE7DBF385E96379E7F4D9D502201A818EE73880E9C9A8EF606D6462C4AA759C4ECFB5EF20154CDFB39372E1962ADF46ABAABA89E64A1560C5A0A8EFE01EAC3B58DBC6BA8388EF00DBA9177BCE94176663DD4114D32F06A6FF8E9B31BD15DFDAA2B97E043037C0A9EF0068617636D61D94D76A7747E7E9932DD2D8873D907765739EDEDCEE5C858B4E000423F2E13B30303D56E7AC4D3A4F2FD11A314FDFE8977F96AB4ECA65BE45A302AC98D0E23B08A838BB9FAF401A47BE036C62B1CA2E424B05D3C38339A1B152F9836D66451061EFA32E82CAC756317A42C91CD0A660A189AD60C3A8C4173DD8BBD8BF706FECFB58AF50C33DFC6DA6D34A2C60E9151B17F72C303DE3737A7C4559E10627545CDDD208B41B0130DA3EB056BD30ACF3D576EB0E9AD38915CCA6091AC676004544CE0734F232DF5B307D1EE6E9CD65E72ADCEE0440300AEA800D0884EEC1E18C8BF17C4AC6CC13989ED1E4628075A9B6B55D0A80C184814BF9A9E1A0B6047FF7BB211569B49569B0921F3AFD04B9F685A9EC98916F7BBAA7C194E26BFEC040A8AC89EBAB313638DF53CFE8F512894DCCD6F26BB772AD43088060FEF835DCBB7DBF3605061E0C45DE294987084C3FBD58615D92765946751801305A7F4D809F13E2DA0A20859B0C5AF31DF6BFC49F204999D5388B1D888F6BBFA10E27004657C255DCEA3BC03C7D33A6978B1AD31B6D4BE5FEFFBBE92462E0CAE7890000000049454E44AE426082),(4,'image/png','img',0x89504E470D0A1A0A0000000D4948445200000080000000800806000000C33E61CB000000017352474200AECE1CE900001582494441547801ED5D0B9814C5B53ED533D33D8B3C7C211A4C088A0F34E6FABA82BAB3BC55506322A2F8DD5CE526312A46108902FB503E7707C118F11AD0ABC618231A44C4040524B0B0EEAE3CEE4DF2251AD4EB5B545051C0C863BA67A62B7FCDEE0C33DD353BBDCBEC4ECF6CF7F7CD74D7A9D3F538E754D5A953A7AA1965B942E1E8284EF11F30935510A36F70CE8FC882EA815D4801C6D897C4691B57782323DFF34D55817A59319915386C4EF45C336ECEE7C48758E3BC70F1528011DBACF894692F570636A6D722430042B5C68D44FC0130DF9F8EE43D9706052004312236A5A9467D2859A3940094D71993899B0B9311DEBD7429C048999C14828400B476FB8D5ECB2F5DA6A7D74CF404180E2AC47090E8EA5BC77C49B7CF762A8CE633A66C668AFF6D3F23333D21EFD99D14887152B8193B81737388C9691A86F5C3D34B2A1ABAE03960435942DB37E36BD311C43363D4484C9BD854C5B65BE3BC70F1502014E6C770537F06250E594BCD14DF6885F1F8E5D608B07FA7C77C3B558A11221A3053B4AB123CB554404CF315CE994D3244B7EFB57C0BB58A38287829786AAD82B0F1289CA8BF35C2E4CA262BCC0B173705841E67AB010C7C8A554110487EBFFF1D1BB207286A0A0825DE5A0161DD8500D82F4FDBB7D3A4D821D9782A158062AFAC577EE714F004C039AD4A12D313809264ABF34A7902E09C562589E9094049B2D579A53C01704EAB92C4F404A024D9EABC529E0038A75549627A0250926C755E294F009CD3AA24313D012849B63AAF942700CE695592989E0094245B9D57CA1300E7B42A494C4F004A92ADCE2BE50980735A9524A6270025C956E795F204C039AD4A12D313809264ABF34A7902E09C562589E9094049B2D579A524FB0189F458745AA84EFFA7F3643C4CB753003CED2D2BA35400B0A9F01619B2072B660A600B90E4F286000951BA13C81380EEC46D495D3D019010A53B81A43A004E987A0623C6DEEE448852AF2B8E8239047B01B14D3CF3920A80E6576F5F3B936DCD44F542C54C81D173F9B72251DD2600DE1050CC5CCD43D93D01C803118B39094F008A997B7928BB27007920623127E1094031732F0F65F704200F442CE6243C012866EEE5A1EC9E00E48188C59C84D41054CC15CA55F6E18FF320FF347A1A8FF3E338A380C067383B952BCAC73D82FED756DF8A4332BBD1D5AD0420143626C53FD1E7704EC72478DCBA429AB8C5E3B46FAF1929AF35169E725460D623D7B3687790836E23001575FA55A6693EDE1653D11104716EE2F4D7BFD07B02EF86B6704B25AEDBE80038357B9663A671F6D30BEFCB3C61DBF1BB4586D82D0460C27DBC0C7C39CD316F7080F2FEBDB1B31DE3173162B71802B6EB24BA769BB063D97B039648E3F880C219E8FE45B79FBA18330F49054AF8C1469452ABEB6CE8F73E1E3B5956AFC302EA45CD35C10AC4D9CED135895554CCD59DF71AB20C8A0056B23D40F9DDC6594A9CAEA90FEB5743EBEFDB5E5E08C7581EA55BCAEB22EF61A2B8C40F2799862AF56FED4DC7EDF845230023EBF80083E9B3F02DBC4BE0DD621067AF9405D5E97FBA8D7D9E2432BA737C01C598089C2A8A99A7E6FABECD3F7B021317FEB2A3723A0E1833639CCF0CD5EA9B998FDFD558195C99CC73F87AEE8F6D30AA604BB812D684C339634D3E45996FFD3C5B12DF6DF7A21802C4676D0C6EFC156CBA1EDCEA8F163D1063F60FF7E9FAC6E1F3F8B182A8C3EA229756848DBF81094F8361A73A20F4B6869BD81E8187CFE3BCEA001F59F321669C5694D7E9FF27CAF4D3877920F68AB18C4C8E91869F02413A1AF94FC0F7781A2BC291A94ED22C348EEB056058383A02DDF10B606AC6878F128443EB8C478D7A3064599CD37230E1BBCE08CA0CC5C76E4EE23252EF8422F846329CF3CEF9D91CDF597A7D87F12A187EA9151F82E2374DBA1F4230DD1AE7B6B0AB052034277ABE2998CF13D33829EDC0F41311FF0369641A30C160468F11293FF26BEA80C64A6D5932BAB19A7D34AA5AFD0EF994A1F8B2C6CD981DFC16F836C530899FBA732E552E93F110827B2B6A8D9B926137DE5DAB0388AE3D6618CBD1F23B3C1D43D7FE017485277D7EF5770DB3589B5F41998D791F18243EAB92FAB4CAF0B0713AC6FEAB2060D700FE8D8E30D064FC57182EDEC1B77B5777E4FDCE7EC7B53D402C6A3C28EDF689B661D06ED34E0FC6BFAF3065D2A82AEDF8A61AED8E5CCCCF4664A1F537576BB37AF5D18E5348F91994CF8FB3E10A38F2FDC8160FC514A68627262CE1AA2DCE0500570A8030C342AB1E2BA1CF3695B40A30E26A74D3717B3C3348613307F7D54E6AAC569F686DD576B47642564D617A638DBAD077AC7602F2BD47963704EE81324D1B8CA49B6CC973EAF7E9DBFA181BDC0500570AC0FEA8D14F285256FA80C84BD7D5B0779BAAB5E7D0DAAEC9E80918FB4720C0CE69AED2E675D64A5EC37FB108F29EE123560E1DE1B544F918C3CC8FDD03819B8A29E95E1F63B6CFB3093C662A89D98AB54E850EBB520054AE6E03812356E240219C120A476E13F0C62AED697C08E94CA6B04A62CA35A7F455CF5C3F53FDBBF59DCE083754AB9BA0349EEE57D8698CA9FD8550887CF00DE61066238B6479A29CEFC9E08586B1F2DA48C218925E9060401B50E89D4115B5FA6C93F89DE9E54A3D2BCAF5CD55EA23A9B00B1E5A76DE18E815B87D1F3EA386E6EAE0884216B37567D087D632B8B20710853CF928358CAE7585B5C08930E7F77F6F1EEF258D2B10D088199829D8998FA1EA038534318B70E5E55A0110E378CFDEEA788CF376FB3BEC02BBC970D5986A3292CE4C20000B849DC195DC47A15C2B0082607BBF4ACCBD4FB2120F447D5F3947CD6DA8B1BED889618DD4DF42D5B31DAB835960CD05BFE0477562D60795B4AB058033E30EB915904D6B18C1620755F33CBF5C5FC53EC31434A1A0A6270D4B659F7D11E3D674989B9E5D2B00C21208EDF43F6CC462EC7968DD7FB4C15D0068AA0C3C4A50F86C456134B9FC6E7E980DEE02806DAEED8232258A1037A268353CE1B67DA04C58C421352FAB6CFB57D25D60961F2D403761E1C3C31BFE0B68238617DBACE840FE6D3F4169E5A1B03E1509885549D8AB5A2FCE7BB1B821169FEE4A82DC7277650F30F601AEC110F4631B91182DCA9742054BE30C2C2FCFC282CD6CDC7F1D8BD12B9195F491BE8AEEE41BA8CC96B743405395F62AD2C6EAA5F5E23FC170704028ACD1050ABB5200BEDE23CCA69629155A175AE92F3A994EFD85404476D11BD195747E47F3E23E36C7FA2E7C18BE39221C1D6285173AEC4A0160261B6F250C56541A1B2AB537ADF04E0A0FC042C3DAC82AFA5E47D26FAE54B1A2C8B658DF8595F04A2BACD061D70980E826D15A2484579EEB4A62A10C4168034B8C97E8CC0EE5ABD0B3B6F798F97D1BACC000D72881A3E6F023A226F5187E77ECDBE8FE0FCFA00BBAFF0005520E1C19711D0D28F4283C00FC1895831898BF0B869F614D0A300D2E604BA1139CCACEA3FDD6F8B6C2011F2D457D66A7E320BD8115F3F4C18198BA33316D4C8F2CD073C10520546B5CC79939538FEBC725682059E48540BCB7AE9A7D924F1A05C7D2CFD2D38BACA031D0DEE14F4847A6C3011BA8EF26E1D5736F3A3CD7F3FA99DA16B8AAEDC26C2063FA671AFC759D740AD546BEC022D6A2C17D03B777D6EA65AE328AF8820E017097FA3127F31174B52DCCCF5662CEFE922D2A5FF0E0C5B426A8D259981A6EB3A60921B89DAFA70E34169EB5DC48F348E17A0EBFC2A7ACF97565B86002000F199F49E61D4E2A8BB97956423A79DF290E1B435B4110BBD50EFB0A22112A779A4E0ACF89E0C28B78D8DDC6BFA7DEE9E2878209C0F6776900EAFAAD5CF54D78DF28F4622EBC7CC56BE3E819A4F5BFB6F44CBAD006CB01F0F9144716CBB8C92FC89154A745174C007C664C0840AE6B2B14B46B9B2AB5D77321E6335E61645F8666F4EDF6E6213687085F42BC97DABC224B0386A341327857C03A30AEE5AD58B6BCD1DADF6AAC5253AED6C2B4DADEDC7833F58A7C6D996F63AC29BB981E779A169676B75A0DC228493FA7EFA7E3095F4284178A4D2402FEE60E6386C9796D3A0E9E1371165897046D4CE8925CDBC8A4234CCF486E3F145B9876336008F095F4221B473BAC70595881D50EEB0399173BB8C3B3939A3EBEC4624B3A33A3AE0DB94D00FAC1E70FEEE02D1727F6E12165EAA3ED39B7078ADC5798D2ED46D77168321D71D789AEC0EDA17458B667BC2B33FE6CCF86DF167C5498F78B72E33AEC0F68716031A569B79544A7C6154C00B0E8666B8D62ED1C5DEF8D076ACC69EF3EFD3AB87F9DB17C06FBFA00BCED2718775E423A1333B03885F91A5A2134FD0CB825B07F350DA418D99432A409F36EFB2E61DCD24DFD2F284BFFE49082452E7B22FCC006577B64E7420AA604F6F607DECD70EBCE564F4EC7EF8C46DB6542C5B4F1F7D6E440F6C322515A2C74046B5C320C4B1DF3C5E9D7C0ED9184893BD2E3C1A044314C47923C47E351B153B9BF242A13A438DB9C9AF9527E42051300D1A2A1E12F72520DECDA3AD7095E1247BB28B11C6B6FB19CCE8D7C45AFC117606412377987A1E7C8E84BB4060B36B638E03CC746D0A7495CA777AC6AE42C37846BFBD1650131F52CC855B02120515B45C59ABC3118E6D2A16DD69EB3B3DA8CB7448A166BACA29B7130148E80B159F00640F0D6424FA8C77D1DBAF6DD68A52747F663C8E064F3DD1369F9FCB4C09285A3207A9236CB8DB477288A6FFCB3B7B276AD3338CADC2152C1F70508E78F3D5FC786E38C8673C02C74BDBC2F1891E10C223689F4ECA31E2AB66839AC57020D2DFD4748EBB1F6BC23C305A3DED2CA68587B7A01F8E1F789448D9DA84F662FABD0426C58DD857C5ED514755D7D25FB529667BE61D9F60514B607402D5B99BA1A8FE247973ECC7BECDE614C8242E813617141710AB63889B4CF2258368E7E032F9FC390C03D688D998C6849DAD13F04F3447D3FD5F3D534825DD8B651279920F6095C62633EB17DC79CA04E7DF64AD9BEC6E49B5D7BEF30513AAB982F5CCFF6614868B6A62F7312B1E2C8C2C171F44B2CF05C829FE39626BA7D6B5A108253F438ADE56BE9086B9C2C8C0426D8E08CEADDC47C513ED709400BD1ECCE1F20E865A277B011D5010042B02A18A0E3813A17E37EDBD34946CD30054F871044AD4943084ED30D5AC39BD0ABB47125CE25E4B2B50366771269239DAE8872A50004189C3FAC6660ACABEFFE3C9AA11BB48740C2400473F02C8D515F08C1A560F0BDE81516E3BE12E1C7C0F4192C402762D808A963693EE013F1B3ED3D80109C0153F36AD814FA64CBFF33C3182486ADCC786604FD81E599B0C2870AAE04662341A82E520F628FCC8867F4A1FF7C6D50576D0AD157D25528C353E87D52FA48AA3C8C36067BD385ACDCDEA3889E6AD70EE3E374671028B28B7158C5D5A9F7BBF8219B12E8CA1E20411BE6BBC746234E03E2CDD1344BA10D23AF00B134CC149A841EC26EBF6FB129AC8062788835D3163D46110EA05B454F869EA45E55D45BAC786E08BB56001267EA483686C2B812C69981B9AD6B79A2AE369616A107F80998889BED0AE9317A41B68FA0B926B016A7900EE8D55B2D6BAA0E8E768B0FA0B506AE15005150B4BEB0B5C0E8567B1964484FE1B0E1E60990584A6674A34C08201523E033F847AC366AB2ECDA6BBB90A5D19930570B001C41966279788384005754D4F16F4AE09D068213E9C3487C8A2C03E8096374A2657C0BA9B27837C35C2D00E5732297A085D9FDE5B077C017D03B34253C1866603AB900FAC074591A108271FA07B484FFB970CE1DB272E582B956004275C63930FE2C45976FF3964157DCB87E46F0FF7355AE33E2E13D7C9FA2C83F3E0161BD4CFF9C9EEE980771679436779AAE1480D938E21DF3E887610E968CAB6C8B2FA88D4F564D4CB9C46EA264B82BEE500CE7C26E70A72C2FF404576061E949DCED5347D90B0586B952009AE7D1B168F9A75B69237C0671CCEBE8869FB32F84B305DCAB5EC47C7B0F0E89DE218E64ED4A41C014516C2FB72BA9A2D070463156DADDD2ACF57143D895021031758B152D45AACDEB6FA3CF86CFE7871A71630D187E3104057B09F911F0FB5C80BDF9ABBB728A08AB61358623BBBD02C585E1601216A2C6A64AEED207570A407365F02D10F67D2BCDC0E8FFAC08EB0FC6F7182F6188B0EDE543CB1B03FFBB7F9487F5191D5D37B0E6992B0CC57006CA7ABF0C0F9EC4B65E4C86574858C19783B3569E31713ED093D6788CAD37883E36DB05C13814CD6FEEEECFF55B2AEA22BF0C30EDC98331C2881E25C6A3179162F6F4736DA96C8F2284601A1C4C54946A727AB9141FD95635D3E3DDF0ECDAB500411CAC073CD4C2F08E930A7A431CF2B21AB6F8E514E01B46CE50B7CC6E39195C9AA8F0DF7F7367F43B3C2E0E883027C04D30248619818CB4BEF2F9D4B365874FA39C0C5E4895E8FAA7223F7C888AEA3063107B025C71655B0B70B500CCC66CA0BECE7802ADFA8759A9D8B26A180193CAB2E2A445082622B8DC17546F15CA64320AD3CE1B90C6242876A763A891CC3E9298CA7F37D7B8D3AE9F2CA1EC9E4D005CA903242B205AEAD127A993D0F6962461D63B5AF61445E5FF06C6ADB5C6C9C2606E1FA14BC423FAA2647CCB0CC27C088236A46DE60BF3B45974D6BE643D6577570B8028B0F0A069AA5627E2B0E53BD0071F70D2C033BEEE7123E21634DE1E7C1B67F18EF129BE9110888DB28ADA616C74F20C7F939962D348CE0BBD87EE23C5556714E72C740E04D70B80283F08CF71FA562DF9D47E1084ABF1BD9FF1382EEE7830FF7FD2EBF77255603DD6DCCF53C8370A6FFD0EEFED4D8F4F7F464BF7E9EFB72CE040687AA7C7599F11BF1B85F88DDF4F6795DAA7E3DC3B0BB07201E1E659096FDAC592A80C50634D601D00EB7044EBE4886E7C1FDAF91830FCDA0CA41C0130FD6D58181AE134F787A307A97F424F64E478A528A38B4A00DA4B61F10107BCF3144EE95C4931DD2600BBA2D16BF19DC1084EEAB0397A0A17B197AB83CFB737CF62C32F69014832C38FF3BE627B92A1037730FE57D94C0AA6922DE6C0FBA5F054143AC0C112BA619A18C3E9B3F6A483959CAE3A93B03DC5CA3B6EB7108016AA65F9F88484A430EDBEB37E965A90E56649713A15D46D04A087A64E8126BF29173561C1FB14C7BE5F26661EB9704B215EAA03C4B85B378C749CE44221C44CE03C2C1D5F0EFFCE91F83CFC40AC2924EA0FA683D96C1BFC77FFDCE7A8C0E309AFDE8E67E5CA37B3F1145F45675F8230195A30376327A0161FB8B2260751A8D656FD1C9210BF6E75B5F234A3CE82F742D7DD96014500DAF1102BCC0B173705A43C05EF15385F355AAB867DF5D342617E8C15EE858B9302829782A7D6D20BDEC3DEE193183B705833D7177B42602559F185050FB9A93F837E3DF3006E5445F01EFA0FD6DD6BF54D6225CC5E3DB6131232DFE4CA26BFDFFF0EBED489E56EEF723B0584C2178BC50629CC1CDAD2F265CC679BB16E3234A1052B3E659A19371B21049659013F1C09D412C52916C3CFED35F7CA974101F04E7A619D2326782E2213760071A42976304E95627BC012A4009B22782E2A9632043557AB0FC2DBE126211D255863AF4AA04082B7E071538D9A3A3033250082424208D035540071B347B1D2A280E0A9E06DA2A1A7552DA104A685538FA1707414E3F1CBE10F19C25082EDD876452285EC3DB890026C2798FB89F0A5C14ECA65D86E5F2F2BE4BF0095624E95A2E1B88B0000000049454E44AE426082),(5,'image/png','img',0x89504E470D0A1A0A0000000D4948445200000080000000800806000000C33E61CB000000017352474200AECE1CE900000924494441547801ED5D6B6C1455143E7776D95D20C64830366A109F89C148D468541E52158442A2F803C52889311862A2024185029A08222A46893126EA0F341221BE31B454B168ABF84463A2FE004DD060D4201840E8CCB6DDEB775BBBD99DBD0B7DECEC99D939F3A39D7BEFCC9C73BEEF9B3377EECE9D21625CF4A77412A379310D041C2E14F40EAAF30ED3D71D4DF428970F6297487180A09BE8548F6887D634CED8578A9ECC34D0431CBEC4DD66D505A0B7D128AF9B5A35D1F842F02182672182458575B21E3C02551580FE904EF6B2F411C8BFCC1F1A04D0E93874796A3A7DEF6F9372700854AD0F603A7C6E965ACA90DFA534CD15F28323BADC91AB9201740B8D74BB691B699AE877040EE49443B7A767D0EBFE3629078F40E01940EFA4E15E17BD5F8E7C47D19D427EF04497B3106806406F3F8DDEFE16F4F6A7F91DC0355FA3FEEEE133E9657F9B94AB8740601940FF48294FD35B36F27BC2D374AF905F3DA2CB590A2403609027E975D01B20FF269B615CF3176766D033B636A9AB2E0215CF00203DE11EA38DE5C8C7ADDE3221BFBA241FCF5A450500D21DB78936C0E01C9B5174F81E41876FADAD4DEA7810A8980040BECA36D34B08E3766B288AD6A41B64DCDF8A0D6365C5FA0038F35F800816D862418FFF690CF32EB1B5491D2F02151180BB95D66384EF3E5B2820FF39906F6DB36D2F75D54560C897009CF94F1D87FC1771CDBFBFBA2189B58120901CC8C6FE6DF15BFE6AA47D6B6A87B236A466D00233E0E3DF4FCAE14160D019C06BA295A076B93514451B530D7497906F4527549583EA0380FC07739A9EB04502D2DF40DA9F8BFFDDB676A90B1702031600AEF90B91F6ADA37838D8B6B4A2F978D0AC36C94F53274DA18310772E5C340EDE9B0109C06DA67B748E9E1FBCB9E8EF09F2BBD0A9F913C07DA315BD9751B4454DA783518DACDF02E868C6355DD34B66C027AAC106E13704711498ACCB8CA075AA9EFE0DC24690C7EC1799FA233ACBF3680F021D16A433913EB6A27D8904DD94BA817645298E7EDD05A8EBE857287D1ED4529BD7F64A30A6E9CC5C17B57BCD34BB1287ABD631FA9501FA9C4170B7A20FF01AAE8189BE3AF95F8C004E14D749D01464822F8B5BC2591A90004C08C713010EF6433A81A77F46D3DFE10C77885E6529E91EA13A47D3E5BA9B6EC38970A3F5888AFEC80CA78BD127083D0E03168009F884225074AD6AA0FD56706AA8B2B399AEEACAD1268434C61F1632C17AFC06B2D05F1FB6F2A00460821011F452A9B7D369E8207F8E6C707621B900369BCED005A6FF54581FB6F57E75026D4E63B46F93799C1B8196740C01C645781EB0D54C01B3ED5B4B75EA7AFA0BD7FCD97E1C80412A9BA5B9618F75D002308189087AE935135A90F25FF1938DE1727B1FC1BF2163794802307E8B087AD9431628110006CEAED0DF847BEC64C8021011F40A2099A29DB80C14FD4680CB804307A8AE778B70FEAD8800440498E25E8FDF0854E96D5F672E26021011F49CE1980855BC202BA48B6BC255AA5806E80B4BFA047D4844E37FC50560C2161144837CE365200230073E91085CA2B7CD76B2F0221098004C58E544807BE64309458B794317EB06814005600CF84560C8C714B1A97862F86BD32E0B2F02810BC084D727023C4B7440C8E725DC6FBD2A02E8134186E81C39F3FD14F096AB260013267E223ECC1BAE58F723505501F88D4B991F0111003F07AC1E880058E1E7372E02E0E780D50311002BFCFCC64500FC1CB07A200260859FDFB808809F03560F4400ACF0F31B1701F073C0EA810880157E7EE322007E0E583D1001B0C2CF6F5C04C0CF01AB07220056F8F98D8B00F83960F54004C00A3FBF7111003F07AC1E880058E1E7372E02E0E780D50311002BFCFCC64500FC1CB07A200260859FDFB808809F03560F4400ACF0F31B1701F073C0EA810880157E7EE322007E0E583D1001B0C2CF6F5C04C0CF01AB07220056F8F98D8B00F83960F560485F0E65F53C84C6F16EE04EB8952D72CD297E7D6C519B1404014140101004040141401010040401414010100404014140101004040141401010040481E011C0378DCA2F331FD7A71CA1CEB14E973A3947DD23E49BE1E5B10A550BBEE5EA50E2582EA90F9D44C3F66E5DA6FE29E79F550093D77837E333F1CBB5D69796DB51EAA3838052EA5B7CE6F7B1B6C674C9677A8A0430659D1EDDED7A9BB5A66BA3139E78DA5F04F0B596D644267DCBC74B54FEB3F679015CBF568FF1BABC4F40FED8FE1E50B68B1E0210C1DE74327DCDF6A5EA37E37D8F00A63DA5471E73B39F11E9F1D10B493C1E3802EAFB1199D4840F1E50477B1E08E9F0B20F97255F990E84DE05E5ECC1030FF81CAE2C6147009FB055C8E4E7E3FCBE8CB43EA5D45F3D1E27FC4AD42F55539FD0A7BBD9EC2FE0169FF4295894EA04E9AB1257A71EFFB85E7515B4C86A441098B24327BB776697410C2B218461856E43236E26953A37E9767A73705A17938F2DF1B0E01D6DCBD39B0B7792F56821F0FF89BB6AF26A6F373E6BBEA9D07B73C21BEECD43A1B30A1B7AD6957AA76D85905F824B442B0C9738E3DFB5B83FCBE9BD56143721F597DC2F166F21A5C821E0D05B7E9F0DF7C800AACEDF904CD077FE3A29471B013BA7AA0E02D0297F68094A1DF1D74939DA08D839D529D3079025C6088800624CBE095D042002883902310F5F32800820E608C43C7CC9002280982310F3F025038800628E40CCC3970C2002883902310F5F32800820E608C43C7CC9002280982310F3F025038800628E40CCC3774861BA876F7135C91B447D9844BD68E514DC3B9830B0DF1F9CCA7917FAEBA41C6D04AC9C827B075387F795849653134AEAA422DA08583835DC9B4E60AB3F325C13EE9FFCA48BB965B2D40202864BC3A92596562741AA64C2001E151F91CBAAB7EBD77AE32C3B49558410301C1A2E0DA77EB70DF73DD3C327AD765B304B649A7F03A4080F3BBEAA94F30569F533D205A698C912760440123AF7FA3CAD735762E2CF3CBCE925EDF719B3BF5ADA5764A6F7F6F61DB548E5E82B6C38B270C3FF779C8F03CD37F5C27E213A215FCFDFDBE557F20EE3C43E0A892C36153D0341ED8DE99FF00E9979508B709C87A9565754CE706D38CF0BC0AC98170839093D1BE302322DAC66B957470CC7852F8B2A1A0A6E6BCC6C49E9D425984AFC66AD6210D7B80CA7865BC3712106F9974415569AF5896BDC0BD0F19B8D71C249B88A9C8101A351E83894DDDEBFBF94F91040875E23931F0459BFE37531EDE810BEF3696366B7CDA3FF00991D68D401D15C800000000049454E44AE426082),(6,'image/png','img',0x89504E470D0A1A0A0000000D4948445200000080000000800806000000C33E61CB000000017352474200AECE1CE900000B8D494441547801ED5D7D8C1D55153F77DEE7B6015A690DA5FA0741128C609B60C5CAEEB6B5D2EEAA582521B1095A35FC81564B20D6A5DDAE31D97D2D1449B56A13CA87C68F48300445CAD66A3FDC7D048982452BC1D08255D85A1A5AADADFBDE9BF7E6FA9B6DE7391F6FB6BBE3BC37F3EE9C495E66EEB973EF3DE7777E73EF9D7933E70AF2D9C68769B920FA2449EA964497637FA9CFA9B1160B415529E938097A4D231A961A3D96EFA1C3B156BA85CAC1C7CE4D1FA6C55583B6417ABD33478D140CAE810C8FE488FAC547E8841A5605B7C24180D2D3F40554B51D574C3A78956D53F2682A45ABB23DF462DB68DC0445EB04280DD317A541DF6D421BB1AD12C69FA20C5D9F5F41AFC456C9262B364100B3DBAF491A49C895EF801400BC9C13B410C341D9919190C444577F7ECCF776FB824E6A82B6A167780E93A757F26932DA0D9772953A30115C00CD7B3099FD2C485EEFF54C5B20BB1A9EFF120EEF6F37DBC2D05798B37D80F3EB06958DE453F429D143C71AE4B5A5687C372D13357A1C4E9FED3040D0897C2FCD03516A0E7902129A30E8668F9DB8F25573BE6963470FED171AADF3D82B696E75983A3DF204083474885D6E3BCD6E5FA52BDF6E5FAE977E842BFD8F7699798CB1ADDB2D4B425A437738DF6DA814F45BB74CB1F4736E7B80C3E56E5912D21A66416F731B8A8992DA4FCA84F7B60F367B7070E3A2621A4F47BD5B3BCEF6BD564C2291E6E4DFB9615870DC1D3873D54D352480BAE6B2656E0498006E441296F63EFC890000F934E5748DAECEA4E8AFE246FA57042A24B6C9C87B80CA1E5A589274A456A383E50A1D2B0FD3EAC47A2302C32327404DA76FC1EE895B51CCCC3A301B7FD0EC1122C022914D464E004CBDDF6B471E04985921BAD22EE3E3E62110390170F3E5D521D540D63C0C125DB317FC44C3913CE39900C9F3B9C3E258DC063A348A59A277BBBC78FC2CBD3D666AD5D5D1AA24458AFEB977A378AB2E9CC60113C007ACAF4BA9ED2D541EF9F7E9CA6748E2EFB1386F788BA16BA85CC603EE5731A7DA459AF6B3D18D9967A6A2320F013E28EDDBACE3ED21B926F6CE3FAF3F74CDE12F8E7763FF1559AB15BB064BC5EE21FD833EE6D5C54C803A14CE03DC8E5EEB94B4570ACF546E3064ED99AEC1F256B337F3D3DE37C3AF4072E4F2800AB6A257588FA1EC49CC651A3E5C6302F878797453EEE742883E0CFEAF93107AAC7F3E3658620C0B1F3D73BAF28095B6EF79126847C3750C126C85C8FCC57A5B719F9CA9D7F477E935F93121E55A0C5FF3DC0A9BF399EEC1CAEF4606B28E6F3FB8077023D586E93DEBC5D9FD77675F2CF6E70A1DB9DC55788EDAF06A37841C5CBA4DCEB29BC804B0A3A1C0B14986627FFE760C59431E73A49C5D3D5BE9B3CB99007634143A1EEDCF7E0DCF043CDF7B6088B8D56E662CE7009A4173E46EEF38765EF1325E593F6937828FBD0860022B97162AEBABD2F8833D17B787EFE8DC52B9AEB821FBBC298F650F804FD5F6976A34E6F37BABB48BFE54DE4DEFB11BC6C75E040EF4670F622838E4CEC1D7518B2D59E404C06D96E70D5D4B39BF3D0A5C6318F47DBF7C96DB1010D2FB4858CAFA3710911300CEFCBB4DDD291F82380B71BB13B9FE535638A2133543FCC3D3B4A0CB2C59E400A653B401EFE44FBF1790F42CCAB5DDD7CA16F0ADDAE36F2CBC60E5D9B296247A02ACA4A7305BBD1D14386E2935D91E4EAFE2FCDF2086C99AC9CEE3BCA921108BBB007C9ABD13EAEE94BF47BC8E0B6DD7518DAFFC0B8134F5FC5810C05257BC8F74EB98F7AD4120F221A03566722B7E083001FC9049889C09901047FB99C904F0432621722640421CED672613C00F9984C899000971B49F994C003F641222670224C4D17E663201FC9049889C09901047FB99C904F0432621722640421CED672613C00F9984C81B12A05455FC55AB065141F17AD9B4DF4A52812366B4704F60018490BF4A05E37C6D905EFBF09249225F354764781A73038598FA4AAE1866B3D3631F08F0862D3F3187660F30E2B6D69074E7241F66B84F6FAB340251DE8AEEDE119ACE340071F347DBCA90909435D70B78C2531742A7E3A38C47552381B9640CD63FDAEEB1174BC6A47BA9E891274090EEE8A5BDE3BBC85C40C1DD2D76970C3A842B669BB98004AE9AC3ED1846DEB168948145A3087D9E6B83E05E0C01895B2FC88461E2A5D0B44677365C360E3D018683410BAF52A337CCADCC18EF279BDEC3F92F2374C67762AC7E53559BB80DCCF4D2B3B82EEE686A4B31AC1CCE37178EFC7852D70C345D527F0E8077F37760F6BF165D613586BE6A864A47B5142D4BF2AAA10E02980993042931B17A966751A56678208A3A71D59B1F963C9817B428E9EB069BF87B3E0C99180E883E30B17CBCB9A6209695C3183A1FCFC9DA725125B347C30496978FF7B9DA3C04B0CE33EF0E706CFE78531881FA1C40611BD9B4491060024C024E12B2980049F0F22436FACE012629E39BD57D4FF95AD2C5FB358D9E9F884FE37B2667C40581D07A80AE42E53643A78306190F61DAFD02A252AE8D8B91AC873F02A1F500D2300A68E61CA1105F1FFF1F14109E748719AECCBFF9E6E42CD952596454E526D47E45735A70D52AE41B52A6EE2F0E643C71F95C67C62E190A016E7A40CE38F566D9B1AA069C7FC987B74C3C3BF0BC70D24C143E3424E7576A15DCBECA8B9AD98EA36E33B4BC305676174A5B47FAF3773BF2629E086508289FF6FEC31695DD55A12FC7220FAD73BE65287A3D84AEEB5B3AA4775AA276D887428058196A88D7A3D4A746467794ED4FB76DE508303290D987BFFC7F305D20423B5F523EB4BA5A505128738016E839AD268A03B9355D9BCBF76228B8029351FCFFD39C0D6F177D1953DC15CDA9BD35B52A490013BAD18DB997B0337F4DDB3A874A9F685AE52DAA58B921A045B829D30C1340195706338409100C37654A310194716530439800C17053A6141340195706338409100C37654A310194716530439800C17053A6141340195706338409100C37654A310194716530439800C17053A6141340195706338409100C37654A310194716530439800C17053A6141340195706338409100C37654A310194716530439800C17053A6141340195706338409100C37654A310194716530439800C17053A6141340195706338409100C37654A310194716530439800C17053A6141340195706338409100C37654A310194716530439800C17053A6141340195706338409100C37654A8542804B52643442046B4C85527FA3BA632B13F15A821611B21AF9A0EEAF4699D3C6F6A777897184843DEB2E285295396E994A69D87CD46D0F62E4FECD2D8B326D48D1C007E284A55328043857993C66556AED113CFA1AEB58C57D96B23B7185D5035382102FE5F39947E364AB1086C707828CBAAF422480F8B3DB70C4D0BBD92D5329BDB75F1C97E91C96A1D53E2F34F1E95973B38BF6ACF7F68451D9BCF41B728E24E1895C8A7594EABE0A2D4E20D8FF240244AF72182BE816046C1C3C1FB3CF91A54AA2B8419C822DDF8BA33DB5717D23826667ECBA216EE699191765114DF5DC165A0F2045E61708D1EA585B148448219AE68F57DC27675A0DF2BE35082C29E8379290EB3CAD09DA35BC4E942D79680418DD284EA017D861555CDF4BB9F03FE5F2EEAECD726E5DC6074D4560C950E9A69A341E372F406743C248A7FFB714B099176A1CDDE59BE5A588D57F58929CE56C180D61856EFC0A1D1DB91FFEF22E71D29DCFE9FF1F8165F75416E8BAFC2ABCBA1A7192BDBE15F4707153FE367B4BDE93ECB9018E97144ABD35433C85B1A761EF8231A80AD50E618238867DBD2B0AD01417A9232067C391576281CC77D645EE03210EA56767171F582BCED8B3422780593956CEB8038B277CD3DE101F4787007ADE6342E66E181910AFB9B5680A01CC463A87CAABB17B185D5187BB514EB70E01CCCB5E4865B2AB0EF4355E48A361371D867AC54DB99F64D26231D857BFE508A35EAE638A08083C9D25B1E5B219D94E3FE79B3535AD07B0ABD955D05792343E8731AA1773838BED797C1C3602E22FF0EA131D99ECB77FD527C62E547B4B08602971CB6332FBE6117D8121E57C2CE23E0F2B6DE5AC3CDE07474090760A5DFD58CA48BFBA6F401C095E1397640418816421F05F7AF90C37915448F50000000049454E44AE426082),(7,'image/png','img',0x89504E470D0A1A0A0000000D4948445200000080000000800806000000C33E61CB000000017352474200AECE1CE900000DAE494441547801ED5D0D901C45157E6F767776EF083117408829AD42829152404AA2FC24E7012181A004F9B10AD1124C295A9128559084E420075C024928A2145052964129F12794226591230992E312E52F42156A5148300A462501EE7292DCEEECEEB45F2F59989D993DD8DCFCF4647AAAEE66E6F574BFF7BEF74D77EF4C770F91DE34021A81F422C00793EBC3BFA1C3CC76EAA894E910CE512668DF724455DBA07D65417BC6CDA2DDCC2482D6117579892780D846EDD62EBA1A91B842083A264200778200F7E70D5AC9E7D09B11EA0D5455A209507C84660A9BEEC37D382950545A280C000EE16F7EFE3CFA790BD994B9D450C692160D19E9A37964535F9CC19726A3E6996013DD5F5A4F37B4E882129727B206283E4C6703BD3E801F783B3FC6A87CBDED3CBA778C65449A3D7104109B695C71845EC6ADF7413FA4E0D020313D87B43D7EE96394B5A39FF1299471A45F39E81314F319FA18CFA657FDD255946555346A349B8AFBE81AA4FB05FF1504E01B8539B471B4FC41A4597D34CDB6692D6AA04F3ACB03390A56856E82EC0AA75CE5E3C4D50023EBE915DCFD1F76828AC0FF23DF4627F11934E49487792CD653BE2868003A3EE3D4B3BF16381CB5C05EA75CD5E3447502DF7A988E72075F028B3B715E94C1973A790E950C932EC71D64C9F3FA56AB05AAB53E4A5DA4F43E5104C865E8300F9A4CFF699B438F79E41108F267D30B82E9598F2AA68F7B648A0A124500AED238378E2C7C02E0BE28C4733FFD783611DB7389565D4D14012A4C9E4E2BAAFFC1569D0EF27AD4005EFD4C6D41EA08B3AC4411204C20D25AB626405A23BFDF6F4D004D8094239072F7750DA00990720452EEBEAE013401528E40CADDD735802640CA1148B9FBBA06D00448390229775FD7009A00294720E5EEEB1A401320E508A4DC7D5D036802A41C8194BBAF6B004D8094239072F7135503E418D3415D1BC6E5B7BB44919E6222887700A8A072A4468C4159A2086067E92D8FAF4C277A64510ADE9E2BD8A011A4F86F8340E1936411A0E89DF029178528F6D1D43830C644D5C3312D699A4737D30E8F4C5141A20850F83CFD0B55BE671C3E48702FFE22F7A5344277635EC2A1CED8C23EDB14B4C12953F93872D0C60206AA56D90758E72943D0A958A06183D8D03869D4735D4002F1084DC424D55F807497788A64DA847983BB3D724505206CB236F17B9A5C2AD24BB8F33C9D2F10642FAAE427B03EC0B3702CF0F501C0BE76947B12749C06FD13DCC841BF303234CD9C4D7F72A7A97A9E38024820B142C87C04E04ED54005016EC3FA04D7AA66D768F6249200D2A1E27ABA0355F055A33917651A82FFDBFCB97411F69E9FAA51DAD1AAAE44F5019CCEE14E5B00B0AF0183AB4E791CC76CD0ED08FEC5490BBEC42AB135403DD0A54D749C28D372B4CBE7A359886CD128041BEA6833DAFC2568F39FAADB93B47DE20950075C3C4A87952B34A75AC5224D4493306DBB504F73EFB70DCF9AF8F79113C63BE51F6D7B7EF8E4F11B475DF0D1C0133ED4EFF221CFCB8502F5F159B4D35946128F0F1A02B402FE8C5E6B8D10F6F79C79988DEF6FE936AF76CAD2709CD83E401A8213858F9A0051A0ACB00E4D0085831385699A0051A0ACB00E4D0085831385699A0051A0ACB00E4D0085831385699A0051A0ACB00E4D0085831385699A0051A0ACB00E4D0085831385699A0051A0ACB00ECFE2CB61DB7AEE1D223F324247646318C459F7AD5429DB7897DBF0260F6FC5EC99B78A8FD4AF896A8F8F4EFC6FEB75EC19E81A95FED0DF069EBF521CFAA655BE18AFCF2FC0E883D38510DE35FFA3F256513D4C5C04367FC3D2F3BF1306ADDBB234FF7C54A68646804BD689CC6B2F96BF65937D039CF1FBC64F543E264B0F8306821E30C85C3C703DEF08DBF85008D0B5464CA8EE2DFD0A63F66685EDC0C15A3E33EF31585CFAF8D2425F983E064E00B4A31F2896AD3FE04B3E9F08D3F07494CD36C61B5E8626E19761F91BE8AF0059ED972A2518AB831F4CC084815A746D57AF757230E5794B09B406E8BCD9BA126DFE0FBD6A2061DE86FFAB98CDAD672DA1D77A9813357CDAD7A70084B2933C5C2E4FAD0AFA326E9CABD001F0F965C67F9D34D53CF1812FE1AB49016F811160D66A71C848B1B41D3FAF8E72DA881E6E053DDB9EEC69E6CAFE33B8E24CD3C78D08C83BBD2AC47D20C1718D29448661CC1B586AAE75CBC77A1E581350B4ACB9EEE0D78C63BA79EBD2FC721DFCF70E557FB7B90D35E46C5497C3EEAB6D21BEED9605711E1801F064E502B741E8C93E9B39DD5CE196EBF3E6080C74F3AB86C17EA3933F7D66AF98DC3CE781A504460016E2548F094C6BF49DEF41E53D05672EC9FD0417ED6AB850082E93754A832C8093400880A77BE84B7043DB2F6D63DBC4CF41BDB58A80EC20A3EFF4A4279FE00F7964631404428073D650875FEFD598989C79F263C431F8EC2C1A6B809A067144D08A022140C9F65F9DE3D06CB266CA060DEE58CA4387DAFB3399839FFB180801C6E2A8CE1B2F029A00F1E21FBB764D80D84310AF019A00F1E21FBB764D80D84310AF019A00F1E21FBB764D80D84310AF019A00F1E21FBB764D80D84310AF019A00F1E21FBBF6510784C8973C67AF1C1C5F299A6DD942C66C66AD6570DE2EF185EE74A360AF33ABA3AFE357310A16ED1B2A76D184E19E9E748C12EAE911463F0D8DA7F60985AC5DF4C5B52A72D3CA95EA1427A63923F3974CA6FC67A7ACD971A558B5B2056B64D3A28E61BC96C79365FFCD97009DAB8AC70A8B1622CB5C8C490BFC0584AF29CC8330F361BC55581DE5B8785F5B4212CE585E3A014FF8AFC5BBD3F348888E90D434148BF50CE5C2D50FB149AB0616165E6A48C4490301BA368B6C656BF9564CE2F8AEDFDB3D77E670CEF12A94C58F3393F30BFAAFC084898360EBBA5714AA3B4B58DA96E761DC5F2CCD6E6D681EF10FB2D3738B9D6334DE2140D75D625C75B0F410EEF83355C01C063F936933E7F45FC3AFAB60CF81DAD0759B38BC3A62ADC70D35ED40CB08321F6A84C7321DF9B9FDF3B9F6F5951A1B655B5F1DB47EA64AF0A5C312B06AB1F4EB6FDE23724102106559D276E9832AC1AFE18A1BFCED58CB413C44B521C89DBDE5EFC0C8B9CDC04127E20D44643BD2BDEFA89B657A1F72980023C4D128FB48BFCB41C8CE17765BDD485BE697AEBAEC855DD6F5E87D7536B593E935B4C23B6A93C19A5E74400906909DD26C1E26E4733B9797E7A3E43B598E4B1F2C975EF6EDEC313F98CD980BFBAF6319FCD036392BB754B16E82615F732B01F9F6664C734AFF42966BF42666EB5A258EAA5AD676F87488DB68F8F4D37CD6BCE1D1C5FC8A3B2DC8F3AE5BC4944AD55A850EE717DDE5CACE61472E7F4C76B052BEC837F806F76038F78DEE8C619CEF07E2F2E9BDD6D324ECBB9C3A2480D572E9AB90AD76CA553F963603574FF0898DF95893F8EE28ECDF7FE35E387D796919D9A2C7A953C65CC6DE4082A7EA47CDFCD4A463CD5E6786288EB74A6098BD93216DF2D818853D63D2E167337CABF938A6825BCF2C632963EAC989D81B82C5F1EE0461F0DA30A621B9F5F89D63C1FF1FB9E582D863A3FB1AD5CEFD6CF6F32D0ABB652C654CDDBA64EC0D123CC99D808731B17DF42897357D748BF15FB847C4FA85500F46A308D06CC9CE6DC3F708E4E5FEBE8D525090497E3145ECF133D00B6C8173BB83D4DD4A591DA6FF50F2A1377CDAD3560A8EF0DA1B6F6C7CC05657DDCCB77A7A987BFF988AF6DA73803015EBB2D546401340EDF8846E9D2640E810ABAD401340EDF8846E9D2640E810ABAD401340EDF8846E9D2640E810ABAD401340EDF8846E9D2640E810ABAD401340EDF8846E9D2640E810ABAD401340EDF8846E9D2640E810ABAD401340EDF8846E9D2640E810ABAD401340EDF8846E9D2640E810ABAD401340EDF8846E9D2640E810ABAD401340EDF8846E9D81592A9EAF505846291FBAE6260A7633F9EAC638DBC47F6CA2996F4DA00854EC1753197BD4003E8B1257E21B872F462A3E7300D8DAB29886024524C4C2962DC36C4762CBADC2DF37F755219DFBC654EC323081E19F1E95B638CB238B4820AAB657378B57C156809A8CAD662B6C765BEBEB9BFBA2B0CE7D622A636F80011BDC3A9170E5F415D667DDF2B0CFCF58599C8A282F72EB4135E5B1D17D8D6AE77E364BDFA48F51DB2A632963EAD62B636F880CADC37CBC86BB0B335B326CDB0F76AE28CE71670AEBFC732BCA332A65EAC334F5825B071B197C8A2E599B9FCDD237E9A3F4352A6F640C652C654C1B7422E632F698C24434A3B784C521C4650D17D44F98FAD19E3D894984DBB13840A0EB031898C58E8F211D8D2569A6C9F5A8D01FF1FC2AC134E68D5BBA0BB3EBE624693FA3B7B801B37067796DAE2D83B30977E533E885EFB06DD967086E038886CD020B4C89535072975FC968A6EEDFD29DFF4A6D81881C998B2C2ECDF45DA8A15680E80AD8C69A4D70BCB6BDEDBD1F063C9CCD89057E0E244196CDD182B2C54F2310AE7982B50F4282D462366E80C05DA9C13A5AB1589842C65C2AAEDD718F75F3CE8C91C12202BC2F706B0EB440E6B29111976E5E5478F1408B883B9FB45DFA8026B61CB72DEFEAE77D32D632E652F64E95FBF892DC134696A7A3CAF5F45EDFCD1CCD11DAA5D70D32660E2C29AC8F4663785AA40FD217E953785ADE5FC932B632C632D6F51CEF10400A06AE339FCB67F3C76331815BE2A90D186B4E1A7764DAF2C70D74E706EA46267D2F7D913E49DFFC9E0F84EF1FEF933195B1953176EAAB75029D82FAB1FC142CBE023E5BD83C03BDD7C9E8A84D445AD3EBEBF95ADCA3A5E22162F16FECFF98CF987D582E664F8B6524EA72F975F552D53A17EDFF69589B019F811313E040E0B8A283F92682BE930DB1A59033376CBC96F7260A286DAC464023A011D008848DC0FF0189D4E5661AC3EA800000000049454E44AE426082),(8,'image/png','img',0x89504E470D0A1A0A0000000D4948445200000080000000800806000000C33E61CB000000017352474200AECE1CE9000012C0494441547801ED5D099014D519FE5FCF4ECFCEA2A9403C2026C64451D168AE8A154B1634A22046C4A4D6D25C1A6244A20972B9EBEE724476D75D40E27D6019CBAB1295285A012151615934924A4C34A858094999182460098901767A76FAE57BC3F61EDD3D7DCCF6F4F4EB9DAE9AE9E9FFDDFFFFBDE3FFDFFF7A180DC36BFCCDFC332CA7DDC4894E624C69E86A4ABE300CD9906F321B4E0DAF6DE347323DDBAC139F459C27FBDACEE87900A1BEAB497DB58F364C7E0C0B009C7D173F2CB74F9BC3392D80E00FB7952D631CCCF84592AB0B5F5CC876D8C6892131D600B8FA3E9E7C734FF60744FA22E274B427F931960516EE4DABA9965F2F60BB3DA59138522C01C0396713DBB43A9DF33608FEF862E4C388FD8F182D4F8C54576EBA16BF637AC50E00139666BFAA93BE8C887FC959664C8780F7179C12FA13EF5648B9E9E4A392AB56CD64D97E723C7EC50600136ED6BEA0E7F40EF4F8F3DC4483DEBD2EA1507D2AADEEDCBF3FDBC8885FCB89573BA663B44321D6D4D9A43EC1304738C69528507A0008958E7AB4A5E8CD97A3373BB787B157D09BEB373727370F94D18416FE494EDA522C12BF839143191866FE0DE1BFCAB952BF6561F27973988CCFCE0C8B708B0AAA747675666CBBA250D3E6C6D45376C106ED9CF6CCA93D3DD48135C48506ADE03D26AAA37400C8AB747BB5B91883E77B98BF7792A2FC64CCD8E4034F5ECA720585690A98D896AD15D309A685334D41831F63A03A4A03003F2A1D86E9FF4052CB46D7A83F7D722E3B38586ADE9F26B6642ED139B50208E31C5349AC3A461E007E543A083E43C4EEAAA949B66E98CB3E70149AC7C0BA277862D7DBD9199CE98BB1C03CC62999501DB1825851F551F5165954C7480360FCD2EC241871DA3DA974448F5627D585CF37B07F3809A9D8B0BA953CFDEF03DA6C2C14EB31227CD4251F6954C7480240A8743CA7B783D9E7BB309AD0EBD72618356C6A4A6D738B1B44F8E4957C940FD5F16FA81F169FEAE3B84752758C14008250E98210B2973CE2A23A460200E72FE7471DD432CD50E3AFC1CABE7F97CE4E121E553ABBA4A5A0E555C72CB5635AF89A6BFE11541DCB0A0043A5C3E26A011878980B038B52E95CF20C2CF8EC96ECF81CD797A11DEEAA23A7C793A4364761D7B12C00E853E93856D6444739490173E77F60E5EB189D566F1D8A4AE754469061BE5447E2F7A553A9A5E5DC750C15007995AE55BB140E19AD6EBB74107CE02A5D908276CA2BAF3AFE25FB3DCEF52551571D4303801F958E317A2455A52E2A954AE724BC20C3FCAA8EF04A5A3AEEC8E47D61EE3A961C00B5ADDA1789EB374751A50B52D84E794559752C19007A1D2F5BA0FC5EE665972EA12837743626BB9C18297B58AFEA78133AC377A3B2EB183800FCAA7409A2C6CEE6D4D3B20BD74FFDA3A43A060600A1D2F5ECD3E6C1CF66BE17958E91B264F449C99FF9D9A5F3C36419E24641751C3200844AB77D77F66AB8612D02D35D553A14D87E748D7A9B0C2A5D5820AA6DCB4CA71CB5A1E3B8EF3A06AC3A160D00BF2A1DAC7C778E18916C0B6A972E2CE184558E5FD51182BB4519A5AE18EAAE635100188E2A5D6840F0B9EB3854D5D11700844A07E3463B8C1BEE8E9721EFD28525A0B0CA81163512C7D71AC1EBEB3035B839AC16BDEBE809007E543A3845FC564928F57157E9C202825FD551C159C7CEA6E46FBCD6CF1100754BB8BAAB2A730B2736D3CB2EDD7054E9BC327AA8F184EA98EDA19B21878B5CF3CAEF3AB2795D4DA9D7DDE23ABA40EF4BD311305A5CE722FC9D50E9AE1E73A2FAD9E1A6CFBB3137C8F08D0DA937B634A7A655B1442DF6495E76CC9BD324C86DB6639CDEC02A2F91ECE260A8DF079B7D4745A5B3E34EE9689B9A935B90FB599E554797AA388E00F6699946A4DC5233423D7E7373AABDA2CFDB73A9D4D4AEC6D49AD127A9A7E1A0CB55286B67B1E5153302FC79CB42757EB10556D205C7815E2BEA03B52D99636197118638DF57112380EF322A0922CC810A00222C9C30AA560140185C8E701915004458386154AD028030B81CE1322A0088B070C2A85A0500617039C26554001061E18451B50A00C2E07284CB28C61218E1E6B8570D9B248C36D0E82CA38FEB3D348614FA38F6DC0FC7B6E82E5DA19D38C3BB33554DFF62E7506C5F0D37904BC302007C23556732742EE97471F73A9A0606F4BF34523FC48EFCD96DBC4446DC3307891F5C475B313CAEA1043D939A4CDB07322D4EBF630D00BE9EC66472B41802FD167ABEDBE1D33EB9E64709A2AF001B5FA11E6AEF5E4BDB9942ADEA147A0C3BA079ACF44596FC472CD7007C1D7D043DB805C2FF2BA435D38FF0EDE4893C4ED6757A24B38E5EC508E2FAD20ABB3CA24A8B1D00D05BCFEB26FA2BFA691304571324E391DFE701A60D28638D00599079972BAF5801A0FB39FA3118F91C847FA40786BE8FE1FC757C36E0B31A4BC32D5808C2B992801FE70B40B838C3E995EEF5748273CCE887C6620DC07F4FC9CC1EBA9BEB7455219643B03D00C62684AF4955D1B36C32FDD32E2E7A78A2E739C2CB1EE862844F87B03F6D1B8F681C16955B31D5D4A5A7D28B767164A0C502004EC287E021537A9C546AAA9E447F73130AE28B174A768A0F12CED3D6D3650016DE156803044EA3306AFC4A5B4B13D40BE9F76E7947315CFA29400CFB857A3E84B34D49D097D1432FF7227CB38004785217D0CF53C7D1C90AA37A3CF798E300186920668DD038CC61323C4B0D00B1E0C330BCD28ED110D6B3A91A3A539D4C7FB00BF74363A792969A4ACBF012C8F3B156F8C026ED31DD398000F6069BB04893A405805885E3DDE08FA107E238C2E00B3DFF76F4DCE9415BF3D2536823F23E03A5FD637089F9A733606F5862438F34495A0060A97E83DD6A3FDFF3A7D2F562F82E05E7ABA7D28E4482A621FFFD36F9CF06303F61438F2C494A0088F91636FB3966AE8A393F95A66F954AF84679B008BE8632BE6B2E078BC66AF8CCDF64C493E12E2500323A2D41F71E64E411C250AAE8CAA087FD4242C414F31404FE98391CB42B32EBE954333DAACFD201A077A1F54D33430188C78358F099F3757AAEAEA666000FAFB3EBBF500F055AC995FD9468FF920E0062570FBD6CD0C60E84D0C3A0E787CD6A762EBD8395C6DD96720F19912CE42812A40380D8D2B5301216BE62F47C4B3E451058821E3027C32830161B47A798E9517C960A00E8F90C9F69368C5C63430B85949A426F6004DA61294C9251402A00084F1E30BADF99A397EBC2B66F1140980446CF988BD3197DCE4C8BE2B35400106E5C364C7CBFD0C68E4DDC9290A07EFED19231B7ADAB255AB909520140CF59998AE1B7E8A3D141311F7F2C65A903EA6507D6A08A0C2C1FA900003BBC75C3C586F98171C76346D870B20000DA81B5AE1EF30B339A5C0080F7AE8539ACFCDEBB6ACEA60E8CD258B05AF6292CF52F33412A0060AEDD65E617542EB1302CEB95E5D63AA05EC2E348F81644FA920A00C26FDFCC4DEC09947DAEC58ADF32DC8BF305E6BA46F1592A00D832158BADB20FB59C8EB511EE7B36B4C891A40240FEC48E699B17C2AF163E7C65E6ACF5CDA9CCDEE7B0CCF5B4142F1500C44E1FE6D6ADE656F43A709AC9A13CF397298D822C00C0411229FE5E5E2A000889A2C27666DFE91809B0460CFFD2F6D1648072F0D63491A61E06F774092EE90020CEEA99F90A017C5A78EF9AE9613CC30874A34D392FB2F1F4A10D3D7224E900200E6AA2AB6F377332EFBAFD069CBF43BC32CF511D8A133E82832F859E1E4C88EE93740010AC140735CD2CCD8F02EFD0F5667AA99E7118A506D34E9B257F46EF62B1FAB0851E51829400C89FD225FA9399A70041EBC1F5748E991EF4B3586F6476D3C3B89F60C99BD3222C56BB2DF48812A404002C6C1CABC106334F21902A388CACC609DEE3CD61413E23FFC528EB1BE63C31356D83D7F043667A949FA504806068F50538D449D60521A0310AC279118BC2C0F7E3912F3BB836EFFBBFD82C54D445C7C111E18E8ED70AC873490B00C1E29470CD267ACB86DDC7E23CFF4B58A47DDD26AC289298F391DF93486C117E3E431C1D4B5F402F1495791913490D003695FE0BB5709ADD712DF4D611F8AC468F7D84BF409F1A0A8FC56A1F73FE6BC8CF32ECF70AFF210CFD2B865246B9D24A0D00C1B4EA29781904511D46828366268A211BB46FC393F86D9C235CE9C75F5F58F8E0D8391D00DA8AD1E409E4655DF01D2A70330E04CE34972DCB73952C1575AAA7389F2F8E6863EF5558098F31C785F052A0CDE1399A8305DC0EC0E21920E38FC29347387388FDFC6C828ECE7B1C898D1D4693327BE97C6815832C7CE67C11EF21217C8C44194B982484580040F05A9CCFC791B12F8B53BA78B41A677A0502301C8F85E25C08377FE15571877436DCFB2E23B08F30F807C0A343F8F5B20EFB035B23FD1430B0316C0ABD575D4313B112EFC0A724BA3884BF4D1C138F83F005EF620500D120618481701A30E68FC54B1D1ECCF7561130D40B163E643103EF09F89C8CABFD42CD8F1D008C86625E7E17C29A81933BA76334580120FCC508F37A471A0D9FF5303DCFAC4ED3D8F4850094647ABE5B5B63B30628D450717207610BC4277F5C0B2776F28736E04A06618AD7C48EC17C9EC6B4FF3E84FD1E9E77E2F99F623F5F6CE9CAB2AB57A8FD6EF4D8036020033022BC8967F11974616198001822EFC039A8D2013DC4760AF0C39FE12A7CC1A30A00FC202586712B0088A150FD34C93700305C7EBE76A9B6725A07B79ED2F1537225EE9039807F0B65B5ADDA957815E60F8BCDCC3700506882933EE7836CE62DFC65A9FDE648B1B5A9A4F3CC01F177F2E07F27D7F507A1C11CE139A129A2A316A088B7EB16BA381DC389AF1EDF82BDB2847ADD961B99EB6B580B6555A17BE7C045F7F19ABD7BB485D91E9A8754C9C229F940E376C1688E23C0862686D32DCA0C0CFB7B0AE6C0F90594D3B6018D8D754FF0509D320BD629A601135BBA2FDABB27F32686FC067C6C85CF18CB31A6DC5A35322500E27AC1F6E17E4D5EC947ED3F90590643EB0C145C380D63DB134CF961675372A37BAE95185E3930A1857F9273ED768CB8D31DD330F64AB28A5DB3B1417DCD31DE80C0C2C21C10C9F839B12D7BA6AEEBF7621D70BA41B3BB03858FA453EAFC5F2F60BBEDC22B346F1C387B23AFD25FCA5C0FB78625E0F98882A918DBAB70766367737215785F78DAB6C9C0170044FABE4A71B618881CF4BAB641F9F756EAABCDC9FB973026959FDCA07694E9A1B62D7B16E5F47BC0E3D39CAA203A1B29EABCAE4656789A76C8C037008CBCCEEEE09FC869DA1D6EC3122AF83BD859676E6A522D6EDC465E957B3F07CE6DE31FCBE8990EB7E996117B8B12CAACAEC664677F6AFFBF8A068051546D6BF785D015EE843DFD388366BE0304B0B3B33B4626938B9EAD671F9AC32BCFF8BB3AA1D3B764AFC466E33247B58EB183D8AC6A3DE50875D9AA992C3B54DE0D1900A202752B79FABDFDDA62546C6EA1D569BEA20C7FC8486C765773EA9743AD789CD20B9D3E9BE5F7A04DB54EED02EFD63152AFDBBC90FDDD299E9FB04000601458DB96398572FC6E2078A241B3BD3356B11D8031799D7EB7B6C8ADE34048EF1263D797A2E3040A0043D887CC9318CA9CFEBDAB77281B33565DFEE4A54C33D20E97BBD0E9312FDE81E9F35385DA8C1E0F630EBB23312AB968D3B5AC247F655B1200880609DBC18103990EA830DFAFD80EFA453CA99D1F9BC96AB7B92E9E89FDB62AC966F9D1E9FB4BF1FEAB640030AA50B11D1CE2449FFA5C429DDEE0B99F7BC901202AD3D77817DB0186BC7DF834C4CD7610964EEF47F046DC50006014E6D976406C6B4261D7C86E3B085BA737F8ECE71E2A008C8AC5DD76E047A787005AC61DA92E0F42A737F8EBE75E1600880AE66D0707A00211B6350BEC6CE51B226C070A54A0C6D4EAFC73C4BF3CEBF48CAD655CFD51903A7D31AC291B008CCA4EE8C88CE31A87CDDBD976802DE9F53C91BA36AA7E0751D0E90D9EFAB9971D004665BDD80EB040ECC6B1AC96A8D90EA2A2D31BBCF4738F0C0044A53DDB0E88BD9D509459E5F63BC8EBF43DD8A7E7FC6227A603B8A1E8F44E7528141629001895F46C3B20F668BA5A9D17B6DF81506B732F67E690506B5DF6E961C26DC08EDDFD7EF7E90D5E94FA1E49008846E76D072F6766731DCE100E7E07C2760026DF786E537255187E0742A78723E6BD58B87ED65938EC619650E717BB4FEF9C7770A1910580D144613BE8C96AB783E1971834BB3B805052DB810C3ABD1D5FDC68910780D18072D90E64D2E90D5EF9B94B0300D1A8B06D07799DBE8763B8777E1D3DE6F748E8F47E046FC4950A0046A54B6D3B103AFDBE3D1A7C1EF10FE50E462A30EF5D9660B33737A69E32EA26DB5D4A00184C9ED0A25D81534ACB9DFC0E84ED0046A4D6A34F549779F13B98D0D63D0D6F05C39AC3659F9EB1DB1323938B4BB54F6FB4B1D477A9012098D36B3B6887DFC155E8AD0EED71B61DC441A72F062C0E0C2B26BBF2A529D67610279DBE18EEC70600A2F17E6D078AC2DEC8E9FADD71D1E9873D000C0678B51D18F10BDDB17E08C4F7BE50FE51A0C76A043033D48BEDC09C26FF0C87552C1C978E3B425D51AE7D7ADB7A9580186B00087E09DBC1AEFDDA422C0FE73BA974066F65D6E98D36F8B9C71E000633DC6C076084F43ABDD1563FF7610300832966DB01E6F91E6C26C542A737DAE8E73EEC00209863D80E70E8E2549CCA99D5D5947ADD0FD3E214F7FF64D4D4DDA8405A3F0000000049454E44AE426082),(9,'image/png','img',0x89504E470D0A1A0A0000000D49484452000000800000007D08060000006A326B0C000000017352474200AECE1CE900001C7D494441547801ED5D099C14C5D57FD533D33D4B0C41A306A249480415D1A046A3C1DD65B90534F136422E35F1483C123F0FD85D22C22E8826DE62F48B8931E20F91EFC388BA8A2E2CBB4B5063C41304E391080A82891732D333D3957FCDEEC07455CFD13DE7CE6EFD7EBBD3F5EA7A55EFDFAF5E9DCDA882DDE98BB9EFBD8D91A944FC2C467C2871369813F7A7A8F2FB8CE875626CB54FD76F6CBB926D4911AFA2C8A87365BADAF9E16156842F234E07B8AD212316621A9FDEDE10BCD96DDA9E16BF220150D3CC07711E5E03E17FCDB34018E31AD10FDB1B8D859EF3E8010951C70A743C3C3B27E18B26E19C599C169C7E03AFAAC016DA55A5CA0400D1B85D35CCE981F7DFFA59F4E89CB228F3C4A90CA232673B3D7B7879F7C52B6C8BA4917681E50F3C196414B505C0634589995A642059D603B2E6E064ED23C7AF247F4502C051403A6FEFBC8ABDE918D645FC677553781B80E3DD6E489379B906556A1790B7F6669AA44AF296737964D40780643970AAC851517215E5E73E00C82DD2CBFC7D00481238C30C5092B7EB91F3AF9F7827EFA7D02B84D0E38D40219C8FB7478FB1C83A962C3A96337E0CC6F079139865D16FFEF3BE795DCD9CF0068C2BD66A1A7FDEE7A747565E15DC500918E8910038EF4E1E58F7417822B3D85408E77BB0DC770BDC3EFA7327A3943600D790ED3064360C80986A99F41B8C185E81BE5812F0D19295D38D57DD15543EB10B0E80599C6BCFDC4A7BB45CC23ECEA5DA1C83FBDA79D191C463D3D66F33CF806DFE452CECE492656E69393F14C51F1AB16816C0F01A325BA273FD9E1533D91B5E3316C0BEF33C8A324C437BCDC36D3AB5CF739B438AF8754DE6B151E23F43554E81A006A07BFD10EFD1C2A0CF68786A3AFB284532852C56F4B66E8CFC0013328D9CD310254296044D6787B45F65AC4F171D825C8BEEE3F07471D285417031842F667E9AD73EDD78395DDCE4B0DAA6F03448FC4AD4EF5008C442D8720C3F178EA9D717CD624CF80BE6F20E00F1C6B7369B57A3328D50CD8A910920BCCE983EB6BD91BD93AE5689A55CC6F94C006868BAB84E6130E8DE81467F1A157C01E11B06F6D31F7BF032B6D3296E8256378F0FE65674A865F1215CB34630CE8E80600E0328DCAD07E00D06F097711F9BDB59AF3F93C85FFE8D6BB5E6F02D68AB8BE430E1471D5AAB0C63EAF22BD8FB4EE1F9A0E51500109ABE6583F97F10D809699963F4A646469D1308048056349B67A1E17F8D063A306D3EDD8100551465AEC11BB8066FCE33864F7FFAC9ABD8BBD9A4CD14470071FB9BE6C1D1181D0120C0C0A493C0DBFE99D225C221C41544DA8C8E46FDD9044DFC760B7F01847F41325D7966B4D9AFB1716DF586E866F2EEF20680B8F0379AFF8F8A4DC98A4B0710D43487BF8906F9135A272B350C81FF156FF9427F30B0B8ED72B63DAB72738C240437BA39720C10771AB4F3A9E07770E62C61AE12BB79C0BE81C665E7B3CFB2167E77C610D2169F8F8D2E0408F2028049B770E3D38FF1E6672BFC448B7583403B8EDEB3569BD3B1FC3A13EF869E0876FE651BF056DDEBF3E9F7B7CD606F3BC7291E15B6CE5118829E0D5C9C032D144C5732F87E8B71DF059CC54ECEF8E64B19150A043903202EFC8FF0E6139F2CF11CF76A8C1670C63AA03AEF01400C250E4080DEEEDF78EB8F52C2920878DBD781D9D9AB1AF4C57886162E2F37B6997FC9E4E66560EC42D4E5F35EB843BDFE8C8E7F0559FC56B4E71E721E8500414E00A85BC9FDB14EF32FA9840FB537A763A6F16B5191DAB9A1C9DC62A28B504120D734D9CF98E8FB668F6BD01F28B4459C5CACD7E7BA1BF980D867E6C500FCA5A8EB17B3CD47087F6C83FE1351C79AB991E328663D9E0A04DC47A33AEB831BB3CD3B5DBC9C0050D314BE1E95BCDCA90054687647A3717572D8A8E6D0248BB3A5598180D156E471F9D87AFDFE9E20F8E47A8A6768C6FE9F7E12BE165DC305D00869DB3959F8897C0408B865B5386913BC58EBAB82FAD1181DEC48C4F7FA9B96B1749956CF891C4F146B718AE324FC44BC6C40800A2ED27DFA45ADF5EC8344BA9EFA3B6A6EA4C6B2ACDF03F48E231A27E127EA9A16048CFD112FD83989B85E7F3D03A0A629D402430620B0BB74C24FC44C05021849DB48633FEFA8379624E256C26FDD1F7930B6C9145DE11550EB49B3AFECDE718DFAD9E9345C2A10E02589924FFF72473DC32616EF4E99A8C926AB9AB91CDBA4D878392E63DA0DB2DA97E308FFAA86608BC6F8C9004B785738634B31E97168A5095FD4AFED6C16822D54CFFCECDB68B7EE45A4CCC217693BEA03ABB19DED04622C22FC092780C4ADC8E909BFD75F4F00E014F906549ACF56687CF62B709B8D96C69300012AF60980737167A3714A2167BCD2B052B4A0F619FADA7E41FD5BC4B45F647AF393996A6F0CB4E360CB9A649A7886BD78B04C73EBF7D40554CFE3DFA068D861D10363744D1FDDD1C0DECB9611612CE5BA50946D593D355E4D937923E7D62F65FEA141AF86C69D2DD3DDF83D6980CE19EC4D14FE925A103F885BE64A7130430D73A6F409DFB95D12D454C217E13EC61E4EC4F3FAEB0900A2304DD32E90FBA52E26DC83C02BF3959E2E9DF049A3DBDB1A74B1D09593F30C8055F581353002CEEC03414EED9F32715AE133F6A07FA4A1740929334B13E0190022CF558DC6D27420206EB6B9E90ED2F0D9AB82D20A9FD862FF71FAD4B6D11806E6C1793202E5726BE6864FE2162DC6AC55400E83ADB091985EE7C63094F3E84DFEEA39E64DD81372A9739D21FC6A7D5ABE842FCAC849032498C4D8FD21ACC39FE1D41DC467C02CB355AC1B24E2F7FDA66E018CA6073886327A23DFC217E5E40500222301022CE5AE12CF0E6E493E51EB907FC590B073E942C71116EE3988AD314FCA7745F30680514DE193B102364E66107DCCEA8107E9D7C8F43EBF730BC4B7AD31FA21A6794C2586C51774CDC22A219E097901805802B588DF2E73012487FD3A9DFBE019F1CD9272709F3F450B7434182F4137CF9683B1F6B20F59E61D323D177F5E0010DD61FE16CCA9933F8CAEA9940314B934B297B4FE91FA7CD854CFC96961539D3AAA2974A24CF7EACF1900A3AF0D0F47E1672B0C30F6826FA47EBD42EF2364D502C2668261FD63A145E50416B15932CDAB3F67004422542F6F78104B959A8F9DD367F879154B573A18D6EBB095C4B6A94684400B1C891D56DFCD2DF7AED4390100FBE887600DFF4C8511C66E132B5F0ABD8FE0BA05060DD56F44A27FC909B1BD4E01861C271B7F4E0088C6CC19F2B230DEFE904F0FCCCFA6F0BE38995B0006B489E5F279724CA105F2610B7806C0B86BF957C114862B7687E35F77F7964B16ED352F9C6FE081813F40D3BE239710E3B96B010CD3BD396C09BB1596FF45B6D4D8B512F4EB4370F64F5159B67845F2841EA303D070DF46256D670DD0AF7E08FA26CC5BBF4313681B9EB19BBBBC1DD6072EC09E008721A06F7CE7CCC0535EB9F7343D1B3F9EBDCD9C0673442A97DF5B2EC2375BE8C73868F27B1CE74E59C718B8672DF4F1CE47E96180E40163300E650E27750246AA6529BC420B6CD918AEC74BF795E4F2B12B0857E192670078EA025EFB203C1EA6E89EC98C60CCCAFD3EE35A1BAD441E34128B71BA01BF29859F600D71FAE319A78F6959F86DDA1A7E0CA7745FB56B8C44DC52FE0A5B003C62A14871A788C3390A354B8227005831A65AFEC457E3A8D63FB22CB7B0D1D651006FB410AC2B87061E00AD313FFC4F7A15DD47DE265B5C3191267255C058049D6525478131F8051CCB53766727C749F7EC1A00E21028FA4CDCCA6177B85977B19D523A9F50E310A6E7ADE5D00A43F0F73040F01BFC7AB693F2DD02F113CF8CB73BE47B96032D2B926B00BCBF313C51A0CE9E3B50A9053C37B83DAFFCF88203E81C9C4BBC1A605D8EBF36DB9FB83380D1BF339504E1FF4FB8851EE42B2998296EB1C235AE410BD81DF83C71C2F5FC73766A76BE8C7DA49C0DA621A1FEF17E253918D11DE5B6E1838DA49D607176129BCA2304BB773844A762338B30A46A950820A0714F0D7F467B21EE04365ABD66D6294D2169015F608919336FB31F30E1FD4261F30494FB80DBB25D6B0034C918B910CECA47FDCBBCA5F343A0DB8393E8CEAA29340AAB6FE3A0EBD73BC507DC470304BF750A2B364D1C97C330F649B55CEE0860359E9DE20A00E3E7F32FE38D5056FD340A2CB367DBF37C5593A8D5F8128D4057F13B27EE01824BCCC7D5892FA7B885A6E1029A16B90C9C3F3D5AA665E377058050C4540BC1295EA7AB5EB229BCDCE2B0A328129C4C176A1ACD70E20D730A77F0A7E84B4E61C5A4F918FD4D2E0F001D210C74999EC9EF0A002844B9C401685498C95468B9871B93E85A2CC5DE20F309EDF7B97044DC625262B75FE085F8E1501B1B5CDFB631F24D1B290BCFAE21CE9826BE5F84C2D331CE1C897E7E2FE7B46C1F8C00ECD6A6C666753618D738C7EFB954187DFEF04E7A1242AF4BAE05BA8808A6890E0E8E13379B94CEE1E6D2E761081E2171F02EE4F789448B7B01982D7EDD3A7FD495C6EBB3307D9888131F05884D1D914818375288DBAFF03FA553C33002782E65F41E1C202CFED0723A0FBBEFD70104BB464B780EE09CEE65A8DA45A5AC1EEEA1FB1B442503E0CBA9E407C3B17FC4A4D79E6A0EFF735473E467AB1A0271435213F3FAD1286FE912BEFB2AE964542400444B0427E033729CEE965B05C3C69300845DDA530E2F861F136FAEDA1DF72D76F18B0F69E1C28AC7C4E594824F6DFDF6C83454C6B6C0906D05A00EB7B536B0ADD9C6EF91F10CBACE81EFFD228FABF69043BC82917038DFE1706EEAE2927577FC6E01A2DB71CA7B4F7C0FC3FA7EEA64E943F012BC913E46CF0F157D3D80AE34760CB36FA5AC9D410157EB2EB2BA12B3B95AD4BC54F46D07C815C130E872E2BE8CD6BDCF6F7D20A72D949F3F495F352374A4E5A317AB26D25B852AC7295F68C88741B759D868D0614E718B45131342E8CB27A03B92659B82053E0CF72DDB5613A109EAFC788BBF261B0E7ECB7828975BAF5370E0998CF9F8D3C326DD0735A6E38441041332E7EAC7D39F3D67E832215E88759803B03980020657695DC290CB868BDAA6C8A7B27D8FF61C862E403DD0A90530D429238725DA1B84F0054B68F840CCA29BF09B25F273AF083E1680E195DDA15B283900EC1CA5F7E97EFF268718FBBA9A0872C8A0E024081AF74949D3CF9CF6C21E184F86AB17860140A795C3BDBCE4556E69CA1E0078D3D0FEB4596EB8A84583655AA1FC9646F810A5E2DE57283D9050F60088B72953F7C547A37460B1DA1B73EF8ABA876652BA8562F193CF727A0600489D768566C8F98EBC6C1B1206E0B794B8AC0F004A9B148A00234C0CC3EC0E47D1792BED672716CCA76C81C39BB3B660A5153163D40357B54B0E232DFB8E5F29BCD85E9DD12330F93F4C2E177681160EABE7E692E3E4E3D97C828E81BA1F2CE705DA4332AD9CFD2633ED8B786016074F77307C28098B0AF25DFDEC45ECF2CE78D92346622FE0864FC7B5F37C37063668DE8546FF5972BEE806F0591EAA0D4CA2CE647A3E9F51EE72943B3E394F80717D700A1D924C2BE5735DB379788C5BE766E0416C74B5EF1EC6096ECC04F2E791505AE7E723107944860CC551802188531400301FD6E7A3F4E3C47C80E00D3C8AFDFF7FC0D2ED48ACDE6DCFC4AFDBF0500B4DC44C9B4DF8220FEC1570BDF7CE6DD96EE2C7C81A8DB670BF3AC9E9254D0BB09B8424DD14B82B2E6783BDEC42D995DEC58331915EC337C8947D79607C686827B5F04EFABC8BEC324615F605847F8F1291D107BADFF1808612B58884A15ECAD2FCEC262DFE2D3DC61778C940AC2ABDF746E4302F69BDA4097E81E640EDBFADA4E57454E8237A943F862B54F2E0A051F6C0D4F35F90D540393B94DF8C7BD23F92E925F573A68E523232C4EE1547F8E3C3C0CE86E0451AB166283769C63B632ED0C1A4EE13CC9CCC530CEC55DAE9F3895B3328EC90414D88D3DAC863749C4358D624FE047D053B81FE8AB75F6954F4FDAF1B9C3CBD2C5933E032A2D8CF812419BBEBE46CC5779C061DA49F2368A8D36E57379FEF1F8B99C762EF80E33427E3D699E86BC6EC4E812746777736067F6AA315D8137E147BF9F1854EFCC5019C5C1CC01185FF76C34773D94472355B27169D30E6BF05E9D5371F9F47D174AAD6C7D3D3C9E595FAB97A9EF92D8A5AB6CD21F1FD824CEAA6A0AE49E3DBB8A6ADE89CA1FF3DC1B70D000962AADFEA66F33CB2AC3BEDE1ECC5CE99C6E1765AE17D30D0CEC35B2AF1B2BB5C006107AABC40F3D122AC1C0A43D7D1A1DB30C2B0F2B15F663AE2A7D51E68AC178C7E34BE1006A7237359101D8F8DC3BAC7E84CDE2EE6981B4601D93B34C07378EB6C0EB4E1E29328E2AB18B680027B70A0E3AE9D2D64A2D35A009EAAE4E2A0A9C4B8F78A588CAEC0F1EF7F4153B5C1BF09C0D80C41FBF08CFD8F7400FA92F148DF1FB48C0E510EC7019195E826C6BAD52E1933F71C81E32B247687D171C6BD1C8914AE00306CEFC0CBF8727718BB49761D471686206D8A1E8B0CDB129916EB178739EE81DA7E1E9F5B5E02E1A4B384BF0A01FF48F0056064ED001654D5DE4D22F9A1E128B5C1501C034DB025EBCC0A159153B59235D39E556829084A1F9A225E9C7CD7F9D80FCBE31F63B645B358AC68F3F2B682E1C11EFE970C4647C1B0F903B4514C0EF7EA87F05FC278BF11792A863140300C86E2AA224E453B56434C00E10574003E2F0C0004176818650A14EBB5A7613E40A8D5923836993E3626D3B9F86CFBA160005F16CD46A1A76095D17B302D7F0A601D611C0F4392D18F9C8005CD7020A6A25789AD6A29722A38396AF1EFCB8580DFB7E2378DCA0129FCAE3480C8C3F2E98B1DF2DA77EB86E828077A514962B208073DCFC4ACE13721C479688C57B36100F1A2F86BC5DFCF833E1A8AAEE56E3CC7DF7C006B21F29B2AE2C879010407E0A4D0AA9D4FD0D7E5B042FBD137C1D85701409C29C7C7D3F10270BB778EEB078CEEC270F07CF7B9153605E6F20F80A046A394FD2144B1AE2F5610853037A3F29BD1C3BFA9077087C038FA00B4940EB6C629C86711FEC4B8DBEE708317BA8B31C1E3E91FF680C2F9F041CAEFC462B1BFCA25308D8D70A3013C01A0A63974058660D725178E8CB6FBAA8D41957C3B28C074223A176170EAC9758F3F637F00003606A3930D4A5801084E1F96C0EADE3A7C456CB89BE25C770122F30037946E008DB2777475E42C3785F7B4B83839BC0C03C8EF41D0EA9017BB84F152B4E192A9438A512FFF1E8159D03A978197DD5A87912BF52FF8F4A401444274036B304812C3BFDD0E5FFAC657BE87CF4A3A7CB83BB0729E428FE3BB08317A18A057E61FD0A2DB302219274627C5A8B1B0056AE746276082EE229F5FFF95DB8BBA3C030067CBCEB4385711C7D81998857AB018952F65199884AAC31AEA23B009C48493DD61C51043A2F1FAE4F2DF35E4A90B10B51DD3A03F883E67A3BDE6F0716A50681548C048A10D9B518EC71BA41EC7E6F4450C8D5B715965D116CABC36B16700C4D53C63F3D482F9887C5C62ACE65B7E14B11309EA7E02FA61657918DDC39E00C1539116FA4EF971BE9B23CF001059F84606EE43E5DFDE9D5DD793C55973F732A51C54717EA8F9A7B169555C30F51FB972E81EFAE314D31338495C2387958B3F2700740DF9B4F97265303D79D8FAEDE674995EA97E7D0A3D87E3746360002A7309D0049F07085A763E1E9F8B28BB26C80900A2367BF40FFC11E8DF24D70C43A2467C50B2284322B9EC52F8F509F40234C16880E07DB97C612862E3CCA3A147D5FD8572DC62FB730600BEFE1DC654E92F54C67163558C7E3F8B63275F2F71C6147A199AA00ED5555609E3434686EB675B68723935475E84D35E1FC475EBEA1C34BA82EFAC981BBEB89C2A5C685E8CF1B41E1A7114CAD92C97054D10C40AC35280E0BB7258A9FC7901409C799F7E0986854A1F68596C6EEDFCF0B05255B014E5E2CCC04618C70204FF92CB8726D0C574B2D8D6268795C29F37000C1C42FFC61BEF705C8AF7E3263D90CB9DF6A568985CCBC4B4F11B58911C056DF0969C173441006B798B306D7CA61C566C7F5E0020F6026CD960DE07648F73AA00BE23D42E6C05A7B04AA661B2E86DC30F1024CFD777571820F0E36F2156197F50CA36C8190071E16F3417E2ED573627888AA1F2B7896DE7A5AC6429CBC6DEC177BA41A0AC12A23BF061B4F427EC593CBB543C42437977E293F0D14E7321E67FCF70CA05AB55B77634042F710AEB6D34EC211C886D64AD78EB95A1315E12B1F3F042717379B1DBC5B30610AB50E984AF31ED963EE1EF16A7D8408A9DB47510F6CBBBA95D4F008580C01DD86F50744DE91900B5CDE68C546F3ECE6BDCDCDEA85F2A57B4B7FBB177719BA1D368804031960508F0772B8688BF2A663B79EA02C43980D866730BB4C0175466B59B3B67EABF54E97D94440BF00EDA33F4093D81B7DE71B5100B4CD3B1175199624FA4CFE7AF370DF06EE46027E1E313A737B911BE30206BE698177BFDDE4D3E1BA29879B11AFA4F30806961466B9CCAC52AE2B51822CE740ACB37CD130030F50B0356723862CE02FC2E899AD2DB3D7AF8136EAFBCE5B390F94C6F9B2C12278C83FD692240D0E9D44800C1EC628C0E3C0160EF6F045E01E35B6D8CC328B44C5A5A771D1F68A33B7876099FF3695DC17C38268B9EAF6D0A5DDE9BD60E58357D826DE86253C94A8766421353C147509E0080AF58C634D21E5099E607454D73653A10A8C2EF8600F120507F7D6BB3D9517B5DC8E1B48B5A5A2550304FB0C3D893A6C0307C52AE0F660B23322DDF7E4F00104C048D40337EDE5518E2FCE0542010C27F6F83792FEC87EE375F492D0EE38DB44CF6626D73E8523C7B3252D55CCB9B22EE3D30AAE8BB00C123094E51F1188C41871D578918F9F9CDA981EB9A22D5B89C68256601D543A6D821ECD7F5D1894FC927848FA1E3D46C59C7E2D2F3B8CC78D6AAC6E0B26CD3F4E4786228888BB04F86853504C7DC968B3D0685AE4F4E0010CCD534854F05C38B5281A02AA08F1DF075DA2ADE7C37C2B7559CB1E76063CEC2C4D2A3367A9F27E716C819008283F420A0AD28E415A07BAC23B71ADD8EBD044F23FC16E8FF3D1DE37413A1119EC5C2D29C41438C166187A48BDB17965D0BE40500A2A8B42048C50B849F5828AA69E683889BFF8B7E7F4AAAE8BBE8188108231463D1851D8DFAB3BBE8457C38F14EDEEFC36DE62468BFD3B0E6B1B4BD413D2D5544763C17953700080E6AE7864FE13182601C6C0299C524E12707618AF9479C5B4DD0085F49A6A77A86E184A351EC7E2C3BFE05BB945F2AE4D94431611532CD2918AD9C06C103A8BC9FE00B8DB8BA6366B03A158FE54CCF2B004445C599801867F7A171FAA7AA3884765B476330E55631188CFA960D91737118BD1E6FF9FEA9F251E9EC3394FB77D1A5402ACF04487F7A452353B666A9E9544A5CD8E1E808744B47588C1F895340478097E1C85F3D188AE47E8D1DD6D660BCA2E654DE94BC034054B76E1E1F128B9AF74313D8E7BABB2EA46CC6D1B1ACA639C52EA21D1F457E6A316B06DEB8FDBC34252AB81DE936F874E3FB6D57B14DE9F2A8690ECF80E6A9411A71A47C08849DF530B9A72E7D1704008946165798E12ED733203C718BC63B3E8DDDDFD6A0BB1EDA08207CFA51E41C08E46C055489C232FC6A3A3B247E29669A78F81AE7B35EF317FB2187EDA30F8A5FA393A68C720B2A28000A5159314B6845D854DC0E360DC2CA7AC6B01000405713C522EE0A288A25BEAAC0D2B6CB99D0363DCAF97B14B760B6FDCAE0EBF8B946FC8D9A671E6DC508134B7C0CFCC3318228C23D45CC847DD1AA31B6A4AA2AF0D01397A9D7ED83971EE37A1C00925B76D50CFD6FF08B3F12469B198A1E0D7B01379DD21C6887BCD40DAA7D1DDEF25564696B711A786D55FFC0CB95B4C1352F8D942C94523D2FBF82ED40D96DE2AF7A4E581899F9A99B465777D4079720BF8A74595BB91559FBBE4AE1E8429FEBD52DD007805E2D7E87EBD67B797BF4BAEAE7C7502AB766131F94E0149FA74FB0C623FC614CF4ACC3169314AB887C1FC43D12E96C0EA389908D50619E8A0400E6ED37428EC724CBAA7B6A77882C605B1C8740CD5F9C8B1F93F928E67365DA001AFB5D3E1A118B56ADDD134FF9C8AE2CF3A848007434E8F788330A39B538B6B4F5EB67389E79CC29DF324B5C9100106DDCDE10B80CE7137F82F9FAF5AEDA9CB14F90E67AA6E9B53D7D9A379B7AFF17705E3970EC8247060000000049454E44AE426082),(10,'image/png','img',0x89504E470D0A1A0A0000000D4948445200000080000000800806000000C33E61CB000000017352474200AECE1CE9000007A9494441547801ED9DCD8B1C5514C5EFADEE999E889F310B93A00B310474A3A8CC04D293450231A32E0C882EDC288218313A4BF3B190386E03118D28822EC404C12C22F9D0C498996026FF8008063188912899854226DDD35DCFFB3AD34DE7557557F5401EAFEE9C86A1ABDEBBD5F5CE39BFAE7A5349D530F57855A716361B6A3EC7318F13D31A63CCBD3D4AD11CA003CC7C950C5D369199662A1D99D93D743A6D98EC366E7A7F6143DC8CF71B32A36E1FD68BEB00135F884AD1E4D95D43E7BB55DC0440755FFD75227340C22F7717615987030241838877CEEC1D3ED856D40160E37BF51D64E20FDB1D78D7EB0053B4A30D410B80C5C3FE34BEF97A43EF56668F04723A18B7A783D6A17EF19C9F72D8E7B988693F737481A3F2AF65A6B8FB83B01CA6030D4391891BEB8C8947634393725A5FD93D52FB45B7994BDB18B766FB71F35477815D66A669E2CA8B33BBF92FB70FEBC571A03A65569BB87658465C7547CD51694BC4A6B9DDED90F8E7107ED29522B6D82F304795175A993A02ECAFF991319C20C31EF6F1CD77DC2AF0AACDD266EA4AB0D7782243B4D6ED884D34EBB661BDD80ED8795C42815CE08BDC09822D2A97CB1713C56828B4037612EF0AB057770580E40BB3FDA427456FE995692A0045178BF1E7770000E4F74A65250050196B7E510020BF572A2B0180CA58F38B0200F9BD5259090054C69A5F1400C8EF95CA4A00A032D6FCA200407EAF5456020095B1E6170500F27BA5B21200A88C35BF280090DF2B9595004065ACF9450180FC5EA9AC04002A63CD2F0A00E4F74A65250050196B7E510020BF572A2B0180CA58F38B0200F9BD5259090054C69A5F1400C8EF95CA4A00A032D6FCA2529E09907FE3E550593F4E4FCA3DF6EFCA3D94F7B0A12F469EA68F35E906007DD23467E8BEDA3C7D6F0CDD65CB0482B1EBC7E8E19109DAD967B34275E114D027AEFA3C6D6A87DF2E93F537058203EDF5A2BF03803E09CA03942EA5756B820000A425BCD8363C41B362D0E769255A20000069E976B50904AFCA93520F75357516354000003A71A62FC8C3B29A23DBE825AD100080F4DC6F6AD50C0100B829EADE2B5A210000BD334FF4688400002462EEDFA00D02AF5702EB2769949AB45E26549D8754F7B73BCCDE8513322E26FB74D571B93CB8C61DE5E26F0754842B86DE00A81DA3CF9A0D7AA565965C53D5FE2A0A045E4E01F5EFE851F907951BE16B4FBE4B5F11AE137801208E6955972FCB6A317408BC005059453FC9E4E9F765957C97D845083EE86A0A66D1CB1C809FA06BE6248DD79AF48E285F2F13A7424F0297949EA1476AC7E9F9CA36FA7A49DBDFA28DBC0060C7CE5BE90F79DB718B74E06397E8809753C012C786CD3C3800003C981CF22E0040C8E978181B00F06072C8BB000021A7E3616C00C083C921EF0200849C8E87B101000F2687BC0B0010723A1EC606003C981CF22E0040C8E978181B00F06072C8BB000021A7E3616C00C083C921EF0200849C8E87B101000F2687BC0B0010723A1EC606003C981CF22E0040C8E978181B00F06072C8BB000021A7E3616C00C083C921EFC2DB7F0BEF6782394777D4FEA57D52735BBF3AAD7D72E3C8152EC933089FA28BBE350601006FA4FFE68FD3518EE9A8DC37BAC2B70941EC2FA6B7AF9FA0C77C4310CC2960C5363A6D227A566E199A0F2210CF8390A3C0ED26A6973DEF968201C00A5FEE1088058D650DC0B28680E99F910A7DE21B8020E600AE687B24983F46CFC8C399BFED3327F84A6E31FDCDDDB688EB72DABB5229D161DE4C7FFB1E7F90005813564CD00F7D2160DAC8C3B467648B0E087C07DFDE5F507380F6A0DAEF1602C37224489B181ABADFD4E9C7EBA7E8C1763DDE0777206800AC1C403078A8836C113C008060903807AF2D04008060F060F36E5118000041DE4807AB2B14000E04D71252EDC4B04667E44FBDDC9DE84343AA038503C0AA589C18DACBC64908881E903FF5F25AAA5A34261C28240056453F0862A23B134AD190EA406101B06AD22090E711D644D497A96AD19870A0D000583516022ED3E312FC41F9F954046DA84CD0CF09A568487520D84BC1A9A3EDD158D94ABF48179E41D8C39F7ECD853F02F41387BE6C070040B647AA2B0080EA78B3C501806C8F54570000D5F1668B0300D91EA9AE0000AAE3CD160700B23D525D010054C79B2D0E00647BA4BA0200A88E375B1C00C8F648750500501D6FB6380090ED91EA0A00A03ADE6C710020DB23D515004075BCD9E20040B647AA2B0080EA78B3C501806C8F54570000D5F1668B0300D91EA9AE4805A061C27A7894EA043C89EB9569C4CC57DD3198B8B1CE6DC37AB11D48CBD4661F91A1CBAE3463E251B70DEBC576203553C93E32919976A5C58626AB5366B5DB8EF5623A60B3B499BAA3B7D9474CA5236E07915949A6760810249D295A8BCDD0C4B5C3AD4C9DC1DBECE5167BA2EABEDAAC219372D8E73921647F6CA2D972B97CB1CC24775EE315BA0376C2D768341E8A381EBBF1CD972FB4F362E20B337B2B63AD9B43A352341937E36981C0B959D4AC940F90A77837A9D1901FE743B01AB603925DEA4BC26FD8CC6D67EBD7C0B3BB86CE1BE6B752ABD1A8D001DE6933B7C23AD701CEED19FE88387AC3D2A15031248903AD6C25E399BDC307DB867400B00D160239348CDBF343BB00EF3A1CB099DA6C5B5FF42E49AD4960D77A67B13AB5B0994D73BB315C9553C9DAB45964A7180B013AC07312EE9FCC66C670E99B99DD43A7D306F93F91D10B021701F0920000000049454E44AE426082),(11,'image/png','img',0x89504E470D0A1A0A0000000D49484452000000800000007D08060000006A326B0C000000017352474200AECE1CE90000107B494441547801ED5D7B9014C519FF7AF631771C0F89080806D494C1444B2A8516A5DCC1C18180A089514959A6E223BE2AA586870A1C1CB9C8DD0182A056B462AC10938A89A5D14AC44061400E8E408C2668A2464294680451411ECADDED6B3ABF5E6E96DD9ED9D9BDBB9DDD59A7E79FDEFEBA67E6FBBEDFAF1FD3DBF30D237514D5039C53805EA46131838612A36888D1876C2A7D5C5425D26EC6D27EAB9F2E7AA0633D4D224E37C3E1D338D1C0F45B41F62EC8F03C0FD0C39553696F7A99DBBF15015CF630FF138D8844E9E7007D72AE5B314631D479441F49F3D97914CD55BF10E58A0085F062966BC4D6D3B838D17368F983B354C926DE5111A42B8B313428026483A09772D1E5334E2FA0E557F6E45200E65FBA4E13D964FAA827E7E77B4E5E04A86BFE7C48D4D06A981618C5391B446454E57B0317EA2518678738E307B8A1ED0C1AA1D75B1B191A9A778EDE826F5A520C123812A0B625726E2241CB38F16F994A7930DDCF486B1C3A2AB4F699592C516AFD7281AF113DA105686DB02FBD46EDD42F12A731E825966098B8D04E77B749909500354BA3B7A0953D429C87EC14F3A0AC8D05F4ABDAEAD927A5D2CD097C4CF08E61A67F6DC5745A2FEB271E0D3B372449B0442E13793749604B809AE6480337F87D76CA78590627EF0D33FDE2CD8B98ABE3A69D0FBAC05F87D6DC472E17E007184D0B4DA79D72597ABE733DDD0D32AC4C9799BFDD22017AA4CCA3A625723594F871A6B43C72D0FBAC288F3E77EB63C5EDB50A01BEF070C565B40A64B9C7CEDB20D6D72211DAC237D110BBF29ECA327A802B56F07E87639177E0C8D3AC17640631BE03E3EDAB8C191F18981858EBB82FD188F5817EA389783514186A77474DA3D9DB16553C6457566859A1C04FD7AB983D410601B275FD8CD81E2DA05DBFB53EE4D885A51BE1F6EFCB1FE37D8E1C8C2CC753C91D98A764D881CCC1A155FA8867E6B20E37F570037C53DF6291206308E0065D672A60A68CB143612D5CE325F0856EEB6E63ED6D8B2AEE02D80F98BA9A297A86411F7744AACDBC1BA99BE00B7D8B351CA40850BD8C9F8D6E7594EC2CB4FE79A59854C97A64CB0786871BC4E44F2EE7069B20CB0A95771B7C53CF62902045808011FF8A79E3F434A4855E48CF7BED77EB8DAC133A6D92F5C2A030429615225F2CF04D5DDD26418A0009CEED2654EF6FAE67874C653C9B726D974537CE6D26B2965ADD12141B7C53393749902280C6296CDED04CD1FD1F377F7B39651A59F56454D005AC52816FFADD2D12A40860DE48A5560F941A7C53233748A008607A374BEA15F04DF50A4D024500D3B336A9D7C037552C240914014CAF4AA923F8449FE5B3B62F5DB2A0D942914011C006969CE06B3435D71F3B36972DB8A81024500490602917F04DB57B4B024500D39348CB0D7C53F5DE904011A0CB8BE50A7E6F49A00850C62DDF04DF4C7BD213F89E00918D743EFE51FC03FE41B4EEE411B37D8F4CF84C9073A549126874AF5D3DD8283695FC91EF38B953D9D704E0DBA91F8F037C4E7D658781146507BE6903F61DAEC4F27836128CE93C423F35EBFA9A009D47691E5AC5D9A633CCB49CC1376D702201F6727D2FBA91C68ABABE2500DF4855007AAEE9303385ACA3DCBA7D537739152400C0F5B25CE48D383588D4B70488185487D6DF4F38413A167B619147D2A9C7597D062D03A92DFB2570C1297C0BF5F52D01D00D4E92BD8A9D45FFD12FA3076579D9E735BA43B601E40F473A699C7F09407486C5299C768204862C2FF73C8682DDB0E1A06C074870867F09C06980EC10BC82F3BE45F6051180D8FF934DC146FF01BE2500D86F79850C63E579B293BE08793CE60630E45937FC6AF4B16F090060DF91C185A3AA31313A4596977B3E8257D54178CB4217C07FC7B704080669830DB083A2EDB4C6465EB622F1B80BE5530B3F2943187D1A9C467FF52F012EA5BFA0CB7F37E590AE1F9801DE803775E7C8F272CCF33731D34FD05368FD67CBFAC3F6A7312F48F8960062B68FE5D21FC98E1179BC21B51AAF66CDB62B2B175912FCF7E87718D666CA3AC3F64E441F691272DF1240181F9E46BF8133EC8602BC6E486BCA95045DE03F0B1B2E17765A0E4E0B581DED13725F1340F4027A88AE4577F8B6C549109423099C5A7E1270466B2B6650EACD695F134038844DA1A320411DC8F06F91978F7222411AF8F62D9FD153E1E9746BBA8DBE27807006BB94F6EB4144E42A6312E4033E5604BF0B1B33E22829027435877226414FC117A62B0274114024E548822EF0B34FF8D0EDDBB57CD36C4500D3135D69399120ADE55B1EF592E6E4005FD45104E8023E3D290712A4819F75C2E7D4F24D7B4F1240E39F994233459005BB980166B1675283F8E9B23288266A7D655CAEE490F732090A05BE303F4500C6B40F2DFEE07CE089D03196126F09388D9115E28CF53A06BF17495048F085CF5204A8A808BE898050198F0849A7C6633F909DEBA57CED327E2682324F977562DCB05DDC91EBE5CA7B890485065FD89E22C0C6B9EC5384FE6BB33A84CFA9698ED559E5A597D4FE825724E29127A0775F591B4D8B6F96653DCD7B81046E802FFC9122C0890CB3FE6D485CC3BF231B6B9A22CD5357F32FF5D489853CEF9AA779A07669AC36FE41F435FCD33541BE3642DBECDA525FF5BA2CEF4DBE9424700B7CE10F2C839F3C38022E8E6F8ABE8C1675D14969E62FAC24ED85C4B2BD28B3968B39CE2A31393D1F0BF50E71F80353B63784EC76C2F65A318EEFFD20C2F7162C117FD5EE62F0CF1CBC9D53B08DA56E822FF4CF2080108CBFBFF31C23CA5E8683078A7CB91D98C7AC6A5BACDFE3A6DEC52281DBE00B1F650C0142B0EDDE8A3D4CD3AE84238F8A7C391DD0F9C9BA45E1F96EEB5C8CE1A018E00B3F597A00D3791357748E8AC7D8D318162E30655E4D017C0486346E5BAC2F2FA68E6EF504C5025FF82A2B01446123E7DAA6A6D8F58CF89D98177C43C83C75307618BA3D1B22BDE9A5C5ECBD52E896930444B3D3FF7FCFA56331C117BA3812205DD9E90FF3FEC73B2343B08BAC2FC2B1EBE965C5FC9D8891110CF2E39C258ED67654EE6F6CC4EEF6121F852241B1C1176ECB9B0025F6B1E76FDF5B1294027C458002D32A2709345AAD0FA0C5EC12EA48BF35DF4C2311B8E1093C5AD6A6CB53BFF3F8572F55B79B3F540FD04D87E5AA9E9304447BB08EF15B3C7EED82F3FBE3CB2B63D00FDF04F02DAB99C97BB908BEB8BE22402E447B509E8B04795FD265F0851E8A0079A3D1BD8ABD264111C01716591682BA67A6AA9DCD03C9C5A2305D82A5E1D66C751CE4CBB199E33A7903A743FD1E172902F4D875B94FC4777F0FE995344563781183E870AE3300F85B2C40332B67D042FC2ECAE3AD1A0272A152A0727C467E40679CAEC6DE85197855FB7C5C7628FEC98C0068B111672764EB109D647DB1802F9059EA32CA03CA03CA03CA03CA03CA03CA03CA03CA03CA03CA03CA03E5E581BCD6016A5A225FD70C3E197F5CE0F9959D86CFC8DB85582D8EE59CC570A34350FC038470D8A6258E6D6B6D1CFC79716E2E82467036B1E5F868C308D671A69DCB381FCC191781984A73708A11639F607DE17DA6F1AD832BF5EDDDF96ABA230126B4C42E3612899558B018571AEBF2B92B3B86C5931543FB84D774C7F07CAE2CD7A95E1A9B8C05BAFB3DB93BAA4B59007A10B18F9ACE1DA43FFAB3DB928D453623239F9500780FA01EC03781F259EB645CA9C419EC0BFC4788C257B8B1354C6C8DDBDC1C5D81D67F7789CDCCFBF6F0C78E300B7F3BD797DF6DC1AD5E1AC5BE76E38779DFCD2B15197D14267D6CA14980C6F06B807F9D57CCCC570FF48C7B49D3C7B6D5334B5454F31A963F83C62F8D7EBF2CC11716711A12A3E8F3D7AC767A69C4343DBF747C53644139829F7407A7B37822F2AC78932A9BB5C1F402F1EA57FBF1E8AA7499F95B6CBDC690B01E3B08FEA6112BDD9B41065572CD18CD0D3609885BE2DF02AC0B0EB447E740EF1653F79EA6939AF84810AAD1EE7CBC7EF63906C70DE8425F856F0ED8D529860C310DAB881962C7F664EC2A3ACBE69E350776C76E82FC719BB2CC0D21D54D916518F317582A32F62A2616D7B7D5EB6F59CA4A24A8DDC283891DD185F8D3740926651944C693CAB160E2E8F0DE3E1DD434753E0EA7DE2C9B08D0B70682FA0DAD0BD97FE5B252E5932FCAEE8B2E45239D67336FDB1F4CE8235B1B595CD62F6308C01EFBEFC81590DF1FAC0A4FF112F842C7D6892CDEB6485F8A2D2DF75975E6FD8D40FFF15679FE92C646AE71625759CF60BB0367E8D3BC04BED0B1F546D6295E89638CFFC4AA330D8B6BB1D136F2933B82C49B40B65D0863B35BE7B02376277B4116B824BC0C2D5E7C10413A58AF08D05AD9310C2D69A074510A9276BB70B62CF74AFE9441BAD87C62199298665C6CA763AA0788C703675A2A804E15C1F08B16B98704A227C002C84BB24AE80A2D5F0491EB38E5190F0CB09433D671DAA8609B45EE21C1BADB583B1AC476592584CC192ACB443E450074FF43E40A90BDB76981F75F126586F6BAAC3BF2A7DAC8F216C5E3CCB2BA87D5B6379E9965134525EFAB16A7221EFF2CFEC06AA5AD3F5204C0642A64518FB38C17182CE55E1168992F5A24D562DC6A4F37F40D844E368ED4698C97853F10340BBD80E5B07D143C49004B7D25F083071401FC80B2838D8A000ECEF1439122801F5076B05111C0C1397E285204F003CA0E362A023838C70F458A007E40D9C146450007E7F8A14811C00F283BD8A808E0E01C3F142902F80165071B15011C9CE3872245003FA0EC60A322808373FC50A408E007941D6C540470708E1F8A1401FC80B2838D8A000ECEF1439122801F5076B05111C0C1397E285204F003CA0E362A023838C70F458A007E40D9C146450007E7F8A14811C00F283BD8A808E0E01C3F142902F80165071B15011C9CE3872245802F20CAF842096244E477A408C003FCA87C0A822C0C47D0A5BC2F269F5FAC3C5E87FEB2E55E9C7D66917543601814B1A96EBD8F4DA5528B10D6D026388676DC4EAF1401102B427CBA443A78FF9A65917324A1F7B2E2DB7B9683678D8D67A96A27081896F0B322848E88A46657DD4B324EC685B23E08F6725096897C8A007DFB06FF89D02251B912BECCEBE9E898228E31BAA8CB64BDD10DBE21CBBA93AFAAD03FB2ABDFDE1E9D6727F78A4C84F7258E6F934A073712367194D208B0E12E117397B74AE7214E12DD82F071D7C8722FE46BD7F05378827E85614A97F53134B6499675279FF407B15D36E7CCAF698ED5D9C84B2EAA6BE6438C84F14BC44F4C356C53A9B066D8C636CA18DFAB5B3A675282D69927A5A7883BF3382EBBAA6DA1BE078111313D28DD317939C717B8A297829D08694BC3644D60D49FDB1A2AAA657977F308997B23A2A6AEB59E27BE58CED65030F4E8F685EC5D6B797125752DFCD498119B8978890FA0319C2ADF1D73C2DFB735E857CA7291CF2080105437756E41C8D55AF1DBFE404F41B4CFBEAC0852C62B11BF6FA44D30C413370739039A366E6B7D68676FB5693C11247A97883E9AF55A8C1D4673B08465CB5ABFC005005D04B31A91F5B28CC5821A5DD05AAFBF6D57C7420084471D1EA3C82BE8FA4FB73BC1EB32F44E8B1030B1D761624D3B45FCC4788CBD0C1258C3C699953C9C32D26E6D6B08DB8689156A5BC60A44DADE474C9B892EDFE6A9C0C3962655D31E2A24F8E2925BE657EC264DFB263ECA70D8EBD667E8879E90696C8913F8A2BE850042D8B628FCF710E9176180681579AF1F18E38E68A4DDBCBD213CDB0D5DDBEA435BB5301F8BFBBCE2C6F50B7D4D34DE4F10DB795632946E8E8B5B8600B9BE981862CA7327D6836A31BB0CCBE5A5CCC3D0BD78E479AA4F5578D5C6B9EC53B775C130C02634476761E1E97690A10679DBD87B6EEB91FDFA6C37807F726030FCE0F3F3F35B08FB3F234F7693E54F62DE0000000049454E44AE426082),(12,'image/png','img',0x89504E470D0A1A0A0000000D4948445200000080000000800806000000C33E61CB000000017352474200AECE1CE900000EEE494441547801ED5D7B8C54D519FFCE9D9D075D106D7D158B1A8BD62A55ABD21ABBB85005DC25151A24C63FDA943669622BD810A50596565D415A7C4B5A539F55634CB56A53DD0544DD75D756826D55AAD658A2D8A204A5581476EEECCC3DFD9D81913BE7DCBB7B1F33737666CFCD4EEE3DDFF95EE7FB7EF7BCEE9D5946318F692BEDC9054EF389D32C62FC58CED95144DC8AA9D6887B4480316623B6EFA3EA4DC6AD3F6532C947365CC5767AB00626B1C09C12E379D7F1899CE77EC5195D42C8BA546D8A35880000B117666E1C7B486A55F722018EF047A4C4B5AE1A9CEA38853F704E47843769242A1D01466C53229D9ADBB384ED08AB3B34005AAFCF4D71F2FC794E3C13D698E1AF5E04008237C68E4F9D839E604F182BA1C6EA96EBF96185BCF384497E9810D7861739F9F2277B72F787B5D61446801572CB38D1045906E8CB6302788745EC5996486D69629493794C397E0472941B4F7976A6435CCCBBDA648D9CF3392D9D8317F4AF486E94EBFCCA818780996B78F34036F7A172F733DADE44D6DC9E8ED44B7E460CBDF21168E9CC2DC08AE02E65C5C5A8A7BF23333DA8C5C043C0402E7B8E927C5849B0C40293FCA0E1AE1C5FFF8AD4BD8CD14DB246F4C653A75DBDFB5099EE570E0C00ACF44E9795C0810DBDCB934FCB7453AE4D0412C7A45620E159B7350C03096ACA4C76D386BA0E0C00C6F9E18A22CE36293443A859047A1620F98C5E950D16B8A5E64A663A500E0C00628971B20ECED85B32CD946B1E01250716634AAEFCBC0A0C00CE1C65C2C8D02DF82936F41A45001333D912F665955CC93CA57260009404CCB9B1226000D058F90CDD9A501B41A1B5FB08B4AECCB679AD2A7CD8470D99336EF72DCFDC5CCB066B01001E1FCFC34ED60F6AD9D0BAB0C58BFBF83505801902EA0219D573D200A07AB1AD0BCD06007591A6EA39A9650E80D79936E1E9E167AAD7ACFAD48C25FDBE5A7BAE05007D2B5277A2A1E2630ECD11304380E604E8366F00A03B039AED1B00684E806EF30600BA33A0D9BE0180E604E8366F00A03B039AEDC75B063AB4706AA73D47731B46B579BC0C30254E006201001B175F8371F131479D46C00C01759AB84AB96D0050A948D6A91E03803A4D5CA5DC8E3507B02CF610BE99F2B74A3963F4848F0027762977F859E125F74BC4020066A0DD7885E9C1A8C68D5CFC0860157606B44406801902E2E7A0AE351800D475FAE23B6F00103F8675ADC100A0AED317DF790380F831AC6B0D0600759DBEF8CE1B00C48F615D6B3000A8EBF4C5773ED6465054F3D356E6CE28707E5C54F9469563161F7C7E59A6AB96EDD302803C772EC7B7DACD7703A54CF342F1BB81E32572558B6608A86A7847BE720380919FA3AA7A680050D5F08E7CE55AE600F8099B77F13B362F8FFCF0D4DA43FE49AD2D6A01405F47FA5A34547CCCA139026608D09C00DDE60D00746740B37D0300CD09D06DDE0040770634DB3700D09C00DDE60D00746740B3FD58CB40EED03CBC957A92E6368C6EF38C4E537F2D387848620100DF09988B57C3E7063767382B1E012420CE61868038D16B005903800648629C261800C4895E03C8C69B03E03F5421065B1B200E75DB04FC678856FCDB8E49511B100B00F8DFB577F72D4F3F18D5B8918B1F01ACC21EC0643C3200CC10103F0775ADC100A0AED317DF790380F831AC6B0D0600759DBEF8CE1B00C48F615D6B3000A8EBF4C5773ED63230AAF996EBB28B1867B3A2CA37B0DCBEBE15E9F9B56C9F1600A081A7E14726DB6BD9D0FAB055FC66504D5D3543404DC33DF28C19008CBC9CD4D42303809A867BE419D332076056E20172F84B232F1C7A3D628C72B5F6400B00FA96257BD150F13187E6089821407302749B3700D09D01CDF60D00342740B7790300DD19D06CDF00407302749B3700D09D01CDF6632D03F132E25A3CD8B941731B46B5797C2FE4107DDF0CE25CFCA4594D7FD66C5467DBB3F1F1BE1A648600CFA08E1EA201C0E8C9B5674B0D003CC3327A88B12681AC29F1738BF8BAD113AE91D7D242C1B90693C0B6A89EC5020039CEDBBDCBD39BA31A3772F123806F06EDC2DB55911599212072E81A43D000A031F218B91506009143D7188206008D91C7C8AD3000881CBAC6103400688C3C466E850140E4D03586A0014063E431722B0C002287AE31040D001A238F915B61001039748D216800D018798CDC0A0380C8A16B0C410380C6C863E456C47B1C1CC22C5E20B5F2EBE8DC02A7AF13A3097882E9E0FC9EC5E885E42CDA8C2F46467FA619C28FEC537412EC9E8F7F5B379139D48C5FDADCC113F46A3A4DCFB0E9940DA12A322BDF489FCBE5E842F8310971391C9F5D89046D4D3AB48EB5D30791154710AC3A00F86B94B2DFA1CBB25DB414FE1D55F4B1946A9C0B2014BAE8DD81A7A833D34EF702088254F103F6C54B132B11ECAF16A106DBC28DA22BB0680FD05EF0FC263D8E56B1A9B4BBE20E40E101F0ADB26D123FB39F7043BE001F1CFCC1872701CAA5E9767ABD1A3EC83AAB3A04F0F534D1DE462FA2B1B7C0F0FEE4CB1EEC2F1F8BD39D68FC73BC8B8EF06689462D02B08BEE41E2BB8AC9F75183BA667CAECCEEA1D773EBD14B55F818E82EFEB3EC2DB031AF987C0FFDA05BA8BF08E75700961F7BB0549C543500F067E8986C01C917775CF063AACDE905BC64F6D9E022FE9CB09D00009F70382DF0E7526A8E760AD433D845DF506A221290CCC5B8BDEF4262534154C0EF26F0AEB5BB687910FE383C550180087CD6A627D0C54D08EB1C1A7EA2EDD0C361E5BCF8EDEE62971FFA7D39F89FC9133DC69FA3A3BDF486A1E1CE3F1FFC6BC2C89478118BCEEC3A9A5D2A57E35C1500D8EBD0DD713ADBCB618CF1AF618CBB1B13A0FB717ECB8B07099881E47DDBAB2E280D819B04DEC59EFC8CDE871F8FC2FEAFE1C75F3C27A09C8EC4BCE01A4FF980447123304EB722914A9C617B1FEC6EC0E7765CAFC359F9BFC19067E8396EC16FA924039A0CCD569D49A0433F953D4103F762E67D79A68DEE2BD58906022C0B01961B705DD648C7A19F81EFF1126FE8B3438B659D4207FC589B3E9496B07369A0A413DD7D6B9ED103F063628976E0FC7DF402CBB13AF850A2072AA26DB3E1C3A90A33A37EC4E23B63DAE89D525D71BE94A7DF012CD34B347186FCA4DC07340F9715E915DDBAC5B5824C99216C19772E7E03904E50E4182D4683EF73D3910C0E40DC86F3B56EBAB8066D0ADF107E0811B2081A6E3C9A23AEDD07743E8E95C64277F2457DB29D7AB10C9B8F3BB16C05023D4DD97DF42DB78E30D75866AABD1896BE997174913BF942277E36F3DFE9F134073EBE23DBC01CA66AFF98ABE200C09D7B96DC0094DF45A27FEB412F9252195A8D869775812289F6209DE92733247D3DC66E8FF90712DCE127979A459B50F7A45CCF2CCFF6C86C9E65DCE54A2C80CC1BFD9699AC853E86DFBF9495C16F458FCC13B55C710060634799F8A10143FE2218BAD83CEED897E54620809F976941CA835E3E0060A936FAE750F200E166A5DE89E683D003102BFEA3A7516DB88C5A4D1EF51E607689C4BAAC38009034F5A7CE188D1DCE4B80A459E16134A8D0021078DEC307A2347597CF336455E86A153F3DDB230BFA953D625170541B6E7156F0AC5763EA168A715D710060DCDBAEF8C3319EFF99C628F4038403EBFEC972BDA72E99C9A39C4AA83EE06E4C6269778E07BB9B749EBB20AE014CB53D32937F5991851F8A0DB73876035BDDE5E2358BE583A2CE4DA83800528C9E771B10D7E8DE0FB377D36A995E2A63C368AD4850A92CCEE88E6D4C8A5E74D3825EB30BE9BF48DC3F647ECCF06E173B83325D94735DF45D9CCEF5A8EBF5A00522C107251668D74FECF574B29782EC463A01B15AA2D4F1EAFDA662C501808719FF116B6BB91168D822EC6CDD231E8494EAC42C1FDBBF8FA27C6989E63AAF2F4E8A5C84309708F423323F40F695EC36EA172B95529DE89950EEC09D775789563A23811F61C9B8B1540E7BB6129E3E64B0D3D88B585C0C7F8AF117E76C37B68073581E624B5AB6C32D558FCC13B55C957D00CC747F81846F909D125BB2768EBE87ADD17F0124C9EC201D2FF38832928736D3D55E754169A931745B7680AE40F753BEAD8CE1087EBC32D0453BE1E74EFB233A1941F78C03FC582D2F1983DA177C626501808B6710E53F8D8F4D2600EE11006FAF8805CE5F048F32FF103AE0430F56503DE2BA1A47E01E80710B392D3F38877B1E4766363D8D04DFEF51555AA39F88061FEF557F807653AA9DFE3E44FDB05558597C048F17FA32220968D064DFE413FD1520BAD5573E78C52204C9F3E9226C37C387D37D934FF4314BD28F8634C5C434A5FC00B0955C95731C2C050600F1C2C707C5F65F31CE4F9469A57286E88702BDA572D033641E4FB7A93B8941E5DD7CE9D9F4906585EF4910D1B7D3196CCA54E0FD006C3C6DC54AE262B46BAFDBB7E1AEC19F456A2F49CFA03786E15572E070AEE4CA4F47700058EC034509E3BE8F4D3117B0D347D24C34E40E7C864524822E76E15623F92258653B728ADD1004E8BB0623ED02E82CDB68F25301BEA7F172C814767EE566DE63DAE959ACEF5BA07BAB9F5D89BE0DFB29E7013CDD12BDAC38ED5E9E41643F9DCF7C5A99B0D45C7D5A597E111C00C45F2D172D6E74CC6C5D393843A697CAEC6C1A44232EC364680A12FC183EFB4A75A53382B207487F08E7D3C6CCA6A5386378ACEC21B6A0D3299A04DDB7C2D6FBB276D0F128809EC3F922F83B935D40BB649EB8E5D44C7A397D1C9D829DC52B60678B973ED05FC7E7CA0CA32F61D36AB3178F9B56D89EEB446F8FCEF6E0817FE75B485B4DCA0AE82047F915DA1DEC98B986370F64731FCA0611D0ED4D64CDEDE948BD349C2631E31EFC1FC65DECD471871C00E3BDE417680B3BD573E366387591EA31DE32BCF0710ABAA489D87469C69DB6A3691C025FA5B780FC9C140F7FB278D08379CAE19894EECAA4692B7A9D6D7EFC32BDA533B700B720562E62BEEC3A30ECF67764A6BB28435E060680D032F53A7B0DE7FC4A5923E621793C7EB9C322F62C4BA4B63479EC80C932A61C3E0239CA8D475F75A643FC12CCA67DDE7348CCE85F910CBC740D058096EBF96194B745F73221BCFB46A2DA1140F7FFC7BE8E74A82787E5DDC7301EF62F65BB134DD65CDCF1D961584D758D23809CBC31F69094D8CD0C75840280D0DCBB34B5D94A5862761F78A619CA23C31C3A0248FEA6443AF5CDEE45E1FFEF60680008EF7A9725FB18A5CF82E187B15535EC122F748B8C40A008A0CBDF8BCFB563C7A75A7B96B01D818424A650730049B6589CB6D29E8C2F7BCCC77A74162682C76277F0286566EA256868A1238064DB88AD58C6BE8997B99E1C934EFE7EC3556C6768452E81FF03F685E0492769DF8D0000000049454E44AE426082),(13,'image/png','img',0x89504E470D0A1A0A0000000D4948445200000080000000800806000000C33E61CB000000017352474200AECE1CE900001B24494441547801ED5D7D701CC5957F3D5F2B1939420B061B0B702CCE106C03495950452447320607130C47618E2AB822458EE4E0AA727754C287718A70961D1352A9147F90CA25C70115AA204E71C68009602C61035541AE0B073260621927C8188C59E1F8433B333BD3F77BBDB3CB6A3FB41FFAB0B43B5D5AF54C4F7FBC7EEF37DD6F66DEEB1634C94347B734F4D7E924D770A2D2D3A292BC264D22967E94A4884A4D46056222A9CED19D0629A445924C4164491216C724C8941C4B89D31182406D440ECABBC8EF08920EC728EFE28A83924748C8189188A19D98F0458CCF85D062BEF06382F441A1FB313361C5BC8BE9B39E4E9118A1B5E37E6964664C00794BD7CB46DB735BA4942D60F25C21653304DB0C2934F33104780A84AB4D0029E3D004E041F280146240481A005006F818E0DA2384E88FE866FF96BBC4A17168B8E42A270C004BBAE46C57241648E9CD1724168009E742B02DB8BB4E2E99DA2ACC08011CC468D20FF0BF2349F609A1EF34A5D1B775B5D83711DD1D170028616B4E2BF9D48A4EB5A2838B30F4364D4487AAA60D21067183ECC0CDD24B1AF59ABED53B1EA018130074DC2F9B13AEDB89E1AE13447748495FAE1A414CA28E08411FE066EAC1B4D86D986677CF9D984E46192A0200E66BD1B9D6BD2821E5D5681F3F79F628E9285A1C77421C73E8209A8602C64A17C7C4CAD8604A1983FE16F3A576080A83A309723C287042275717D2F134E9184EC4D14D725D9D9C7A8B9CA1E950EE10EA0F9335E490657A64792E417FB32DDD17962785253D32752892BE24CB8712A909BF1134642A9F3CB2412985124A220A1A58196DC2C857C7758F6B10E23D4CA54F1B426CECBEC7FC23788219B5BC501600DAD7D9E74A4F7C5708FF3ADCE5B3CA6BAA70EEA470690FA8EF471FF6828103403B14266D9FE91903279C42FB9FF99E3856B886C977E5CA5FC969470FD02C574F4099F567835FCD007033C033074C6F81E0E68E2548C0AFFD44DA93A4C95F6F5F1579A7548E1405C0CADF49FD93F79DEB219CDB80F28B4BADB840BE03507676A2D19D426A7D24C4BB0619FD2FDF431F5582DE026D4C89641E452F594BA7B95AE22CE1C973A4F01780C7F3018CF9E8009E7C2A0FE0E5EBE0F143A7CEB39ED8709DF046AAA9200098C06FAC735662E8BB0F0ADC39235552E0DA01DCD95062A817CFEABDF556A4F7C51F8A0305F286C9191CB8EC0179CA9063B7E221124AB452A417E172F9A0C01481A9F0DE5756591B0ADD607901002DFE4C87ECDF028D6D19748D7C28E81308BC879514C3F4BBBBEFACDB357281F06A391CE8BC3F7E76C2D53A934A362BDB650042D0AB16456EC453C45FB2DBCC01C0E275F635D2A7873102346667CE3917A20F156C929AD8B4FD6EF38D4228CB2917268C8A033C3AB7FFC4BD50F87205748BAB000A9E36460C90CD21A1D1CDDB56459ECACC380C0050F2AEC6B3FBEFD1809E9929EB1843BBF638948D47B6DF13792BEB5A787A1C38D0BED63E8F7CF16D12FE8D00C48C422460844E904E2BA1246E4CE5490360F17A7BA1EFD20EA0C94A5DCC8CA165EE8656FEC0F4E9E6A3CF7F5FD899D7C2E3C9C181CB1F9491C387DD9B48FA7760FA6EC9471546025B18D4BAEDAEC8DB7C3D0D80F62EFB59DCF9576417E2A103D956CF9C67FEB29846995D363C3F3E1CE027B78FDF776FC5CDDC956F2A874C9FDBBE3AF22DA64E0140BDC973EC0F73C915FF6709EBAA7CCA436EDE3065B2714029F3D2791A40383F9B36C38A9CCE6F12D557B6849358909D01CFE883D3EAACCB42E1E77066CA24B0EC58862CCB6CA253324F7E6615FE6DD919809A86C633E9B3DCF430652A7120294369E4D22C97729A0280465AAED1020C2AF6BFEFFC271B64E4160E53A6020758762C432884D3B3E9D584FC9CD31400605DF3B7EC0CEA5CCA9BBDD79C573AD7DB459F33F3960F138F1B0758662C3BBCC5BD391F11304CF998D39377377F45C20364BE002DF2E2842BDE6CEB8A3F6CC9C84FB7FE08C60B6198B41C58B246B638C2BE23E1D2CD106AC1D15BF81817100A66C8ECA1AA48D2775DE17CA77D8DFD3F92B4FF9A75B6F152F85898C9A5E377CC8F7DFB77252E15E47F0732FA7B885687CC4A22A82400A46A0ADE105E4BE45DBB7F97F7517B97F304E135F0CCB38C574330A4B83431B17AD6DF9D6823BC0EDEBFCBBE1EAD9EA6445E9ADCD344160400E6081F4699C9A78474F66107A74177B89D3CBA7DFF2E3F861749CFE305C356F2CDEE6D3F121F0CCB199E8C090716AF915F26CDEDC48DB864FF2EE7723CA9C108A58420848B29DECC97B32000F086E8105E133D0553E89B469A4B92954A58C4D00D20EC06229BDAD6C4FF0A306C47B937744DEF3DA5CE7873C3ED62281F01615A7E0EACFCB9AC3F104F5CE0F95E2BDEE15F08DEB6FB649F816F3525077EF70F6BA94751761EE4D99EAF6041006024F15F5B5DF74F8B7F1ABF5FDA6235BE05FC032A8AE4AB244FDA194930D00D9EE7D1C747FD44DB1A9B0D41DE463D3B7D4DF6695E64E72BAB692F8052E6A095A7B5299C043E896F74D11CBCA2874188988F1B693E18B2F0E3A30EE2A41257EA7C9E6203786AA39E2775C35AD373B7D80D05FEA5422A414100A42ADB7647DD9F717CD325EBE4ED8E6FFF23DE1EDF02A261D25D7A083A723E3A763E08830A017461A458DC25E2983A92A6606C1A0D9330A9F97B0DA90D50C41CE8F98180C9F4D40F1D3F932793ED362784DF2C7C6D0E7A047378D9821BA265719793340D53B781FAA73AFCC551E9FD87E0610A267F3D6D9AF5D80BB72B9BC9A2858B022055C3CBAB04BF15FC05FFD4E747096350FCD091AFA6F2941BA36C1DEA60309D8BE364718023C1E3DC904D00878DF47D182360EF86F6058C40A518C4A011F3E199C331181A13861CD41366CC3128B6F42E3AF463E82FE5D2524AFE1F4327DAB29E1AAD04453DC38DCA048C3F351FD39F886A988F3986DD5F13BA82B9599E04E796591886672786ECF4C82933C6F04A849C4D27EAFF13F8B2917F957C9E2F1900990D070DB12DC07FC0B3E70CC773974A5F7662BEE944E76767E61DCD7130E5E00EA1B960A8FAE37F6A140962B88A3162F01F5FA8116FE9C264B7C6C6DC07572E76E90A5CBB70EC0244CACD4BA52BD72FA9AC82C1C4B4EB18AEE173B8844B59D2B50C65F8D80208CD2D5DB6E2972A947A77AAA096126B8AC6A0D7EA14FFC63208C20D21BA8526BA2DDDDC02CFA2BF8EA6FA8A0090D96040C0C348E31F4167F83BDFD6DA84E6B7E28E68859CCE6386669619EF6340C440BB06585F9F6A2B2986CCFFA92B0A52FC4F8520CA38CE5FE68BD2E379045F44416F61A4EB95BED6AB45FC57832979CC1A1D3500B229090864BDE1BFF91A1B290CFDCD5D0827B9F358C1C1EC9FB27E1DB391229B862979CE7736ACA5F1761EEE61B45393F4D68C79E65B78BFA2069CF1EAD39803209BD0C07A0896466C6DF4450030BE74F4A8DBE27BF22CBC6C504A11AECEC51C7F3AEE3980434EFB2277351C896310F03EE8086C77B107D34E3F668F7E4D17BB4F38C1EC079FF27F8F19E7AE8F3B000AD11F74F84FB8CEBF9CD0F613D9A409A7D977B5D960DA0C78E42495ACB4B2454D9897F94508142F159F089D41CFA9681C12A06D43F1A0CF316D28EF24E81B504E4929A7D01994720A0F2556583FD54C7F9F2FAD8157EFCEFD263F0EA4955DE5710340314A0386B12183B25D2B969F9FA73B7F418D50FB1A123E598674E0DA4596CEEE5D9A3071B7591856E1DEE541E11326C0A3943BAE97954208116B02485723DDC174E56054726075EB7A702BD3719E10966368C863D191EE7FA343D5F2FE62D202A098C0B3AF0702E16FDCEA3B77F6F5B13C17FF3E96B51DDFBA00F430D432074200D4B2F4D1F7100021006A9C0335DEFD7004080150E31CA8F1EE87234008801AE7408D773F1C014200D438076ABCFBE1081002A0C63950E3DD0F4780100035CE811AEF7E38028400A8710ED478F7D50870AAF961CED26275DA91136A9C3755D3FD39F5EFCCCBEECC571B7BE6729A02804706DBB80D0B96B0EBE2CF5315D9BE0CEB5ECD9CB00C9B8C8FCFC8EEB0EB45E02711AC0FF0B93BE35076063EC78AA13F8F6FA6AFC0ADE50762391D17ABD57C748569C5392037D397E02AF333C8F0967CB9FF3C743EBCAD8211209167044815822DFF2D7149BB00845B65378DFF1AF8A986C3B8220EB08C58562C33965DA14A6C6F9AF26D2AF52960262A7B287E8C3EB037D32AF9F2D8B97F1522304C2F8F032C13960DCB886585D2334BA9A15CABE099583E7EAD1DA73540D94B9A468F63D581E7C437957D7C29ED8579C69003F20F14C5447E85EFD30D90C9A570A829F5864E5351180049BF7D98CCE706D590A46570FD5F067B7B6FE8397A0DEE4CCF00105BCD65F4268E911C86B1E600EE6CCD7D812E80C097E0F84ADBA3AF4316C59D6146906541001C4B341C86C7C4FBF078E1CD0A0A868080C52068310041FE66FA1CA3C33614D8AEEBF48661D1FF8A4E6CB61886B23980F9BC21E1D0D7C0D70B51B81D43FC62F0FBC45445382E1E04EDD8730CFEB9945F8E05019020CBAD5F4EAD68146B00D07D10B0AAA5588B8A40492B906F4582DDB6E1EC0F40BC8B74DE3DE46D0C523B233EF5E1A962A0585DB5741D5A7BB3ADD1028C9D6A8510F06A917D8CBE02BE953DAC33DF300ABF853AEE8D2CA78D6D5D27BD5488970501902AC015E078A3BB99BE0E79DE0297AAEB4054DAED3A95AF50AC3A90DC07873BC68EFC144704501C02A8DEC328D38FD37EB85FF583E07EF874EFA5CB693F3A90F36E828B4FD580BEEAF43CCD4A089A033EB4C06DAD057DE1CDA35AD0D773A0B53766F658F1AACCCE827F437071FB1D84FA6B7339BD564AF1A20048551254F89A7C89FED575E92A4CF2BC42C832105A91172F18D288BA2F421D17711B60880AFC6C22362BBD8257B21C40A7E0514B1FE1720CE08B610F9C4128A2311DAB81808618161E88D14970CC5CC40B404C5C903BC8C44ACA4DF0DDC6EA20583104AB8680B628686B8210A2A01BDBC7A9A5DB6683AA668CA433D1071D693901BCA838A09D63E0CF0BA061A369D2D3E2522CEE5546281900A93A83061EC3F963F275AAB70FD1A5E814FF3A40082F72049A461714A3948B38CD56BC0918C4511A28EA2936399AD0276A443982B6E1998B9185972A532B82F0E6CFECF4891F560CC175F6B5577B0AE2D8455AD2F71E8EA228674278BC90051FABCDA7713DE540CAE9BC197504E51A713D1AFF841A90A6424AE34DD1C6420E484E65C9394F5F28F3006DF36A3A3B415B0F8ABE183991B6888BA9E215D8CA064026BD41C39B90C63FC23C36036EB51D78FBD486BB00CB9BD157C1B0097979847658200D888785F469FA008A6AEA381533EDF98E33D2B8D2D46966DE618D8DC309048ED981FE84D1AF177BFEBC0A44F6882BE8D3B16A6A5400C826028A1D13B621F891EC2603D3C5020C8F0C868548673D80378E2E7F0BB4ECC6AAF15C10F663A23E746D27F8F436A6B95E0CEB7D788A0AC6BBB1EFF49802209BBC80F03791CEBF7400304EC6E3CDB9098FCE426252194AC65821442DF690CE5B7507BC98045608C14F29BF1C1B3AEDC6E3F23BE0D7C189EEEFB802A05067828E6EC375FE0D0B50AEA6D931CCFD3E35E30D4733F6EE6DC682B52763E1B7282B57B8339482856118FBF442E192945E826D58451374021A785146AC0E4231D016C31DAC9455D08C25ECE8A0D069008F330318BE072251AC03B4084ADB240AC7050023F53F60D09F91877F450303860E5014DA5E14CA58144C6F801022787A56AB804031B3C07C0BCFD726D278B937B509349428759D1B00B05851C4EA20C14A213ECE35288D88755C53D77D9C43B984608F205F0C73710C13596CB209B428C3B2324C3A0064D157F4341000DF5503453387197238003087A196391002A096A58FBE8700080150E31CA8F1EE87234008801AE7408D773F1C014200D438076ABCFBE10810028068BAFE798E1B98211C18FC86A11A38D0681C6CCAEEC71975BB78A5F5E47B8013F4C19CCD85EBF523D3ED17F0E9360C539A03F673B4706E7DDF05D99D9811D9ABFC41D514F079E2545E967D5810587EDDF768EBD01FA873D885F064CA706068332DC1D2F72FC30426C7747CEFD079EADB890240DC9FC62654B941D20C7C5D7B39FE1CFD466EA153733384299391032C2B9619BE8A6EC157CE1CCF6FA6F93367D6518E8B2A81F8D68D2FA8F41DDBA1BDB0E47D28BE85E672C1304C3E0EB06C58462C2B9619CBAE1895257F0E46656CDB772BB630FA67A0AB0716B08F98F5D85A3674FA28C6E371BD0EEBAA067788AE819DE3B761C5D0518AD033092A1900A94241039D30B4E8F487E85740DC56E06C53C4A267C52530E10EC3B8734039823AF42D0CEF2BEC21E5269634BCC56D5F6E2808004746E2183FD82CBAE034118C0ACB41C8F238BC3D00865D38EE817954B765D07671197D542E4161FE5C0EC817E9342741EDE077276EB60EF0FAECDC5CF95320431F4A3EDF98A7E7CB51100071BFE128F6D3FC1AACE7EF43C16B4B195A9087093B1BF1F7E270D380D3E83E80A11744F402483B221A368FFE266F031B86421C80C7EF2CDBA785E0D922F00C9B6F522B78C9CE25C950E25D0EBE73CEDF0B93EEFD6068FE83382E0F00DC5AE4527A17D175EA7D40826E05FAB045BCF2E8E1CBA584D9C8CFCE1D5773E638AC23A13F0CC2C68E7712EF0389EFC157663788EDB73CFA0066E5F99F464A69690AE581FF44C4D1E9CBE04D0BDCC1CE025FCF018F1640DB9E0F1EA9973625CA39A7D7E0E521F0F57118A3FE32B24C9998535B574EB67442C111209D03074145FF0203CC1FBA9FD24AB8275F8FE42520923D66CA0A28C39B2BB7216E5305010AEE2C24EFE3B9751F4EF6E2945DC20610F36E9A039A41FB3D9F3EC30832881663503CC7CD4E1E6D561CA0901950C4A2B8839B748D4EF213340B7D6B46857C1370DC0C61CFC18ED8B36522636A6506200451F2A48CFFE0117B386D857BFE13E60CDA508EA16A490048D11254FC28CE1FE535686089BB1CDAE755A07C29D24E4EE5AB2446E735D4C3C3941AAA52CCE0188C5421CE3E5838C6287218E9EC06C636F6FC128BE318EEA818987088AD79C168F5433E07FB0526DDC0D8C237B0F855D6BE9E621CE16E517B0CB2E5B0B220661731B61E66CB61067970CED7007EE51A86F6F8552AFFD8345D99AA63758EF41B55EC5D983F8020EED3188483E8E3163C8D3D0D456D73A56B389505804CA283069F40DA1360807036D302984CF3EEE11DE8601BE2BC2F2032EBA8F418F533A3A7A3DD33B3EB80809281B9CC3F0495141CAB048C3A01A6D469E609FC10BE082893590CE05101EDE6843C493979469520E85380F15508BD072FE7BAADE5F0184ACEF3A3AAB6620064B61A10C23B7CF28F150E1A7A9EE6E0F1A1154C6BC5292B34EC1A36AA5182EBAD917010C2665EEEC0A8D30BDCF5D65FAEA6C631EFFE9800201F5501C17B718D7D055550AF281D9A0FC0F04208E722B105883E0BB7D9E90048CEFBEAA058554610B087BE7F88BEEF4607FB3101BE8391A5AFCE8282BC94FD9D27268C1B00F2911F748C3BB735F33AFBDAC31D6C0E5832174068C6C8D1CC3140C24A133F49CC00C3D82DAC6CA533B39D893A06AD0E68651DE55308781F84AB945ADCC949E556A73D7013DB0B9D0A0FCBC7374C28000A75356004BB82F1AF60902F10DB2D441D68D960A65A980173BE5A98010C574A19C0D200C63350523F5301078A1C04838DA3E12286639596CCC7137D721D81C0450CD79402C982443D2C24B5AE00EA765037AF77A47C00A100B3D2A916AA006863163FA5F0B565A43EB4E078D28749018052B914309699FB61A965C27C2373A0E06BDE918B8557AB85032100AA459215F6230440858CAB96622100AA459215F6230440858CAB96622100AA459215F6230440858CAB96622100AA459215F6230440858CAB96622100AA459215F6230440858CAB96622100AA459215F6230440858CAB96622100AA459215F6230440858CAB96622100AA459215F623651032CC4856D52561B91E862AE18018848FF75F323B038B2AB55B4A7204F0F36CEB86D5B72F7B40861B3B64726D0A1E07325C0AB3B73387FFC4A7DC9D240034AD27BB6F7053328FC59D179774C933B3AF85E75383032C3B9621F6C3C95923C8B00CDE990426924168EFB29F95525E913A4FC54208EC422556CF9C67FE72C37522D36D2295258C27190756FE4EEA1FBFEFDE0A6BD72EC89477671B1620D3E7B6AF8E7C8B13D30058BCDE5EE8BBB40385F29A5EC31A76B714DA03D3A79B8F3EFF7D51134E9CC3B836054E2E7F50460E1F766F22E9DF81E1BE253FC9C2D14C5AB4EDAE083B9E7C01003E695F675F0DDBFC0DD8972CA51C727276C0C646DAE3A4C947B6DF13792BFB62783EF11C685F6B9F47BEF83609FF46F6A1284481209180FBCDCAEDAB221B5379D223402A61F13AFB1AB8733D9C6FE848E549C742F4A1824D52139BB6DF6DBE81A10526F561186F0E4036A2FD27EE85C2972BC0F01598E38B2EE7C75339DCCC6EDEB62AF254267D3900E08BAC3C3864FF16C3485B66E6118F057D0284F50829BA75CBEFE9BEB36ED788F9C38B6571A0F3FEF8D99EA37548213B3142774036A5AFDA26B0DF20456EDCBA5AFC25BBD1BC00E04C8CB26FAC7356C2FBE53E9C9C935DB084F303405D2F1683E8D584ECAD33233B5EFCA1385042B99ACFC28F6E71D75EE44BD18A3115AB844876B02DFF915C88F7E03E7EEF2BABAC0D8546E7820048498135CA4FDE77AEC750731B08B938955E617C005AC74E28947DC2D7B0FDA978D720A3FFE57BE8A3420456D8CEA42FC637D8256BE9B40425B081B4FC0A96E55C001ECFC79D3D1FC4972FEC8C1E8397AF43B00F9D3ACF7AA2D8935B510064D44B9DEBEDF9AE2B6E11C2BF0ECAC6ACCC6BA339C6D4110730F68001FD5023F6621FB7018064004F1DFB4CCF1838E114DAFFCCF704EF0C3665C295BF92D38E1EA059AE9E6816D267075738BACA66C87D0E98CEBB86C311562657F71A835E815F587B497BD230E46FBAEF8AEC2CB5CAB20090AA94D1DBB9D6BD2821E5D5101C5608A9688A48555752CC2001C3B012085E6B2206CA835541106B7250F8026932E64BED109667B13174BA1E49B5EF9F27A4230CE91A4EC471E1000A2F51C76A2077687AF27568FD61B29C2364C2A5D78227A995B06C4B2684A94BA1560ED1495898CA4C2C5313D184DF88EE47A526A3D0BC9BD066E094CAB1C04F36815678328F9D700B3208433C80F4B421C4C6EE7BCC3F56328A5604806C823AEE97CD09D7EDC482159D604027D03E273B4F783E7A0EE02EDF0B90756341966EC334BB7BEE1403A3AD754C00904D049E2266BB9AD30AFFFE56DC095060E0009EE7756476B9F03C8303428D743B309AF4E2857DAFE95BBDD0E2C77C21CE7101404637D2873C4A7889C47C41DE020CA1ACEC608510D98279BFA6978D81000EE206E9C754FA0EA613EC1AAEF7E986B1732CEEEE34F3473898300014A261E97AD9687B6E0BF40A5E2E662E96A96F8612D88C3917CA13942612D088B1FCD4940CD04C481E90024AADC4B2774242B1C5B02D690FE6EBFE886EF66FB98BBFB51CBF70DC0150ACEB1DDDD2D05FA793A0C145A5A74535DF8382A5E1E763BDC1A43286974FAC7C45F91CF535E065895A0D04A30B9678136AA93775AC560701B4460AB80D2120E88A6A9917AC1422D3C76887BFA11F411A2BA331B4831DC2A184724CDAA0203FE66B7A4CE87ECC4C5831EF62FAACA713AF5F2771F87F0121772EB3A550E80000000049454E44AE426082),(14,'image/png','img',0x89504E470D0A1A0A0000000D4948445200000080000000800806000000C33E61CB000000017352474200AECE1CE90000090A494441547801ED5D698C1445147EAF67E730B84A4014348031282A6A4C0C51092C0B22E812F88181F8C398100DC623FA4324888B81B0A81CBF8C1C6AF097312A21E2C1151164F120311ED10449C00349C00006018599D9992E5F8F327457F7ECEC4E976D3DF77532D9AE5755AFBFF9BEAFBB6A7BFA40A8B3DCF19C1A5874BB662A50D311D4B5A07008ADE7EA7493EA041940C493A0E03020EC41476DBC6C4476D3FA5958EE0904ACD568CECB2ABDF778711EB8300F405D54AB9DC4ED630001BFC7949ADBB920B7B91EBA4803B4AE549794F3850D4A414BBD04526F2F030EE0D25DED9985748450B550860C307985EA77A650FC0494BAB9562789F361808E062B762FCCD2513C7A71F4F0997CF115115F67856F99E66B4F8DED28CCACF50D024780968EAE31AE2A7F1AD518113E4274DE48A5E0CB14A44F44B59158F20CB825C0129486039647D390FD047D8646A0F8A5F9E2EC355B1EC7825ED7E40F287017F8CB95F5CAF8818FED6ECFAC0ED549C016060E1290CEBB5F54AFFE71AAF89A52EA1E0DD8B03F4F76DD47B1755A1CAA4340EB2A7521554ED21B90FE6B3F11F1755AAC2CD31E7EAAFFA0CCFD74B43EA003A4A160861EF3CA5503947F2FDD4ACEC9FA1BD1ECB17C617376BE3F26EB7633F0FE4378061017EB2815C2383DE695AB0620F12FD71BD078B2CF73951E97B2DD0CA49CCC9E1042A59AFF39CA07AAAA0670D01D10A8A102CD10F7EB3129DBCFC0CEF9F043144AE7040CD4E35503D0DE1EF88FC06B48878D9A2710F44452B68781CA899F88933F6E2AAC71D500F6C017244932200648926D0BB72506B05094242189019264DBC26D89012C14254948628024D9B6705B62000B45491292182049B62DDC9618C042519284240648926D0BB72506B05094242189019264DBC26D89012C14254948628024D9B6705B62000B45491292182049B62DDC9618C042519284240648926D0BB715B82FC0427C15486A1BF42BBAD016C0E7829B9D0A1B02B16E0A852D30932E7B5B45D7BD5D7CAE1995F37491D4D173E5D0DFBFEB8FD08571BFA003DB32CDB015C7C2E9503BC60116062894613089F5B69F67BAF6BD44E5B43FD6DDBAEB56841FA45DE4982171BBBFF359C10D5E5EE5C203855390CF6F8697B2CDF01C8E83FFC5DD51320474E71AAD8E4C98A3CFDCFC693890DF1ABE89466BCEA228066844260503A00C5BCF6E82071BE96E531F3140836AD05092A2F9C4DAFC1698D2600A2BBAB19803FC9B4CD15C620B89B9326A1B5497A339C270AAF326A053E9F01FB877A2620217DEA449EA489CD2CD64322AB925313100C0915C1BECA8A3C79ACA985FAEDC5D3BCCDF964CD0BFE0C2B3147BCC1FE7B22E43400F95CADD05DB7319B8890E013F86BA28984347814B4371060131402F44C23BE164AA0966D3D0403BFEF985868674DE8569E7237CD6C400BDD42A3D053A49FDB7F46EF418A6BBF51887B218A001951C84F742DD145C198A310888011A1089F6F69FF46E7427F5103DC6A12C066840259A08069EA4E2A5A058B18154FF791731400312941146E9DD682278588F71288B017AA9927732883EDE13B7020BFD5AB837106052E8F327827AAB5361333C427D6E0FF5531113C35023FB027204E885265DDB600C0DF6CB22BA1CCF5E001F46C4AD0FC911A00712A99D902B9C85C5E5123C49E700527A173AFC2FC109747109C3A5CF1B80041D4D177944EDD5741508FD1884308CC49F48E37EE485237456F0DBEC3058CB50FB0A643180821B8909EF13BD90436A2E08C7B259988EA378FE0BE87D2F9903D454B74E05C221FA5D6032DE0107EBB4B4BA5A0CD0803C74D8DF46BF0C8ECE4C866F1AE86E55973E3F04F4540D3AD357A6B69DF4799EAE1F6039E38FFAAE7DDA00B4271FA289DEFB51C454620ECDEC151CA176073369D88193E0B79A6D9956F469039066FB7253E151A6DA19812D73002334F24D2206E0AB9D11E462002334F24D2206E0AB9D11E462002334F24D2206E0AB9D11E462002334F24D2206E0AB9D11E462002334F24D2206E0AB9D11E462002334F24D2206E0AB9D11E462002334F24D2206E0AB9D11E462002334F24DD267AE076842D85F52F0BA5F2ABACAE73B7FB92FAEB330403605BFD28322670404427003E53A85741BECA226DE47161F032C0C400F60FA9330BFE3C32DAB86189039802122B9A611037055CE106E31802122B9A611037055CE106E31802122B9A611037055CE106E31802122B9A611037055CE106E31802122B9A611037055CE106E31802122B9A611037055CE106E31802122B9A611037055CE106E31802122B9A611037055CE106E31802122B9A611037055CE106E31802122B9A611037055CE10EEAA01E891B85157D9B2B868D41017FF9B34AD3B5513287A8B91B6B8E5CAC32E03D1AA0110F168A0A65250A157A384DB48C43606CA9F15AF8FC2E45C01C7F478D50080CE21BD929E9279554B871A1A8A4BC06E065C1CAF03A4A79D1EFB783686DE695035C0E0114D5FD0BBAF4EE91D1514D7E83129DBCB40EB723558815A144688DBC331DFE3E2D7CFC222B9E45DBD91526AEAD8A5F9B59357A87E7A9D94ED6260C2B2FCC852A1F801BDE962808E8CF6F4F57ACC2B07260A2DCBF357AB02EE250785267F648E9FC92F1B69B2F81538EE89A864124B9E81940BE882339C76D4D124E62CD22EA7A340C0AF3BDB33B7D03C2FF4FA8B8001BC8E2D4B0A1D2EA867F42452E6CA00165329A775D782F4E751DFA03A07385739B13DF32C392534149CAB97BFBC1870001FA925BEF74D42065884E85E372833936A5EE6F555056D8001C4B30EE2BD9D0B33EB0271AD101A02FCF5E33BF2D368887981C697C8FF2BFD6D65DD1E06E808BE0133EAE9CE79B9FDF550756B00AFF322A59C1D4B4BB7B9CA9D4E13C16B29E4BD253B34D1F0DAF258304D13A5C0BBFF88842EC2EEBD1286E5423BE849129DDE5DACF6A0CABEDBB9107FEAE917A96B809E26E2D26EDC92C22632409B1F2FA2F3F0EEF60CDB77FFF9BF4B6FD7437380DE2690F6BC191003F0D62F367A31406C0A79271003F0D62F367A31406C0A79271003F0D62F367A31406C0A79271003F0D62F367A31406C0A79271003F0D62F367A31406C0A79271003F0D62F367A31406C0A79271003F0D62F367A31406C0A79271003F0D62F367A31406C0A79271003F0D62F367A31406C0A79271003F0D62F367A31406C0A79271003F0D62F36FAD04DA0B1335A9EC069C245AEAB56FB616653E93EFB02C9BF0033EED62BD3C5C3350000000049454E44AE426082),(15,'image/png','img',0x89504E470D0A1A0A0000000D4948445200000080000000800806000000C33E61CB000000017352474200AECE1CE9000014A0494441547801ED5D0B9415C599AEEA7B6FDF6184808A3C9468C404627C648DC428CE0C33A020127C8480C7B8D9C8C6D761376E7085416608E8CCE5A189A89BCD01B3D1241E93103644E425C8639801918D9B3D608888865D9597CA5361B8FDACFDEA4ADFB95DD5F3BEB7EF9D9EBEE7CC54D75FD555FFFFD7D7D5F5F8EB6F4A0AE457566B0C67844D208C5510CA063142FBE29A16087B9D6683527A8A30728050B213B22D2F8EC796AD9B065A9E7F795770D97CED0A66B2858C915179D685AFD543F18798A2CCDE52A53EEB6BC5426579054059429B6433F24B3CE93D04BEBA4D143DC39201C5EAE4A50FD1D3F9105AC947A5BCCED25A6D021AFF77DDB9F1B91E1863771C6AD497CE612C2F6D91974A2B16248742F65F41FABCF640BC010AE107108CDB90D067E78397BC3440698DB61C03BE5B4481F9408932F21455D85666C777AB31628979BA6ADC60467FDB24C3F0CCDF0BD9AF12E5A08426E33175E8FA19F47D312D9771DF01C09F7E4327BB65A1E80E1255BFB5E511BA574E0B0EA57C138B5A5BF5049EFAE9B254CAD35B66A93F94E9B9A3F8FE0A307572B3280E477F4C657704BDF1B9DC7515D46CA88E57524AD6897A20C4BE5DA6E596E23B00D0D8D78A223185FD625365D1DB223DC8F16854F1E801C885236BD9457ECAED3B00F0FE1B2009C894ED122DE084BE83637F2184368A625A8A79BE48CB65DC77004098B34581A284BC23D2821E5F3A895A581594C63B36B3CEF153F67C0040920F437D5B22760302663C4C141313635F07E6050100510961DC3F0D8400F04FD70559530880826C16FF980A01E09FAE0BB2A6100005D92CFE31851958F82B280D3032057B258FC128E653EC95EDC38A215F20DB4514B5BE6126FD38DBBC8600C8B6463B591E65F4DCD466516A82882B67A268EB0C5BE86F629AB80C6078215BCBE6E12BA0930DE6DBEDE80EB0817425B1D91C626A7F2BA9D55657CCD7BFDAD9FA4300745683F9BA9FB1B186C1FE8C5EE1D737CC671776948D10001DD55C41DC876D34C6BEAB99FA1E002131F1F72CD25EB6F200002A2FFB2A34D65EC603925F1A83A1495F54A8723755E84C0C007F4A285D83BF16ED05018238FE661EDCA3AD2999C7A4BD9696742531D052E6ACA45176445C0107F397A1ECAD5929BF8B1432F61916FFF413FD8BA22EA2B6F25A5DB5FA46A618E317B3E2E347F4D1D831B90DF96FC5D0B04F667AFA9A911BA9A96F87D1CDF8B66EAFE7A307D89F66D8B9B0D908E7B2BB84A74F98D761882FF57C111AFB40D4C18AFB6963C3CCF84B3024B93BD253BD18A6738F73231A311F8F031C5F320DBABDBCC628F74A1769FE0380D27A9109EC7FDD593AD7E83620C0BB5AB588FD8CAC07FA970D55F443899E41A89B4A8F7F6651A40E01105EC8484A5FA247ED8DF2FF58323739244D6CE6C27700C498B906E8355DFC70EB60DBFAED888471A38B1EC0C8E82758BF436FEB4BF1A45E218A877DE0A522ADB9787D35FD0040F8078528F7C0B04417F3F1D704B5E98AF285CDBC2ECEDCE0EBDEB3C3644922B908EFB3FB9DB82BA474057A84ADD82BDF8D015160AC82154BE9CFA83D0C7DF4B7B1B6D3D725732A428F16C5D4C1B00A3E21A7B54C29AF354A2C622DC3A2D179624E6E7B386048FCE694018A9888785E00C09F82C6A4F63FA8DF57F3270FF90B86441565724395FACB8E3234B2865D62506D9B270808AD699815FF9157D979010067A4BC561F6632B619C396622FC6BA138D52E5A9866A756A67651E31D728B56C7B8334B8C434321A5387D455D27D621DBE8F011C06F8540773DD52205062CAC913F890E245A7D0EA6C343ED7D5E699B1060C0CA7487AC3D94BCBD01F93E820E4AD07709819F3243BA7F194518DDDAF297C41C3A1073D84E2B72A91C83434DAB66CCB5A52A3BD889EF53BEE72A91D55C857EBAAE2B0466EFAE51D000E2BA3E6B2730DDBF82646AF15607E1026067DC15CDE7A2887AF2C862731F83B8841D98E68942EDF3443DD91C5B25D45F1B30506D1DF961E280CB0B754C75D47F20A06002E09C248A735505AABFF8431FB21574178E52844BD884F211D7A909E3047A63084068A8B6309EC217CEA5206DF52A6FADF67D24200646A2340D76B1FA247D1BDAF1445C234F15B99B4100099DA08D835C61B2F492231F2B5CCD5C1100092868243E81355D7C8CBC44C314F6B258E9421001C4D04307CB9927E8A715F83281AF608BEE2D04200389A086EB8D743B42F3BB410008E26021BD283B268EC02871602C0D1444043CCFB0E48A231DACBA18500703411D09045986C6042C9598EB821001C4D0434C480AFB7241A239A430B01E06822B0211B28898663670E2D0480A389808658FC958C6EB0227CD811370480A3898086CCA6E9117F5A444AF638D721001C4D04309C03FFC358082A1545C312313F719CFA8500703411C0B02E610EF7B2118CD96ADA08255A2872B3D7488FE409F20DEC605D05C3897E40696F580E07C65E01E7E19210E6B01221EF5A3AD9523C9EC80764B2DC18381B70AB4791EF6F9C45FFE6D0F30E00B689F44C369287B5E3E45F6132DD138D9FFA39A1C368570F1D24C36134A1E87793ABC82B082BE363C9CE5CC8C6BBFFF509CDB5F59BAA4721D8206AFAE5F515A0BD4A2ED54E136E1E3E1B5D55CF26B6827F0580DFC46CF2E7E41AF2602EA4DD9830BE8B076AB05836A511D76922079862BE9CC7B555E40A9C076A40C3CB0B1539AFBDE02AA8ED318ECCCA1657E5CFB3226BBFB607BAFD7C6699B018DE83D34443336979E901D82BE41C34FECB61E3A79BA25A5B4DEE48C73A79611DD07E20363E2F124FBB7438242F3D00DE7F4FA30BF4ECFA30F8AB43DA6B0A256F8167AB93BA2898DBD120FD21D730287C3CAE3F273146C947453DC825B4829C94D2DA41A898AF5D6698641B0E87A4377C52B753FA064E1E5D835E006C34FD7C1F049E5C45B8B7F0079A58387345C91134FA7D18142D93D20244606BC9E7358B3C0F108C7289C5483F3D49FE19B4F92E7A3B22DCB45E33B597F1EE77373ECA885065BAD8F8BC68DF5F011142C60282AA28179EFCBB82DEF85C663A867C10EF43C6672EC638BAC0A0B0C3AF81FB16B398666BFFE935F0E35E463657C53639F56486BE03002FA211990CF06B286369D158B256A407354E8793D368A81F88F2E1C1F83BB65A3EE12BE613E3B72C60BDFEFAB1FE0794592EA6E1957308E702EF13E94EDC7F003022AF4D33B2D161A8BB84F16282737CC4ED2701C21B1172617B745056C32E3E6AE8AFE19D3F5EBC0F5DBE86AEFF76AF43A14E5EDF0100444A67D8230A719D5773980B7288C15E124FECBBA28CB645FA89B4E6E2236A93E371D0E34F68FCCBBDF2E013B5F7E210EEEB5E690ECDF74120BA3909749812EA0E43DD2AA4C40008DC3F46304C6AF937629EFE75CBB21FB7525DBE58C067F7E2E99F8B53C7AE451FAF527D0780171321AD750D70AF62A74E6AA39845275B16FFC8B6F73E091ADE228C4E45E3FF5BEBA5121202A02D5AF2390F770B77EA2332D08A98E7DB8C5D02F7B0E34E9ED06FC2B38EE572FCF77EE8F968FA18B600266D99155BDF5696730280F27F673DCDA3660951ECABE11692DBA05F823FF8B663BD2CD2F393883CF6692BBF81CFF793F716CD3876445B9112B41DCB6078F2FF4A55765BFDF4D83BED5152D600C03D542AA631098E90BE631ED3AF4363C7F8A7A044B0C21CE92DEFCEAB3D6C07372F860092EFC096A4C54C022EE495C72E3D2FB6F8D9FBA9D1525EAFB44E0380AF3EE99651452C7D8A4DE0E123D5E262B37B551DD23AA3013CF1A7A0EB27CF8EA94FF023600D1D2CACC30098F824EBF161A3FE2FBAADCF80578FDED2A3DE4186C2DB5AD300DD85A7FED72A557FB5A1BA65A792AD95C4D33B040078A0FCE6C1466D111A5D5ED4694BAD619E3669004FB986BEF41DAC9DECC2C87E7354B5376EAA8CA7EDF9DA54482B99DA0D80B25A6D06162B1278BB4BF379775D18FE51187A31E5BFB1017500EF7D1C51520E46A9B1D09D2F8C656AE0E6739F5BBCFEC43D77A951F2C9F087C9E139D4C3BB7AE60D9DBC6E33003E3332D0FF03D392BB9AAB93CF4181D8D530457D89D1D80ACF6FDCAC6AEEEE90CE35F0959EDB3EAA7B84A65608D74DCBBD4EDA0400EE51C2DAAFAF85D7A96B9A6309FE7F5746A364C6A619F15DCDE509E985A7815601C0BF4271688FB604FBD7CD343EDD810F1C3C585F1DABEFB078404F87EFEDCA3736B39AE7A748ADBCC7B197B8C7F8311A7FB41753E8F2970C3C4BBDAE9D8D7F5C2C8B99A98522911CE83874AA00F65F10858C44C9519196CB788B3D40598DFE7D9BD93F9418C0A80EC8F9517D75BC564A6B858029CC2108EFFA613388F72EBF7111031ED1D7924BA107C912DAB4F960D9BF5FB33D407942BB1C0B3B3FF36485D2073AD2F867CAFA2F8F32EF39BD965CEC410F2C09D63F733D84DB5F741379CF839E3352B300B06CB200533D55AC19EFFB67B654A9CF8AF4B6C631A97945CC8B27E12C6C0FFC8EAD0BBEFB78DEF56B6B4835C25B443D6020B41C3DA4D03F8AB9B21B479DF28F7F6FC624D62629859257070E898F6DEEE30352FE6608C9D5E41528608C980C668E4301F3611CBA355A44766399AA1DDB2162698515D71B497F487335B6471E40139788DC416E0396925F2EBA81EC15D37219970080A91E2DABD5B76379F7EB991563A07E5C8DA85FDC30931EC9A477E4FACCA1903F0104F18EDC1FC47BD0104F148D23D3FD964D7A0594CDD327888D9F628A9279D9687C5E567C1C795351C8BD7E0B5BA8F5E1E9DF081BC199F9E04F02008C0F249B7D30F841E402F5996C32A8DE445EC044E81E20BF7B9A839D512674BB32FE39721B6C04CD6CEAB7AD65B90050BE20E5A7BF42BC1993BE47EB267B7FA74ECCDB9E788FB1E4174A9494E19EEDEDB92F087901FC6368FC877116E2565A42D23E7BFC96CDB50E601A0646A6E2260FD5FBA8B1DFE78A31754CAAF1AFC529D931181C4D403D1C80F8600429CA559DF928170D6E6378FF311A7D07168096C77B92DFD252722C1FBC64D6E90200662023C53908D67C36728383CC9B72717DE66048FA7008DB8531F17BC159225E7A9298932615DEACC605003CFDBC3B76FDD0FDCB2EC75D397213A19775EFB1416EB42A979A1E0394FF98F545B77B9E98458DC55C1E25C4F430DEB535900680A59B2EC7015C2CCCFDCD92CA6EFC59B7AEDDB66DE23E0D0066DBE78B77C0C9E087B9B64811EB0CE3FE6A200D0058F14867CA3D3D4DFBCB5F585B8E3590060076A7D21EA4D375C26B45FA3ABC08A406D2008074490F09CFF6A085A40069A009004A9307E926F93C3C4D3725865701D040130088822346C28FD18102258C064C0369005016DD23CA865DC122BE3E20D2C37870349006C0E62AB22F75DE4C90CD4CEAD2E69090258C76610DA40180C6C74220DB26CA824D8C5B455A180F8E065C7B0100C1465804DDE0128F9171E59B58B4AE82E674BFBA3B7C3E1E4BABDCE27767AE3F1FEF6ABF562278C09B7EA509ED4A6633E9BBF670E274F3E6AAA29CEC098C79929DD378CAA8C639C229005FB7311183E2B72A91C8B4CD336352AFDBD422B9BF4ABF0278550D55F19DE80524F7E5B64D1FCD052BA509FD6B8DA7B41D8CD853BB53E3735D62DBFD7ACBB6B79624B4AA5CE8B6AD65BA00C06FC250E039F1666E235896D02689F4CEC4CB6BF561E86D1AA088419D29A74BDF0B035C9889D496D6EA793B312D0140393FBE98DB008A8AC5139AE0EE48457A47E2A39F60FD4C662FC77350DC91FB83760FC3E92BF48677E7432ED718C061803383DDC1E79DB81352A22C6C98A53EE4C43B1A9624928BE03FE87ECFFB295D81C1D256F8B4DECD14169873018AA5F487FFA461E8FBBF8D5ECF636D851E2D8AA983D7CFA0273CF59223A22700E6A43E37A2EFF0F640A9FCE39659AA048EB6F237B2B6F1028345FE0FAF156106420E2A34F23D38357EB5AD6575C57CBCF73B9DD47F0EF9E5934194CEC6071D1EF3532EE915C02BE736008AC22ABD19618B4AE71AD77BA7B54E356814DEC2DD8DCF071E4489DC19F4C6E7DA59378D7E3460A83A11C6366F8ADA42CF3051A4E53AEE09005E69FDCCA2D5180BFC546600E7052D7BE5888471A39CD6068A6D8D1073A11BFA4DC3CCD866911ED4388ED6E911A23C28C9079FBFA312ACBF44CF21A15900F03A23D7C7A702041BC4FAF104F7C1B1F13525B549590831B318A7D4C3F288D68BD9821EEFD13BBA0D3D9F21CA692AC685222D97F11601C057FF58243E112078576402B3820806344F97D66ACFF1C51C31BDD938A3E78A69587BE8766E65D63C4835BCF83CF46A4B86B9A2BEB2196F1100BCA22D8FD06334466F41377DD8AB6200617263A3BE977B0FE3BE03BDF2B869E2C113A4DA4C7A12DCF70436262DAFDB1EDED473297DAB00E095D757C6DFA2247E0DBA2C4FBFFE00416F780F9B77E894B6072B5B95150B924373C9745876F634E09A8AB5546CFD2CFABF70027D9D75547FD16B0AC3EFC52876109EE6F9864EE697D468DCA1E14B3442DEE0FE01A9153DA00C2207AD7D5A4BD584693E6BA04D3D80C353DD3FD193A3AAD5DBF1CE867B93D61C1832F402AC92596C29B3AC2D36D1F69AFBF09DD00E7A27757808C3EC6AA05D00E055F335022C5654C562E44ACC655766979DB034BF35D06E00380C7287900DB3E2E3B17A370240E876C7BB1D3D74F5B0C3007004E73E0201846BB16A70235E0D2FE0EF9493168685AF81360F025B13E5CC674AD6C3A7F07DF63E7338E6762371B4EC6ADC3714BB9E17613CD069B0B5C64398DE7E0D640D004ED5673C896C449CFFA57EDCA4CC7C9DF42AA2A4976668E1B8C1514C0184590780974C67EC09B9378C63A5355E0790BCEE0A697E6820EC96FDD07201D751100088F8BCFC5928ED018330C91E03FB03584FF3EF970F00488E91B020FE25FF442E8C9AB81B7E34F560911B4CAB8F8AB45CC67D0700407F481288DADF906801271CDE6B5CEE65131953A2FBFD14DD7700A0877B5D1490DAF4FBDD6D03C934EDC7453D20FE3E6C02DFF7A0E78CE43B00A22A592D4A035014193A5D828F4F0E16D38216E75362D8502CC039BCD1B26CCA1F655A6E29D22024B7D57D567A698DB6DC6B4791AF226210F41455D85666C777ABB1C2F3ABD751FD18CCE86F9B6418BAFD7B21FB556239783526E33175A8DF3D802FEB00A2B051954D370D3A0A76042EB7343C8E217015FFE42C211A49762733114A1EF7BBF1B9967D7F05F04A375516715B81EFA5AC8139A19BFFD0F3AD1A55A53E9A0F35E405005C506C29FF0195DF0910701B816EFB43E32F1950AC4EE4DBECF950425EC600998296CDD7AE60265B8841D1A84C7AD0AFA1F8434C516677E6F33BD9D051DE01E00851566B0CC7E068024E2355E0A8F8207C52AF2FAE0B863F87CF8E86A96D7206FF0094EC846CCB8BE3B165382492F7ADF3FF07B7B5A2074292370E0000000049454E44AE426082),(16,'image/png','img',0x89504E470D0A1A0A0000000D4948445200000080000000800806000000C33E61CB000000017352474200AECE1CE9000014D3494441547801ED5D0B9814C5B53ED533D33D8B460115C117C6448C91248AE621EE2E20C8CB176210355144BD70AF51AF418DB20FAFB9CC2E8A89466F34E2234434465EF2303C1644975D4011B997E47A3528249228EF0882B2D33D335DF7AF61076667AA776776A7A77B66BBBF6F77BACF395D75EA9CD355A74E9DEA26F20E4F029D5902239EE0DA98D9DCD75965C03A6BC345BBCB6A782F328DF99CF1FDE4D3C6AE9ECCF6763679745A0328AD35BECF4C733EE7D44B289D11FBC8E7A32BEA2BB4BF742623503A5363136D2DAB316E62265F9550BE8073E267C64C7ABB744A647882AE33FC76AA1E60E09BDC1F5B13798473F32E2BE532C66230877B1AAB82BFB2A2292678A73180C1B5FC38C3D467E3A9BF381305C2107ED7B38F3A71CE35CCC884BE50693A850194D5E8DF26CE1742F9A767A32818C15A95A9A35756B29DD9DC5748B445EF039486F43118E0D75A299F316A80A2DF97298D73DE1FBDC6BBE5538DF364F8628015AD014079AC2CA4FF1C4A9A85F3A3A4CA62F4CCD92768438E3E46BD1046B05846C3894E31A37C7559ADFE4319BED06145390420B873CC81FDC64BE8F62F972A88B188C2D91D0DD5EAF404FE41CE959535C6C330967B12B016BF8C7108EBC1864A750A8C0576511C47D11940F9B4F0995C670B31AD3BDB4245BBFCCC77757D5560B50C5F1A326E60C49F852168323C943FAFEB09EA8DAF4D640765F8428315950188393C23F30F507E57B922D80685A9573554B17FC8F187A0F12051CC5C80C7BCA7948EB18D41BF7AE5EBF7B3BF4BF105042C1A1FA03C1446D76D2EB6523E9EDCDFF73A4A2D6B4BF94277AB2BD4753E55FB2EE2831BA4BAE4FCDC70445F5F1E8AF497E20B0858F03DC0984779C98E83C6F3E8B2AF93C91D8A4760872A1AABB469327C6BB0E6B267A0ECB1723A112360FFBABA5A9D21C7BB1F5AD00630E4217E9A1EC5620EE7FDA4A2666C2F63CA758D95813A293E4320E208D59846FE1C4EA585BC945FF63A2B701F8246C2D80AEAB06890FBDB30A03652168BC5E682D31E326EF1E4BFEFF3A957D64F669B65F86C6198068E22935E82B149A79488272CD3FCDAB5F00B3ECFB66C27E90BD207289F624C8C99E64A08CE4AF90BBB05D41FE44AF942418D15DA022C19F6C7DF5699C2D0430C0F478C75621622C3BB1556503DC084E93CF0FE6EFDD788EC4D900AF4D0FCBCA6B1527D003D802D73F5B25A7E028FE9F3507F998C072C2BEF5314E59A5595811532BCDB60056300836BF88908CBCE83562F92091182FF82F9685C4385F6AA0C9F4B9830C40F76EB4FE1A9BF55566EDCF1E4ECA78DD5EA7FC9F06E82158401944E35CE67D1F8BCFC14A9F018FDD5CFD895F595DA7B52BC4DC0F29AF0BFC32FFC25FC02694A19FC82E7106ABEED99892C62130B1D2ED6F506501ED27F8427ED39CCEF83B2D642C82BBB74D1AEA99BC43E93E1ED860DA8895C12E3E62CCC10BA59D4D5C87CDAD58D156CB705DE51B06B0D40246AEED8644C85E2EFB59690F238A65F773B3DFD128E9FA9B3D7904872969457388E1816AE68ACD4FE2CC53B0874A501944EE5DD584C7F054FFE50996C204C1D7F13B03033538677028698C4B17A34CEB334A50CFC7E8929D70DABAAB4F94EF06755A7EBA681986F7F13CA7FC74AF998867D8AE85BB99B942F842BE6FF3DFB689731521E93095BC40F10259A575AA357CAF04EC15CD50360FDFE4A78F92F623CFD8A4C20F0F4DFF269EAE8FA9FB11D32BC5B6022E9949B1C4BCD5C95F184DE6056CF2EEAF8399358930C9F4F982B0C004F072BAF35AAF0D45B875B193DDFAB8F765BA1E4E88985229362AF226671A25CA16C835F5547D5DFC73E91E3F30375DC00063EC98F8E7E66BC80A765B4ACC978EAA3E8F22715C29C3A95FFF2103FD52463117AB4735371E21AC2DFE163CA55F555EADB327C3E608E1A009CBD3328662C8480FACA1A0BE6F6F8C837A6BE3A502FC31702ECF2E9BCCBBE5DC60B98CD4853CA8443CB89FDCBEA2AF54527DAE3980120796308D6EF67E1C9EF2E6D38922E545247BD51C5B64AF105041443DC8090F11F26A30760EC5299C310A60DAE54273FC89899CFA64999B19B81B250181B33D82FAC2268C0CDEED6431D5F2C695709798AC4521EA31760F45D12B0E45F18C16224A85EBFF44EB63F196EE7795E0D60E00C1E8C7E6208EFF84679A39889C85E3592376AE5F8C2870EAC31CE45E470111CDE5365AD81CFF34180D4CBDFA8665B64F85CC3F266001787F8C9118EE40DE248B54A3F60FD9F13E33F6AAC0C4AD3B3D3EF285CC8D047788F263D9EC8629152C63E534819D3501D78C3EE56E6251024A64411AEBF6BA57C74F99BFC01FEFDCEA07CA1D0E5F7B25DD8763608466F914AC6BB7332EB90A17C9BDD06607B0F80E48D5B4CE24FA1DB970745882DD102EAF5859649932BC59486C293D0ED4FB3F487149AFECDE3B53BEC5A51B4CD000EEDC4D51FC35877BBA5B0187B6848A55A996FCFD7921F8710F174766662ED831F2B63014A5AA56245716505FBA70CDF11982D0630F017FCF858933E1761DD0172E6D84185D1CD0D551AA681DE212430E8E1F0595183BD8661529A5206E7F86F3EAC28E63AE721E70620BCDC2837172004DA5BAA5A2C8DFA9932AABE52DD28C57762A05805A5988EDC02BA442A06C60E280AFF714345709114DF0E604E9D40246F8C8D9A7C8D95F24557E60F6A1778CA976B4ABCA308EB1D2314A63C21A5C022991963F321E7FBA5F8760073D2033C283656868C10BAAFC9963C28F4A4BFBF7657FD2011DBF78EB6248015C55BE1133C85C861404ECB5EF69FA2DE523F9E85E5F8CCA01D3680782244C47819CA1F29AF92190AB1DBB013F77939DE835A4940EC7D30CDD83C38D227C868307B581FC48AE28AFBD836193E1358870C40382E11832DC4144F9A0A85C277283EDFE8551581B73261C6A34997000268BD235851446FF0ED746C1CB2CDE75746AD9AACAEB7C0B70A6EB70F505613BE341A61EBAC95CFD607987681A7FC56E5DF26522C8695682A36A430AB54B293F0028B86F21AFDFA360B9310B4AB07C05EB9C9DCA410946F61406C26C6A7891D1D9F24FC765A107A0006BFE03FE1135459090143C2D4C1556A55367195AC0C40AC6DEFDD65207CC9AF913181D0660CF1FC7B11D295E6C5C9EEF160D94940CCB4B05E3C03865022BB1346B0A89BAAFE78D17DEC800C9F0ACBD800C4586470246F10FF4E6A2187AE455EBE32767575E07539DE83E64A026D6F9461EF295CBDA2A19AFDADAD3A3332808153220363149BC3898E9716C8D87B849DB898C7FE558AF7803997C0C069BC67D430E6A327F881AC70F4C6FF2445C18694C02A193E01B318C31368EC800C19B7C7C85C61A57C54F4A5C2699E62EA5709CB3C72A77766A704343F19482AFC23BAFC7DB27AE0331CC74D7385D8492DC32760963D0076E6A8DB3FD41188A05B12C46DFE32BA7B7555F0D136E93C820E4BA0FC61FD6CD3E0EF6754502B4138690F20BA176CCBAACF4AF91971E211392201937E125BA3D70D7B343DFF32CD00D0E57F2FAAEB1B10D9BBD01166BD4A6D9100A289177F79507F47ECBC4AAEA0850194878C71F0F21B4070523291775E2412E0F43524A5BE2582788916F9132765B59101A6690AC422449D12E0567E797F0C1127B742104795D7EAA3CD184716B0B387BF441B5D7F0FDB9309176553F469E801A5DE7526F7E78206CEF51624C78ECFA62C118781B3FE6A9BF7707643F943FADF1BEED7FEF7B001344F175A9D3224170C21615A28DFEC904CC7630C46C2CB92614E9C2B61D232AD1799FB7D61DC4EF32CCD0E6AA30DE1D5559A344867755F8B21C08AC88317AF043C03285EDD66D432CF00321253F1121DF601F2D944382BFF8D28962D0B46888C2970665FC8757BC0F30CF06CCF460DCECEC3778C26E59AE74CCA73C400E0607D020FF7A54C18CC9646BC5B68FB263DF706C0D9BA862AD5169E4B6BC3FB28468E18803704646B614546EF1940912934DBE6780690ADC48A8CDE3380225368B6CDF10C205B891519BD670045A6D06C9BE31940B6122B327ACF008A4CA1D936C733806C255664F49E01149942B36D8E23A160242D7C15AF46B9335B6633A1DFFE91CE32A1CB9686333E083C679C539055F9269D93157D0E891D310024887C0BEB018FE7B01D478A8275D97120CD5A7C3BD0E2FB8176D4989F32BD21203F72766D2D9E01B85635F961CC3380FCC8D9B5B538E2032069633B2482770BD87320597554EE4B661BE15D7E9CFB724589EC44BC18D2917D188E18005ABCBEB15ABBCA0E61362784E4FC3D4478CDCDD378CD0DDE739CFB030921972121041F9DCAFFE10D01F997B9AB6AF40CC055EAC83F334E0D0119B794BF49475394BA5337DAC32EA08319DFE82021783E1E5F1AD748A19D6C10B877F1E14A03E02BE9643D4C7723A6333A7CB0F98DA33B89C24BE843C0E604557A8C0DA19CBF37B7237A8AD451FF688CEE84A338023C1F23CAC279AC6931ADC5E9CCE0489A811D77B18ED461C7BDAE1B02C24B692294FF1114FD5334B87772A3B1C3B50F228895BA4E9BF5C5747532CEA973BE8434F032231A25F186D4B1E031AE7CC10FDA20BE292CB6983DAB2FA18DE1E5247D0FB0A075EA70950140481578FBD8D3109CF40548092101DF15FBF7E6342DA19B1330277EF9BB14D08996E1A54D37B5553F78EECBA3F4B65E47DF688B369F78D718009EFC61105228D3C6E349638CD36F8C25745EA6F7E49A4EDF4578CF3F0DCCB85C4EDDB13D7B217C8460C6F7D84CE80A03801015F497F80CBB1836333F60302A9EBE4732BF237794CDDDB9F5B7102CAA421BFBE84DF4130B74DEC1AE3080681D5D04C1C896441B7C013A2FC828E8F7D345B08E3FA54A08F70D8673F8B554B8DDD73C4237A3EE34271A8EDEAFC0EFA9C163E9189F8F6E04CFB297384DB09BBF4CCB4F6B40A637E6922E6AD2B0D4F220C88F351F8D6443E9CB66DC5AFE3A0D8303F8019EFC6E29F44371FD9B1498AD97E06F180CA0E5C1E2DEBE705E13C78BFA32DA8F6E7F4102207E715F9FA6A5747AC908BB42CBC9B5B57EEE8A1E00DD7FEF343639CD61C30E2B3F8EC6D46F279CBFA569B429B305093EE720E83E9D67863778A61CDA705A885E606F0A98FCB236A712E5E1DA1D0680B13CB5AD78C2BE4885896B085306D764B476C2C0471ACF3E53CA1BC168D378C6BB5CD2EEB7935FABB25D610050F6B65406E1DC0D475709391F39F8FFC58576F111C8E1B34F0F9FE5EF248D67287A446AF51802CE410F776A2A9CF9D2DB9C4A938F6BB71840435A63395D88B8C0C39832C5FD14BE964A8C8F693A8CE2EBA9B48A8F1A5361B65F334AE319BC4D86437A79A2EEA63AFA2AE21A2F27AE0FFF32DAAD0EA30F0E5F3B78E20A27505568799823B4CBE9B86459609CBD37DC443721E0F3A1BE97CEC175D764BC3847EFB1393094DE4985DB7D8DA75D28F6D6E47AC05F09DAB028BC18914C46FBF0719CEF00A626D38873746BB3C0373A39E70F77F40070F610D499221587F85C0AC73451A27C410F4156E00FE8FC1E25C3E94DD4BB5C562B9839131C7DD742F907B412AA91DDE704CC1506201AAE8DA42720D0AC922240FF8C3682E63821B838CF0A42C012FFC58A1F61A84CA1715821DC6145936FB86B0C400847EB8AB46B46B3321102E87F0DE5DBFE6DDDD67861C3693BBAF372FCFDA5353A81034D13947F2D789EDF166D3EF1AE3180B890FA5353C948BA164CFD10024B8BFA09238124DF026E289657EFC0B5E3CBABE0638B76229DAF28548D3660D1BAE5011EC567DDFE80EC80BE8809CC6E8975FECA154E60AA18B44B691E60F3E2215E1677FEBA3393F660B2BF918DA44F52E99DBE6E4E54096116501B5942FDB88FCE00BFC118A34FB520AD43979F1607709AE744FDAE34800473E2E9C2B9F82B88034FBBF0ECDF6DFE2B089E5D35041484C48A8C4957F70042D6BC8E8EC24F77FA0A7202E1231482FCB168755C3C27F012E404BAC04F694D66AE3400BE9C4ED26374375CBED1E1289D1E6F009653E0136CC2383B27E8434EE070FAACB586E51B17594A1746793C277064586FCE095C12CF095C836C8799C1E1F43B371A83EB860064064DD02388A4993409CA3EA4FC666DE2FA2C9C56C138B6E84B6974BE952CAB2F9E13B8847E8B25EDB530D86BC1636A4E60397A83E7C0EFFF8497A587B16565E613E62A0368CE099C8E085A97D684007C57087A2E326EC7B74667372E9E13C869A9C9DBE603FC7E0B46BDCECB09B4D00ABAF7A1506CC8029D068640D1A3D2D38EE604EEC46215D1A034E6AC00899C4064125B91E41BEE8A1E00CA147C3C2A949A8D00207C67730219DD910DBF82166DECA3732F27B085DC5AC9096CF431EA17EC42257E46A578E4FFDCE2C64302755B4EE0E3413F9D86BCC063C1FB3858747A4E20A389A9ED70EADA15B300594E2004B215821C919416B606D3ABA1AECE09247A11C1ABBB929439137ECD7E3CF52DE2FFA217C0EEA7DE6C306D4DA275E4D4154300BCE7DEA9ADC793333B49F971B4EB73027D929CC091B4006D49CB098CEA747A6A9B9DB8768701C89226247974424010A62CAE9E77A70A7CA4257AF8627440A6442487A4F1ECE50426490A63FBB6A4CBF829A65622ED1A723E7258E6044AEE3F72976D67693C43D15E4E607BC40D0390E5F4F547F0E4A11639815BB16F509613A8A4E7E7B5878FACEEB1CA095C4C9725CA11B9FFD813F0FBC475D2EF1E2F2730491AC809AC93E60472FA594A4E60EA8610F7E50412BD8698C68730D47D58123E574C55939A1A3F85C1BF823F2F27302118E1ECA1AF97078138F58093580A41A6295FDC8F2C9B4A0813E8FC1ECD39812B64B50A2F1FF0EF5928FF0B4DA15AD97D4EC0DCE2041252A5444EE01FB31102E89F7532CB068A1C072F25CD17B06A833054FC8D13A9645634F986BBC6002018133981E2BBB719A54DE1C97F1246F36FF91658727DF19C40850680F74DC970D93968C2E8E5AE03CFAFCAF04EC15C6300420062BDBFE4521AAB301A0381A545FDE24262F43670C38223E876FC3A9F13389C366B3DA81F787E00FCC9720275F412AF00D71799CFB3E26D70D13F57440253E50141CD056CAE583EC553738E19A3EEF8DDADF9E94FF017FE914AEFF475734EE0148CFD359165743E7ECF00BF9AA9D0364D83C17A3981ED5311922836E34EF15710077A24E1D9AF6FFE2B089E5D35041484C48A8C49678600C6BB96D518FDEC90E5AE2D119F1DE5E28311A7D9C53399E6D7F33E8F6D169223068031B29CB8B9C10E45C56C0AAFE083111558CCAFB0836727CBF4860027A5EF82BA3D037081129C64C1330027A5EF82BAEDF70114EC8AC5BE3EA7DB6AAA99078DF0AE82CFC1AFB33C739E964462870C6D3780C64AF539302EFE0AE6C0C72CAE2B18663BC868FB0D00DF7DC9FF1A5C075B5B44B72BA6DAC4495FD3B2495C6C45CFEA68BF01E0C33C59D5E411E75402F593D9C728B0B4A385B6DB005445BD1D3B5DEE4F6640F13B3C6E2633E39D672481FF07ED61EC23F61962A30000000049454E44AE426082),(17,'image/png','img',0x89504E470D0A1A0A0000000D49484452000000800000007D08060000006A326B0C000000017352474200AECE1CE900001AFA494441547801ED5D099C14C5B9AFEAD9E91E10C4C4037D4FA3F14041FD3DAFE7F36011453C30D1683CF025791E79F10E796A1061973C740F503C9E1A91188D9AE8F38EC78B022A02BB68E285E145C533A2F14021A280BBD33D3B5DF97FB33B4B7755774FCF4CF7CC32BBF5FBCD6FFAFBAAEAABAFEAFBBA8EEFABAAE6AC1F84B1778854D7C799B319B34F6682EDC918DF8273F119FE9F675CFCAEBD21F5443F6806CF2A724F6C0D21EB5B3387323B7BAF106C07DF6A71B6C8E0C6E90B1B3894A27F859A5680C35A32E3B3B6FD07C6845E48AC9CB3953A370EEA6F4AA0156A984D357E5C8B186EDBF60361844F75440FB19329CC7B37D5FA96CA77CD2A8025CC46C1C41645358C60878F694D4F282ACF269EB82615E09407440213BCD355D9F057EAB876B09130B6D2389FC839FFBB9C4664F98F645C2DC375B558B9CFDEB7460821B674D58DF34ECEF5EF2E6EE09FF6E0EFAF6F31395605AE6E1FBDC621AE7C350ED4640FA059DA700FB9BDDEBE51F8B9E884A13F23A7E38C6F23E36A19AE4905609AF852161A1762270C0DAED5809DEE1A21A7135C7C25E36A19AE4D05D822F92EC677D32938C1D8569FBE6DDE945782F157897F12CCBEC999869EB12E7E4DC6D5325CB37680FA26F3318CE7C7CBC2EB99F87D80B17F14E2534A3CD32E689FAEDF22E36B15AECD1E80A4A5F12B18ECBDB2E0687288DF7E5EC247DA0F870C4BFE46CE53CB70CD2A407B83BE0CFDF9F4F0C2E396C613A7CF9BE41E3AC2E7DF3453D6AC0290389636182DE8091ABD7A0297B8385FCB356D425B63F27917BE1F0035AD00243F52028CFB0730AEA94B3ECEB21AD76E1C6CE87BB4372417F603792B55ACD949A05CD3D1ADE9112CCBDE72E2E1007ABFBD31B5B313D7DF9E6BBE07E86F022DB6BE030A506C8BD558FA0105A83181165B9D010528B6C56A2CFD8002D498408BADCE800214DB6235967E40016A4CA0C5566740018A6DB11A4BDFA70C4147CD169B7598E6EB4C70FF2DDC650940B8159EF6036103405924C366E66C19FC1307C22A5999F242F2D5A7B68475A4335780EF1DB1473724FB652613E4FE17957909043B604CAB751A38BEAF4CAE23CD5E99CA876079CC2C736F9161CBF04AF629A50CC17AF8249CBD376A6B63E4ADE7F24CF84CF1A6747789F196E54B1DFE792EBAD8DC9A163ED55EB05D56ACCE9CEBDB105588E8130A30A635F3632841BFD88D2B843D7DECCD62481564ED5964D5BBDBB1D788ADB2696B96CC1D3C75EF0ED9DCD81F78D7DE3E395D58785D87B52BCF08D77E3FF206A28C916169149BAE6343D77E389AF61C8E1D3987DA6DEC2FAC9F83D68C62E9C591BEEA0A00E1CFA66D5A72E5B8485C88DD39EB647CA930DCC19EE36ECC3B80FE38BAC97C103C9FEAE41B53DC4BB1E299F3D464FEB9135F8DE7AA0E0187B566EAD11867C815C7DEFCFBDAA6279F92F19B22AC19A211F5E972F28EB9CE904ED32C62BB9A3377B4CF555380737E2592D9AC7D8BD43DA27678EB35FD9268AB593D6A6D97A5DEC1D2FF569903AC40CF1D3D53EC2CE32B0D574D01DE5C6D5D8A69312E6B7007184A1AE4133CEE149B1EA4E94613EAF5B58B732192BCCB6A71E1AA005445018E68163BDAC26BC72E7F655C43724E15DA21D622175FC6576109789D5C08A686A7D5B758FBC9F84AC25551008B5938912306BB2BCAED3ACECF9BC1B9EDC64703D571C3A6B7D0F9C3E4BC231AEA85A97C43D7676329B0C69592EC1FC2565640AE343103CEE549CC457593AF6F35BF27B2E211A5308DDDBCB421759182AF21C4E8E6F424F40437C8554A6889A39634249F96F195802BDA0390B307C2571A005AB82A95301A2A51E16A96B1DD08632ED91E641E602B9849D650195F09B8A20AD0695A3350A96FC915139C5FF2CCE5BCA2A772C582804BA3640623821F3C955B18821A557262FF1E47911A1533A6625A37B6C5DC2B6BB357157B3F67CF2C6D4C8D8FB99EBDE4C5EB4C3757B2D9405C045FE06C63106BE48733D73ABD37710C0FF4A663E2B70CCBDF7D5CE4ABE428AA480F4095CEDA4271F6E06D30359D5DE06A881881F47CB62B84FF3C8C4F93F0D37031D49474276BEF9CC7768AB1581769D4191D9E76B90B4940951C451551809CB387B143E54A636BC42C3294C8F8A861085A4BCF639358AE0762E45FD818043B087C2C4F3FC9CE47BA8AF4883886B600252DDAC844F753351C45B12B00397BD0DD294B1D72F668DBEB0A5E6E9472E1CC7C560FE1BF206C760304ECE985037E73FCE620DDF39979ECE072CB0C933F91D0A6781C5ADDA6EB4B3290552EC4AE0041CE9EC567F1745C55359F6623D34FB047BBB2AC0DDDEB01A1CA416FD065B3E7D11B3C947E8AED162A4F8989964CD55F025FE428720558417E8ED552C5EE298A55017C9D3D9CDF1F97B3C77A921D04C13F2C2CF61AC6F9135CAD1B12406FF07D96612B3A9F60F75B4F84549E90B49DC9FA82A328B6318F9C3D6F7C6EBDAADAFBF93AAED171ECDEEBDA9C6D52D2B398CFBE9916EC44BC5167E2373A8808861E1AE96FC7F6D0569C169E01E83F82D2531CF22CC62AFDAE548A3D8A1583720155A1FC41F1F52DE939189ECE77A5E1D83296D0F7583A95FFD5858F01884D0146B7985398ED31F6336D12EEE08129B8F4209E644626C1F6B16DF66F10E0D1A0341E6F6DB2104554F6B5441DBB30793486859E8015C03874BB37A1B728B83104F92D280FB9A917681A7B31B903FB33DF13B832C2D8ABC5B659CB7A172BA5CD9C64C825DE3EDD38DD898BE339160520678F25AC37F0F6BBECFD58022DDB76847E200C2259BFCA8897D960F333761EDE3A12681D1ABC0E8EA324181D0661D376F19D801B1546E0BD6570F6099EA7A78E657782AEDD8BEF7900AD84399FFD27DEC419406D2BC7FBC1398560EC0DF0B31269FE06255AA7710C1E226757C8806E97319CDD84EB29327E34088F0BADAE847DC4BD3F00CB452DC1F76F9BAAA3178D2FC4B223C8CFD9830A9D1724FC5C35BF6443D190D7A2F1BA43CF7F1ECC215D404F3AAF3F081E939C1BF46DD82F21045FC70F948214F2576211BBC7EA6493A07093007B5D36E92A056CD0BD83FB40E0BD461DE4758734FB3510810A3064987ECD86AFCCF39175ABDECCB09DD8597115E0A37A71313C443E0924670F967DDF5578D5C42DB999AF12113D020245EFC3CE4EEDC8BE6D4C60570709DF593AC6F70D48DF9AE2389BC0D939A0E3BA51C49936CA67DAFA863946934253B0F1A39B32472AF80811912A40559D3D78DB21B01BEA347688712CDB6BD071EC8E52C7673E81998326B05F83CE48D0AB07DD5FA2CD5795D4EE9D2C541BF7388A56AA65D8B3E27414453A0454D8D9B30A827911E3F08B187797D41DC39E032C77C06A7B1681E9A1B71459966248FA59D73C566F73568FE703E9077CC161226C71E4281AD39CBBE2FE6E779E5E47D17D6E7C3410DA2F9AE0E7EC41232EC4454CA1BB31F10C1B9E36DD6F1B98C44DDFEC0AFC5661B0FE20A5B377F838F671349C974E853C8A699BED020A3B69820D87F63541315CAB11F0BA051FCF42793AABE1288AA40720C6A1BD70F660D6EE08E4EC119A28DBD983F1B1333581D184A84F057E34FB1B18A25F2EC000F50B3CB814A0272AD41F398AEA5B32970B919DEFCA0047D19B9F67CE01EE66173E0220D4F854A89CC39A336743F8877AA4BB6AE9B4D4DB1EF801944F0BF8398A6C1ECF89A2B215809C3DD8D9A6BC9DE8AEDF4DFCB33ED3A79E03E88016C8398AE4780C3171388ACA5600387BAEC610B0A5CC2F9DEC89D3D92397574B706EB9CCB9E228C214F7D2FA56B17594752D4B01C6366746A3EB3F53660863596CCE1EB9AC5A85355D34C8278A605F19CA6C93E61991859215809C3D5DC29E0BA6A495044EF670FDE2C838ECA784721B65344156445788FA4451C90AF0C61A0BC7B73C4EF630DE18A5A7CF55FB7E062492C695E84DD5134559AB39AAA6284901C8D903978AD21581D965DBEE5E7B277BA26AEC62E9F89E28626CE29899D6BEC5D2F34A5F9202648475A3ECE983D7DC0EE5ECF1E26200E7DB02E428C218AB9C28B2B3B6B2F2F225121051B402D4379B27C075A97C8B47E3626EA59C3D01F5A9B9287214718DA95D3E1C45301A8D2BB7C2452940CED92304DE7E778086AED2EB8C696EEC0014550B0CDFCDB805769595323D61DB5795EB282A4A013AD3D67F83896FC98C708D5F5AE9933D320FB50CE74E146172ADD651EC7F588B75AA8A0F8F09AD00E4EC0159657907CD5CD8D660FC6FF822FB594ADAD3144158D2A0A38DF9729994CD440B2DC9657C583894025037E377B2079B2BCB76F68465B6CFA78BD81DEDAC2F398A7098C9F344518FA3C8993CF47328051870F6846ECF58132E9D9E9C8FFE64915C48398EA2820A30E0EC919BBBBA70D48EA2820A30E0ECA9AEC0E5D2A37614052A809FB307939107E23AD923577800565BC0D751248ABF7A2E5001789D588FA9076D9976072EBEE1460C40156D81AC36042EB8845C26B78BBF58335001165DAE2F87F7E906B920F8A5618532272AF80144455A20670696BCB0642EDE6C987E75B10C042A0011ABFB667206887FA41016E2BA636F149B2BF872115975672F7AA148D6D2E5B25630BF179F5D6A7D0AD209489033FFE2059493D0B98252AED62DA8008B2FE41B5882FF542950B0ED36AC335B647CD9F050B65EA1C1D95005D7C710385544269F414EB6602413EC48B6C1892BE799EC3164FE9569909998CE15C8F8307041052022EDD38C476188784226087E2E183DD3DA5FC69703F343725BC0D34E1AD86A5D87EDE2CAB633679AAA3F67D836E053EEA9D64338EA1CAA4466BB2F92124A7B63E75023998B4B211B4A01887022A1E35225DEE92E0476C0AC983B4348DFE271272A05FA40CE6476B17D655C5F824DDB93BF9551F19833F70AD1A4D2E3CBBBCDC46A4C184C6805583C95AF44E22B15A2421CB0B02513A9391836CF57E4727072B75EC6F529D8833F74074A3D4AE599CCBDE8617695F3734D9BD26D269663C2C1A11580C8EDB1B57E2DBA9B152A69D14CE7DC557C691834DC9FE49C98089E22E3FA14ECC11F26664A3D4AE199BE3042E65E252FCCC2B973044A447844510A90FBD851423B5F268FC9C9B0AC695D2FE34B858D247B4CCE8B5E61A4353F771E4F8EAA3A4C175181BF9D9D8C40896D83B3FF73E24A7DCE9D07C0B90039BFA759584E54002E4A018856FBB4E412743977CA74B14B68625447997196EE43D07F512E0337824C96717D01C605980A5F5088E7F831ECD372F9CB9D03C07900850ECE0D44B103AB6805C831A2E9976142B856660A976FCC816DC090F125C19CFD4AC927D849D602E99E3F255165113DD7CA7D472E1557C8DC2AE34A82E91C009D0770043A2F40E66007AAE4C79214A07D1A5F8D5EE032B954F402BBAD5F6F5D2EE34B81538CDD837C9F39F3E2ADD2EC2E765B6ECDED8CA8D2335D3B9B15E0475EFE71F691BE35BBBF5CB6E88B22586AD3A15077C07981A82ED82C4901889BB669C9DBA1897F74730637916053C7CE14CA6C554E5708A64B1AB086BE464E0725D8C7EA50BB5C395D25E0F44A360DC21F259785F19F6E2509BC1646CEE305F3DCFE7FA13BE3F0E27D4DE7059CB8729E4B560030820B58719993FC4124218CAEAC39A71CA6F2798D1DD98D5082F7F270FE1FB3EB5FE028F6883C5C8D7FF349360A829E2A970DDC9BB880FA16195F2C4CFBFEA1EC13957CF8F248EEBC8012511AA26405A0E2DA1B8CFF47EF179BB388AE78C19668650284B72E059BDB43E269DC1C568540F7128287872020D7DB996325C12E8EE2F6713F870F9D1388B2CA6529003112B7B3C83826B724BC5BAE3404B0B769B147681C96E3E28431FF48E15690C720FC91723978FB6F4F1DC3E6CBF862613F870F9D0F28C5E113547ED90A40CE228D73BA56CD1520A0C89C45B866E52210FFD055000008E1F0F407EC2E9485B68F3FA01CCDECC0E4D4E3365230F0576330FBAF72B90872F8D0F98072E9CBF9CB560022B8A4D178047382D89C4574C74E22C94E4023AF972B00614C34E7B1EBE35602A28F726E86D29D24F300BEBEE409763C5D3327C7150B77EFF38FD6E113C443240A400570A1FF344E67917E14FB338AF93E2685CAEC1AC2F9196EF8BE87AE900DAA6CA971E2793608C27F10E59C27D3003F6682B3EF61A87A5D8E2B1626870F96D2CD6A3EBEFC8806FD5E155F3E263205689BCEDF07B12B1596E02C7AB639A3988F95743D88B14D99B17E71A9E3D8D330B0FCD827FE745C18FD2CC6E88DB76DFA242C069DBBB56C2D2E8BA61BC4A500E16341C2CE484E604BA428053CE50191A03D964A8403E1E7F0A1F3003362FA9C5E640A40F5F07316611B434B186711DD93D7C5B28BC634991E6F41774BE9C7B0DFE15E403F2BD82118A35F80CF603F47BB96FC68CD63FF8A2BEB5E0001BA13D02B4CC6CDA2050D3E24FC556F5BF76499BDD86F2B1D9DBBF473F8E4CE0378951E012E520508741659D67541FC92F0ED1E7F378E3B350429015DE78A699F876F3C3731DC193E831770D7FF4C9AB10795E9174717566348B90674C8D0B5A39C8EDE7C286123AEAEBB568E93E1BCF031B93B0DBF04E62C777B29012ED9BC1471B1387C649E9C307AB0E8038E90DF89CA9EA1524E8C87363F23E39DC277C6698CB7B44D373C0E4576A7C29BFE233B0B53ACD77A1C4920A8B711773EAE7D7DD64937E819823F0AF173D0E5EFE2950E34D3F89D856B64EFF38A77E29CC277E23161CE42817F083B4A8E06397C846DBD27DBFC51810797361A651DFE7496EBF51C690FD05B80A64F06F3A19C457EC2275A183A86D3B2A897AEF440C34122815D779CFD5D8ACA8110E208BC550BD11BBC8049DC44F408759EE95E664958F67E00EBE2CBC8B3C04FF828E7734CF88E08237C2A67F5D78C26755BCA652A3D01EDE78FD1E12397EF847D1BD799A894E7FA26EB2782D9AA474CE3339636185710CD20E1E32DBB0DA78E7163374CCE05027D0E0E57D63C0AC1ED5920E9C7A0FB04D2BD842E7C8DCDD8D680E9DEDFE3A028DB05E545432DC7C6B7EF0D3A96AD0C4A27C79D729D18F46987F938E81F29C775F704FC62610B58F7649B3F9B8B2B76434F9E65DA61E1D81480DEDC31CDD67378030E763203DF413A51A7EF6D67AD89F931DF194FCFC5083F9F972C82D6876C2A8449BFC89683E0258D466AC237076697EAE00952025416531EF79E4A28C6D7095DDF354A9B7FBE9DE4FFD814800A3A7C96F52F5D19F13294C0D5F5A251F18914757F1BE52945F8942F1FF0E9B7DDB17F907A9E31795CA9FFE0652139BC60DE7DB7541AF97C814A904F94FFE7BC1963BFBA052C1F1FE17F3C73801E06FD4E16C5257C2A169F85790BB3F3B118ABCF8076BF534A5B21DF9B68981F80CE9151089F7878F012DEB9DD60E378CC239449B0934794BD66E8E6FA6C272ECEE7587B00629C363466BF30576020DF3EA822E5BEF95EB4A1681A3E237722CA3E0B0D7F1460DF9B34503E5918E7C1E1F21BFD68F638E082730FAF320BE10AF504E8FEEF6A6F34CE2C4427AAF8D81580183DACD93C312BC4EFFD988E43F87259E4C2C5C9897A0C0F0743B23BA0E25BE07F2D14E3433CFFC918C2DA793DE00A0452824F3ACC5598DE2A47EBBA27861B978871B3E31A9BE32A0C0D1D343B7F34EC6CBF1CFEB041F30BE4A7DDC6CA8EE372E89692F7B30EEB782FE1132D5A2262A24CC622DA6F51D0D6504AF9CE3CB1CE01A8A0A0A55E8E11CEB7BF02733F2753B5FCECEFF0D9586BC54EB0312AF2A75815A0A0F0A93A453A8B226F810A137C6375E6277E9360272B955282D8DEBC50C2EFA931C6BDAFB0EEDDA312EB5E672357FA991C3E1DA60993AFDBE68F39501B8649CBDF5814DF9C20961E2058F8FC0F72C343DB87E1F3A981CE2239CFA608FB397CE0EE9DECB7448CBB27885C0182844FB3FDF646FD785AEAC80244454F8FEA64914CBB2FC039870F633F9779C184EF21B4C98B41768238952052052824FCDED9BE9FB388DB374776B2486EE96AC33E0E1F91D878C2A71A4A10990284163E04913B5924F8145926D0F4111BD6590A5E4EB7A9C1639AC4B785CDCF55F8E6E236F9AB6A955682A21400FE6DCF2DD8C5083FDF086D8DC9DBD0FDD1860B7788E864919B6875219BD1173EE4B6E31D09BDDB2B2A73578E12F8C9482E230F07AE028E9C2586A5B3D645305A9C8419EA283875702083AF05FC1CBCF4BF6D6FD01FC22ED68652BD7A01CEA2A7E00A3D3ACFE4A6FC4F277CF015F057B0DC75B77508874F90D9386F311CB995FE30F6129E8DED6413B9E007404643F0626DC0FFAB8C6BF70DDD3C793BCE12987E6DE866CA91AABE250D1F39C79E7B75438323D9877856AE8FA7F8B0E6DDFA660B9F8AB72F71D0CC3DE2ACC1C4B646A3E07E3B395F5F83EB9BD3B4C1847619F50634FA9A21C38C5DC21CF228A804827D0E61FBEE65801CDE87229C8C9775592F038E074F0518DD6C9E82371E6648B79FDA912FF031ACF089889FB308343EE5493ECEB6755FED0D64A20F447261ED27B242F9FE1FEA76317AB8FF09CB62901284A381E1A68E8FF5BA4F4051009AB060CC7A0DC21F1C8EB83B5531C2CFE71CD36A9E846EF2E13C5CCBFF689F95DB8E30762FF656AF72950082FE6850CAD8E3A9C9EEAF90299340087F86AFF00B6CCF2A45F824ECB669C6EF31A629278B6A5211389F5EACF0A91D822686AE76F291112C8DDB775AD624575A002E05A03538344539FA0457CDA2BA041F898D0A83B444EE88D61A9910261EEFF4AEF3E5C810B0F7C9A2101937A9247CF9B869F4E58FD2425E09704A6D9D4C012FD0DB3C9118BDDD083DC512DA4180DF90D3602EF2EF32CEA5001BD667F6A459A43311087D55B79971D2E269C69B349B6C9B967A5C781C06A53C480B452B2DD0C922F4209E7BFD4BA3D81773957FC267F5BE2C8376725D194335E5093E11F7373D47BDCBD269FA0B3CC94E565A4088BDC81FE1C4BBF603C058B18D33929EA1107F597C31FFD289D799DE6631696EC69992D79927CC339634D7AC586D7D07A5EE1026FDA695862F6B6FC4173FCA0D2FE1E89BB4A4A4655FDB54FD5527E9B629C68AFAA6F41ABC915B39F15617DB1AF0D7799C4B015842ACF5B8D87437322E38C7AD0CEFDA0B9A2105E42D33E44E1631766899646A3AFBA0145BBB5E7AF7A8D7A6AFB93EDBC83FC8579E8EE27559D69650963C2AF75FC7DDBB9E5C43C0D021C915E8C7696FDCC600D725CEB5CD1D7B078C400863AE4EEFC6847DE3C604F927F58B56F99881FFE85AA0DBA8C3DF922966847917BAF75C2F3CAE556CD96599BF937B0ACCE53E903FEFE75200324C60145F20138731E8ACECC7D61A1835DEB14DFE26D9ECE534983C2AEB5D39CD001C510B70B5ADF19E1FD6615A1FE158DE5B66D6FA043DF4917269182A1419B9148032883A3E03530A1C9A7107087DB3EE9D2CAA7188669CC347E8B1EF5F7373D47FA1CD06EBD793495E690181FB05722FA7EC77404ACED70F32D4EDE68A022C9DAABF1270FC5A29932620BC8E4DC41C21AB440E206269810597F02F344DFCD0EB45F52C10ABB304EE318011E873395E51004A001BFC2C28C164BCD9C142E5ECE304E787B75D6EFC45263C00C7DB02588E3FA925C489F466079504197E8DB30EA7D2353E5EE93074FB87FA5673140E5D36627CF90E2614BD6B4FAC43DF87E7E9B75BE8FAB58F4F0966C09FFA404C142D40B3FD6CC6A40B2B4FC5B8DF7BBF0064B49AE66575CC68C5EAE063BFB2FE0131BA95C869E650E60000000049454E44AE426082),(18,'image/png','img',0x89504E470D0A1A0A0000000D4948445200000080000000800806000000C33E61CB000000017352474200AECE1CE900001432494441547801ED5D0B9414D599FE6F754FF7288FA849E4086ED044564D262647638830C31005796549F01CD4C5A3C63DC6DDE8595D8DCF417CC030092BBB6E1E26865D8F2766490C1B8575E3F0748119C001D9DD13D6AC28CAC12444C1C06844A6AB1F75F7FB8BE9B1FAD6ED99EEE9475575579DD35D75FFBA8FFFFEFF77EFFDEBD6ADFF0ACA73B42C4D5D2629334F58620A091A2BA5FC689EA865250B213228EB9020F126CA5D173168D596B6F8DEB21652A5CCA67698E7652CBA9224CD9424C7A36E6350B748358A47594750EE1FA421BB044556772F6C784157AE5089AD1DA94BAC8CF528189EA8DEF3260C080A5A4922764FF742F196373C14576ACB527906C9E43229E91A22691497BA32B1D1A0761A11E3F6AD6D0D2F3A4BC80140CB92E437C1F0F7A0FCA833921FAE010228DFF85AF7FDB15D7EE0271F0FCD1DC989C2B25643F967E48BE3151D204813895BBB17C57E94E5610000CDEDC99B495A8F656FF8F18C0A1C238326772F8CEFF1237F2D4BCD0BC8A2ED684023FDC85F962741C6CD5910D800E8EFF6BBFCD8F2B34C0F9C05BD193D35DEB4E51680C147C7D4C7E4C874AFF932C6DDF13E624BCB0AF704180EA6F0706077F5FD63BEA6DB17470D418F0A61EC1446745F5400DF153E9286199749718114723A59E21BAE311402CEF426EF021B0F569895A2B2B779D22A9F6D18B9025DEF2611937B6256DC2C2AE361444E4B32A4959E20A535D192743B64789A331B6EE8AC73D0BE246C6BDFCA6C7246E06B8CB95D24E2577B697871CF94B132ABD1AAC638F9E3A1207266ECE35B6E100927DDABEBF90FC9D8DB91E41157D72FE850C488CC530DAF6AF2C906A9B4CC5FA0CC16B55C6144A6194266AE506F40FD47BD563EF3C482330CBA49E58F052D0F9AD355BA57E177A27D17BA940F6698772F95CFF2E0062C8CF855B64E1501F163BE21A5702183BB7D2F5BBE93CFAEB6C6E760A86C77D2F8DAD2F0ADC6A95638234493AB2C41DB987717DD0302EB9275AA16CD733C86241AA7DEB0A4D1A3D2BC0C634873F1A3E3DB2B1E6155BB27C9A4B1D32B7E74E5B21DE7A263820F9314B90602478A46A3AFBB227B480093FBD4E26158E51836EAFDEA86AD516A793A9ED538D50CB311AF96C7B3BBDA59AA6A58FB2A3383852D0366A0FB1898C370DFAA2E05933E2E5EF2F05C5DC61CA5E5D3A916008E74E1658D4B2004408D2B78A8EA8500184A42357E3F04408D2B78A8EA8500184A42357E3F04408D2B78A8EA8500184A42357E5FF306301835C6A3F798E6F6C4DB7EE016BC8CC0849A1F58299A87C00200332F788F91FB96B0E8DA972D413095CFD50F8780B281209819850008A6DECAC6750880B28932981905D6062029FF88579C3E59BA2EFF066FD66E082204820B004129BF2C116F69EFFB2A56DC0451FFA1111848AD9591E9D00628A3308398550880206AAD8C3C870028A3308398550880206AAD8C3C870028A3308398550880206AAD8C3C870028A3308398550880206AAD8C3C870028A330839895C13E7954C6F9136D95E6655858A4E187BD5DF8E3C077772E19EA79F68E5F9D4E59F75854210FA96CF1F7F92ACDD3B0B05CFC6009868B6FCF7894E25D57D91A9E5D71AA48D0E994750FF0C21B97EB90D35C248F085337C35F9114AD6AF178F5A2E15B8D559D303E0D7783113CDBBC578785214BB11D6E28B158F706BB6253E878D32A6E62E70C2ADD8B70667BB20D029EA0962D0DB15EA57915360CE3BFD4B29967E65DA57B11B675697B5B514A87EE05FBB24B67E8372E572CF06EC10E0EBCFAC69D5B8F2D40498B20CCDCD7D682F6C351D43918C37CB1180F5D293CAD98AF635DE8279D22665F3C68604B2293631D5BBEEC8DCD32A52331D7B26885EA6505AFAFAD68843E63BFC46E69379F4225AE75323F700D47077075B7138F0BFBAAF1C5AB6D3CF1F8892E54D7F2992FC310D7742D8CFF6C80471F5C4C596A2EB02CB952C70A80B08F84DC0A39EE81D7C08AFB08322C68976802FE2742F1CD5A9E84F869F7FDF1EB6C004C5F26C72652E66E3FFAB6539987EFA27550FE6CBFB4FE2C7FDC0B00049D90E1CC2CCDAF67DBE7A2885F647B0E612637DE23E052D49807A4FACAF59A4B8042BC1C8FC6AFF69BF2994FE68979C3C5CB2EBE7D4438A16338DCECF7BA3A3011B4AD2DB6939D3062CCF28D75ED941BB7FCC668AC79D3BDE23D27DD4FD7CC1BF3C8BCFA89AF015E58B7EC68D3E16DD51E020622E062EE3239AA3795BC1363C71D1883BDF77809830FB3558BB6B6C57EEEC796EF945DF69A8783D68EE45F5A522E510DC36C9C6A9EED562FE81F23A7C61E511D6CBA0090656CEA93B2915DB1B1372E98DAE3FA7DF2E48DCFE9F089D4543C432AB376A207698B68B5B6B57C18D91DE047BDEEFB1A760545F159D965CFF6D3C1B7535F14969C01DA59F89D0E29E53ED164230F7196D2980CDF684A8314BB21DB239AA45CF45128EB20FC00768B71F18DF97C2A0EAA504DC68392EC6FF594CFB578E9B6B3CB193483F0665E0934B79BAFA0719DE78C60506446D7A2860D4E5AB1D7033640B109C3F8B521811000B5A1C761D72204C0B045571B094300D4861E875D8B1000C3165D6D240C0150453D629A58C8CD34ACC7C04AB11902A0529255F2952FD0B8C45ADA9CE8A3DFF6ADA5CB94DB9E0543005441F4E63ABA3261D2AF3153D68ADF197855B721D1498FA03768AC42F1831611026050F19476536EA44F249EA73556867E01C50FB894C7CCAA81E1E04EF338ED49AC234F575F8500284DC7DAD472079D6476D2223349AF40D9F01DA03F706F82CCD046F406AB302C9CA58F55596A088032CA17AD3AD2D7497F9578975EC5664D8BA1E0930BC91EE9E6636DD35E0061B9DCF4614F5148DA52E3840028558248CF967DB293AE33D762699DA427F0FBB362B30508E2F87D0BBDC67E80A81D797EACD83C86133F04C070A4D69F064A1A8956FBB718CB5FCB48FA0914786EBEECF0D6ED389660DF8BB50258CD44797764411EA301A085661F1D40DEFF84DFA7F2E5590E7A0880614831B98E3EC7CA81920E4261D86A97CE1E2C1B287C0DD6027E263E9B9635CEA6B5F193E8B35878B39841912F1DF21D81DF6D00C36B28EBDF5B4F79664484CAFF2D8CAF2625F209C30F7456BAB4680E947D752603051672087A115BB5DCDD300B0B6B1D87F832F17E870FCA0DF46333430F633BCE1B90AF765771D079C39CB9F79FBD803EF8C4E8E4AEF7671DDAF1EE57DED9F1DE5FF426C5C9BAB5008E9286BE0408CB77D4CA7A00EEDA537DD48495B51743019320A12950C2D842258516FF2A7EF7C567D1EA42D2981BE97C99A2EFA0C5CF2D243EC7B17B0FACD846393BC0634F5CD01E319337D82EEEA8CB1E00CFDEE760328637CC8C42920D10E068B4EED321CC3371FD2974ED674219C5370E412FE15B8AE5B119F40CF2727D2F984F35F1E9F40AEE7D15BDCC85E85DEE44DAF9287F50DD80CF9301CACB11EF72CE97BB14188F47717A038CBF89F3DB88D38B319E97A1A7F15472E4A439F42FB8CE39062D2427660D05A0FC260864995D2548297B4098F6E120656FE53D43591CFD5791082D6F9881ED764B386233E9BF917C012690EEC5D3C0DFE1FA46643EAAE02C25F1567AA721CDC5D934D9CD9EC1E701D04200640553EA19AD6CAF14B40AEA5FD938875E2B353F677A319D7E8BF01D00C2C3669AAE421957E237158AD5DA09CEB4C55ED7650F50AC90B2F1D18A5E85125619115A159F41155FFF0F20F062DA15FC939DF4715360D83A0186D6728121044056BBCA19CAFE1348BBF17B09D7BB6206CE33E8774AB4AA05C56C7A0785FD987F00C3688CF95FC0F8CE462AFFBE0860143DF9C4CC870060299C3876A05BFF294C3FFE78621F5AF81B503C64EBBF03606070FE67FFCF6650AEA7D3314B701E8CD9B361DF4C823DE3DA755D57931000FD52E1568E499AC775420A020DBD137F4BC1BFAE54271D00180A02007A91F0A83909440AEFB94200D49CF68BAB500880E2E45573B14300D49C4A8BAB500880E2E45573B14300D49C4AF515C263219E72DD470800B74CEA8A1202A0AED4EDAE6C0800B74CEA8A52E69940F1243C528C764A304A0D6E2F9ACE08E1B5A712C80B80F90FC9D83BD1BE0B3342340932F05183352A9F21F1610DE0298F28C76F6E8A1237615FBD0FA30C7175C2F1B2E8858F93C3EC8173F37D31ACAEF18743C821580FE46D1700A63E2647667A9377BD2D9377C02FCD489E5484B328544E6B4496BDD2585DDB7F08B2108007CEFDF0BF17282751D91A04E19C630340D817A47BCD97D1FA1EF08587309620DCAFB2074E76C238ED3BF22341106A90781C00407347722256A76E87C0C7FBB102187E6626D2C96D2108CAAB1D1B002D4B25BE58B556FBA6D5E7ABA3944D66DA7C9A7DA0E58B12D28B93C0091B402697A1859DA14B0A496F9764F40029BE7016CD3D013B6104AFBE7216AD935D1068D17E77F1D7B898F5B1BB78F6C0895E20309E435DB2AD34E184D55E502946C6C28A53F831CF8D2DAC881199E7D55E01CC0BFBD7873BF3C578F85892CB1B42300C5BE081D3450F09454B803F3B72B937C763F78AAD6D0D2F169D5B0512F0660BB6BF7D25EF7EF7AB0A350C162B0103BD85C6EA179B8ACDA852F1ED9D3678B305F771969B14528A95001C718B316A2211937B549AA761ECB4A1291F8E97C3A35409C0578D747D6D12B3E2FC3D996F0EFD362BC3F3BAED9B4A559F11EDA3B362FC559FABB0446F251002C05BF97B5E7A5D02001F4DD4F681C7264D05075EB339EFD5250022D2FE9CDE29079658CDBC68CAA4E1674839FABF7554A8EC7EA40E0F98BD1FA8D546F3A88A572EB5DC4A846134BBEB22E98FBAB2EA1200118B8E698471BE8616481296CFB8EA0280F3D7C5AEA32E01904CD11F5449E025D339F00DE46E396AC4008451972FA96C62A5D5AF551A87EB120023E6D2618CF9BDAA40927DFEF1E2ADF25668586EA35118EF5DEF49B0EDAF766ABF2E01D0FFDDFF0E55A8E82617A8B4A08553EFD315E80172BC90A3BEA9C638BDA4AB4B5D0280050143E9972E81E0C518BB6271D10344C0AADCEB34ECAE836F429DDD539F43000BA851D2B36819EC5D6DE0400F100381BD7305F248AEA78BD0FA2F5599C770A7DDD59CE3D56D0FC06E56A0F0351A61DD02EF5C819C13B0D2D4A6A9CFBBB153E839959E0DD72D005800780BF6F7594164CF68411F816BB607B2E1A09C536BA91980BE42E517AB27BF2F2651DE0F335CDF05A819F8358CCA8EB0B7532D81C14BE196F19109971FFBFCC8ADB97BF24ABA151B3E3C01E7CEFF5742F6554B0AD046C0EF0FD40231C47D108FD17755BA331C580060BA9B5F65E7ECA5EBAC58A1D74F1C6CA7EF9FDB92131D028DA2E5ACC0B915422CD8E56B4E26550C604F22ECF44E9F538B441DBE27A6D1A00EA5EB7A086081EDFDE0625A7FE47A5576BCEE707272AD7B4C7547F496C2FE85F13D47BB8B0B41BF6F3468A98BAE10EA1E002C8F7F3EB8948EA54F5144C318A007786C75DDF00981277D2C8B7E063E632A4B50ECED701DE77AE7A189A792EA2FFC5EFA63F4C3DF2F77559C8782B4A467BCDAD0C9C5908300DE0CF34F848F64DCBB9460D85A03FBC53DCFE1489FBD0CAC0D80F679DCA0C88C6C454A3DBF70F47ABA7E6CFB3D6362072ECDC94BC28DBCA4FF406B9B249AE9FD9C7B1E06B03FD13F40F9B3352C1C84E177A386AE2505180094E95AD4B0415BAB6112C777528F29E97FD0A57ED29905C24D89F7E879B99B668A2FE4DFE6C599A692D7B0F81762C6CF356185091F0BAFBAAF1DCAF073F216DA000E69F0E49088D21CAC0ED159CE2DE6617A0E6F0C73E6D91DC9AB7289FD83BE05E5BB8D3E2EDDA09B4F9A499B8B61240480222D3889DE8B09A2AFA0351D576E11BADCCB12C7697DB5F7F6633E50B6C08E208B71761B2BB88F9D4A1E6A9C657B1357D91E341C0240239ED86CEA416B9A0F634AB77C700A76F3E8C146D0E76A925684C4BD0ECAFB391E4B16E90A009F8F637FA28775F786A28500C82321B4A64E2CA2B811C28509907BA0159E8367EF17D1222FCDBD53FE107A9B31E875B6808BAB74B9A3A77A16CABF4577AF109A160078F4D1D20BC9B012710CABF055AEE52C3F368B7E82FCEED6E509549C0AE1AF43CBFC6BDDFD72D0921BE8F3D8757C27F29AA8CB0FE56FC66E610B00D2ECD640BA6883D2F8D33097C123ADF484415355F9266AE7E2073E228E56830DEC21B03C62D0D721ECA45A1E7A82066CD0F0380CB367CBB99C0CF91AB0F4EFB652B6F2C7ABE5F687FF15CA9F05C3B5A4AFB8F8EB60CDFA384B8BB83C8C549C0C80BBD6B84121072B5E707F01DC136057B069799E0ED8409B97E8A3DF605AF6DA5279B25BFD5ADA064B7F197A19D70C1F0F4930F816610BB86B4B553EF36A484376A94CA3F0DBD96D8C4AF7223CA52331178298AC960D7F84DD2AAD92E18699D40DD04DC46FAFB61C4C1861CFBFA760176C4BADB7379BD446CB47C42EA263D193FC10AD7E371AE525BA7828BB0F00B80A63BEFE31509768081AEC9CC86A771C791A49F369AF41D0DA91BA0473DD2B54FEF026F0981817DFA8D22B1DC670F046FC64BA044AC85F365E22A5D3B41DCADC80DF2CEECE07E30B5DFDA76147FC006B10DE40DC6F02ECAE8F75EDF482DE42CB6F85F2FF6DB0FC8ABD075011B52C317BE02740D3ED8BA340C8A396347AA2D1E8EBD80777D8C646A18C250D332E93E2023CF94EC3387F13CE2E01C26E590CEF210F169A67B9E3B152F1A6F02E9C17EBBAE99CF204FD0E80790E9B556E160DB69213487726C293D0D3F254AE46EE393910D2AF89630F2074F9DAB5FDB9B18B0BD900B05B5AC6EA0208FC3F358C5DBDA2A7C69BB6DC22B48B1C8BAB7E69B1CDE7E9B300C093F85D545A4E7952634612DDC11D9897782A4F8C92C976EB6277305288DB4ACEADC219D85DBF1073FDA07CAE6A7C0EFD2FDEBAF11AFC6FC0402C5BEB44ABCC08831EC3FBFC3FAFA4F2B90E760FC0177C34B7276F16527ED78F3D01BAC1B760B37EADFBFED8AE13DCFAEB9F1792E28BA35B3146DE06230EBE958B3F58F158C5F3B4D1404BFB37942E3E932253E40080D3F60F078FEA6D8222732F4B746141F92B49C4EEE95E2800027F1FD8C0718499A11B0082AF173C3400DC50C44A3CF4FDA8711AEDAF660D5D00C816DEB234759990197C65225A50917130C64ECBDEABE419065E066BFD0EA1BB7F13FDD33A4CC2ACDAD216D73F7A55929132E46D6EA4F3658A66000C2DA84B13B21C835F1C46E061807A3FCEDB40DF8C69E7AD087BB2F6F0FF01924C906B705535F20000000049454E44AE426082),(19,'image/png','img',0x89504E470D0A1A0A0000000D4948445200000080000000800806000000C33E61CB000000017352474200AECE1CE900002830494441547801ED7D098015C5B57655DF7BBB67585C8820C4055C8027A02651546066181045C4678C0B2E8FF85C12216A348A11648688CE02EA43A368122506FD358A82DB8B415422300CA2BE177DE28A1B88A380441005666EDFDB5DEF3B3DDCA1BBAAEFDEF74E7CFF6D1D6ED7A9ED749D53A74E9D3A55C558E929B540A9054A2D506A81520B945AA0D402A51628B540A9054A2D506A81FF8F5A80FF337DAB10828F9C1DFB8188B30AC1C5F73526F6128C7FCD18DFC8197F5D3B20FCFAF28B79DB3F13CEDF755CFE291860DC5DC2F8F69BE82426D81434E8C1C91A95731E45DC12CED9E35DBBEB4F3C7795134E96BC04CFA0053A9D012A1B454F66459F128C8DC8005F77922FC110F774E9A2DFFDFCB57CAB3BA2F49E790B742A038C9A1D1D1C8F8B678560FD3247D99B1243C3D79C8B86AE7B19734B12C1DB3699843A8D01C6CC167B4763D1F7D1F37B678268DA349C7DA289D0CF9B66445E4A9BB694A0A3053A8D012A1BDA7E276CF68B0E4CDC2F9CBFCF985885DEBD0DCA60776EB32150068702A6BB93F9BE73767F8F8871CD7F4EE5DFFAC697809E16E81406A8AE374F8833F13283D6EFC606046F03E4C2E65A63A11B4EEFA7DF22BA6F8D99A771262663C8A892E33D61CE3E6621EDDCE61BF4BF7BE0A580D2021E0228B1050254D645FF2A9838D55B3CDFC543DAA92BA7475678E16A683703DD01063A418D4D40B80986BA6EE50C7D6E0252FA555BA0E80CE0F464D3FC872ACEF92DCD338C692A8AFE10C766D0605E80DFD9D0230EF44F052886843E038CCB174EE066D2349D1841DF31EA36B67F3C1EEBCB98DD938B500C435E4CD3C4D601FB45DEB96F128F1512BDA233406543F43C618B47DD1F859EBA430FE9FDFE369D7FE58667F2FEAFF78A2EDBB7C466D9C2BE2A697ACE9AC365C64F965FC7C1789DFB54FF87D84FB4999536E318C644156C1F83200DCBFCB0DA6DF77813714F84BAEAF72DBF868C62C13E4567808ABAE863F8F009EECFC0873EB8B2D6B8C80DCBF6BDB23EFA634882F91816F6F5CFCBD7EA5C1FFB522DFFD43FBE7050C7D661C7CE62C23E0FCA6C25BE5FCBB636EA2420D69CD1B5FACD33396444404FF119A0BEED6370FDA16EFCB9A6FD7C658DFE47372C97774C2D0F8EC6CC05E851C392E4FF428BF0539AA6196F25890F0CEC0C51B3A2E36C9B5FC9053B09388503299CB3170DCD383F1769E9577F511960A610DAD206B30DBD34E24646D3F9A0A6A9C67B6E58AEEFD5CB44D85E159B937C48E05BB9C646ADAC31D6E45A47AA7CA4E36C336317A197FF1244EF9F2A6DCE719CBF32A8A75E15847E505406185D2F0E3045B4C5FBE1DC5C59AB97611880040FEEA9AA6FBB0EE3ECAD6036E51BB196B0251CE6A3964D33DE09AA4622FCD731F36A4C51A780F0FB64532EBEDD02C36CC0F0B09D0BB113BFFB41793D18B897272B8733ED0ECC70AE4D169F295C699C4C33E6926E64636C9865592F4B79BF6C9E51B6BF040B2458551FFD370C96F36589E314CED9E648848D5C36B56C6D3E959112FAF516F34A94713DC4FEF7322A8B3B46AAA58CF3254C637F0FF78EBC23AF72CE84B47CA93E5E6D33FB0A30C7994AB9E830918838225FFC8BCA00958DD1B385253C461E70FF075000072A1F1810A0A22E368671FB493041779F22BF08878D91CB6FE01FF9C4A504D1185F590F51CFED59D069D23330E7AD68EC2735AE3D3870BFF0F26CC47745837919B3ED7B658420C9EE5E595BF64B199E4DB8B80C501F3D0B0DB7C88D20B4DB5757CE30521874DCA9737BAF6C307F847A9782099419021AF1332E8C914D33F8BA4C4B27439425C45D10F5304FA77EC0E0EF32C17FDB6DEFC86358ACFA2675EAE4B1150D6D7F60369BE4490149121EA1F7583E8AC73DF02C02594F47B2285B490A070FD518C319C6BFC23E9861BC1E0AF1B1B00A2904C0987D90E0D1974E6C10697BF1C9B7895E98C63E4866ECB4C4E76C3994CDD39A6AF42118ABE7E5437C6A1D4D180D1832BC7A12A49AF5B239289FD62B2A0358B072C9C8E28BF692618508AFB841FF2F3235A347EE94CBA7E568D3369FA99EEF6F90A1F4A44FB446CD77311E5F0849924A72AEE4A15045736D19661A657F457D5EA2C99567186EAAE59054EC353539FF910ACB1C525406408F5018008D591406A026C13AC32A2EB4D331ECB4C94D841E7D7CBCC57C90C676771CCD5C60647AD616E261C4A550F2F89B5A888D87425B45F5B8CB08EC9D3365AA0C9C0ECBA7FCA23280C699320480184563006A28F217809D1D5AB5DFDA809830B2DEAC4B3468559D79A929CC77D1C8E313309FDF2F61C8BA1853D91F364D2F5BEC131F1808A2449A42D352074BBF449E0283A23240C80A7FA1E0C259F7731E1721055E40C08A9AB2E7C08C172A632AEAB499A81951674E42AF5F842918AC93FE120AA2DDC214EE9E70376320748C078212F5A93E5B8381408917DC635453E2D3008ACA0087F7621BC0B31E3B367A5768F3DAE48EA069F0CF39BAA9D6780C1FFF1BBF02606AFF3DF03ACB2F8E60905AD027F8D0E69AB22B0BB14093AC5E18B6BAA971F0A1CEE3292A03D0DC173AD1E732BE428B0F9061C5088309EA41CC8795BAFC7A1A12A1974735CE6FE83D501FD67483FE8692AFC000B45D6FB50AFE990ACB1C12CC0245E6F551CA75F83BC893453836F3E73DB02205BAEDADFF6CC737E600F4F8E3525549BD1E22FFA2A6E90666029DF34007182CD7CC43F6A7322C9B705125403B623E06176E778A04207CBEDD818D284C7819D2D38218B2345E4BBD7E652712FFB27B9D0534C5628A49CB7A0FBA59068ACF00E4AF273F82291F26272944B8B2DE9CCC2CD104536E9FE4E50B4C1AD87A781415DC60951C07C6DEDF121F8A29B3A4F0F15DA1E17A5E12A9E80C80714C71D404171F0B11AC6AB8A95A248F38CC3AF48AFAE8FD42D8BF8796AFA72B0AA2F7DEAA5BA247A44B57D078619FAC94CFC5ABF99881A9BCA233408419AF2A1FC2448FD1B7468B320C8CBD5DF4D8B436FA027AD3252A1E8070D5AE0EE6EC2A626CD139B7275F9EF52D2B4020985061002E7873BE55149D011C4F169F61201ED786E5FB31E9F257DDDAD67FD74EF31534E648BFB410412D214DAB82B6FFB21C0F2618B47957F43F647831C2950DA20F703E5EAE4BD3B465322CDB70D119C0415070450A401C179401AAEB62D5769483F8FE5E3A58156C2A2F338E59313DB23A14D1CF0533FC436E4C5BB0CBB1BC7C8A0C2F7498B3E80518AA3CB422A7965EFDC34DF9D6ED2934DFC232CE8FB14B4E0B715630068027F2C438B75F4023F690EBA530D6E8EF0A8D304E7CE1D7FC4B0A2F9FCA5B98169AE867298401F04F2736A65A13A012827D6CC127CA2542223C158462DA390CA0690A03E0830693CBB4FCA1F9862BEBDB7E85D5BEFFA76AD08E452F0ED7AACB9A6AF5AB65656A654DE4798DF1B972FD28AB4FD432EF93E1850A8F9A6D1E0DDC7F20971FE2218F5F851C9F69B85318203C2CF2778CB3DBBD480ACD8A9A818A57EC406A04C168079132C3A0FA05D3C6D15ABD178F3D21ED80C854A4F399668933E16472D19E94857BC3EEE9AB7D4AFF820F0FE73DFE53B94AC3F85456101088B310E3F1D9EEC2D1D88FC23D0CE35DFAA76296D857D3CCDE3CAEF516CCEE83E5DADE1846F68315B70BD7ECAE98DB8F04F1FB272909F6736C45E3CC401A0BFB0D77A1255A016B8524DA8575F756C601131CBF4CC7D83F06693C9D0596C19D22143A4FB342EFECDF956D5A782DD206FCB4EF27303F83026A788AD6F8CCE61AE3260F2CC7406798821D5441A8C518933D0C00628CA595411ADBE877CB47667FEC22EA8FFE7B28087318B3F961F40BAEED2BE2D1B2F655A53DF6193014CAC6BF9EE526DF96C177E3F8194A8E073F5D9CACEDFFB85E1183FFFD7A096AE9CAACF85F6C16671BE16202BBC236A4FD04C57D8C0C9F80993FC610F2B11E0EAF7D712AFFC2A928DB7F6CF31732F1C178F1B27072A9956D157EDF966D1939A5AFBE55F48E9BE617B27846C381317066408A2D533955D88999F04D5F8161D64088ACD134B6C6D6D89BE113226FCA7A871BC5EA7B44376B6B741DF8CFA317810116C187F21C77DA7CDE3B450254CF1287DBB1D870F8C0A361BC1F088E97760DE7F379FF1C79F14DE449340ADE06A36C924EF88B379BBB2AEBDAFE0BF2E56538FCADEA526EAC761F75637D6D626389B76DE86B425CBB937E837A8A22019CD340E2E618C8D353D0B34FC1871D18D407FC9F29877C07057B1DC3C773A188D66499F602B49777DA0A4753F2350CF29B0B2601C87AC544F45C8CB36762BFDE307C5D61EAD2A07C410344A374F16B1888CCC530783F8AC66DE59A68C5F6EB560B0A1EA44F2B8F88562D8E0555CECBA10A9643D9EB12E256B9A0B0E0E528147F7617D803CA359B95235D77E4BB10DF92D5CE1F3FBC1458FB4CE518E0798C65EED16BDCE930F5BBD91D0EE23D50A2909D7D676BEC6C6861E70BDBAC02828EE64CAC9DF3C3D9E710536B212AC92BB6857E8566B784435A8BD0229B2D33FA304A3FD1B77C68CBD80378936F5C8EC091B3CC876D8BAD8658F7B8B18169D66B5CDC8571FE40C41D089CFB42791D041DC76F434A2EB5C34865952594E45C0AF0CB033CF37F68E3053EF44AD0F97C10DB77AF7B76B5F06D61AE9DCEBA86DF4EE672459B40AD66F309D477BA5FD9F0DC99411E3F7E71F9C2B08C3C07A6EB6B9572B8764573ADFE3B371C5EC57D633C4A671C0D01031F89363A0E38279B9EBAB3FABE8360607CFE872EBA3E2F61B9F44D982130670600977310FE6C7CD435F8A0ACCDB8A878137A336D9EF8D4B6C55419DF300B8D5A3E23B25C86537826ED32AE371FC218E96B3300F16F00F167FBE50D02860D225D7745A36B41CC033CE571BECDD0F4FEE9B66E93A46C6B8D1E0F13EF0968BBE1688711E840E59EB2D206E8081CF63864EC6DF9EC74CE8901E83006E0773398E0A8B478762420C38B6882B87E510BF317DD7BF431877E0B0D30A423295E60A499877D6F97B96189F78AFAB67BD1F8BE7160A8EBB121E3B644DA42FDFA9D74E2D4C5D97D50D42665532F6D48B1BE888F10B6351FF90ECA262FAD5710238423E2C65C368A66C500D9EC896B6F0CFE2D2A78164459B47F99FE5C326B1976DD4C831E37CBF3E1E84D7D06E8BDE5B37D2AEA4C2CC9DA533C691381002D64892253FD621AB71C0C3DD29B86DB5CE343693B9A179E3A440B56307A41AA490F4C90F82F2D9D606BB080CB83E1327D6A3647E178CC9B52D51D41324A54D59B77C68558056C526E882444A0793F0BB7E99F840FD07B9169178E944F26233E551266FAA3C4C91D15D20B36726EFEC0FC891B869E8F713709F199362728F3A8BBCE94EF1ABF8ABED79B06266361DFE185A50E398B60B6F0C9C3BF0973E328188F7E0599F84EAA521CA5144E2E566BF43D62A65469DD7169390B7BFA2BB1A7FF61643AD89D517987B60E22CE0B87F5FB9DE55425416A0088BB129C5EE14E456BF418069C1E866182AC5F8F8131549C7310BBEE7AF279C76AE35C4C42AF94CBA06D6299EE14C2BAC843E8580AD188F04D35651D869FAAFAD8704C4B69E83B0F04F7AE0FC80870FE1CA4C185E9A481DA98AE82B0356A92CDC55C34BAE48CE84A44766FA1CDEE3D30F2A02CAE5DA9D2BE56359817DAB6FDA09C30AC7168CEDA3E16B397FA7D347AE0A327D6E81367067870928C43AA302D4A71CBFC10B891B5CFF5F03769BB18F0F34A36570A7AAD6C888DC5D8BF44029312F4DF18024FF05BF36FB7B1C4AE83989C847ABB2A797703D081D6A39C1FA752127D190085721CE6301726CB2B5214BE91716D7AEFFE9187FC904C962F19DC51843E375BE486C410B840706D2C0D09725E7CE0F370E4382D954D5DCE5388308EBDBD060B50B7CB6563363211B3913FCBF044B8FDF453528059DF048C7E9D61143B8FD26D3EA1A1C36A8D4D0723C06CEC6F6843593B31269DBFA2B6EC2FEE3A12EFBE3A004EBEB82329F13976F7307EDBBE91F63D7141109F90D97D44CAFD09C412BFD07F26F8129FF13780C3399D4D7CC2B35B7783E6FE1B1238277E41943AF2404E84E5DF6D311386232FF1DBD3F03BD3119FD29178A77382B8CE8E829AB8542E9FC22421B0A56C2124CD897EF18A0480023103DAE8CDBE8939FB4884B4F30A75066F559D38C466E64740DB97313B70E2EC53CE8D612B6BF8C60E58862F62190BB745592518BC1A12E4FB20004E2D63EB78982D36C6B2F7332C4649460E22C2B6E7CB11F038BA0A449A2BC33195564E4BA134C0695DB9611C0923CF4E394FBA7045BD79394CD573C0788A310E9D7607A6DFA3E99C0477391E06809251851DB1CBC1361EB89381F3853D22FAA5853E859BF6E2836BC7BB91F4BC637AA845D8885C8E958B3EC7CE81A8BE0583F2219E3277076848C15EDB6B8C93D47DF87EE9DDB099EDC6A93560DEC16E38DEBF0CF7300E5B7E05DF9180B78FE1E65BF27007F2DBA190560DC7D49589B4D9FEA2031F85729F02531F2AE725E6DAA7A731E42F93F8AE445C474FA331181AE63C3FE223E3BC3135FA7985263E21057BFA3D09E4945F0C3F1AD3CEC885F86D8BD91D588A7D3C19F1A92E68F363E1FFFF1AD28E53EA4E03980925540B098CC7CAD3CBDA6676988D411CA835D10754E283FC3809341FE253CDA4F095478C4AF4F8F7644CF07D877CBD2556E786773080FD45F40A2035C01D49EF50221E228B1C7DA01C578830FA00B966814EEA039BD7154DB5912635263524BA98D5E0E331974EFF205D37F49E45E612F6A3F4A9BD2930EDFB4FB4D7CB5E28188BB15F912D85E0231BCCA9A8E364390D08F61636AACE90E1B9841D0FA4903E127937A8F9C5D598B91C9A80773080B0F9A50960E2171FF3EE3E3DF5C98970A17FAB6F11075ACC5A8826538720AA3CE4E7A0991AABB6E7D840106066EA54DE58A4EF0269310F84F2C7C39BDC13C2668D691E00053083B1B745275736C646A26C9F052A6E8623FCA7415E79B3723ADF1282CF22182BEEC6079D3CC42CF3E204CC61002C710E85E2704402D8F1CBB56BDDE34507BC002FCEEA9E195D8006F2B84079AAB26C3F11EB492207204B7080238C8DD203CABE8FA16D0ECCD47FC4FBB752340D073F82CE708A0C4F177644B8BF467E1DB3AD471D024885C04F61DAB269FA9B1238EF206D7281307D4029083E0D0998C30058DF3E260148FCD21842BEF18970A17FB1B4DB08E28F48550F98F4D4EA0653F1914F96877A309C3C94E56210FC19A31F3BBAEC54765DD938F673CC39681AB5452947305AF4CAFAC1DD45DE750D94003CF6073E7DE4C2D0CE4F63F1CAC70C2CA7CC31AC71BFB20F4EECC17018005CD94F2E1E4278B50C2B54B8A2B1ED34D407CB96FCA8BA40DC1637C8A992869F73A4892A51389BC207EF39B0AA7C1C5B8F86C02293F70143AA52D19BC43744075161F87CCD37D20524AD3CD44DEF10C7AEA8C05EE94C03E0B25D29B02DD68F600E03C05AD9434E805EB2498615224C47BCC31DEB41C85C54293D82A92652C6CEA64D9E524ADF6054637BCB11A8C432CAD9A7321CE14F6418D22AF9E53449C31A53A480372D37434C9B90CCE1C59B36EFD066B9048BF3EF11AC5D0270FEB99C00E1C37C6081826662EE1C8D471F8296A432202E913042FAC510916DDE4AE11016E5B55E987FC8B019DCA8BC0F7A75286EB2E15E28E969300EC90F57F3CB49928561C97B06CBC20A5325D2E3BBAE5B5EABFF77225CA85F722143D97DE5F2C321BB85600E0368BEC78C88D1641B903306197EA9217A2D1ABE4A2993F3B731FBB8FC6F357CB3D084621E46FA89D50DD1214A3E09C04F65DF40CCAE95C0CCB2D83C9A1D24E050F6CE870E7079229CF805B3A415E389B4F2EFC9B7B23E303A29EB174E3AAEBDE8671D94CB0822BCE9C3F8180CF1865C96E8AE3B52D061003D1C5986093FBE77CF03C2F48C7F1EBB640F24D83722207434754A8453B561E99B90987DE8C2B80D7601D35B3BF611DAE9446C7B0E7CC7026F5EA7B70F8029F89DB6BFB2B75A17B30D98F23D82749E99021807AE7770B9CAE1A18324DA62E653A8C99F018488E6506C6E598475BD9C91F4938465D26180A5D3F80620FB373921E4E22CDAC4A1C0F304D002495CB087FC3813A2F17AB7A58FEEF8C1AADA1FE42A312338ADBA3E5621C3E570998ECDA13E7BFD6928C0DF1058690E92F35018718F19E3D81ABFB854301AD636ED34C150C94F1D03738DABAA4F753055AA1A328FABACA3AD656CB49A83CF4FC01C06A04088718F376B7B02B1573C6E2EA235EF4486207E377D60DE08E652A6736898255843BF5BAE03EEDF749EDF0E196E096BB60C93C3FC24B61DCADC05F8B3E4B86461E0F15199967C293C593E822F6D8CD231F267A44A03E608E1E0F449A9D2E41B478E3CB00110F34B0FDF6A84238F26801D0CB0A2D6780A8DFC6C2262CFAF389AC5CD657454FA1E58EE6F55B3A347A277FD5A2E0104FA4748372E96E11426AB16E6EA7ED3B411558D6DCA3C5F2EA36C3C7B11B033508762F091D382F86F1821369A9FC2B6CA71E9C258C8BA3EE932BA94194C72E9EEA3DFA498FC83231B62275996BDC457C26A7C0A247EC7B4B08301A8DA90AEFF02E3ED372A0AE268B841AF8653E8B16A5CE61020C4B1D8028F5E1F0F23CE272FBF9E279D7A86F7D1E780388AB1C6B6782389DD745880099E35B051034C703FCA51A409F27F0AABE0B5465F76026E16F82C5D79723C5CD6B02782F94B244D5316B890B6F7FBFFF0FA3CCA65E612C69E852B2DDB4647165D94FCB8718CCE3576C33D0D47BE7C38F9FA4C2809AA9282E545BA28812E63CAA4C1DD9524DEB1DC3C199C3F2C114EFCA2BE27E03CFA4422ECF7EB282D42AB53E3C4E0971A6317A970158259410B18E1675089F70B87D9082879E780194E87FFDE90F2F1AC1FAC8277B80D446A09FE10E7DC20C11E006383BFBC0FCA9FD75CA35F09E9FAAA370624B28532F390D3641A26CB1E24D0D3D8B0321725EB723EB4F1BB74DD9C02970114AE6A8C9E8929CCE3CE58E593001FF3062E67FE6536E7E2EF5E037F0F657A8C2B28EB6BA6E9833271EE20E571D307B8721ECB9A125A5F96458C016ED126C5172CB8DB876209885F2E57826F5B8C13464F27AF297855FF3BAEB27B404E93EF957934CFDFBC363619BE9B75C0C157570313AEC7F17C1550A8157B8F4702249023376E449C830FF01395D090C50F85653583E31EC9F80045DBBC55267E7B7D1C1B3932F3EC4143D285D0331278BA7E7BB5C56237B9C24579A5453438D03CEB477C0CA57F2F2FD327245CE670DCCC6380297A052ED1F9692EC8D2708AF6FFF1A6B5E61BC0E1EEE4C4E76B40FC6A3FE253BD8AC87223E3286C71F18C4F8FDB930CF60314F224F6013424F36323DD01C3C76B40D2531F022BE034390AE2094362660F7D383C885FC1EF71EE1C608C7838C27E10E45D80EEF2E577B263C46DB602E256B56232FEA1AEE99564C872E7F3DB5348BD13FE1687B8D3A57AA71EBFF1037302D24C477BA63486A14D1681092F4AE55EE62B011208D0F62D5D3386A220C598924843440531CEB2E3F6EBE0C85524EAE41335E3C2BE5D213E365484345CAB9A05F1A94E4AAF85F8958AE10A5EB1B1385CD88BF0543746FFC5B20566162AF151FD0623A28F9189EFA0C5D99F65F4D0B9FAD17D8A325C0E93DD00ED7B134E395D8FB67C2415F1D1463BC158D7E0F4B309A9884F75787AA45CA93B0CD7E7F190FDBF07C2BE8613775A30CCD798832ED078E8719BDBDF93EF0AA4B450C07ED7545B76853B5F36EFD848F247E073A99287F309CDB5C642051E1000EEF283A0BCBD84BAF7578AC465949ACE2A9BAE2FFB5089DB0DC0AD63EF837106BAE331FB988B25E1ABDC307AA78335DAE2B1D3D1C370E934F926A49FED80F02F8442C624DC85B85E2ECF2F9C31035066726BB2B79AD380CCD5D003BAF915A8C0E85A38013B93FBC97017AD3B8BFCEE9CA065991F008F7D3C71D8A1D47D2F6350BED7B479CADC1D6817FB8EC5D4C726C2B7C2845DEDDEF4EA5746555D7426AEA5B9D11307C6E933C03880F405B2B7B49AB153D1C3CF46673B094457347A4FDEDD01F4FA0F40CCDF604885AE91F9937208908BA1A958D30CA316068343D187E7400CC37F2FCD23131FC931E2AFB0B5181DA4901503BA6B22E3104AFA8D1BE6BC63CBF68E6FA2B728F03C01746023C4FE3214A3121F17388200E3D2119F5008E9A2C30AD78112A4C9C6B5B147604B786357D4DC44EEE5689BF199109F7408D0E292DE03F441D9129FEACF990094994EFAB2A3E664680197815BFB102CBB075A3167AF02895730B2BFA2750BBF96CDFA382944A405430A1CE9A9177A020E7D1E99AF876DA2CC8A59E631D87BFB3C88E2ACA127E0EDBFFC1B1C353B0ECEAA2F7BE1FE21ACADF4B3ACE84B68AF43FC536406C530FB2A4E25B96750CFC8826CAEA1954BCF8B0112859149F3FD2DE699D8E24D637A65029EF52F088745B88FE113FA365EDE86787A3B14666FF7DF57FF20D947D29675DAB5AC8E8F7C6DF7BDF5A3F375B4ACAA8B8D861EF33444B272D40B7AFD762C198E6D9EAEBF2A7F2B8DDF313B3EC8B6C410F4D22198AA1D89C61E02C2F794D3661C6EBF7FF871ACDBDC1D942F41200CE0FE00E270DB32B17B95DD889E59E68ECBFD1D7BEEB9D80CC6680163B4E000C6CF04B75B3082D0F1EE2D10CD17C1AC76895C3E08D4080B638D0CCF34BCDB20462B7B301ECA0F87AF01AF01717721FE40302029C70762899BCE073A08308FC14BCE9D7198B6E2096C58E16C81B6AFFE4C621937E3FC691206CE00541F7ACDC936B39E4F5377B0D1E010F452E97B8871383476B1098A076EEFD65AA180ED42223A0AB6154A752BB63B6065AEFD443028ABE57040C1A9A1BC1CF9068388C7A965068BB65F69A89B166B96E277717979E469F7F9817EE9F381799C20F229C89D17BDF37234A6F7D1D806F48E5F834C63D15BAA110F4532C047213E950D720A31C6A905F860E753E2950278C00ECEAF0B592709F1920BE6E42AFC3F18D75BB49076011F165E5DAC4DAF528FC9FF23C9602198B90E0DE899FAE1B083EB70D8C19C440D8E021937876343CA0834F77020F243E4F111B5891CFF777ED1B3BF02B13FC4DAC009EEAF021CF76BEB3D9B6FE0DBDCF042BE072F01E0E800827A888F8FDDA187F43FBA3F64F7D2EF9380D11F733686AC3607A0671E858E497EFAB4C9F1484C350FEA0C31ECC635D77710340A39F221BE690DBC2FD760AC591312C61AB2CB93E2FCEE16F32B7C5B8772499D46B34DCCFD737345CB05CFC025008E4C5907E9D9CF830CEED8A56B563DB00C03E4986A7F691E026D1AA785B343B139F430341495DF07E3786F487E58E4323396645865C6C988B1917823187E13888D83AF715A0A4E08A753C2C391F027155359CBCC147B2A61DAC5F2ADF8B1A742CEFF044BA66AE1F4240A2E10A80470167D84DD4F462F2CB4076458A6E1DD0747BC87F4F4A73C68403E6616EB61E3EE0011D37ADA21AB8BB0184ECCF0D9D625602D0BC19207250F05D151B0A4F0F5C0FEA163413CFFE1876BFF13D6D86F61CEDCEE288D827D1B16E1CDE132B6299D9D7DE934055D0F003AD10B605E2F0388D4BBA33C050410089401301F3F5BC589AF0D6ACEAA960D4B1669FF8C7DB5FBCF4982C5A8651B7799AF43BCFE8B270FC7EE67A1CD4DF81D627D835CD36641627986AC3D79B43BC7D444AE4DD58BF7A4CDFE2DCCD9CB708EF53E9C0D187797D8AB10A66C6F45ED21D85A827B408BB3E4D2B0E8F3B00C2B74D839922E848B96308796EB82C498434E1C5894790C4E2FE4A3A0109F94319C7F7445F30CFD578522BE83D7F0C8DB60E15D1E1C21D1766E8F1FEB81153010180338DABF6087CBB8C292F7940C2B46988EB181823353AD4BE8B0CAD1522EADA9FB3CF089E4DA78F9CC5F9F847983DAA77AEA4DAAB6660FCDBBF00C0B088C0170B68FEAA38F95B9623968F87D6F538D3E0B16B4254A9C48A23472F64924C28617735734A48D6246C6A0F6DD630068E423E48686468C9ED6790FE907706899081B444B5A2C70B0220B19C7169D6135A6300086A5EF1E03601947459A732CD274EE63D9B1FED846967CBA0B26C1B4ED269C81745A310D3089568102023D40790EA613C915680100E1A0CA04D7F693CBC2DE2BBF8F939315244CF603EB73F3264CDFA680FA8AA2D751A960316C3D5B525065AFA332F5A5BC9BBEEEDBED260CD05E6F9F36DB3C18A97DA7BE6A29B94302D101A8B18182E228B15724F24EEEA8E59EB3A2D13C3EFE39FC0484C0F130AA96EF2D99F629DACFD02AA6175E9C50FB72B5508628DBD4FA1603834018C0DE1255FD04B1765D8C63E5DC8D442E6B749C3CCE8559A5D8003A123A76838ED0EE975ED803F92CCDBFE588A28439EE1A941F0D076714E1098401E8E22519573876EC9061850CE3CE8173E3DBC8E1D29E92ACD763286809D921B2556C50711183E14AF638AD49A8718585002F8501E008FADD91008CEB71B98960E0C2B856F887BC74B1FEF03778232D8039F78064356246B2A04B57E3E81537869FC209E4E36124FA564E0B8BE0581C56357F66067B0DE5BC798505F9374A8F60DF1D090093A67480037D0CEF455BB9A4CF0A2C48670A3AAEE1365B03C28D4E5630EC001B311D3C03B76D9E9F70AC585E63BC0D9D6B8263F19332626167E2D286E87D9022C9670E529EBC837E9B5539A3F58A823F810C01FB1EEA5C16D1EAC1160DB8F91373A0071640E0C446F13D1AE72DD3A465D64B93897BAA0A049E1FEA6A0C825BD83372D5CD33224BB018A3F8E23BE950AE735CBE9CA94061309DDF705994A1281006207F76A856CA691A22CECE0EAACD484BA76B6B4CDBFCD419E753F91B720E5D207412087F492A2F6332F772AEFDD61747DC95405BB97CE30206C2AB586580A40B54C1561E0803104AE86DAA450B375A381B3872C499C4302DDC60DD7C8165991FC183E62AC0921A4880C376987CA60CEAA91F851EBE34936A9BB0DA4792C22F2DDD0D88BA1BFCE28284F9E94B188014C53AC83A136505C600D81B707FA2D08E5F3A1DD38E3E422ED21DB00C5ED0DB0FA77B0BF007A25B2B40F47353897AB01F6C7DFC4FE5863E0057B6DD9ECC85DCAF6A105FE0CA999F41497CD82F1EF54E8792F97BDA83E0171F040C8CE6B3C1D46B180AA21EBF32025574FCAF5123E9C0D6E3DA97594C8B2C94CDAD68603E6A36EB8B1E7E3488301AE1711813FBFB21ABC0403CC016616FDD4C3A115389CF02B07B9309AEA115E7F96503A33CD3BB8B7E7EAADBCFFCF26502C376B17AB8A7D6B8D312434271FDA91B5688F7401980CEF1858FFE6A346292FD00D453C546B004DD031C8298EB0E45EEFB3083666D80218284C3FCC6200F5976FC129BCD4781BFAFEE02A2AC866FE3BFA6BB19345B429184C14C66B23B1FEAAA0303FCC60D2BC47B60430021B7BC46FF1FEC94B93A39A2106B345717E20434F2D0766B5D36C487F304AE888B44F81028786704497C07FF513C1EAAD0CF47E33FEDF70DC07958D432578DAE837F62800F883F582E0E33947532AC10E140198010C47938F7D13D3990FBB1A010C610F2117AFCD4AE5DF583E85AD6422ED99293C611BD74B2113CE68FBF186832F375B23CFAC7670785F9D9405DC7C9B9C2456280408700F747D0218EB8EBEF5E8CE983DCF02CDE37A061A07AF10585BAA42A152EA49B38B7A7313BA9440363CEEBDDC5B83A1FBD80DA292EAC955E5CB81D2ED7F74F77E9A3374F6EA1823100A1438D88D3344EC12DD974C1219D82A1AC183A684399C3DA410B3C745761C7EBCA302E995E365D7F070C404A5EA73E742A1AF0BF055FE32F2D71AEB116661764B235DCEF4330CD9C8FB6B9C81D07A2AC5839A3ACDA0D2BD47B41194046DAF11BD4E2876A82C12FCF829938D416D2C29F9677659FE5BB8B57AE2BC8309D8E821D4C8F80097C955530AA8569F01F0C6EDC988D82887B120660F7E2BB6000CF1413C6A95F263C9783FC0EBFB28ACA007E087C5760741A9A6D9283ABF7781737FE501E71E49DB8F988FD8CBBD3D92268E9DADA16FD2B14C02A7719D09D4479443FD0B9F8C9135198408901B2685772D36A8D9A77CB225B2EC2598012FC3E66883FFB9D17E45C8E659A4F3A33212933A4C90398E15C2C810B162C31400E4D0B0BE579B804682E1494FDD2658754F81053D7D7A10EB5803120EAED41D0754683F8CA620FE2B7C089F5886C869174F5A78B2F3140BA164A124F47B3C65BCD3B31245C902449D660F826A6BC6C3AEB0233C85062800C1A2955125AAC822DFF56F4E8E353A54B1D07551057C7E1A8B8DB52A70B3EB6C40001B529FC07CEC0F9815360E95437C8A4A80343C40E5C977B41B2EBDD53640D24AAC4008134E39E42DA4F14631331D6E376F054876AE2DC639C1C1A0AE98D38D4F1A33D2514F7ADC400056A6FCC14F8C8DBA287B3181F0A46381C4167C917B3BC2FB120F6E6BE61A3A9D85ED305FAD452B1A51628B540A9054A2D506A81520B945AA0D402A51628B540A9054A2DF0DD6981FF057F75CE6556DB1B630000000049454E44AE426082),(20,'image/png','img',0x89504E470D0A1A0A0000000D4948445200000080000000800806000000C33E61CB000000017352474200AECE1CE9000018AF494441547801ED5D0B9854C5953E75BBFBF680A2A0204614358E6E226B5C567C64971940DEF808BA0B9F71D75DDD0F5FD18DD1353E8621928F19F0158DEB23316AD6185FC14483AE88E20366F09D2F891A4479FB40505CA380D2F7DEEE5BFB57CF744FDFAAEA9EEEDBB79B9EE6DEEFEBAF6F9D3A75AAEE39A74E9D7A33EAA34FF3027B244FF21928FE04227E1027B61FFE8D7C9FC3882511BF8518ADE78C2D365C7361C71CB6211FFEEE02677DED434F9CC70F73C8BE91139F5E4ED9D30A61F0BBFAF78BB73E7D19FBAC1C5A7D396D9F528031EDCE44D7751742F80303633AA375CC60A776B6C4DF0E8C661F22D46714A069BE3386BBEE52E23C16347FC1844F23D1F8B1CBAE661B83A65DEBF4F2B699B554F0B1D7F3FD2995FA6D25842FBE93130D4EA5EC45E7DD19BC72D5121F756589EA80B5064BDAD68F51A6C16AB998CD18BB8D19EEF2682ABED28891A3E2744192AEDD3FC5E9EF20ED699CF3B3643CC0BEF5CE27CE7980DF2EC7D573B8E69B80F1ED7CA8CDED4D1050C4230878F346944DEFB82AFE96075E44A0799E33C965AEB028033CE88C3675CE8E1F04A58251D83D9E9A6F026C724E51844FCC8D18917FF5237C21D68E39B16720E4CB1411731AD6DCEE1CABC0EB1850F30A805ADA2CF39F317A6C794BEC65195E4AB873B679379460B59C8691ABE427E3D453B8F61580F8010AC3197F5581F901707A4D4EC6B9A1E62723D551B8E61500237CFB2AFC666C8D02F30360A4D0C118839A9F1FDA7D244DCD2B808E8F8CB8AB83970A83071C089D52F3AD25FC3EA900B5C4C0BE5E965001FABA04CB2C7FA8006532B0AF270F15A0AF4BB0CCF2F7050548C8DF88AEDA3E32CC4F9873A6D231F84E3FB4FA6A9ADA57004E1F29CCE5EE310ACC0F80E9E8B0CD7E48F5D53435AF0028E02A85B99CA64FFD6FBE97022F01307A7EE2082276BC9C449B9F8C5447E19A57002CDF7A5CE637666A0EDCB1CDBE057304BE26B3A03C7172D9AF903EEEA5CDEC3D06984BBCB0FA0EF9626035592284DCD466FF09B3F647CBF9624EE0B948247E011672AC95E3F285C7B6D927A488DF03BA47CA385826767FE79CB832552CE3D553B8E6154030BBA9DD99CCDD54FE9A89695C7CC84AE262E1A7FEE18CF7433C9488AB8E1F926062C88A44CC6FEC6EAB82FA8402089136B7D9B7B8DCFDBE5EBCE5430D326675CC31EF299F52DFA250F33E40869D438F885D867ABA30130EF4DF60737747E10B1EF6190B200A9BF607E6DB2D58AF334775E00446890F637F458A8B56B4C61F2A3165DDA0F72905C8707DEC027E482A65B5407F4F8722943E7DCBE83DC6D9833C6ADEB0E2EAB4126448EF76FF051560E2755F1E60394623196CA0C1597FCE5379F1991171208C2F78846D199A30DF7D642EB32BCDCD190B7964EB6A6724E6F00F4267613F740FF33769063906773FC63AC2F52F5C155F59E9B2F515FA8A40E7629CF5F976E72C30B50502C560899F877D458C3F6452FC9AE75BD9263F14C234D5E1804701265EC70F48D8F6A310BE3242E6AB388CED3418BBA063B6799FAFF461A28A7320AB0068571B93496B39720C7C4D1C94604E476BBCADE25F1366503207D20A20C6D5B76FB35F859BFD8D9229149900FBEFBE8B35F70F17895E14DA8C9B78BFCF12F6A18E6B0C642CB50737225985960918C994CB22C67687DCBF1EB96F7CC32FCE67793791C869EB399C6618865A6FE6DCFD81F64331CA066FFB3520AEE1681BB438026860C326676296EE682892B27F0FC3AC9FF7DFC33C2C889DB828EF7128CA5C740727E2BFE4DD4D18F5FB12E57C9447CCB9E805AC17C5DF5D1F36E15A3E3CE1D8581DCB4D0F13D07E63F1654BC7ECF82D60587EC17B12118DBBD61AE124E95E28C128294A0CB75EDFD91ABF5286171B167BF7DEFED4BA154B39CF2F364D613C6C2D33786BE7EC861B0AE3D56FAC6127AD998AF0F1BD86C1CFE86C6DF86929C2176C125DAC017B99A3613594AE166AEBBFA06791D74C1762B330F7AB3EB19606277C911B37B1BEF8FAA6B6C45D85F2AEE73803EBA24F923F1042FF4D474B83320D2BE3E50B3FF57D6681C67F28F1D87A356EBEA3CCEA29781AC0962FED5FC20C8DD144950D42D336ABA94D0C2CED7E4F14D5F130D9BE639AD5B7F0332CEC6C355F1BDD96F8185EC3D00C4CFCA7186FC4DF9F7361BDBD37B75B335D979FA1C3836F21968CBD01BBB212630F791D3B8CFCF5079E50BE11B042DE8DA6004209E6A1F95AB4BB0D1245B1F3667F7C3E5890F344E94F3921DFAF50AE3F83F2640F0157E457FC2346FB36AFB6E6EB53B0FB227B9A972CBB947DAE8F57A162183999B27E894F1EE78DE546D261229FEF78E1BB36C457D000671B3542C11BD1FC897F9C85444299B781B7AB309BF37CBFA9B4D16F29A33A8FDDE4A6F0920378D80E45B998ABF4100A65B475F5572389470E9371FC3A9462BE1F16607C53BBFD24BE7DAA872EA393C6DEC8072FBB9C7DEA815738C03B6990B303C225089953239AE5F43F84DB98F8222DF01E364A7515958C279EA4659128B5C626D34BA516B5E42E54A919948B9F62B12679271884BF7ACFBDCC1FF9A58DF4FCC4367E2E0E9B7A078EE99E193AA26948261CA114BFCEC082FAE78B6948324287A3A9392C859A0CBA3D42DE46DA452AB261D69505F4A003342E95A21589A7E88EF814BA044D784A87AB83D5BC028009C3D582B3FF158EA60A2F1E22E628E0A3BC02FA13725331CE0FCF0D97F36E2FA61320A0F35169C724381D4ABAF54A528DF69B5F5A11385D643D4507F19534838DA0A226E3F2CF9EF92D49E0E9F8108524E3C1F8289CA97418FF9A925F8900FE341D04B3BC1447D2BC0C737E36647C6889247CA343114EB536D2B5C512A8790B80114AF80CC2CAF53CB0E0DB7A42FEDF602AB781619E07C314DE01314F6CEF0167316A7B8A1E05A6DEACF74E42C140392D58AAF5608358FC2AFEA328F76070E564FCEF2127C0275DEA2CA1C76253A8538E93C350000625F59EB0E93A5492A32613CD86B94A0785467EF5F9C0E48F44E3FB388455F29E05085938DEEBF113425E0321AF8370D736C4109E401F225EE11B7F81065B095A80C1AC593247E167B402E6ED81C9480847D177DE8A027BFAEAC988350271EB34F82581B0127704684B0FDB2A01EA2208272F6E71FA0D3E37AFF085C5C1C7AE15824DD766FC4723F801C6A6D0E65219C1C6D1A7A0755E027923ED59B9E9019FC497D2703691DECF85CBEFC2027C000BE0510037653403F17119B99430BCEC6136B734DD3703F9D5DF038FEBBF207CC58114351BC2B8D588D203F1C9F497A0BF1CF43904FD9F964333918F5084ECE3A4D223A7BFCE02342FC2097C5686A38DBD584CEAC8F052C236D93F53F019DBBE5F633498F37D14E2BB0E00C68B21F50B951230DA6A301AD7EF24BABA12C2CFE4875AFE052CED939970E6DFE5747CE63DDF3FD66AB047E448F487E3C924FFBD987695E37A0B9F7227EFDFD49EB8037A798A8C8B39C5458FCCACFC5A4139DF4A87934FD33F420007CAF9A0769D674EA5D7657885C22F2A7431A8A4C0244014C7A5FD1113218B2074CF1028B4BA1196E0A5D1F3ACDF61CAF4150C41AE810095163D430F63ED03E1411FF3F9566B3AD22ADD1E713A77D4E46D19FC7AFA87C375B4FC3D30CD6F43F88B6478C5C206FC0AC54D2C42014481B025EA729C953B164AB0776E01C5C818C233E16562CAB86734321727F3DEA51BD08FBC2A4237BC7065C3BB19FCBAFAE7F475F97B5009DE10EDB30CAF54189573AD26B383D15388C2594CE6CB57F8002436576231F019A296E6432C0BCED813E35BCDD6B268D47262A69E518CEE6E206315C57EB6399036C80A07258C5A161D5288465A0104C28A39B12586614C42AFE0B342094A8D43A1EE3E7288F94F7399186FA8CF278FB0D511CC0A7E3EFB07DA090BF0A1268B827E40560144C2E5B3632FF433CDA3D047BD07CE61D1130A9A4C4182AD028DE95855746EDD2FC0E4B441E18198BEADF2239A0125CBAE8927059C0144332F99FFA557B28FF03E0B7B047E94709C53E10734A1291B06CBB00F1C41287BDE472CCCD80C845511329E183B3BFA523DD7FA5C2E300CE668E6DF14BF20374D45DEC550B1B2CEA1B0222A0A902958B722FC1C61F12BF95956BF2DBEC20B8C9BAF95CD25DADF3DF912FA9A9F113E25832201A87CEB1447B097AEA0A70928329F104DE20084FC1998AFAC4A82475DDD6640D704F4D214850A2009D36F508C93C86993A9EA2A40BA29920B81311958A3BC72CEDB04E4D2811FC0663E929F480677E10C1CBD84D1A34C78B7FAEFAA7DC77ABEB997DAE7C10D20108BD3BAD4575E4210869958925E54B3D11BD315D22A0016629A5BD6386792CB4F83663761A470902EB10C6B6A6376D33CEB5DB88A4F7083FF6A454BC36A19A76EC35D0E98F7F37A697FBDC8E58730E0B363E793B405943C0B6FD115174DD1465D0E8A6918D3669DB665B5F52EAE68FB1F8CEE9D8A31FDA284DF451C1B2D881F058BD1C2526CE5E8F6C4CFCB3DCF4F57E85A8461C854E9827533BEBAC5ED5A34E2CDB3405394550061E6517BE7A7387F146DC6215E0AA587A008518C4D9F8FF3FC5E1EBD807FBD740A7D2B85B6FDC59E8B6A7F8551A223985580E6767B2E847675D00586621DC952D6B362B975D0B46B891EDA52C502A022ED2D56ED54B59C3A0B50A0294A2BC0E879CE14380B732A555030E2D054C27AA052F46B812E9B4C9FC0E4631F84F7717656B72780DC1545844F267C00ED13153B6FB6ACB67F229A0019031FB48191F1636C147D7548A3B966C48CFCB35B2FDF4C03133B93C7E02CBF3341EB6C9916946052F3FCC434EC395C2CC7D55158740547E67E0FB82A98FF4A2EAC92EFE9A62829E580D94AF01F1D34557ED14F565BB8499394635381FE586490F96FCB2E12BB7BBA1E65E54826A2EB5F4C222D15BF316D89475DCEC45133B08C3D8FEBD20F11AA670510B5CFA300F8E6BCB5AF8733C1BDC54C740525058075EF47CFA74F7ED924E764A4884D978130051F3644CD7372852FE3140A2F6F6D78026667BE8C83A984A6F1F37D1CEB2613AAD1306ABB5000EF53C0FC7A118309A12B28462495AD6D494BAF8806866DBE2D67CD0CFAE9B357B12F647829E1C8307301AC88939B064D43C4E6C951B9B03A7B5FA77C4F01074CC10D0AA051C4641E45144EA0B21386B3C81FCA2DCBB273580296E42D990E77351741CA487D348CADD6BBDC02A459A72B479EA608DD469CED233D3137BA5102F90AC2B750E8E0A66F253F5FC46B305134AE51004EFB62D9B667A95DA58B6E88F581D2936F502A3B0E908B8F35EC818CE7EBBCCEDC7CEAEEFD44FA08566FA7FC5D8EADEE179071020DEB2C409EA648AB008116663722D6ADF08A1F808D7755ED0940099532400CDA51C950018256508D03862CAAAA00B17E6A1300933E803FEBDD02283E3D5480A015403312871D3A555500B16710D648E9C5256DB51CA10204AD00356001D29FA4F103BA47253D5F1C2A80871DE507606A150F1C2E75552D80F80ADDA054F7D1349E8F0C15C0C38EF2030DA6460188866256307B1651F9B91445415544CD6050A80045F1B204A413E90378E1CAF93C8EA5F7C24BA05C1A6A914D51A800A5B1B5576C385F6207D47A199117589523E306118E6A9A220CFB2B5DC1500182E0B64C4357FB34E6574E166438DAA03645F04F06A12BE8B96329548020B9DE434B697F751E780F7AF06FE80A6E8135FA52A68C93DC3D5620540099434184355DB05DD113409EAA224A4D51A80041085CA6A1998C81F9AD7A57106B321405909787850A200B2F88308E7893C9A067300C5DC106195EE1B0A200F2A864A8001590403C4E1BD1FE2673498B35797695BB82C8535180D002E44AA542EF70C084F0DFD390AF6E33A0698A50264F19420BA091524020A5F6E1AC250FF303CA272F99069D05E03404875A660FB30C15202FFBCA8CD0396052ED2B3387DE934FA54D688AC4C11D9EC7C9599F102A8087350106F4B5AFAA1600C247E743332A99A388A1020428730F299D02547934B0BB3C4A5384C1EAAC22860AE0915A700116D578E03C7D994359C7D1975CC25E9AA250014AE6687109CC94D856E73DBB13F63862BD4F87164721202C8D25CA1D0B081520203ECB64D834C2E9F1F4810C97FBE14A7CD0008D02A00CD9F98050018266780E3D38616AFBAB9992CD4912F82BEE3FF950268A69E1411958A800194E54E25F57FBAABC3C0CE7B38A3B06BD0FEB19920E15C0CB9A60433A0B90D3050B36333D350C3E0D9763D034897384D24FA800194E54E01F4EA0AE09C876C12A90A54212DBD37F200351AEB733B05001329CA8C4BF3842567E18CEEDCB198A95A3830CE3EABA8B40AF5943735106162A40861315F8370FA4D5F2502C66E8A20EA3D32A905D96A4B82C0A1749DD0C537F5B16D8FD82DABF33DE8F1ECAC0A39997F03F780E88DB3B2108713CCCD85CEAE8875F86B501BFC3AC61F6F495DCF862DFC5AE6307A37ADD0B4E45D74EDC3BFCB7B8406A94987ED6D18142B621DFEC0112A102E8B814240C57C981DCD85C9210CEB7AC9DF45B340533315E50F06209B18813B77F75091943C9E92367C490327A13095B7F02196A7EBEE725F360BA31373254805C6E54E03DDE9FEE4D7C457341DA73351F9460B28535033B17D3EDB859EC2F10DA36B4C743D2BB77BAE60C1AD15F6F4C58D4739E4246B299FF12CA8B9AFF667C009D2CDF291C2A40094CF4830A739BB016D30530FB8FC9E921C781A8C9B311977E521984EEB00F39672878FEA158F79A11BA9835A9AB8411173E95E6407C1AFD1E795C5BE97C72E90BE713BFC722513A217E129D83730C9525E2023FB400B95CABE0BBB83C129660076AF5BC7C0E9A9FEC85570F776F7D7A09B81878C2E86384D15BD183E975D9DCEBE8870AA0E34A8560B004EDB860FA3997D1ED5082BF2F361BD4E41DDD0216AB8DBBEE1EC67ABFF492AFAE553FBE5B8B50018A95424078E6B474B7F018FB693A1E1EFD4C08565C3A7908FE6D48711B6AF386742D8680E104AE8DF6A375F023B243B70115234B2654802C2BAAFB624E267187F22EBF47397402AB2BF79ACB2D54809A1349750B142A4075F95D73B9850A507322A96E814205A82EBF6B2EB7B017B00B4522AE93C1D941C3531C5BB50A5FCBEBAB9438BC3A1135717CED78ED3EC534CD50017CB1D67F220C0045708FDFD958AB772126898EF14FA9F79449A024B1310C134E1F62C4F0C1B841D7895B4E7353864D402E372AFC8EE9DF03134F6120C8A5BB31E85351E17B3E85D38150BC2BAC14ADC5FA8449B971A102E472A382EFE29CDE04A71731CAB7CB2ECC80D20D42FE8BA10453339F1A2A40861315FEB76C7A1059282B742B9CAD421E4A1001F06171B3B9880C7D008545C103448D83093E5147594CDBA2567EA48B2B178693C9F6066DCFB1708226CAB297E5A6AF09FC9E560192056E9B2EA550D036D5C2E08A925268E870B1DC4DA5AB43EC05A62D5F2F69FC44239F7F97D309C1434017C61BE87E4CF6087FAD228FFD141D8B0527F743E8477832E0F45DFE07BAC4C06572FFE7894080BBC9C36598CFB0428731C3E385F6461705FC5CC1E15CA1ABE01403E0EA4D1EE88D29FC288654411C4E63E57878E5D7F49B4AF75652F8224F732AD60518743A14CE53F11018E87C4C471B3AF3C3B97BBC5CE052C3E2D2687CE437E574A8BDCADD75328E27CCD9564F5804382BBB7C699A8C8E936933E6066A8E51F3C4858DFBC9F9E046456589988C1354383E85568296B8D4D2F3F0080D3370CD7B87078A004CC6A54DED5CB94D4CC62B14DEBEDD9A2FAE89F3E2307B5034FA9A17D66BE88F3206987ADA98F9CEB7657829E1A6767B16CAE7358B2080D64FE1472974F3E02A26DE7069401EDC8A8051E395D3CAB16DCCC682D4884613F93EC4AD87FD2A41D33CFB42D4D2EFC95F028BF0ECE357B2ED32BC5038163197C32C4B0CE446CA4DDDDF7CAD7554A1B4F9E29AE7399320FC9B9478469B3A66C75E57E06500BA4DEFFB3209305FECDAA9CA83A568D3A1D907C899B1188EB313405C1BFF0A7C338D59659F41436E76B9F14A341A5D1BED3A095BA6930EA7C819E43858E6C4DC3391D9041D128B444677B6C45ED4C515828D6E4BDC099AE7A938CC867DBD0D57D12D8FA6E22B8D18792EAACCC54FBA767FACC0391A35E12408FFACDCB8CCBB41C6C51D73CCDB33E1A0FED10BB81556EB62851EA3FBC0D3BBA251521444C1F501B093E955C75390F735F86E7997F07B58A778485A01843975536E079440DB2BF091B79204827AA8B3357EA612510460ECF57CFF9465BD858F185C04BA2F1494EFCD6F0E3147FDE27CEF6DA7BE884989AC253402BB77DE44F90D296A9705E1185ED130956E481768794BEC65CED825952B0D7BA35FDC3CD72FFD6557B02D1489FCB37C15AD5F7A723AD4824F2311F33B9510BEC8ABDB0953F6E9C9E5A85618DFBB0ADDCF5B457E598D5CD16ADE81EEF5456A7B5B76B13A59C49CF8CC0F99765D7AB1D4D1742C87C77A32CAA7760B8B25A2C313E7FA46D8986557B38DBAE8A060F1A17439FC81A783A2E79B0EA3CD98793C05DDCFF4F9815905100485121811A3194C0E60B122DB46066B3D72BFF8F8CE164D57CEC71774CC893D13237314CA27365A94F508458719FCD91EFDE3C775B6C4B3FBE5CB225A20311B450E76E59E8C3C6F8222484E6D8184014621DF650D713AB6615ACF61D6691F40974753BB339EF1D4E99CB326B45DC3D041DA4787978181A109627C33BABDEFE0FD71D3883DF25C4B050655BA336C5E608FE4493E03C1099CF1E1E8750C41193D0A9D299BF8170247FC16BCAC4773B7D870CD851D73D8865C9C6ABD6346F06FE0D4CE427E93F13B184EDA5E95C81B02B790CF4790DF8B2C420F344CA125723EFF0F65B1BB5E1AD41A070000000049454E44AE426082),(21,'image/png','img',0x89504E470D0A1A0A0000000D4948445200000080000000800806000000C33E61CB000000017352474200AECE1CE9000011B8494441547801ED5D09941C4519AEBF7BA667C949D440020A08B241E489D1178524BBD940384440540222288772F850108484EC261ADD23093E8362540EF1401030A84090CB906C76D7030F94874192807800590272E458B67B66BAFCAA373399A9EA999DDDD9E9E9DEA97E6FB7BBFEFABBEAAFBFBEA9E3AFBFAA89D5C0D5F45D3E8EBF9E3A9A73F7432E678712B17771CE0F22461338B1B18CE3BF77511F23BE8331DA8AE01683B3CD8CD8939CACAEEE168F36EAB4B5BBE0A3AE5C6C76477F3DE3349F71761A0A391D156E96534A22DA4C8CAF25C3BCB37351AC07615E4E7A6179775401E0C3D7F3C4AE1DC9B3B9CBBFC0199F5E4125FFC760F4532361ADEA5C40BD15CCA7E2498F0A009C72231FF3DA2BCE15C4F9E59CB3C915D7DAEE0CD00AD800DA4F989958D1B388FE1954BE23994FA401B09473635D5BF27C97B95F8752F61B49C50C2D2D72305658199B64B5775E4A3B87F66E75B9230B8063DBF9BE36B76F431F3FAF3415928BC1DF9FC1BF8119B4194DF8B386E96EA394B53369B03ED364099739E38D244D74193F041D7C3D5A9323D0EF37E2F96D25E541EC050C343EBF6171DD9A92F843C014490034B4278F656EFA3654CC944174B80DCDF4C3A8F887D05F3FD27915BD3208BF128DC1231DB3C2393C9566A772979DCD187F8FC2241190DF2A73FFC4D59DE753BF1415BA60A40030FFE7DCDCBAD9598A5F71332AC228A44D6FC44ED4BEEFA1F1DB579F41E9427CC3A1CF5EE67C80527C29FAFE938BBF4F4FC42CEBE4CE85F47C71BEEAC6460600622E9F7ACD5E83CA6F2AA43254FC536815DAE6B558772D25720BF18D04BDB12D3993F37407F29B53283D28F7798AD3495DD7249E2CC4536D7A240020A6773BB7DBBF469F7CACAFC288DE64445FEA6E8EDF0C10A04E82BB1A5B93C7BBE47E13C6A423FC72853C6F988C4EEC5C6CFDC12FBEDAB4D0034034FBBD9B9CBBD1E49EE6AF2CDA188FB333D75F93D8E81F5F79AA9886BEFEB2F3038C17CEF2CD8DE83523C6E684B125083500C400ACA1CDF931FAFBCFF8291683AD1F4C1993B86CF5956801427035B6F77F1922AFF0B33A42D1BDC41233BB96D0732110352B42A80130BBD5F91663EEE55969731E888C2F762FB656E59042F1B87B867227FA2165EA88B587BF9A6FB7668669765070245D6D6DCE6EB3E717AC7C839AC358F94267DD2DF1476371631E2A5B310809F374EA053B54A00D650B704C1BDFDF61CE9318584D92818841D5B5DD8B130B657AD8C28D1DFD277197EEF3ED0E884E47197E11069943D90224B973835FE5C3DC7A53142A5F546C5773DD035856FE925F250314D7636633C12F2E685AE80020A655FE4616DA38B53EF1C5A015544E7EA29B22837DC7278DFD30AD6DF7A1074E0A1500C4948F937B9DAA05724DD3B810563D478D0B37C59C99B8122DC126454A4E9734B6F2772AF48009A10200CCBC1F47F378B8AC03D876BEB7A139FE7B991E8570E75C4A99C4AF9665452B17E364C3A45DDD2B5400800D4F5114E6FAFF3527251655574DE5E5EEAD0E125B2FA7C2199DDBD8C6DF21D3830C8706009E6D9DF11972E1891B915B6397CB20C23132445790BF3EC1799C93739E1F7F50B4D0008053FA1CB9D0622EBDB715FF994C8F62B8B3C5FA1B5AB3DB65D9D1E59D8BBFAA4DC743010031F8C32ADFE9B272E0A17BC77D0B095EBAA3E3320CE3FB4A49383BA471596AA6420F88100A00F43E939AEDE7CBC74DE3C680F41048360303599F1941DA3D2110017C3209050098EBCE91651376F39E45D65F647AD4C350F8DD3E6528D1ADCDE7CD3249A10000A6440D7239D02B3E2CD34643D860C65A9F72CC100E2F3EF48A936215CFC12703E1E0F1A6C3C6BB6FB2F1A6655B49873E8825DF3C4ECC9DBBF208A32430795AEC77BD9BDC7E80BE2E5324CF26B03DF96E84FF94A10575AF38001AAFED3F94DB4613277E142A19BB7558FD8E37EC7D3205743DDB5E7EE58B384A2402574646A64ADE8535132B9D4F430FEFCBCD279D6687211C78992B028039CB9C19E9143C68C93DDDB5D9FE58D6957FE0B965579E851BD5703C789584424A80C1EB69403E0F00703F170008FC1A3100602A67BDB429F96997F855E9943B5018F5875D6A019F2D95316A7C17DDC8E3FFD866FB58FFF851620999C5B0297546E23961420EA26C651B20C4EE9C47DB931761E7ED1208BCDF48088D19C0FDDD4B12A78C445A614CA3A1D559C9997B4521D950FE1406C14FC30EB201AD61E7983A6BDDC357D2AB85F8CBA197D50234742467AD6D775661ED3EAF392B5D20ECD661CCC91D108977315E78A9F43422C9B9A598D462508831C211E20FCF97EEEA73920DADF683585ABE7DEC78EBDE072F23BBD8FB43891B36001ADAEC053CED2E43750D3A95147D3A0C3DD8A143EB8913F6DCC7B64C9CCCFEB7E662ECC7C7252C812FBFC0C61B3BD95B5D4A4DC5D8E1F5A114226ABCE81987B66348AC19306F67D2A9F023D8DAD0DE7FDDA458E28691B0920EB90B38FE1B7CEC9BB6730BECD76716533CECDEFF62CCB80715BEE6B07D62DD375D4CC962FCB5140767D7F33130FE617965A657B1BFF12BFB4E8BDF50CEEEA7210160F6327E30A59D5FA1F2DF5B507862FF46A3F0B5A9D3E2B7962358C1F4474104563E1B3166BA7077516270751B8F96147FEC00AC0B1D504AABBA470DF404197441778BF5F81E5AE94F250300FEF91F44C53F08E1DEE29B3CB197C4D2ED9469F11BA3E8B9E35BA62A108591AC6F57F2BD6EDADB7B783274FEFE41C5C0CE28B4B81775B7246E1B945762280900F0D23DD061F6631894EC2BBD3F10245A8DBDF117446D6FBC6F594246141ED2299E3C19D3EB4B061B6C63AFC4B7CC59F1AB8732851C1400C27B75C776E7B7C8DC67EF1B1C1C0CD6DCD392581132BD8D3A71D012D09C0E673E06D3AD78AE2F5840781EC5EA1267946A482B0A00313AEFDD6CDF8F4C4F5433148310E3ACAE25F147D4384DA99406449DC0E0765EB153516047D86299D6D18F36D3FF0693A3280066B7F7AF8215F7523511DA1E33D8ACCE96C4DFD5384D0942030D1D7C3277ED9FA35B6EF2CB0F6382AE29F589E3061B8F159CC3638FDB097E952FAC54F8E5CFD795EFA7F6E068DDCDF4726C56E2384CB5BFED972B5AEDC6AD9B9C9BFDE27269BE2DC0FC957CAFAD7DF6DF81AE837399C5332AFF92AE25D6A8F2D491CB18B57043BB7D0E8EAFB90533344B91DDA0C518A315DC84E2DB02F4F63957FB55BE409BAE7C45C5552778D33FA2CFF90A824123ACB61FF58D03510180B7678D3375A10227604DDA27DE5C28214DAFAE067A165B3F85A9FDEB8A149EC731FFFEBCE57CA212078202805DDB9DCBB000B1B7CC8CA6BF2563BB97E374381C1AC0C6D9AF020477C8D2603C30D549D91D325D84F3002096767146DE253223127D7C434BFC5699AEC3E1D3C0B809D6F9382F49999D6117D2C5DEF9C992C8790078B423751CFA7E78F0E45F2637BE0C100CDFBD233F391DAAA006C452B181FA92B380F1C864696A91E9790060DCFDB4CC808ADFDCB924DE29D37538BC1AF08C734458B7C9BF601B38BB69193F28979A05803035621A717C6EA478C6CFFE97324D87C3AF01388F5C851F6F3A5752D10AA4D362297ACF9505C0DC8EE491182C4CDE1335F0649AA401202B2502E1EEE6C45310F35659540CF0CF1DF8B10FC4640190E26EA3CC8C26E3BF1B165981BB2ACB72E8F030354086B219154DFA814DCB5270D11FB8B20040FB2F3626E45DE8141EC823E840A43460CE8C6DC00E8B5765A15DEECECBD0B20000321400906B6CCC30EA7BF43420FC02D08ADFA748CEB90A00FCDA0F92190D839E96693A1C2D0D188C2B6338D8046664C601D91600CE9B8AA9D030F9B66815574B2B6B60623CD129D3E0DCB3D7DCE5EC4041CF0260C031319F35C9E3A3E67086FC92D54EC8731DC73A8E5CE2542AE5EDDEF20020BC4CC41C5166B2D22C6F1E29C7EB706434B04596D430B8B78BCB0380E7BE2DCEDC972EC7484E91483A18410DA07BF7D968E30A37F49C2E808B2F66E65FA63B80927CAA0E454D03B0E66E5764E6940F00980D9F9799601D1E91CD9E72BA3A1CB806EAE41CB129D35BDCDB3308646C93CC048E43649A0E475003A4B6E4981EEE1425C902007600C5E803BBF149112CAE1659D580D292C316E0B98C670110E306CC86F2C5A73575D8DE74418ED1E16868A0693D8F6110A800007BF0378B126401503F39F618C601BBE462A5382BE85028F3EA70F834E0F6A4F0E5D33D07520D4848EEB80971CFCA9B05C0EEEDDBF72B45E0EC1CE12AA6D03521121AE046FA344550E2BF83E7903733C8AB5832F8AD0A33F604AEEB482AE7F82A7C9A104A0D60BF80D282A3D2EFCD089B0700E3E8C4233009FF331399B9BBAEDB2AB62D67C2FA1E0D0D603FC0272029CE1BC8BF0C33714F8692078081E543D57110CC07ECDCEE5C9E7949DFC3AF0131F883948A2B38C6794F752EA2673225C803802076355B77C1ADF8CF1986CC1DEE62ADE24CFF4C58DFC3AD81744FF242ACEFD4CB526246B03297A6000008E1702B5E98CB34F0CC2D97A57F59ED2F5CA872698AAC81C615F6BB31F25F2ED3C5AF1F670AFD3897AE004044C2AD781D5A8135B98CDE334E08E1DCB9B75A071B2BF26882A2811356F2B7F024871790FA593A58FFAE91CF6DF205804875EC18EB3C0C089F957300B2A6A75E757AB0D74C195CC8BC3A1CAC06C447ACFBFAECD5E8AEDF25E70CD7B02EEFDB45524441008893298D389D02A742752589F123FB93F69FC44191527A3A58250D88AEF9F56D4E0F2AFF181F11B625620965D38FE0231FE63C9238BFD64D8BEEC0CF18440E90F5B52963ACEBC2F205EF3CE16B24D0D4969C9D62E9BBB1BEE7738817EAC8348EE96E8EFFD64F1D830240BC84B36D3F8FA67F953F08C00097230C1CBF2A0618721FE397A9A68D8C06769FDBD88655DB4FC2CFAF405D1A17F42CB17E5428C7022FA9EC73DAFB3FEC72BA03530BC579740F37BE8763B03BE226DDB3FE1AEB893D74FD34521AF00E89DA9C9AC559FA2CD4F905F8515AFE69C3A9DFE00BBA5AEABEE91F3F402D1900825DAC0CA65DBEC66F90216782AEE15F6819C406C5E730F77C1167D8BDC8636E6FCCB11C995787FD35E098B6693213332F772A7E7858D1A3F781531C1EF956FF373254DA0EB3FEA7BA5BEA7E9DA114BA0F09002211343B9358DAB9054DCEC70A25AAE955D400666E383AF6D4DD7B03071564C800C8A438A723D99076DD6B0184EC3EB34C9CBE574303D48729DD7563275AD76656FA4A9162D800C824BE7BC1A1C3CFEC98E1D1F7CA6900D63DB8EEF31FD6C5134B7FB3905E1C6A4E6503406428FC0570BAC85CEEBA9F4182A762C6B0F75005D1FC43D0C0C0692D8FE1177F6F8C5BABD72D21C560576A6A230280DCCC0418D62E4F4E6769EF639087E36099C33018C4B1339E1BF238CC55950D28B9EF07F10C87588C51D3F97240A92ECE4F0822FF52F3C0C44E78EEEE4437BB033AFC0F9E373132FE188BC7EFEB5C40BDA5A6538C6FC401502CB3B0C4D90FB28FB96EFEC92740C4E37527B10F8445C6A0E4402BA2AF5AD68006402DD73ECAAE01A00150E31AA8F1E2EB164003A0C63550E3C5D72D8006408D6BA0C68BAF5B000D801AD7408D175FB7001A0035AE811A2FBE6E0134006A5C03355E7CDD026800D4B8066ABCF8620FB97735B4F75F814FC52EC8842B7D87B7CB333D8BEB1A2A9D4F94D29FD3D67F8ACBD94D41CA9C05005CB6C6C1972FB8A36139BD116441A390171CD5F682736D707500A5E83140149051411935002AA8DC2824AD0110855AAAA08C396300351762F400377D3E48ACB216A7B8EE87E0E0FCEDE24C3AD65F03B49199F459FFB8D2A9E4F229185F644F07CBBC591400704A7FA5A7D97A2CC33CDC7B636B7222CE171AEEEB35FD1EFCF677768F401D88135D70A887A24BDD05282AA92D8206406DD5B7525A0D004525B545D000A8ADFA564AAB01A0A8A4B60845670195540536E352FF43ECC44AE651286D6C0C9D2EC761C633A15AF2646459FEDC9D47AE7DE5CC4C30907BD50010A3648CA7BD33840229E8A099E070C56ACB73D4F8352C6800E82E6050648C6E060D80D15DBF83964E036050158D6E86AA8D0170928C38DAF21FA35BBD432B9DCDC788AF79BE7D686F95C75D3500A4782C55F711767879E28FAEB71BDB6F3E03277EDD1564A9741710A4B64398970640082B254891340082D47608F3D2000861A5042952D14120CCB5731B5AED5F952B1027771FEFC8C37213AAC1F73155AA1F893AB053F6183FF51505008E857F0746A5F82BF312E75DEA6B781AE07C12D477DAF05ECE79AB401DE82E204747B5F8A801508BB59E53660D801C65D4E263760C6018F4509AF300B76BD16BB5A8F0A2658EF3BF328705FA8DE6FF039C1AB3155491061E0000000049454E44AE426082),(22,'image/png','img',0x89504E470D0A1A0A0000000D4948445200000080000000800806000000C33E61CB000000017352474200AECE1CE900001524494441547801ED5D0B9814D5953EB7BABBAA014D0403F27093B88A916876A3C2A0715EC87B90287E8A26117CADB21B4DB2AB22320F416606C4681EC4B8F1911050DC75F9A24B78C3F07066884B081FC6A80846E3AA80AF157CC074554FD7DDFF360CD35D75BBA7DF5DD554E9D055E79E7BEFB9E79C3AF7DC736E551179C709CD0196CAE8E772AEEC7F8C7CA9E07A38CEE0C0E05B29329731B3276AA40A50BD98073BF787A7336E4E2162159CF33E3D35E4953B8F038CB1C344BC8D33E539FFE0C0D2AD37B290954A9B025436E9D740E00F72A2D3ADC8DEB57B390041BF0B85B8ABB55E7B267614C7154098F996A6F00344E69DB108DE79A9714079A8AD3E3013CA807B9C48E91ADEA626A3C9137E17374AF9D7BCB3B2C968EE1A61D40294CF0F5D46115AD90594FD426322C4F19F77389F038C18A6F1E44EBB8F26B7D70657B1EA2DDCDFD96EBC0C67E16BD691A19DD739A339E453B7B7CF666F5ACBBD6BE772A07C01FF7B8A182361E8EFC37D3BD44E29DBE32F57CF6315F3F52B78843F6743606CF9A0DEEAF5CBEF601DB6320FE01A0E5CFD13DEEBC0116309717EB5956858F52B1432E9726B01AEDFEE17506FF6842FE18CCB404286429642A612D2A1009C46DA0A18FDFCF7B3D867367889022A9A43932A9AF485B73ECA03A538C4A82C2153DBD8207B85180DB616F814DF0E2BAC14AF85FF53D1A83FC0395B09A7E9EEDD1F18CF572FE42519FF90CA14B25730F02F5A85EB33FD3273614573F5756513FFBBC836E379384833313F46574338BF3862E8BB2A1BC3E35C3D3809F132990AD91F8F03C4D651FCA5BDDCAB9C1FAAE164EC0203BE153B6E718E75EE974C32D79637EB734470CC5AEED6EB44322D9901A6221861F2CB1BF5FB4D93AD82F04F4D5C078237F9DC96667D5DC57CDE3F319EFB4B4E18051073BB30F9B8C7677599FC1EC5C7692C37F55DD54DE1F21E715D8A7042288030F991B0F1A2CCE40BB9613D7C5804BDA432E43424C2CD2DE54DA13BA4E52E0796B402444D7E93BE20A9C967EC659F42C37B05D5F3A10A4FCBE409E75078450F9537E9CF8EB9DFEE34CBEAB80556B20A7069131FD2B94DDF02737F4F22938F3B7F31A29D655B6BB5D736CC6487DB1BB4EF11536E035C970A90F329A14E7D6775B3F14D69B90B8125A900E58DE10961AEBF88BB563A770B930F414F6FABD76EB2463BDBEBD547B88F5DC218BD259527A73323267FA1B2D110D135D71F25A50057FF17F721B0339F98B9462CE7E4D261AFB0008D80A09F949713B5CF5677729F76019C036986145342104BC527B0A25832F951DE3B513B6E80978C0208937F608FBE05C2999DC4E4FFB6EF00B5AC7596B6BB27E120FB79B0AD4EBD5C616C362C46448ECFA71FFCD0D83E6A61C8964995E33B0F5A120A50D11C1E1F35F9441532160B93AF28CAF530F937AE9CC18EC8706430D4E3D842753F23E5524C0907643850B6F3C261B6A3B2599F2A2D7738D0D50A1035F94D7A33E7E6DA64261FFB9ECA5AEBD4A599CAA2B53ED0AA32ED7CE44DB648DBE0FC64D3E4CF20A9B40834A9521C87025DAB006317F2C1EFEDD537636D5F9BC4E42F1126BFAD567B355BFE6FAA63EF0F3A5B1B8B78C102F806D037FBC14DFAC17B7B8D362C15BF6C2F7526C4950A209235A1B08EC00E55CAD9CA8E284CB90126FF86744CBEBCAD6EE8F2A92CD2D6A0D52A0ABF0C31838FBB4BBACFA09065A1B0B14B049FBAA1CE3D73950208935FD9A83799CC5C07E14B63F498B75F653E1AD15AAF2EC917DB5B6B836B54A65E80BEFE28EF83F713C12741ABA0598EE30CA86B14206AF2F7E89B4CE275C94CFE29FDD511B930F93D8967733DFBDF8167AB15F02F7E29C5458A59D07A60AFBE7174333F4D8AE300A02B14A0AA393CB603797A4CBC55729E09CF5EB929D7265FDE5737145382D15E17BC1D4BC56BE11B7CDE5D1273C66994C1B1C7A0299C60BA8AC12DC2A9A31540984FC4DF1B23A6B90EBC1920E30F18BF3B10A0B2F60675B1ACBC1030F1B48D5FE5C3E11C6277B5FDC074358893B919DBCEEE868F10DD7C62C72A0EC4B10A50D1CC07BD07930F735F8F146E023AD9522471466CB9477BA538ECEBEE75CBACE09EBEFD55ECAF644BBBA1DD6710BC0F7F0B2B9A8D15D8B2DDB7BBA4B86709185B5CA210CB1F833CFC8B094D3E631D08ECDC8CE4CDF52289535C6ABB7B172B0E41130247B7C232D91EC48C62723E9945F49DE50B8C0BBB6B16EFCC510A204C3E62F9F3F088DA7AB024A1C9F7B36860E737C5635BF29EDB1AD4C7999F7D0B81A33764989812CE6011BEADA2C9F867597921618E510061F2E131B72096DF90C8E463D9F5A430F95BEB34E95C5B48C6F5D457EB6C7557D0AF5D08BFC0FED00D2A633AD010C1FC772494968DFB71F11EBF778402444D3E3C65A46FABA58C15269F947F82973FDD49265F4A6B0CB0E51EF6497BBD76A5A2D05D98123A638A624EF9773B42C68ECA85FAB01860C14E8BAA0073B1EB169EF17D5193CF49BE5666ECB5A8C96F507F5D30AEE4B8A3D6BAE043E453AA3125EC93350DAB378C87492494BE2B2BCF27AC680A50FD001F885DB72D3085F72634F9C49EEAADA9C3DD60F27B12525B6D601B53A209A516192EF8D00709A56548283D327111D76438F98015450190BE1DDD694477EC8C920E0A269F29CA2D88BB4F7393C9978E2506D856CB3E1C53A78D872F330FCB4533A6E8F829124AFFF2D927C6B6CA467EC671601E4F0AAA00C2E4233E3E979BE606CCF772934F6C0F1E621889CD184FE471DC456B7A2E5EDC045F660E14BC0611A18FE484F00B4D66ECAC6A0A4D9697E70E5A300510F1F04DCDFA46C4C7E72434F98C2DF3F75387B7DEA3FD25774374664B6D7581F53E553B1FCEE10B520A39EF1B21B6423CC892CF8452411400E9DB4B0D11D8E174A96CB02268228227B833AEDB7A5B8298BAACA2CB615B67B177870D50AB18537E261D4A346CCC67897D0F62992CC5C91298570510265F3C63870D941B11D51B28A315F3E15E64D4468AE089ACBCD4618FCD60E1B67AF5DFC087ABE0177C2A1B2F6E9C4A8E65329262729F4956294558DE14E098C9DF209EB14B64F231E0A77D7DD50BDBEAB49752A4B764D160FD7EA768482811FBB37490F0994C6E6EC4B2B9162B06B80FB939F2A20042538F99FCD13232A371724599211EC438914CBE8C17B1B0D6BB83AF0FEAA35E8CE8A134CC0DC18B845233DEF2B56AFC4F78BFD8BA999EE754018E0576EE45FA1621DDC426DF1F6017B5D7A98F654A7429D7130FAA207A78B3D8DF0045E8908D1581A39AC387F55DC82594C9CAD381F9D3414E868B78F60004769661793726191E34F8EC48279D071C9BA9AB5EC0CF8A440CB94394ACD174CB187FBBAD2EF8FD64D52A9AF56B3196EB92E1E4A20C73FFB3D8B16CBBE3C5FE06EC8598823E122D05BF0C5EB64109EE840FF170A6B4E44401AA1BC3D51DBAFE34189695A7DA49E12F12E793321D4CAAF53005BD9A02EE503038EFB4808EDD29D0920085ABA0F117F00BCAFB06D45B3279AF53565340D4E437EB0D1106939FA5F0138CD003A7C00128C1351F1BC68EEA665D58D6B48E8C15E098C95FC74D3E0F04387AE76B5A1C712D32FF5AA749DB2B9B8DE9E90C212305A8981FAE82C9174FDF8E4DA7330F37DF1CE0BD4DD35C52D1147A4CBCF23F95DE32F20102A6FFAF447E2C577AEE22CC8DE5F05A47F48C29C7C07CFD39676C96BCB467285EF673AEC929A9C3D7732B473140CB76D0B234557C2B1EBEBF3035E136372B72826B388D7302D4F3330FFE8F52FBC047460A803DF1D2BCB68C66BC5A4587A5C8E2E0212C8B1EC9B481AAE6D044F49F1305C030F688F707644A0BEECC61A0A52AD3FA47EBB18FC53309D9B5D15D3BA329A0BBBA77E6760E780AE076096649BFA7005932D0EDD53D0570BB04B3A4DF53802C19E8F6EA9E02B85D8259D2EF2940960C747BF58CE200851C3427760AB26219274C2226E1A397590522BA87CBE8F26C6841BEE4B49CD1D24D5556678E5700304CBCA6F59CAC4699ABCA78BF3E9AB27D5F2157CD17A31D6F0A2806D71DD4A7A7000E12463148F114A0185C77509F8EF701B067FE13EC8DBB26539EC1FD1B4E66A429D3FAF1F59416A6B007E361695C99E6F79119FD761A35F28EEA7805206E62DF7C50BC3022A303D9402592514D5925BE1F8FAC654C0BB28197E56A4122A32E1398F31540322A2CA714632D5D09664E32199D81F77686B137E1359F8F9607C653ABA44ADE407C0B9DA277D0347450056B731AB6481CC27B85FF842F103E191C436FE6ADE31C35EC3A0508ADA133F1B718E3AF88F2005CC7FFE29F319D9D747BC71A5A1AEC453F62A3E850B43C8FFF84D6524DA8831E47DFC7BFBD286881825E864F4ECC029DB5DA44FA3914224A621E49C9B869573981C63AFA478C546C273F2A7CD9B0394DC71DB94BDC99B2E25CC120FC1FE251EED5B1C28F6D1B12EF0545F8299460592CDC69E7AE5100FE270A98115A02A622B297FC00CE574347685172ACCC4BF5F5084C715A98620BDFD1D7D2B529E2161CCD350AA0BF4F3FC05D252C40AAC7B4F09A6CB75FC9BBE2117A184A96D2A64BD102F6243ECCFF40BDE4AD1517EA1A0580F0A7DA58C5683F9C2EBCAA95EEC5EF116B79844BEA5891D2BCC6D4F225DCFDA324D55A01C3E35CB4C456C6E954FD53F9A3F136DC02035CE304C2913A07775DDCC114BA393881C46B64495F831B8D53533C02894FB9AC8A836579D119A2A12023EEC681F27DA6F5A649703C3F47F38B3B56D350FCC67F96D674483EC332FEB88158CA9C75C929602508C41F7F673F8472FCBC0B0F0A91FBAF7748DAC4C3DA21AAEEB64050561B2D80D9E8EFA2B398BFAEB10030AD6FC1F47E3D965991082D3256D3ED8805F48302D4C69645CF19FDCD06CB12E00FD0DF3A0D4B23F87681BE8E16C10A3D0265A826936A2C18E2F22DFC0D11274E3ADC6401564B18371251BE1DB8D3D743394EB79663706BACB06CAFD9587A1B26FF656B3B5812DE0667EF15FCFED23645300AAB01DA68ADE3846BD72880A645975DEFA5C1B43FA81369791AF8E9A0DE910E3214A6918DA1FF4BA74EA1705DA300828170FA66A4C21830FC083E0E7903E65D3315FC747182936823DAFE552AF540CB4EB5172D4805B71838AE5100C19CE044FABDE2A32B70FA7E226641307FC1B2B03C388E5E4F84930BB836807E8876EE437F9D09DB63F49FB05CE3B13A488C93B072610A5CA5008225DA045A11D4E85C30FE41DC5DBBF1D781BFCFE024EE8085B85BFB0A0D576B6857BED9C78653B8D7249A0B0696A1EF65F87B173489A4D487F85D2B14B5570D7DC7A9A6BF8B3FEE590574518CDF634C9D8953F157D4E398B25D575422B2E8DC950A20C61BDA80604B18CB2DA4837119C64A600F2CC34A2847C2E9210B3E25AC8A7E95CEF57409560055F0FE07E2FA105E0FBF43FD026DC027233A1256744881EB1480AFA73EBA8915412761770DC48F7FBA0EDDA0506835D56935F43398E1BC38805D7D89DFD03A3A0B59C1DF82864B62E1485A917E88DEEA584737F59A90E073B3B1158A78EE2A1F806FA0C17A84FE2CD6DCB8D330F5C71F8005A10F0F2120D322B287F1A5B9BD82F0271168B10ABFAB17D0F255BC0F7C1368A9EB8239F1D7550AA077D2E360EC993D31124A302AF40135F4849769395F43FDA1848BD14FEF646D805686BF79C84AC6598864750A5DE61A05C09DF43D3053166295F20CE66136F2F669BF354BDA98051822FA29EEFCFE16B0F4124AA2202BB918B43BF2455AAE510030F0062B8731CF87B0F47B02BFBFB39601DF8FBC7DCEBD73A4834F82725D65ED0F13D23B802FC2DF4E6B19946068E706675A01F72800D137AD8C05F133101CBA2558435709E65BCB716DAB23C1490B140ED1302897165B090AA86305723122843F425AF822D0627B9611CF28E69C96581A323D778D0280C9275B0789CCDB8B5D30DC65C7CF636027759DE7EA37C2C8D62614E22336FAE807A1A2513F46AF58FBC3CE651BFD569C625CBB460130E7EEB332086BEF5A78FBBD61960742416EB796E34EDC6F85657B0D41CADA1C82E5E0AD5004165E1FDD0832D1DA0F52D636FAAD38C5B8768F0228B4D9C6204ED7E81FD027D805BC1FCCBFC056CE68930D962500A1E8BD98EFDFB5368355C1A3705443D89ABE0DB4D836AE06FD12FAAD8D14E1DA3D0AE0A3077047DBF6FD81D97E71E75979078BF086A6D0535678B6D768174F77D17DB276300D4977202139B558EC2390D52936CC350A10CDEE29343B1586411B4C9F4237B2F1743815FC747190047A027D44F722F65817AB0368C5BFF688572404D72880E00FCCEF2F7037CDC15D184EC42F08E6209686D70526505B229C5CC0E1ED4F435F2B92B5053A5F4256B086D5D0A7C9F08A59E62A0510E61771FE79F8AE601998DF82EBE379769C1FC644F0B416A0F3F038D67FE49BA9F0F63FC2B2EF0A247EA6A16FABD7BF0FF0B9D833305C1B6FDF3E966FDAD269DF75C9203138755C74C93756AC00F0C0C8E978894C583B9DF6B173C9BA5D331D5E64840B65137EC653BC854E350C3A4DF5E399C4B17440286B460D16B892F31580B15E958DC66D32BE54AD8D81FE91A8B231E6FAD8293ED1FE753B343308847A4E425A5E8869737B425ABE1183E58853C72B003E46D1076EF7C319732B87F7216829032D6519D3E2C08AAEF2011CC83FD793E42980EB4598DD003C05C88E7FAEAFED281F40ED0C1C0A93B12ADF5C8583FE764F7D20E6BF173BCEF24E0BBE02FB6A4FB4E4B3DC510AB0B981BD81C14ECEE780536DBBB55E7B06B8E2AFA40F47294049733A83C1F5EDAF5EDBA9539C8C4E1A8827917378A0716C5D241EE70B98E1FC6EA8CC21FD25DDD4CA19CC96FCCA74C072993213A175FE81B5D13033F2B297CEDA8F775D380EC8642A642F2CC03BB00003E348E1AC0AD749131D71F8492E4EFE8236C6AFC56F880CF6253D4915AF281F1C88CAD41A1563EF307C78B819112ECBCB1598818CDA88B63AEDA57CD0E2B559580EE04BE8FF800D2B3B70A3C7ED57608CCD577C8C499EA10722E7FF8D4FC43A763F7B6159E8DEDEA232842CADC2172312B2475695085FC178160217DFAAB71C701019AD00D2FFC022FC150624EF8F5B5908F02E33E000E4A5E08E3F0BF2BA0839C9CBAD4E7EB449C69EC31759AF3CBAC4F0A97751C4A88612F48DEF0FAB034E53D0D014ECB1F70E9770C03AD3DBC866EC200999E3882EFFDA67B337B1129C8AD7B227DC69636BC403B8930342C6907554E65D0A2046D2DE1068F129CA68E4BC3F74E7C83CAA7BE28090AD90B19075176E5C00E8F9DA409BCAB46F00F157F854FAF1ED565DC8DEAF3B39206429642A642B641C3B8AA813180BE83A1FF7633E20140A4FE68C576013C41034D20FFE4042FCAE7ADEAF033880080F64F63164B68F71D6160C06566E98C96C013F0750EA91E071C0E380C7018F031E073C0E781CF038500C0E38CAABFFF6427EF2C18831BE188C28749F0A29FBB0248B7D9AA0D02444FB8BDB6D52140A623AFD34620CE1112E494EC52095C8698499CF612857167B387181A06213E3F55F780E780A50789E3BAA474F011C258EC213E3281F403155BCF9DBC0CE9513E278FD8418A537488F031E071CCC81FF07E9E112B7EB024D380000000049454E44AE426082),(23,'image/png','img',0x89504E470D0A1A0A0000000D4948445200000080000000800806000000C33E61CB000000017352474200AECE1CE9000018A1494441547801ED5D099854C5B5AEBADD7D6FB3884BE2026E094F515C12F37D2646991946167990206AA2F2F99E8A9AA7E133C2135460661070665814718B91A851F173275FE4B98028C8303342F2F0695CE312371617242E28D2F7F6DC5BEF3FCDF4706FD5ED9EEE99E9EEDB4DDFF9E6EB5BA74E6DE79CAA3A55E7545DC6CACF1E4D019E49EB670BA17D7C270B65825BC6090605065CCAECD99C3B9DD5C65700AAEF15D1B68FE31770E19CC918AF1442F4E92CA3727CF028C039DFC19868115C7B3C3C20727FD3453C26D7521180AA06F35C307CA160EC1019B91C2E5E0A80D19B21105735D7198FBA5BD1210034CCAF6A885FCF9833D58D507E2F350A6837B6D445AE8630A08F33A6259BB7BAC16A28333F498D52FE75A65635588DC9162646808AB9B15F329B3D9904FAFD42626C26F0577E824F01CE38A6F1F44A7B888D6DAD893EC5ABD788705BABF53A9485A3E496219F770567B35848FF5BEB0CFEBE1C5F0E07970215F3C440665B2761A09F837E7BA45A53FE76B8423F8E57CE35CF10B6785C41E07C69FFDEFA854BA7F09D4A5C19503414387B91E8F5C977D61226C4D972A531AA9FA131878D932310DEB85F44BFA4CC7C1FCA1419887848BC249EFA54FD8C3066F5939408CE6E79621AFF4681173900BACE206EF3FF649C0DC79477E8AEE6F04DA0C1EAB02E1E5C332DFA769137D1B7FAC4CB8A86D82D68E78D1E04F03E0C620C9055BB9016DAE0412CF2006D6CD91F9B8B98C32FC57C18F2B6372108A7B4C5794D6563ECCE837A19534B71E4239EDAB6EDE52478AF415BDCDB0B652CE484FD860B19AD28C223E68BBDEDCD56B370D8C4749A31C5110EE6CB664A53148DCBA2927E3C25DE77EC03B8F3D268622881070DE4669BF9087AFD4F336E8E102722CDA39436E3344580988AA7BE025004EDC9A88A55732D6C6BB37FCF08D9858434A32A1BADF12E50C9BE96B4008091D3FC3887E5CFBD218D8DA17FC6F93D7E3818037DD3FAE21631305CC4754F5B75CCE387C5E2E6090A92C6A7B7D41A0B5CF015950DE6DB18F2DD30448B1F0F6B10873F5FC73F72E196DC6BC98E00A6DD3658E6167636BF1A51A3DF20C387D7EA0B31127C29C32DA1E621E3147BB864050086AD7D65E640B37DCFCF49A21DF69E8CCFB89A878253E480921500E168DB64DE40AD3F6AF4ADC290E104C39EF9D1329C09ED7305566280921500430BBF8661DDB39CC572B0EF375FC7A5B99EB16FB7C7E7539C87B7481B36C2309295F653B24AE0EA5AFE59657D6C1D2460889785CEE48A0673285602EB211ED8FB11A708E128CA22468BF54DD7F04FBD694B2F54B20290609516AA678EFD8CC236214E80D67F8267789090E020552F814A3258B2530071ABA536B2123D7D49F69CE3F7B7CE8CA882937D46814F51D20240D4EFDB4FBF0CBA405A6F273797B0547C6AAFBDF54BDDB0527E2F79015831899B236AF533183680E0E2BE3D3533F9768DF319C3EBF4719426355E69C594BC0010BB689DDF8ADDBF3E7DF41F32AE3DA7B090879E3342FA40B84CCF6FDF1350504A15B047084092792BA7F02FA0F92B4B3BCEC41BAB6BF8BF92787BD2EF1E25007B1263336D6B512F03E9304B53D3EEB30D9934DA7E218E0EEFC584E53FE11DED85661F6A3A95B7659FAAB0298A56002EFDA388AC6AB05E86D5EED86E93D07126B7B59A93BB9B4F757DFCD4A69991A6EEE693CFF4453B05BCB9CD9AD223CCEF416ADBDC51B6997B30FB9C6455940240767AB8B35F9B138A742353EC2EFE0CE72C7EDD8D2CF29EB42805202EACDFA3F7F7CE3BB53229D0618D74DA2A13D420E0149D00244E3231F1CB2010CFAF0E18050641D1FC8D5F5C10614523A944BCD36E107D769AE6AD2A21F977618D0F8984235BD5382FC48CC76739C2F16CF572AEDD158D44667B313B0FD971C6311AAD8151513A7BE75C3BF68FE2FE272FE3DF759E4B61318A4A00769A16567EACFD448F8B701ABBAEA956FFBB0B92F2B5B2D1DC8C65E0462F82D8FCDC34FEB11796590823520D4E562F7563A38EFDBFDC665D0958C7316C777C90DE79457D4C5A1533168D1887AF9ACE252215B6DA55F3CDE3459CBD84DEE6115A58FBDE1CBCBF7EC29D97F178A16A58596FFE2FEA259D3DE0DB697B39283B8CED4EB21FC9342A0A1D00F32A17717187CC7C6A0C67DAC46C992F5E64BD772E670FE3FF017A9789926D58D3341F1772D1CF72E275D9E6956FFCA21080A10DF18B55CF1E309FF3FB9AEB22CDD9102DB68A0D34B7B2F59806C6E3FF3FCCCFD83A826593878CBBB636B28673E6E33F20262696AC72820085032F00D50BC5F7D1FF7D3658F817A1A87E75A6B4C4BCCCD1E32F6616A611C17E944C07C1FA31C1288E7092F06C7FC3616D3A24D2339D62E432A02436649B573EF1032F0076CCBA1E84FC9E4C14AEF1694D5771C5F357C6A3706C393BCD5CC1FE0F3DFE4F60B272F03301431CE110AE5F1E9DC1D64CD75F01FB1F94F12011E741F1EC103839BED0E1400BC0D0B9F14A1070824C240CFDEB9A6B227F92E17238FE0CAB04435783C12BF1FF13395E0E130EE1521A4A2BC777160E85F59998982C2F9EC0096C36DF0B0B4EC8A35107A75A8C91B1E7CDADD61DD8F1F30CCB30DCB5F130FB2D84C03BDCBEC822E657EC50AC05E0F0C94E416F3FB3CDEEDADC8EF4C3907658EC69F63E2685C731BFAF1311F677631FB6899FC852AE369A66F00F2B1BAC3F60C4FA6F0F2D85180D435175100D4581158094C61ECE6E6E9E6EBC662E67F74002E8DE9B08981D8E7DB6EB2A5B8F5478B82005387B210111B2DBF86E3CE43510794F85404C65701243190C42614328C8EC0BBB327BCC18C32ED99D02772B44238D6D3BAD8B21B8FDDCF07643D1496E5810DE033905A432F6A0276EEA65E8B38970B804B73718D317FF061815CA82981B712A78427434ABA27F7A47DA8D99A6A7B21265A26CD4A18F9C8EF4128DB31B64384685401A8A02290016B36EF335F6687CD2B357D3FDB778B2D5D839FB177AECD4286783F4D16C0984C9A17F7A2718C5A167F7885B58D4D06F427EEAA192001A8A02270038AA3D0E579A8D957B10B96BB7D418CB3AE08A5F4F478CE7058C784BD3D88C2886F3E82FD8223E860673EF43308A231CC2A5345E8CEC420921E5DA1C39154681414E6BDC3365C838F90E074A00C8D80322F91A7BA0615FD11971D0A34905D882DF27300C4F0F85D98960EC6063349B0F26A77109DF9533E1102EA5A1B49407E5D59E27E5ED7DD28C42A12191BB21B4EF7A13904AEBCC82A1A8DBBB8F72BE5D0D074A09DC19B366A12187C98D0123EA49C3F6C07D888F9E3B03CCF3D934F2A4CC28A08FC2BE014BFC27F0A1744E830464BC9C23FF409C41AC85483EE62E10FA43A00C45811901AA1BCDE34028B2A0791E2CF7DE3C7A7FFD460F90023E5300168CD0CB72F37425EFD63A632946810D4A8D1C76CDF0B9EAE69682970740200400C33EB71DB1B8A78C3D79A05BC64504DD50140801E849634FC69CC91362D00D450517809E32F6E4899F5D2A26A5A18859F55DCAB00713155C007AC2D8D383F4C84956290D45304717DA50545001A86E885740B39E20533D53638F9C2EC8E1A01A8A0A260064EC6913CE626CFA60F5B6FB21630F34FC89B2B167374671BEED5AC67218B7A4A7DD502441F3162C9800FCE373729A548F7561797F0B2E727C356F14C86341E15E113887A8771414F244514104808C3DD810A14D1FCF835DB74DBDA31105EE412AE2405A435183F9AB4234AD20020037296CF7FA6C87BA8D3D85A0461ECA4C6928626C6E214E14E55D008636C64762C3E77499D6E8FDCF7B8C3D3242A1C3A8744F54810C45D07AFCCCC5839C75F1F37AA28C6CF2C8BB008479F825687D8A2F1FE6FE9F54CE15FB6753F962C585A25B25D73DA1FC469CF5323CD7E1BC0B40E2A084A6A9DEBC42ECCB1C4BDDF34F4101089162DD835EA1387CA6489E35D82F6FAEA975E82CE3AA86382EA614E3143C4DDCD57C4D54B11E2A783D0CC8BB0050FDE1D0B9043F2D725B4098F32BE7C687CA70BF303C023FF0811FE103EB1910674ADE29EA90B63C47D88A45114BDE1DA188715DDA84398A2C8800D01A3F12E113E147AF3A58DACE1DB447D0697B391C36A507A342A79EBF52928C83BE79FBD4215D86431B626311AF781B43B9B8A950D7D216440088486BA61B6F40AD5A24130CBAD660EC11A853848C1862AFC8200CD383ACE5ECE732BCBB616B253B09792B5F566561B50EA9CAA2FB8C6CC1E7C9F110AC6D7BF553BF6120E3E52A5C3001A006ED7B807E1D76FD3E921B871E5157552F7E28C3DD6163147B0B2B8797DC307A47DAFF9261DD0D3B6D6A9E28FB656324FB47A679E3CBEC17FA6D7C418F68C0C5948A3E9369BEDDC52BA800D0F9F9106357288D10A29760740B48278F60F7CB18E8A9175ACFE0B8570F3DED794DF0C94E29DB072701A2EF16E2AECA39723C84E8C3038F34D4ED61193187E1820A00B56B6D5DF4492C81763B7BB6371653C1183888A6DD1D33C2EC611031E6A60F468010BE8F88C319185BBAF9501EB6C36EA73CDD59519946883DE486A57B77B698BF435E87CA386877DDD273E4934432566EC30517006A9E11D1279326AC3455889BAB6F973EE4E042E2A3D8563047D95401CA29E8B9D7BA50BBF46AAD603331A70C911383990BA96C19EE17AEBE49ECE3083E438DE3AFACADD5331622357DCF400221007419055CFC66CB4D02730FB1BF885F27C3DDE1E80170D4E46CB31B46EF60D22C1CF63C5B86671AA6B4287FB60FFE96683873E7D0B66FADE9A8CD7E6A3E1A3C8EB1902CF0130801201A68438C9B3124BEA6D2435C71EA7CCB774E275F429CD5FB0E5EC3CAAA81866F7C0E6449574EFB521A4A4B79C8F5C1B981ABD1FB3DA315D543C6A3308C5E072387494A1C676B82F23D82C00840E29AD590467B039E5E015D20DC46B7834844AE6A30A75735580F9DFD9808C197FF11CCCB77C9844646BD007B0ABD79BC1C972A0CF7EF7331EC3FD99ED683068DFD6E94F5B01B58D168CEC281D0FBA81E6E38BD5BCC9C83A188EAE0794221BF1B453C28790B044600A8C52D35111CD814F7C8AD87109C8C1DC28EE51D94C36B1D21E6013EFED377AC7B698D6D1CCE7E87DEF65725AD6011F4E487622BD88D623933E4F86498E2D0F31782F10FE35F4FC25DBF7F330E6397BBC28C8490393475890B3E7DDB7AC06DCDAB5A600EC68836C18D9F78E77CE9DA19BAEA2AAE20E607102801A0261B9A310DE3A9622C424F9A4FC62230BF11A3C19C2479F07EFEAA46EB2E768C88636EA655C3C6645CF2B77D3A988233611B20086392F0E42FC1280E787412D86F38DF188DB25FF163D1A9DB9F8A86D81412C2649884D17EC17A24B98B292C361775F38C0A1088364D17B5C93441F80DE42D6115F5D64538FFAB8C04F0A67903BDED585FC27136B9B52E7AAB58C90E356DB60A8C1CE48B0720A60BD2359E6F8F1F06DCE353E232F6AEA1B3117CE46EC1AAAA8F0F7398BDDA2F0D98FC8466680B6DD36E96E351EEE296BAE844199E8F7051DD12D65217B90F44695109E3CF7C10F6D9FEBD8D840E00056D13185605D8AB6AFA5D106238FE27B7FFA7663EF2300C56E9663EE5B0B62EBC068AE71FFCF2C74870BA6D0A655F2361F0D18D8E91CB2F6D2160819B028808698D45129580FB74DF7EC6E94BA7F09DC9283E827D66F463156092CF2892C44AFF8BB4F7521E94978C49F56BAE8B5E8E1B466F96E376851D65D907BDA260061FFF3AEE82065200A86A096311578D45EEC660B85D76D020FD2CBF8F3CF10AF60DDDDE01CD7D1C66F58C366D12790397D220EDC59487BB3CF9BDA54E87632B5F20C3E530948A821A7CE4FAB8C38115005A5661417898BBB2EE77E86ACB4315FAD99D6DA5E2169027A221361053C224FCBFE7CEC3FD4E718413EDC5FE8DD2B8E3D2BDB7CE34A64310EBD3E168A1D00D8534F8A4AB5B385D64A1E26839F5E90BD603D0A2CF4D55070CD122D34FB4B46FDCDC8639FFF6B6956C88BD4BE93BA63DEF3743500AC3A3D80B1000275579E9E02D338D6BABEA4D079FA19DE587E7D8CEAFB1257C67D395FC2BBFF842C2F22E00B4B76F7F6D8DC0B2EE48EEF0BDD19371BD137F69F88CF0FAD93099256E076BB51E81B67F563AC240387E5135D73CABB9C6F84B3A3C775C3B8349B9F45130DD985D78E7E25BB245FB3D500C7F6AEFB0568F5A2446D297CB082771244CF053D0CEFE98A26298263E125C7FAEA5867FEE9747AE60795B060E6F140762676C16AEC8B818CC533664C09C4FB8D016E056D091C4DC4C1A0CA26D0EED670C6EBA9C7F9B097EAE70C8E0833D7F4C2F7E7BFEBB4B85F2F82A3634B1E52DAE86500CDE1D937CE334022D8BE8A266CDB4E8DB49684FFC167419880B1F4F3685F90AF6D727FA319F1A88E1B9BFC39C9BD3301FBB84DE071DEE10FBCB78C19756A90D3E527D85F811ED6FF8339F7005743271563CCE5FC60891F1F6B5B794EC42395702E99A77CC81CF62783C30BBAAEDC6C6726B51B8C2A8C6FAF0F5DDD0F6372126A5321629B83900A434F808FE1656085DD229D01B7AA1B33C98B8302B0775766799530120650EEE548F41E2FBBA0BCDEA9DF3F9586E4D25858F6BDA6F21049E991679FB1A8BB22AA31BC87166CE2686C9598422FC024DE31761D8B7E5B8CCC2892B66EFC7C559076486DF35AC9C2A81B812ED420C6947CB5523A28071CDD00736216E38700E9671284C3D1FCCEF70A6206311F6E0EF41D4256E7CE475322C83CB10975F050A1F22463D2E40FDDDD5814EC7FFDC6EF0D95031DF6CC3BDA20F00052A8BFC247C019F42C43E881D8AE9AF8F1743F4DB69C6A9FDD86FC8CD935301C09568E749B40153D9E721C6C734D5192F269B54591F5F29987D5A329CFC15CCF928F99EFC256391659BE340F2EF2761F40B21385D2ECB1D9F8B7794A9640BE6B77143D4242342B6F6892D6C95F97029B707E9C7AD3F67D70E66F53CF103BBCD7A02797AB7A685337EB6105367638594CCB3277F733A05A00F0F512ACBF994A63ABD83F914DF3233320AA3C13B0A2EC35E9CF4D0C922C1B46B247070825CDCED3EE103C5566903E8F2CD5EFD8C6392CCA7CAD3FD01E1083F5F6E0844ECA055F3CC2364784F85732600740D9A9FC61F32F467FC2ACF43FC0619CE851820C3289C301671D6EA17574818A6B61D21D9E0E3D3062C0597F86D5FD35532980A54DB030BF5CF55BB722600A188D75B37D900C731F74DBEBB7FE1BFB58F3B9C78973C7E93F120B48884392984F1242C08BFE8AD3E061F2D26D70DD5EF27C3289CF02A127C2F390ED38292878CD3D570CE74003A065D591FDB26CFD58EA95D86CA5EE5AEF0E85B85F1CDD7D604599902CE076E3CF73B198B7013E78598737D3654DC98F97BEFDB4F5F289786A9FB43EC71781FCEC68E5C2006C89FAAFBF4DD38A600F5DE847038A2E842DE0CBB1ECA990024AAC4F90A2C91A4794D5C09C6C5B9A62F6A9EC1B60D5B601DF3ED76F316E01F2B37039F855921C3DC61DCC4F9B03B1CC47787336A83D76C8C93D03B2DEB596C904D3CE088F03AF303D6FB2B2B7E81E388EBE53640C05FCEE5B9C19C4D01D4107CD26DB1DC2048B806A1982E6C736B65A3B5231E17AFA3876029A83C1BB5FEFA72055A6480D69AE83B58F93CAF565B1C6BDB76337C1A777C11B7BE86B2F87BBFDE0F2ADEA1A6ED39484E05009F745B87F9FAC194D5F5D940E9C0E5FCAAA68B78CEE6BE8E72F2F012E2DA54D0C1F42B2AA1284B1ECF493CA479E9A0A322B4EF91B327A70240B5DE677FFD520C631BB26901F0E7D145CBD9A409326EE2B3B69CFD06BD39F3B53CC7B5F74C3F03FE0E5DDC49CC8C223917003A00DA2BAA9F0A697EB4B32A81F1308B6A93605FEFD848E92C4DB1C4E3EABB07B8467723ED3207A7AB3768B5AE57C4F859735D62A7341D6AB7E3722E0054435A11B4D419E37928540D262F0311BEF3D49CA45D63B771AE0F6A99A9DFE6892BA1404B6DF4E968441FA8313E074BD8B7DC4D035DDAA02BACD6381FDF5CAB57C82B04376E4FBEE7CD1FC05D6972FAF8E7E76C405BD8EA17B1F5ADAB6BE114B2073E7010D9CFB2ACFE3CAEC79C43D8965CEA3CA9FC0172BB0C4CC1D4F68F3DE76C6D9BA2D8C081DBBD83121E4285AA5C5EA6804235AE5C6EE714280B40E7342A698CB20094347B3B6F5C59003AA75149634000D4CD09278EEFF1969F92A2803F4FB943E72B946353716E1D5752AD2F37065FBA56794ABCA71180FCF2BC8FE043BD8072A8E829E0CB53BE099B52EC39B9717040B8BCD01F3392EB540E779D02C44BE2A9920378AF8570658912C1840E93ED325CCBA2FAF4A9C86548802990E021780953B372ED0DF13EE1AD0A078DBF80E167AAED8082C8D9FF00E9AFD8ABFF271C5B32B766A999952179A200F8A5E160C911E0D7CFE1B88CABE9E9C491F470FE382CAE67EDDA0A0EE95731DBAA861048FE7AE4BCC1CE4446678A9C1A25A5CA9583DDA200F895FEE1FC4B463CC793908CD619FC7D08C9394173B24CDF8A726C9728408EB4E07582E74901A08C7071E1AA90A60DA7831B5DCAB89C28F014481CCA018F89D7C9CA7AE686B53591169D1BC7037131D9A79348E5DFE2A640BBAFC162E22DF1D8DD9A8412E80624DFE950622C161F8BF3FA9558421C8C4CF6833E90123F99AEFC1B000A6087073CFB023CDBC2056F8946234FC22947D9F00B404DCB552853A04C813205CA142853A04C813205CA1428040502A5D59FBE40ECF5A56D8D2A0421F25DA6C6B42D5892ADCF77B9727905F10A962B910C6FB7AD83852D7C8C53498CD2F9B5B9F3385A93F62EC47CB4D6B311948F02CB65048B02650108163FF25E9BB200E49DE4C12A30503A80E6E83B39B336048B4439ABCDBB39CBB99C719902650A9429901105FE1F560CE88BB1690FF80000000049454E44AE426082),(24,'image/png','img',0x89504E470D0A1A0A0000000D4948445200000080000000800806000000C33E61CB000000017352474200AECE1CE90000158A494441547801ED5D0B9814D5953EB7BABB7A188206038828B0F81609AE462509330801445440FC842446A32E312E311245549E0BC8F052D42F9A3509F105CB262A4920222F411D99594982ACC40DEB2A04230AA8C8C317D355DD5577FFDBD093AEBAD5EFAAEA9E99BA7C43D73DF7DC73CF3DE7D4BDE73E8B28086D5A022C9FDACFE25CD9BB9842F9E006389521816E3F24631663662E6E1C0D60E093BC2AB137FE7DC6CDD144AC9673DE3E17A120BDF224C018FB82883770A6AC08778B2CADBF89C5EC5C4A0630A04EFB3614BE88139D62470EE22D570250F4FB3088499BA6479F49AF45B30188667E635DFC3E22F3CE7484E0B9B5494079A0617AE42E1803DE71222555BD17EBF4BA40F92969B4E65FF3CE0175FADC540D932D40CDBCD89564D0AA14D0E917166310C7BF2054BE04183174E3D99DF6108D689C5AF53C1BF8320F271AF5BFC25938CB5E33D0D9C119CDA490FAA7C6296C973D3D8857AE046AE6F353C9D0FBA1A19F8DF7F60C9953F656B846EDC36AE769577183AF9010185B7E52B57AC3F289AC494A0B002D4602631EE4EDF61DD19710E763EC4CA355BF4A219346D91310DF7D42441D1728DF41322D0C247428742974EAC03A0C80533F2981D14F9FBB877D26C103408B94405297D0A9C43C74AF10A36EF6849012DA628705F1962D01479D42F70ABCC5E3ED550B9961A7E6C28E16C45B90049C742A74DF3C0F905E17251C0CF7D2E5D11A9E33E9D4D1005A4385833AE42781C000F29353ABC50A0CA0D5AA36BF8A85F343F3070B4E099B3D1BE3922C61E64CE2A9858C2C68654BCAA70E82B959B372AFD5FB510956332726CDEF5745A23D374E66BBBD6660401DEFCE997E1DE734126E676F4C471F97B34CAC6231E21FC30C3673622BC3A7447EE3B4CE9D938E8B083573E24388196360B943C1D32998758BE4220F23D680F32EA6DBD731853DFDCAD4C8E65C794A491FB280F788C5B577ED34CA620062C389B1479F0DA54FC03C75959DA942E210BA58E79E8C75EEFF2C249F1BB88316E8E7C5E3E623A0555B2A3DD4617584AB3F796906FB5BA9B49CF2673200DF7D80DAB9FC24E37D7D139ACABB4B55BEA8A8D8B86272BE6C405DECDFC5C29653E5BD80D5D46963E271FE2A6897AC7CC11FE47185CEF42DB573E383BDE037134D5F0D60E442DE819BFA0628FEA24C0C150B3739FDC878557BB8D8FC85E4AB9D1BBB0296F734D4565D48BE9CB89C7724D37CBEB64EBF3827AE4B08BE1AC0415D7F0C423BD725DE2532DCA4F13575FAF552828B00D1947293FD1AF5F04476475B457325CA9166685DAC463329DF9ACCDA79F1FEDC30C636979CFEC0D80AF4E54B4211756B872FD3C1F424FBF3E787F45E46825D68129F8C76F36C7B3A7173C1885FF2DFADBA851D91D25C006809B1734A7656E1CC7D8EF1CB7C464ABD1A0E6F6FD791E2998A3B7490A2E144E23C839943E1004F023D351D17B09362097D326053D2E15E3CFB66006498774B158047AF3076E3A669EA52292D33603B92B6C3917C068EE4CFD177DE6843ED76E8E3F875802DB6C14B8E7EAB8E9FAC73FD7B3221B63D1456AFAC9FC2FE2EA739428471D68BBF8173B5DF1826AD15BE4C3A265E88DBB0967FAFD74BF29E3463E91511CF7823AB31761B6A8743FF3F2B50F9CD24C4D0EF4BC7A9FF0AEFF97F9B81A907CEAF4A3DBAF91BE7F19152D3CF583CACB0EB0A50BE85A5FA69D1BF320A89F57A4B8061B7FF30A64932B320B910F1C5000E1F489C8FE6BA9D855F689F2BD19916588191B51398C618CDB567C3DBF34D3BCC9D3897E862CBD5EFEAA7A9DB4AA1BF6946E405E46FB0D3300D269567C72935EE8B0170D3EC66671482DB897D8687ECF082E3112EED5DC0DB73BC68750AA6952B03E3523D3893CBCF45C6299D3145AA078C5B2ACF296F29307F7C00C63AA205B0F2C9B82B9B4C958BA2EF988D6252CD1A3ED99F98583B47FFC40A2D35C6BBA30BB01009117BC70228328217629795320871EA5824B9BCB3F9630079B3533862E7FDC4F7396433B931C7015C12084B1507D0BD58822936D5B5E0E04B17D082E5D3EA590F0CA0D5AB387B050303C82E9F569FDAE27D804C1AC2FCC07AA449C7A133E1E703C742F40598AAFD4A3EB82D05A7D51A4084D4712F4D677BDC5444ED1CEDBF410F2381D613822EA0F5E8B2A89AF863009C1CCE17626EC085B07FB7F3583952ED5466890532992637DCA907CEF33AC9C3D52ECCA9F63E19009387EA9CFABAB181C3D0125FB3570CFDBFB67E22CBBAAA68CF93675CAE87624AE5E749CB82867932890EEAB1D782E441C4170308ABE1FFB3F32ED6BD8D57F56BECF082E3A62956FE2C01C294CAB3201419C18CCF9BF6AC98C11B2936BAD8E185C4872EC41433A341F63C4EE5D9714A8DFB6200F5F730B16F4F3850D660F247C412AB15987F6CC03CED6A1892640098AD7B2E7F2AF96386424CA20B63EB7E28AEFF347F2A56CC31CFF250535C7F4CAC5F5852B058168A449EB7C03C88F86200826FEC967DDCCE3F2CBC539CB4D7C5FEBA59581BB4A7678A8B851E78E4F3B003E8590907CBB3589B5F2AC15D00D44F8EBC865BD3FE622705E5DD5453177B61C01CDECB9E962D8EBD007D3E785B7F15EB24C3ED78D8F9BC5EBC3876B8DB71DF8681BD3B477EF5E647FAED7863CF48AF04DEA0CE308F677147D1E710E2368CB573F5DDBD0EEFD77B834EC871169EF1C5589BDF995E865BCF68C538366DDEC34D639D4493D35093B45DD866BF9B18DB8EAE21E38E20387C51F07E5EC2E45D253A490033C36136D939CD5DA86F06B0F81616AF99AF7F17771135487B03502728F44BF8AF06BFB96B980105DBB2FE27F465D553C1354C8BACC7A6D047D0FADC9681D11EA85F8F0C2C1ECD923511280A4D7D79B22AB53419CA2B099C77B35B5229C732374E51B73285AEC51BE2302C2CAD04AC9DEF44D33FB2FE56ECCDF338743D237A078CEDB75E14837AFCAC715A74A117B49D68FA6A00828186A9D195616203E0F5FECD89A16260689A57575747FB15BB2DABD032978F65C6A6E9EA58943B133E815E687E277CD0FA8298726BC3F4AA4C2D8B53B69261BE1B80E0B87EBAFA5AEFCED173B083768268B68BAA059C3D18D106DC7C7169C3F4E8951E8DFB33B226FC01947BAF42EAD968D19EC05F71BB9B187D8856F19190AA9EDE385D7D3463811E2594E56898BD2E49EF39A49D83814037CEB17B9893C55184A12C439E3F8B7CD85C7A18C2DF1BAA0E6FADBF831DB6D32A575C4C6A2536C7BF4626EF8156A1339CC0D03F78E1F7C3B789FE238E6E5E2138C44AC3E0A9916DB3F2B8D4393D6F31CF998E86F9E60466637AD30CF60ED2C51F612420B65D5B0D80D14634B94B447AA586FA412CD1B48EAA15834E572FA785E8CB9B6FEA164356F06D3100CC296C84A3B7BD615A796B54962EA0BC5576BF740C6599B686A6E12ED50DD0FA3C3CAFE7EBA98BFB25B94F31308012650A4577D7D6D27A9C4DACC3E82ED9ECE37748CCA06DB1B5747989E43DCF1E18409122E66B280A05DFA525683B5A80A112191CEFC25CC1EAA635F474D7E8DF313B5D9921308002F5C25FA6B0BE8EAED738BD0905DF87B73DFB4210A76F3FDEBB6FF5CD274FA18E910F0B2CCD7BF4C000F29431DEF8CEB1D5F493D811DA6918B4148ACF7BDE3F82034C634F7C8896F5399326749F40A755FB32C99757CD2A62149017A73E23E1EA877689C3748121AED265340C474FBE05A5679517DAF923C0DD872EE134277655DC0A33A2F3E2E45F9C479F8BACA6673107B0395A457F6683E803A73C5EC3B256C8EBC22B813EDEEA0731B77031E61EC250202629498502BB6887A98BF0EE933C42F3B902867DEBB13C35BECAA0BD31861101D15DC89FF1FA1BB40AA782E6647423845685C0C76788EF41894DC827169212E2AF4AA5916C287D82674F429B370008FC3C28BFBF906E52CFC7940D25E415A078713A7952D5E5B4362DC3BFF117E9F198460B40F43B69F08C8F284EF812671F65220D2D4E6A5ACCF5C7C0072852A478C3FF82D9BC6BA3C3A9AF4DF9498A6C30BDDBEE72FA6E2842E79B2CFC5BE01B4516E569B6A0052840BC78DBBFC09BFA07FC2EAD1A4EE2DC41CEA05E4A383A9E18135B03BF80D138DC0EF81DD0E89533630A01A74F538F5EFC06069045AA5034467BF43A34F027FC35AA5D680DBB108E5E1101AD8458FD9C2AFEF435F475D015D7C3F4C36F3FC03A1541D2952C8101388951C15D3F117A2C1AA2DDF0CE8533E66AC05AC11F4150FC258398364E987426FE1A5230BF7E03037092B4493BAA86D02EA7242F606C187D8409A64F1345B52DA571143881A5C9AFC5E70E0CA05254D8240D007DE12C30005FC45CB985040650B9BAF185B3C0007C1173E5165271A3006C12DD878313EF5844A670314FDE36435B98081A3C979F6886F44E3CC13A6049E651685AFC59C2C005F19A2420C163A4F0CFE32175CF7F051FB7B4C8A89848D95A804BEFE7ED639A7E07EEFABF5933B51E47B750625E4CAC83E50A985567A6CE6BEBB42D3845733FCE1A78724823171BAD21BD2C3E006E0EBFA449D37640F97320C41E45091297F6E150E6C5F8F0F5729CC7DB34F0BE4CE7EC8AA2DE6632F96E0003EAB4EFE1EAD80D98073FC94529D71A9AB665D0C2D8592ED26C13A47C35808175F11AEC9E7D028727236E4B179DC729099DADAA99EF78D58ADBC5B51A7ABEF900C31FE6D1CF3ED59641728E1B1CB0DAF6018E576D457AD6E3E13861D30B2385F3D1FCB7B76B01696790A12F027C9C3D2D883B4BC03703F8FC33ED4798ECEC6967034BAEEFE12E8C1F1CBB32DD9EEC1817B76AECDBA14FC2F1ABD93004CB891B18D20D03166A8B36DD1395AE737124D6C681FE750126BBC92E6B287F5FA82A7A4121CA1734C4E95C71841ADF1B1969A70983089971FABE1D1EC49D25E08B01F4175F0B23FE55990536BE7E12FB5886E707118603237A4CC2E63442826502385C61079A276442F70CAE64285397AFA67393075F0C001E9FF502A4640DD891AE67AA255F828417FE1907819C819600BD41EE00AC031296ED74B294EE0120C1AC0762451130C404BB9C3EF5A0B86692BE1840C2D0E4AF77307A4334E5CD9C14F9D0BE7D58BE7D0C5FE11AF4007D251F9210C05B763C18C5D97698D7F184414E43588937B7F9F0C500148385EC8CE3162C57F6BA1F778AF39E7925663D8E6D2F3F15C7DD64C97B075271F18BA6A33F5FE7EA3C453A79C76738B463ED09E043E2CD8E536ADC17032895492FF3473BD12BD0F847E96560922AAC9BF42FE9302F9F631BE954F030D85E06E63696DB616EC7DBBC0160976F1C7DAD989FB0044C58DD2C4E005B805E4534FA318CCEEEB3ECC19983BCB69E97C2966FF300A530594C5E7CE0715ECD1C2DAFAC13DF6E38FE81D387D8717BC68E6EE39E694F7033AEADA73EDCA01F4B1BC2182D81619A6E96E544ABD51A005EA751187A3A8C3E6431BCF1690DBDF1590DF5EDD0684944BF3C59DB404F4787CA77045B108B8C88B71E770C2C86F22D53E3507C1CE70CE5E16D91E564CBD6E6BB8094707EFEFE22D1065B4625E8835553A7A7B0653BE321CF54FE627EF5B5242EC4FA863D2F0CE38176C38EDE99644F733B1E18C03189EE6CFA676A323B3CE920E08BB526FA0F873EDA01357F10EE11BA0606365FCA81A9F1AA30D549708F00E53400BBD3535415F777969CA7A2E8884C4FEDBF572844BAC603CABF06F700DD5F34615BC6F87AFA2694EF68540AA3DB7150E40B5B16CFA23EF9002AFC29AB4306019CEE4AAD36EBCE74145CD546ACA0FABD14BFFD83F1EC8E9BD02CAF027F96B90B18C19D38E09980673E057D34928B0B4D6B69A091A0152020772B70FC40FFF7C5512E2E5741022AAE08A288424734BB3FCBE9D4818B78A752D602043FA6C970B8D2A60FDCDAD9302D2A37AF7954005A592B2E7F82FFFDA01D1D46700FD27A62787823A668AD166D4776886BABE95A5C08F124B8755A127FB5AA27FDD0219BA7205FBA00234E079277E1DAAA9288690B6CA082A2625FA149E60C874C8D0EB0BC4138FAFD109AE2271C33E0C28718A75760086739A63B00C57533C07F0053CCCB32287F37FAFDD1EC5C72E5DE61071632827C3180FA594C9CB05D2771C1691C3EF07C9B04CF03203ED3D214D39FC2CB7F9A84CED90A09562040ED49E3D1D4AFC990AD1FCADD862EE14E716B58069C2438BE966A70DDCC36BCF913D182C87E0F662195305D210E8866A3E3555A56E6DD2C9487D87C0CB2AEC676308B1038990FD7D6C546E1F3E94B4321BE3561A807B395ABB0C43F19A671D1C1B83611783D255C46EF76382EF26B095E2040BC8D50EE28DCDF235A82EBEDD9A14CD1872F42FA6D78BB1F8C76A027594DF29E1F54911478F9626AF76E1CF91E62CF9B8A4310BBF07C697458F2EE8014D8D75F5F2F8BC636EE27B04C7B939735642136C6CD6DE2E2AD152300FCDE998D6F285378396FC1BC0FE3B92FF0A52D6BE9F981B32D5A4DC3FDBA1D2CD365D1BE7401A98A77AD566FC522F76BA9B8DBBFF033EE7353F9823FE1F1E3768F49387FF0033C675C9B47DFAEE0EF1C740DDFC8A57C74044BA38C2EF14BF9D9E4ECAB012C9FC89AA28A7A1904509F8DA962D230E49BBF699A779F8B69379C1EC78D217D60042F14C35F320FA3BD5818BF129747DDE0F5468F7C79F4D50004532F4E6507C2FD31BBAEB0E978BF32BE51F956006FFDDB2146231B6644A7E2192FA177018EDA7B680D8685140C031DBE2198A964D17200FFA1AA76746ED565B43A135E39E0BE3981E9951377EB233E17F300BF4CC4E263B1E8350A4D676FCED889B9CF0CB023D0F35E7C39E28F68495686FAAB7F38462FBD084F9FD5E1B404CDFC52387A43C0C304147619E2922C9346C2E8D1683B7A0ACDBDE7DF322AA6D212D3C5102936CFB149A0E6C3A0621FDF2D8B6541A6D3175F1F4B8F97EB59F806287B83F8E3AF5175E2005D681AD41DFB0854287E3FAE7F7D1D7705EE29177FF9965B5603B03379AC09AF0805DB79CB163F7675DCA66C38959AE6BB0F50A98268AB7C0506D056357FACDE81010406D0C625D0C6AB1FB4008101B47109B4F1EAA305C005E6B680D3B5965DAAB6E420DA0225E0AC536662DF0397D6A1E34CEFD302EB18B09C45024E3A15BA172DC07B523ECE2E916001A0654BC051A7EC3D0573D9623AD31270A0E2D6DAB95A5F0B3088B45809085D0A9D4A1580EE9510630E0710B98A459995B8CEADBF942900B428092475085D62E3ACB41155E81EEB16E28BDDDAEFA1F0D172CDE020327C23075FB7C0F7ED7662F5437218E53C01A4DC1280BE14EC413C1DFAFA3A96AC4641F9F2709FB1158DD3A3571F5D0C0AA99370BBD6401841472BF3C8C86934088DC601C620B41009405FD903B6CD93D03942D2321AA7B05D3092B1D8FFD4E256E2B2D73448952420740C5D27759E320081D43823B231A42883B1CEBD5FCA14005A8504846E858E85AE5315B2F40DAF4C8D34A82CFA5520FE027BECC4AE9D20B40209085D0A9D0ADD0A1DA75729E904A60352CF3875D325168B8FC095CCB518429C0C2227C01FC8889FCA17FC56800430C3039D1D84CEF630CE1AAAAA22AB5EB88B49137E15C069C0422081400281040209041208241048209040392450515EBD38F27DC8D0879543107E97A990B20743B2CD7E976B2FAFA2CE057C6AE8278B6F00D9996C8D718399E20E83ABCB5D37CB4450B99909CAF75F028101F82FF38A2A3130808A5287FFCC54940FA0986A13237D8BFF62284B893BCA526A50682081400281049A25F0FFCE0DE132F3F3CEFF0000000049454E44AE426082),(25,'image/png','img',0x89504E470D0A1A0A0000000D4948445200000080000000800806000000C33E61CB000000017352474200AECE1CE90000220C494441547801ED5D097C1445D6AFEA99E949B83C1114415D7751C4FB5E4842385CD445D7135D5D57D95DEF5B5124090A9B04F0763DD6630F3C5677156F76C583232441C155BCE5130F944B94552E49A67B66BABEFF9BC924DD55DD93C9CC6432E034BF3055AF5E9DEF75D5ABF75E553356787ED423C053E9FDA8E962BB90603BA5825BC0C98F1128E2ECBB3937F08DEDB5C69501CA6788A2C89AF06FB9B04E668C970A21BAB75750213DFF468073BE8531D120B8F69C7FB7C0A375E378486EA5C2006535C61920F86D82B1DD65E4427CEB1D01107A1518627C7D55F0497B2F5A1960B210DA9C9AF02D8C59D7DA110AE16D6D04B4DB1BAA02D78119F08E33A625BA37B7C6AC29103F311ADBF2AF756D598D599BE8616C0628991A1AC3A26C5602E8F60B8E8932817F8527FF4780338E65DC97B4A13E76426345D1BF79F97CE18F349A1F4258D847CE80723E159CDDC47CFAE2C689FC0B39BD10CFDF112899267EC2A2E65198E8A7E0BDFD99DA52FE89BF44DF9F974E354E1251F19C82C0F9CC5DBBE9E7CEBC86372B6905C0563302A7DF218ABF6E321F61429C2E371AB3FA491AB3D8AFE404C457EC18D07F5F20BECBC86C6520A221D19268EAD2743080604729099CFDE9C5097CB3022F00B6CA1188D11234551A0FDA6B8CB3DDE4049FE6FBAF0C2BC4B7EE1170A52968AF415ADC4EEE9ACFF2BB4D17325A21BE158D801B4D89F6AD7A007B5F347F61BB671F8F6D21EC45535706C8F70E83735B3598F9DED67C6F9F3FDF1B48ED1B3635FC73CB8A8E63829723DABFACD60C945687D6C350B5082A8FB93ECEE7D45506A1CB283C1D1D81BC66805FDC2ABA3787CC87A3D1E869F18EB52822E33F3B437935068BD5988810ACB4DAF8806BAC664485FEF464CEAD8E0EC48F153F6F9780B21AD1BFC9301BA1C56A217E721201EF00CB124FC2A6F16159AD71566199483E5E89D4BC6480D39F123E8B99CF427B7570A2A1A9FE82110681111E2FAD355E25264A35DF8F152F2F19E0EB65C69520FEE1191145B05182991F94D498E76454CE369E39EF18A0FC4EB13D8C507F94C79DAC9180DFCA7DBE12EEE3837D1A3B1E5AAC5A7274907113F1988E43588F96D6184F97DF277A24E085DFB611C83B21D06A0A9F08C2292E6820F4D9F5931CDE2C1FA31BB3B15CDCF4ED32E3788BF1E9C8B75F5BD7DA42809F1A596FEE3DA2468C9957C557B7A5746E0842EC2ECD6173086CB37B5B96D69F33B193E0C2D098B6051BD90F7C4C2CEAEADD4BDE3180B0C4A90A59387B4D76654AE0CC1C0B3F05C666C1AC3D3BBAD0B80C5B433837A9DA4D92274C6E2C2EAF35C7D455EAEF26F267F317156B73A7454AB9151D0B55C5314D212366868D6F5AACB8760D110BFF281241E525D5C6DBDCC7A63754049FCE665B522D2BAF9600F24D806D62B4DC78EE66C89090EA86F3484355D15D01A60F46198D52723C2A58BFA8251ACAA6868E774D4F1358562DF6C23273EBDC1A63B58846EB2CC12E71B7C1BB55200E83397E26F2CF20675C378CCE84E51503B0456C77BCBD414787E1BBE6EB165CE8802589D014EF1F1A1CCE389F8EBFF8CB67C307617A88287F61588D018FE7CC9ED2A9E1612535C68BD8B17C86768F47657DD32D11F9CF8BAE32FF996EFE74F3E51503082BB297DC1190F0B3BAABF906199E2C4EB34163557022D3C489101EE11AED7CC0047EAC1B4F0EAB099DE04C492D06CD6469494D681EBDED585A5086C8CA38A25D2795D586AE4CAD15D9C1CA4AC3B3D314C6303DEF29978541592BC3528D93CF9BE6E3C3B184AC53F2081180E03873586DE83825CD03307CBA31B8B426F40A3493F558C3877BA039C0A87B2598F0059A91A0A9BC1EE1091A677F06D20A07624B044ACDCA5C2E057925046A9AD5CB9294B818B04D6E03952A6CC144FDBF65B784863293BD82C175CC30B4DC58823F5B521D3EA17152608E5799F0AFDB815BC69448985D8C69BEFD31E3FC2DCC0AFFF46BFCA5BA8AE0FFB9958BDDCB155F2F8327B61037D8D3D1C6DED69AF058C01EB5C33B2B9C573300B334128C1D0F064499C21D082944EAAF2FFAD4A70787408FB05446C70C03C1CB7AA1BCC674553CC1F0F45B1E353F1516BB9C960E397F220E46DD8237FC1E10FD002C3F47345615DDE1457CCA43BB97D832C5D9FC4419895F30667922DCD9BFF9C500F19D91A3CF9842159D800321C548DDF57C6D91AE8FC20EE173358BE81665D68B76D531CE430EC0743FDBB2AC4740909DD43C710808FF1DD37855B76EFA8086CAA22B3ABEAFD76628650BE6CA8C0A5E16009E1C9D85B2D32942990130456E9F4E416E795E9BC0D780B0234261A301E903EC3898697685EA7816348625D6F7E1B34311F356ACF33DED38F630BDF1580EEEECD14BBF75F615E92F537E28842228C8FE4059B48B3DDE99E1BC6200747C435C5BD2D665C1B9E2B2D696DAF1104ECCAE289F264646A3463D11DD59823828FA3DA67B26FACAED68C58B6F2D67E85CAF985BC9BF6985A71BD0021B9865387273C19D5B61476A762379B504081FFF52EE1E54C0FD6558A6F1BA89FC33BF5F3B0E32C10F725931E2CBC09638F0DF81A66A08D6EEDF6785F854AE65AA360A8E735A397AF28A018222F0A5DC6FACBFDB914E5D86671A9F7F83FE9EC6C559501D4BFB0E9792396FD634367E64957E785D95BEC805236D509469FD94CC82AD51609D04C82B06985BC1BF737B2B8D70649FCEE83FEF1E6C8050E8BA4D4BD487F6BC0185D2C1F59545B7778EA751F4C0445D895F188A5625C29DFD9B570CD0D2D9E572A72DA19E5B94713A1A87C3C881912DC65B10325D2D88541E969F75D66EFA6828949675B4FC94F12D7EA40BEE7B2EB04E01E51F0370B644EEA910D611322C93784C056CB18510F4F64E560E84F3DEDA1AF3A1643899A491E713DEF69172199A26DE90619D15CF3F06107CB1DC5948C53F9761E9C64B6B435747057F1EC29E2A7CB9140ABC334B6BCDF35C923206AD5B16F93966A01D1C0561972158F047CC001A5318006FE2E0E3EE16BD1C03D5C108999AA1D8B91F1ABD3B5C8D371878ECED1F76130A2188DE4D26DF0E56D92E7A9445CF969160FC7AB3A182ABB60B19314BF1BC9B017C4302EF43F00A39FB27B4A6CD11F510AB13C93386A9568F2C349FC2AB75911B12297520E59FD650151C07CDE3140547889E16371E9D0C870F252D4D00B5094E23A4F3773E9A78C609E8DC58D63A94AD669229176FE8DB727951CB52D64A19C72D4EE7E3D72E335EC454EB65FF5FE3E7BE33823E7D11F923FAFAE9B8278991A6D0F908563277AA39C1094C3FF6CD3213E7F5C58E7209012BF8AC0CEBCC785E69025B3BCAF9AB20D8D0D6380538FB25FE7758CE88609661F68747CD0098E4FB23CF00E041C52BFAE3EDEA0361AAFBD74D461F087B014759CEC86E612BF2EFB009BE339110530D69D00D60BEC0512407AA60D525B5663F00E152C65772BFB542EBA1AFACBB54552839F2B94450C1553218E52E983789BBD82A64CCECC5F392017C8CBF1461C239150BB13F84B13BB01EEF8981DA07D4E91FF9C1B0E9EA5BF43948883F82C9A6E5444AFBBF96EBCC88BAE1C7292E4D5421C030D6F7068357D07A30D90AB46B29AEDD7A1F8CF3BECF1F7CAF6E0277DDCF97D7844B2222AA187CB014DDDF7EDBB28B91770C109BB24391EE5086D2BBE890D485655D4DDD4F1020BB4391416971497E07B4EB20F87B9E4925454C628CD037984416E2FCE242A6690BF7DB29B0E4A10B7938C2A237BAD4F66D9F81FA732EF04E05E50503C061E36796C9A09B67C7ADDD629663EB051BFD36F008D607EC7A0A38F614B83BB18FBF353795569BEF40AF314CE99DC6EF868F002D42397DBA8C016091DBD38A9A6762A53DCB32C401D4EBF89B9DABF79B9B90F89B513F361DAC18537B3239214B4411BDC0DC2AF119DF54E4D3EFCD52251D2A26A70C407B71EB75F3149CDDBB2C12314A3BD4522F64186AB0775E854D3C4CB3D641E0229B5C10CF84B515D6353E9E6981C78B03AC69C878D62CEBF5492B672C67DD421A2B8E18ACD8D2CC628B73FAEBCE23D60CACFF3F753601B572B8F66787717A181113E719C3F7D457F85F457B73F516305E528D7BC0A5A72810DC83ECE61238ED281DCBB2D69B97E168C46520906AFDEA40C9189CAFB1AEDEE4E3EC1D9F16584E062452126DDE642E00310E568BE2A6E663BFAEAF487F7B5532CD3C8C45C49B98A31CC221DAB284717D0C1791BDF0661F8ABF4350FFA1F81B9C3E63F04F50EE5D837A07FE46F282DA9FF420E4E1044798AFE4DC9DCA00204C70CB66E32248E315A8B803265D9868E33601109BDCAE6D0FDE0EBF4FFF096CFA5F1294EAD8BCC978198C554E71C783D9C1C7C5A90B2A8B663BE06944A045BC07CBC5654A56CEAE84FFDFDD76382979BEFE3C7C00341A8732CD3A4458BC0CCC33D88ED35E18CBD372C1B49B4655061E9767ABF6F2BAA57B318083A3DD32A60B2BAB0997FDB0D1FC00C4BF0B65B44B7C0880FF03D1FF06F7E9B1DDBBEBBDC9B172D781FA6988E32610DB830D7E346A9E45109AB6F1E6FFD395F80C0295D04ECC06F1A9AE1EBD829520CAD714763C825797DF020F22DB43C25CE344FDED8649FA5FE0277809BC87A0C3E04D3694768360B6BD180EB6E2BE8345E5B5C6FEED66481321EB0C406F64496DE85E9C7FABC394183B1BE7D5364C751BB16F7E906BBE517DF709F6C59BF407107EE62BD7F0EF294F5C2A1633D5FCE2FCC950CB42C3773F6608170D1FB770DEEEEC64AEDE6A99C92131BF3FCEAF51B144AFA869DCA4C2DB2061663C8019A05B1BA435047F84E437B1620C8F8858EC6D5CE35F053904EF49769FAC32C0C85AD1076FFD7CEC852F05613C1B0BC2BFA971EDBCBEDDF45D1B2B8B2E6AA80CCC253769B7AEF999EF31198EB763CFB9B5E613F83D5F4EA338CABFB4330E5B365406FF8559EA35A54EC1FF805D8D2424C6B140B8B3D1CE63E53C984D5E6D9C5454E6EFAEEFC6997605B6224B659CB6B8D0E113518D5BBE9FA56B73DAE09987B2C600E4526D08633138D6D3748B4ECFC3858523607439AABE4A7F2495AB68EBAA028DA0E8877257F1369C21C328CE357E6343958E37AE731EF8FD5F010673302BFAECC7B25423D7484B03DA494BA0F3C15B2F7CC18B0948C7DEB054DC83F1188C534CA7A2EC254EE4B618EA39A9D930EB49E86D836616CA0A038CBE43EC2884F90AD6E23DDC9A834E2DA30B1D707A77E482CAC07C379C6430186AFF9C2C3D910606BB176F697522EEF56BBCC4F63366B31B422FB187F0773FFEAE6A9ECDF6F4C2B7C3E3873DC40C3B8CC282B1B15055D30EA0F5C1D23003F09D5B012D01B4B35ABE7D1D632468A7525FA91F0E2EFE2D70547903F9C1508742E87D81965AB9DC74E2596180A626F35170E720A501E8143A765BDF81FA01990863BE1D038F6116487A7731A6D07FD55706AF50DA600388B7B0CF7F89DD0DA27C08E1741A2D21F8BB087F7762DFF10918A352CC6FFFE8972F109C82FA42B6A28932F0E4B0A6276065D5E6A5285799FAD18F7707EDACDF96C0937F89111AABF4C72074EE8BF0E3727A2C8E1DCF964DF47597CC9F8C19008690D3C1959072A587841B9CCEC5747F5DA62A4EB2B681C19E946A688DE26D7975D02E3ADE1A6F058A788D6D677CCB96802897E34F914FC0145867594DA889CD6D8F095A8C3CF7B436201110EC9861B5E1E17488D4E2E2D60438F18BF6193808724E2AFB7B123A3176BFE15CC352A17A2E4326B86CD834336357B98C1900233939D1C1C42F7514D7A01C4BA77313B04C7E2743E20791D51906856280D6E16D39BDBD410D85D99F40F87D52684799D91CD35B2445157E7D1A66810D32120873230E913E8719A1584EC31531551D3D3A46F20C9C55CE91CBC294A35911E1665452519340326200D290E1EDDF4F2E1F13FFB5F555817A199E6E7CCE54731276164EFF8096C260F4E5CD3D63967CCFE2B1BE9763913ED713414AC06C5085A5626F09EC88620D5F8F2DAC320D631928C76CA56C7FC1C0F5232A8377380A493182A5ED0930BA5BDE63333D33911103C0C2354CEE033AFA599F7D025993C2CBAAC323407C6F4E176C676B55F8F7723BEC712C0CCA8E01ED34709AF73E2C068F220C9AB73D982902809FD206710FF9B6D7EFC114E45454B9A06246FC0E72C3D99333B8C134E80FFC11F3DD267BF160343F5D42658775349C1103609ADFC3A5C297BDF6F42EB84941B48DB278F4099AEE92215ADCBA2E76BF900712A8AB2C1F58BAFE58741CBBACF878762EC233E4AC609A7D65981C27D90478C9AD78904B7002E91C2FE710B94CAF387D0514ED6C94D32179BAD14046F38C271D58CF5C2D09987E751907CBB5F3A4A38C90621C4B0B8753C5637837FBB49B05DBCF4863D8659D6CCDE96F0DB504C014AD6F2EC2DFCBE910080332CC2DEE2BD6EFC6B6ADD92DAD057673263B207BB950ADA9639B623BEDE5D8C319310084A0AFEC855118B3290C1F993F38B97339883F4A2E09D3F597A8F723190E53F064CFBDB160CB657C107D72F37FD81F42B3D9D5A8E712391DF12F5C600A4817AC19F9B7280900A09D6FC09E51E596D65118199830B6472BF9786656DB8C18C012DA5B7283B02E1D81C317EAB650464C122F9F6A60FAC52D5FD243BB0BEED34E81F05523255174C00F9B0D3742C21B8BBDA8E08B9881EA2F744E00CCD04D4EF7F9937F4791F0C91805CD1CF6EA96A2EC6929AF315BCBE1DA4FC2174236D9556EA7A5E90A0D649C64F18C186054957F1ED87CB55281C51E268F1F059E0280D6F26814F7E3B86CA3E05B37B17EA2FECEC80AFD2930C3FB4A718257BAA949F563D9D39839EA147C0F002E719AA18F666F7B24B78271C7CF4358AA7ED50A90027819CE4E269B48E89ED1D21AF348F45DD52B30B650D6287A16E291901103B448B5CAF6046FD4CED188D15076B3A1085F1EED6805475F37AEA659A415D0120001E742551AD3AB53BD5C1313651C1063279887AF93E124E563FD1C875F87142DE3B5C4BFD2035816DA79A0009B86527FD70EDA6ED185A62783B49337964C6675F4EB35FCA9AA5F1FF7D428A65236E164C40054C0AE03837FC25AF70E85ED0F9860772BCC169335CC0E4F16C65DBE7BC07962B28283AD16B651E7E1AD47B1F1A7BEA2E82510B43E114FFC4252BE5AB6CF535AF171EC4BA633F2D851F2B4E6E5EC9922CE8EE0C7B08D0998DB2F9D2F04F16F704B5361E26215D63E0404E76535A1F196B0607D548D3F188B1760F17CBEFD92926364CC00B4C6F97CEC2C34E83BA52A3A5225C43FF0358FE752395B1766E67DE8ACB21EA3EC6BDCB6519AE653888081EB1E354D457EA0B6158D625F141DCFCA21139C85A5EB49FCBD853F7C76863D029DC02F91761A3FDEE54E415BC7E8FA79D0E6761BA82DC835C5540CADF3087C9B79601B52FB21DC677C30AE8E5D809D08A67DA1ECB4D0DECF8B83FA05ED97D43E46D65CC270CDDAD1F8BAF41C22805BB59825E07CC8EFE35AE0F6864AF8F5490F5DDD1A15E259094CA2F41C388A1CA3C05B00C45C58324E92D371AD7C79434560810CCF244E770CD335B3A84FD95682491FDFBEB77EC1866FCDD548DFDE590FBFB97152506156270E63E41E2F4C3E11C2DEB95EBA0FCC706B853F38B4A36B7FA7BB84D1D529B8E3671808A60A85E82906A508D2F2B54C98CBE131F4C0F0E9E6418901B8E041BAB553DC9288B7FDC28DCA17BCB02DAE86B80EBD3D77719E8C5AF753B96A8EF420588B8758513ED39DF8ECE541BDF571B32EE44D60F247941AB880FB3BA4108F87AE9EC51BFF2F107F29F0C679111FFDFC90B3E0908E12DFA3DA1838E325C05E38F9C1711E3C024CD06887DBC3E86010AADD0BC361EB5D747A3124DC8BFE6F9D39015CFF533B1E85312DD7B4D7D9FA09C1A5E02E1741540C5ABA4E1508E53A528993200617B79741187579627C717130785AC218E5D7D8C34A995054954D8B3854B624EFD01A8F19EC63BA7A16E37206FE7C4ADE1600669867F00DE021F593F8722F9C74E0595B02EC954F863A706E4DF8520CD854BC313DEC69AE6112EEA4370402DE7258F906C12CAA6ABFA4424E7850745BBFCEF8188CB087230926694DE883331934F8EA8F8681C7C3BAC797EA3EBD945CD3EDF5628700A614D065D81ED81DB00C3E84361E8BBFD3D06165A763C3B607BFD5347E390C424FD9811D0D77FA12606F106DD3C8CD2918D00783731FC69FC385CA8E1B0B4BC46F49FF1C4E0F67964D370E686F2F4D532F5E9DCB5DCA2DC6E58FC975F54AA63640E954E3249C47A4A3E5AA69377609B43E5A263EE506F33ED1564A3C0485D3C5F818C67B78CB6F4E85F82433910530E80BEE9729F1E5B6D8E39D3203D82BA030E9034498DD04CE3F159D570428195F8ED36000F681D0C412EC5C97F8055B52DC2BF0813C3B780A849CD3E50FCFC8E5268BB738733EECD65E12C4B8CE47C4961F1442075FA21B2307B1A838140A1B1C10C117D9858B8754B20A5BD262C2B2261EF1FB83356E3B9F148A7045F19A0172C200891691E3287C07B12F16E76390BCD4A709F4A4BFF15945ACC129211C0B63AB30702B21489275EE7A940F81D3F64030F5EF10DC37D573FC38C089F68907508E2A23412701C7D3177127414F30427F107C77087EB859D45BC8B3B524597005EE1CFE7390EB7F759B5592654C252D2F1820D150326CACFDDC3C4144D83F14622590B2FDCB19CD22B887908C37315FFC2678F13523AE215E0CF2619A17C560A49D314D6F97EDEADDCA435D1B50EFB398EA9F1859E19F4F4BA71B5E36605E0CD0E1E9381B8D211F41084A5070486F6A360AF72A43309A15FA61E6C113FF9F7E5AE3ADA096400CAF33FE83F54E13B3C078B37BF4D4E72496B186CACEA8ABFD32BB8401A85950CF5FA40C353EB4E0E7FCFC28DCAAF0560EC5344C5BA7DDDAEFC6D68381B77E3A5CD7EFCF9716770903C42E843098E2378005F7AE964FBABD8B01BA8B0689AC8A387471188207E20FCA237120D6DC3DB3B0E6A2B8EC3D24934097F1194A7C0F8BCAFB3E21DEC77D84BF467BF1677FC4B188FDB8194084F9691818FBA860EBC4BFDBB7B7FE54BD038A9333F153C05F02DC2AC593E387B111C62616E96F69744194180001101F666403208B41306304EB29159559947CFFE2F700E11B406205E6B095A86705D6EF953ECBBFC21ACA56C76F386BAB06CB5C11F23818006B7E691B46D787BA6406C09B728ADC752C094F26B469729A1C6F59373F079CFE5C1FFAF092B52A32046E6BAFA85B396C2BB9361BA76F7F054654257D94083FF4599A4FBF0277876DECD99D3525D66AD7CA3C809CEB8D42487A2CDC2744E708E9CA7A8F6C3905E79C014A6BC5AEC2320E977B8913C2FF906199C4EBC6C57407F3B09F9F0286AB769605E153445D4E15C7B1F04DE229F852E964679E8EC7C8E8857B0556A2FEFEF6DC512BF67DA2BC600057EEB73736EB616E0E95CBA4E97FF844FF62199E8D386EDE9A86721A52290BED30A076A56F144F4E053F151CC82B8B143CC15355032B59B30DC83D03582E173F0BF65A67ED81C95FA1580F9E8949BD3D6FA0359AA60DA74318D91C64B8842B8C0DDB42DE3040CE970098840F9607180A99376458B6E2B0BAF5C3E189BF60ADEFE55926671F077970043470DF78E2A49900C1F463252B670315581701723F0390942E3D7EE1531D3C259C74A225D5E63878197D841DC17149F373BE575484957625CD9362223C125CD67ABE8BA70B7B8AE5660B2DE70C80CD5F3FB9F11AF3AF946199C461C5DB8FBEED8BD9E6EF29A9752D510CE5D32CFB770333A9DF9E573B22B81CCA1F6C266C0FF6AACD5B9C82A12D35A7C19C3300A644A8809D4FD89792B7AE33934BECC49B454F3899DC0AD3EBBBD87F0F774189835CEE1A0063F6C557C05F1A39D5FB23919EE5254988E906B85825A35891C80019D615F19C33003A494619C7138832EFF5D981E91EA1E914DBADABD69BC61778E3C763CAF77005C39D819C4FD4BBE983C0880A51906F7FD3325F85E124ABC620EC0436282DD7ACBE0AAC0B00396700087CDFC9FD0C6B7412A8E30F297BC8A56CF3466319F6DA77E22DF6363173BE0837871D82FDFDF479D7F0D5FE80360653F30F72AD60A043F1D5D097C9C62FA7A51B8792CB6507C2BB4000577B907306800A154E1DD263F1DF4890A45192EC31D5DF185D6DACC0968AF4EA9ED329F6F65BE0A173F5A84A7D28FCE85B2572FA6E203ED90435AD8B095688A3A3DF1BFF2657B3A40D493551A88C86250A9350D73F396700E8D115A50C54B567921346B2E128BF4DEC4C3EF998EA6743B2FF0A6F2A69F87A27CB03E23E1160FA3EB89CEA2E373D03DD6002ADDF053044380D132814806170F19E47F526AF238554AE9EEA81CF7FCEC7DEADA5399F86BA15071FD9B285AE5473BE5DD0D93F04E3C9EFF05ACC22230B046538DE58B87D8C0D46F8D048B389533D700A8BF542A197B36F302BE3EE822B714BC9EBCE0435563F49FF1B2E74F25B1C163A5464C700631E150D990BA1BB1F9DB89AD69E9E6A18C56E1F63295B0628884C5BB4CB8239E742BA0514A37C9F6B8F31F5E2CDAE85F324EE05B01EA56B66C100981904CCC1EE461B6739FC3DEEE327D335B3A9103F91174CF0A026F8E589B8FD17ED1988738E6F944D23064CF711CA4C2534EDCB744BCB66BE9C3300351E377A5542005354A4E9760C65BD41972CE242A543D23D2F0726B80F47C6AE726B03E69BBE22225EC7F7822E704B4F062B9D1A23BE22A3F8FC7E4F4B66B2F2B29DD6250C40665FDCAC3106C2199435E93EBC0902DEC3CCAF1DDE302938842E5944BC9DB521795DF83E300EBA6A97A09CA88C89E5A0081F217A10C2E713A46F90D33DE3967A870F09A675D7F3B59E797298D0250C40FDAB1BCFFFD77760F01778EBC663CD5F9D4A9FF1A66F80C036137F6377D845EF0D57EF71741A2995BCA9E2E03CC3FD387A7E22EA70BD98124BC2AFD7878DF7E8CC406A658A4B143CC1E62AB02E02E45C08B4F7B3E5F68CDB7186EFEEA5FF8B8C802078343665FB03A71BDCAD83F00B5C07E6A0AF817CEA67E2F5F915FA4799BEE5F6FABDC274F41C57D494602BF01F4C29BBCB78904BF6C21980E7A06E7E2DE0D7AEA32DA58C43719C0A1E23A2EC17721A66BE8C4EF9C8E56512CFE9B9804C1ADA1579C9790587599FC75B7F64B2FAC1946FE26EC4BFFB026C910806BEB2C2466F1CF43C198C520DE1D5A9FAC671359CF1EBF3E204F71926593D99A4E5955B78261DC9655EF2E8C1B1B4A191D7CD4ACC4C55AA6B59BC35C420483B12176230164EB880B98B2378FBAB734DFC6463D6653240B246E5531A19731A2B8353E0247814144B1F65D236C830EFF886E8CA5D3F99949969DE0203A438820D95FA929EDBE98761BAC7A7639CA781532902C4FFD4E7D7C7C6AC83A964C8114E81013A30D0E4198C9DC7545CCFB2076E12BB0E026A6A1E44B8E504974B1F952F9EC0F62E77E92EC0DE90AD29FCEA757C0BDA7B1BAC91F78A35C6F0A8A58DC4AE652460F86E615C9D8C596223E275505EFFB56162F03F88BB0B055DDCF1020364408016D7F3D92882FE629FB03337B3ED61760ED1DDBE89A2794522947FBF600032873AF5EC906603F9D7D4FC6F51CBE191D496851C77C79DA6DCC25226BE95DB12E62629630ACF3634026E3425DA4308C41937F911B8EDABF06C5B23E04A53BE12FE10EA77F0A0D4B814AA503A8D5B78B68111205A124D95AE80F6B0A2C2B8A23C505F0AF17CE9D4B0728C4B412D00F27A046234042D1595345A4DB48F79C0C013E75910FC64B5271010397B01488B7067DF67D8C740602C3CF93E02A09706D7F89F825E47C3A0E57E029AF3E7E038734A7C1BE8D3C7B3A8590E26D8C1D939EC0E043B19059D0CAB56E1D94A4600F44AFED05D0744733C314D60EC364EA18D850D9CCC1985675B1E01A231689DB881B555154C5FDAF669DA4858ABD66DCBFDFF31F78D684B34B67F55BD950168601654041A741E3C00880FC078E13CCFF6631EB9ADBCEF444BA229D196686CEF4E4C08B4031261FA206128143E0127794AB185E8874276843CE0899FC857F8CD83118086073483F7355F0D479586A2A2C02CD82F14855F1EB4B4D084C2081446A030028511288C4061040A23501881AE1881BC92EAE9C4CDFAA839BA2B0622D775E2F0EA6A6CC93AED72AC54FB93571E419BA2663FDCC3EF629C4AB53B5B0F5E94E333344CBD3135D73D702882725D79A1BEAE1F810203743D0DBAB4050506E8D2E1EFFACAF34A06D02C1D9F7031FFDBF5C39293167C9A935A0A951446A030028511F01C81FF075BEA28D96C828F0E0000000049454E44AE426082),(26,'image/png','img',0x89504E470D0A1A0A0000000D4948445200000080000000800806000000C33E61CB000000017352474200AECE1CE90000162E494441547801ED5D0B9854C5953E75BBFBDE0104041511E5617C65A351D7352AECCC380848D08846B3BEE2E7F34B8C9AB89BAC2830838E3003A2F962D6FDDCC8EAFA48D61893DD44E30659C2639819111F31599575033E90CD8A80C16110A6EFEDEE5BFB57CFF4706FD5EDEEDB33B7A7BB676E7D0C7DEBD4A9D739A7AA4E9D7A31CAE26A9A133338A5BECA6C564B8C2670CE0FCB821A82CB90028CB13F13A78FB8C65B19457ED5561F5BEB554C2603CF5D9A986AA7EC0739F1B3E5B0D05FB91460C45ED122DA77372C8CBDECAC854B006A9658B710F187C0FCA81329FC1E1C1480102489D8ED6D8BF41F656AD42B00D54DD6ADC4ED873301E1EFE0A50023EDD68C10A405A0A7DB6F0D5BFEE065BAB366A227C070502B86837457DF33E67B74FB6C8FC6E841C6B4579816DD1A65643B130ABFCB9302494E1AB79327706E9F6D73FA2E86F5B1CE928A862E780ED8392CADEDDBA9354E04F1CD18B51233AE6CAB673BE4B0D05F3914A869E64771DB7C1625AE914BCDB4C84C8DF1D4A57200D8BF2764BE4A954A848806CC34E38A344FA50A8869BEC63953244374FB61CB97A855C15EC14BC153B90AC2C6A371A2A3E5009B6B9B6458E8AF6C0A083D4EA9010C7C9AAC2008A46834FAAE821C022A9A024289972B20ACBB1000D585DABE4A934A8764E3A9A700547A65C3F2FBA7402800FE69352831430118946CF55F290FEB9FFFC8E58039F33E3EDAB453D3B99D3A9B713A92333A44940BDF16AC59BBB194BD39A2C5D6B42C60DBCAA1BCE556868A1580BFF9398F7CBCC5BA2B9EB4E613E723056131A5EDF92FF30D08FE25B9C56B9ACC9F11D3FF3EB46F08221D74153904CC5DCE47EED862BE88694C7386F907ABE4F1056B1770AFE2DC7CADAED93ADD0363C8822A4E001A39D7F624ACA7D1B26715CC354E47A7B8BDF2BC26AE18BF0A4E6B9044A8380158BB3471235AFD457DA53FE774944556EF8688BEA63358E2559400343662871BB71B3D89CF688D46DAB7B5085D2CFE8869D792462BBA77C148312040E72EB3BE244187A4B7A294C035BA793CA5D4B50BD258637BBD71AF07077F52D7643D99226A810E6038C35349C20A19BDE6840DC5EF8AEA0150D8E35526B1CD3317EA4B547837A4A541DF846EFF877238233E4D860D457F4509007176A8CC24866DCF8D8CE5D9A9A4B5C8F1302F9820C386A2BFB20480D071CBCE66691B800C76F999ADE04037305D3843D453510260DBDA1E994F68C9B3EA1EE44ACFE0C48355F072A7BFFB9BFFAF0A1B7A908A1200A6A5362B2C82F937B9DFFAE98CA5EAC9256133A86936176013E4D79478C456ABB0A107A9A859405BFD881D354BCC57C0D0B35DACE27C8E99B2B620AC1D8B00DBBBC3D8E8B5CDE65428808AE28863532623FD19571A43D4535102207884FDECF352B6BD01C6A0DE432DDDBCE36361F69FDBBD202020E99581EE20F5FF7F686D60E11000BA54D41020F888C30C6D58E15BA4F2D4278451FBF813F5BEC7F7994DA5A0559C0008C2C2E8D3AC31B6008BBE79A67F6E3640F35F39729471E12F2E67963B64E8FA2A520004BB5A1B8CFB28C2A6A13768C9C73E1C72D986CEEEC6190DFA452FDECE3AF3E10FA5F08AD3019CCC695FA88BADCED36B9BF844A2C47918F72742E91B2570A021609ECF76A082AFAEAF8FFD0E8A1F6F0F3B7E27F9D2DF152D0099DAF428744F65FCF22F6B9021A13F4381011380390F71A32B45C38675514C64DEA5EFE3A352234DE3583A803139952950F83BB01428AA007C73058FBDB32BF12DCCDB6FDAB7D73C4D546D5FA67E5D3AED11BDF41FD981EA25E6AA2863CBB070F37A2638FC1D180A144D09AC5D6EFEC57FEFB2DEE2643F841139CD7CEF2AF1E108BF3449FCD59AE6F84375EBFB773B89D83320F60B62F957B21378E73ED4A145E901607E3DD5B6A80D8C4D2B64BE889CDEB747DF49BD644D8209F7D2FC2B7CDDA982D9FACEAD896BB8CD2F03CB6BD6707324FD1167A19B59021B41DFC22CE13922FDB17033A8371702EF01C4864DB4BE5F17C47C47D910F7E2B5CDD63D0E50D6CF739BE373B039F41DDBB6FF05C3CC05B00E1E5CF5E33C86B4CE80602C266E6D85502E126B0359131BA2018113041B36EF841576B2373DD9011863DEC1F46C737A6E8EA999371EDD85FDFE93B284A5C1B54DF13B5236FB0FE4F5B95C78220C82304208C2DA26EB85F31FE023F2E10FA5F04005408CBF60C8AD3201D377D63176F95127E9A3DA16195F685F649CD2D65075ACA1E947E0F0C6E3323E18669849EB66199EF1D7345BD7E3EA9307C0DA82CA2F7A890371EBC7483FD40F7A8819A80EB06E24F6EB1D70DF4723F241CF7B65FBA298720DCDDA85B8CC90E8268CD587812917F79429F3F3157CD4673C99DFEA65FC7394B21EC9F80BFFE597D63625BE857881EC0CE62BC9C05CE61816A1617A14939CF3683B7AB76C3D5BE1C52D728C825A50BEB2441289B10A0E636F7B31DF85A769CAED155ECBB8220E4B5ACDA28770C5EFF66C4FEF048E1AC71911E3708D22B3A100FED6030FDCB11BEB1EE6E923645EE1F9607C33E95D2FD24DF195B41ECCEF4059DFB593F4563C4EDBCC17A913F0E7CD957409E065DFD304DA0324EC6495C702E307F9081AB3A3DB2C6CF7753B3E5C68F8CE859B8B56F0E11DBB2C65730786988D878CD2E748767EB1E163357A1721300BDD69D338BBC39A0BD84F25785E6FD72A9A1EDF464F027192573307D38560CD45D8DCF88BB4C9FC0D7DD3B890DECA9B70891002ED01A23CB25FAD073F35DF989BD4BA8D44CEB860EA5E27F34558C7EEC42918C75D420BA5321E89E8D749CCEF4D0A4BBF770347D9FE0D468921A6208796FD6DD82CC550965341ED4D94D339D0365E46BCF37B6165F611A8004428B15BA91F6604B88A0E57D07A3BD1CAED145B2C874268DE94611AD947CA30EC00DA8893BFEF2AF01E80303363E7F0D3723804E0441996CB8FAEFD2A84E31ADDC2F650209F1118735EB056D159B9D22F5598AB35F5B7106BEB0FD959D314FF00953ED69516E7FF58D3641D0745E95F478C88BD17EB22BE3F49C32D32CFDCB1C56A829AA85A0AD3061C572A64333E5A2CF3B99DF607B75FF57116018E34C4303E5EC5F486F0D534C14CD00A305FCE3C1D01C01442706AC93B1CF174DBA667F97AFA229B4E9F79E7521A68A03D40BA0A5C5BA656257DA4EB7B76D27E036B027BF75866A7699B1F739B308FE7A7CBF8D0A2778F8D198F2A701E89C830C4F71876DC58115BC501D3743756769F95A42630F1A091A90715E5143DCF8D06A3B1C61C8A56311A87EBD8E603F6899C1A84638A19A7AC3DA18C3F50FEC00560FC49B1C74198D6FE54000DE96F7F7D17EB5D37EA4F5AFD8DCBDB0996CDF431325752A8E31B988A4C1B76213DC12EA04EF86DFCEE362EA0E52C4662A38A321C229DBFCBD64BB8121F404FE00220C6DC48957199B0F6F5A51E4C6377B73718CFF4256E31E258FB68265A3F16AC0E3A301BC711E87AC1F083D0835F55E7D356A6D1B507213D5F9C26582BE914055E4240E00220EAD27207FB64ACAE4F8526EF9B91E8923FD134F6F5B67A634909E9A166CDE90B2A90D6E59BDA19B369357A813FC971A1C254CBB052FA8B2200A242A20B6F6B30AE8E44B5B3D2C7B4B12F0F02E1D2C4E0DF8FBF8D1837E71D32DA38AEB5DE28785E5E6CE2A1F52B330F08EBF67CF9A6870446AB143C4E9F57602504043A0BF0AAC78605BA98838B3F126B051B47EC1C26686AEDA7544B238B7BC52933D801B93C100A18007DB92D0A16A3131458090145170067DD1A1BD3DBB8F36AEDCE3865F0AD68F498D74FF1532EE8095B212CB21B7A0220F6031EE8889F656BECAF30E73F020AE2704CDFF6E0BEFA0FA3B6FDD2BA4555EFC9542A173FBAFB771526FA6DC51A6D95CD0FA8D714D803A2B00724CBA18E45ED0104E33FDB67DEBEAFD35A8065DF31DD6B642069DA41958675449CD080BD7E23EC28F35A1B621B7B02CBE7C79B8993FD30511F45EF9B1D1075878108DF5118958E4505B79643258BA604CE5ACE277CB6D76A83B1E77E90604CAECA8242D36C6EB78993BCB9F04A11A61BF49E98F639F37630D10956BE716CA50B119599007A85B219068A220075DFE787C713663B166EBEA450252B00D6429B2F15AB7759514A1080AE3A0E86AB07497D3211FD9D574B3FBE0455F1CCB22802908A9BCF8268A29B2BD8A1375858BBD4BCB4E088458C801E4065A2EDB3154311548AC67DC65522060F085C00D0822F03F3CFF32A6A7ACE4FAC191B376E03511FC59FA725CDB6F90F84FEE095464960D8F0A1E4ABF964A297F090CFB84AA6C10302570231E689C510C9310B56BE5B5AEB75D7FE3F0C150B535DD613182ADC6BF35842DEDF99B812893C2525541AAF60A24B0B4031FCB6E2FEC41D80DA06DA03A0D58E82C277A65C6EB4F47B65E60B1C61323E749C7E05C2951686A1E012399D92F9BD5AB1C7CD235EE5832D40A91BF026F3D7BB8FC879C5194858A00210DF6B1EA5169E756257CE7215DE0D79E16676009B46972AE14CBA0646411838008B7A8CE33E998835E7F7A008DACED2A23389983BA94F3A92339D20BE0315008A6A87288562FC0DB142A8C01D80588CBFEAF0F67CB271E288970A1F78889EA0F73D99B83BFF9904AC189A60B83A8B8894871E10A800D89C41E025C7D9471244F126B8AEE0600888981FB8976195880304104CC4CADE76253B9F3301088F3A13F01957C9336040A0021070D9CA2B39AFB1BC3F3301BF4A6491A9100A805F027B2982B67A059D67725EC2E3773DC133C1E080A100F8A5A59700F865A2575C9FB308BFC5EB2B5E28007E29677B8CE33E0D3AD80DADEA0062168113467EB32F165E28007E292B560565C7713AC80713F5633C67119AF5A7FCB30839CBA0FDA100F8A4A831893E8036EF9ACE627AA7591FD171F9926027A757BD3F94F1B8CF0525395E90FE50007C52B38789DB65749EF0A9087AEB01255F160E0540E6682E7F7F9858A63381500072315C0EF312800A9F09840220333997BF1F33016C8D579448E810E110908BDE6517165157F6B0F7C11F1353AA0040A99C286E1829653DC31EA010EA7B33F1186C10C5C518B99D71A4F72CC2D46862EE98C50D0D05A000FA6663A2D5957F3ECFCEA40416949483309AD6FDDA7901C5081435148002C8D9C3C46D4A14466728300980A102B797E2B2883273A10014CE90DFCB51B0F55D6C5FCBE9CC55345B46C04E28DC66A9EA06325E31FDA100144EDD0D4A1446B3C5E5510ABC0720B67F4148EE51C2396D66B3A9A447E5420150B8921B6068F4EF68B9AEC3A1E8DAA338F5F81C6E05535A39B4FC51E62EFA0D5255EE08423A3FC99D5BF14303DF155CFC22973607F665DA815BBF9E4029C46593BD0E42800DB1B4AA6B25BD0CE07AB4ACBDB8CDF48B9014715FA0C75639FAB3AED163BD0994E82314803E10DE18460BE207680EA24E56A2739A0AD8D4CC2E5030DFDB31BA03C2A4BC84EA8D5C3C683804F481B6382ED61189D26530E47CDA87E838274BDF1F36879EEC4BDCA0E38402D0478AEAB3E977D82E5E0B21F8C06F12C04D61DEBF08378ADDE9374EB1F14201E80785710FD0DBC6183A19069EA5606E47AEA410BE0657E15483F94D62FA970B7720C3421DA09FD41647C091443DCCC14B6011FC0A382B4E469D08168B4BE9F781F1AFB318AD3566D13BFDCCAA28D143010888ACE2183992FAB79EBF80522D7E32E110507C1A97750EA10094357B8A5FB850008A4FE3B2CE211480B2664FF10B172A8101D018CFC7CC80D62F6C02A722B99C3B7C304BF814786F6066B0B21C6606810A009E0CB35D1BE7410D54D675D1B217BDF594783B40759DE3B089C2E17043734A9E41E306B6BCE9DB1E3830D1BAD27664E3FB93AFA1C34C8B1EC14A5FFA191BBF937BE05D8DDC97E1118AC5FA976143C04DE3BE330D18315001C0916E756993A9EF01C875B034F32FDD472E84E0B08E961BDC57C9329B77CA4466CC56DE1B90D3B729A5E0E0BEA28F65BC42FD60FE3310A45985C613F88887872D09AF26A757161FE84B1A41C4095407884593CAE2062A39A5AE29519DABB0CC66D778842BBB687197E04E190F3DC0B4F4537272408FBF11D78F30CEAE568239A9F7F82A48D9010756D2D7FACA7C57AA10020C21535CB001F4042A00ABEF1CBE034D5761528A524FE0C5CE715EF5AA6DB2AE43CF718512C6F09A88E4860F1BF6367A86A40BCCF9304A994F657B064E3C430BA3DCD9AE38F0A0DB55D2977172F941B8F37285FB0D8310191800A6FBC50F1A2FD02100DD2AAF59623E0E822F701614953CBE2B6E6EAE6EB6EAA35A6C1D1E58DC113793A7E1FDBE6FA0555FEFC4EDFE66165E02FBB10C5F3D8FEDC753F3BF04FC725718A7EAD4A7E69BB8697421E3FA4B48BF33914A9E91E2F63C089758B67539307FB736467FDE052CD0833A9DAC4461F4142E85DAA4C01D000C6137C0EBDA1C023D4919A21C518AFA19A80088921A317DB99930BF818A1EEE2C79DA6FDB2B92B64949771B76A2A5BF2148FF8497C0B629010044A37A7D32695D8251D475B41A0C391603EB331C436A3CAF7AA72D6EB98D7DE695BE5F18846827F2743930F25A00BC8633279E72EF11D252AEC8714628E677A0438028E89AF96CAFA645AE0613E50981BF7A30F6FAF8E1B185D990C513717856E6B66CE1F9E028D7F3ADF5B187F3E1E50B07EFFF20E34020D00160F76F8E3F398EF0630AF09A177C2060810B8028F486FAD86FD11AAE03B15D7BE7F25508E3FBEF19D3E7FEE27B4CACB065756DF5FA631A63E20672A90D668D920E404BFBCFC818FD1A94ABA0785EA9E224C8A3D077C4DBC7FD7228D3BAAA39B4BE5F89F4237251044094A7B5C1783A42AC0E4CCDFB6CAAE82D408847706964755B3DDBE1A73E48FFBE08E1C169461FE6C567AC0B792C1E7FA271617FBBFE4C5EE2C12808F90D28B73AF5CD20E5F945FCF70D836E441AFD16C83C59650D2E9A00881C5B1AF44D331AF4D3D1655F85D6FA2BE8DE9DBD25412B84706C654CFB414423F19CFC2DE2D2C8DE701F1F1B1AAA5E1839CA388934ED6610118F341DEC39BA858ABD893C96E8A49F80F78BEEC9775FA18F2C5D285517D00B009C86BC9F83202A536017B2C303FC6DF8FBA111A553D90C1F02EC881BF427AB5E1257A4AF2A664CC658BE3DE8CC447AE23A59B393461E7F04EDFAE79B595E75ADD032C02630065BB4ABC69F40BB826678BEB2F0B574346E85CC690A3692D4518ACDA033EFE3937085BFD25B063E0BC847A49E479E3BD7E543EC6378FB02D6A78D9A7DCCCE150DADF9FF5C800AF0147508A880FA0F9922DA490C521E0ECA34DB2BC3137672B20C0BFD954D8194969C24D740F05E8302A068DD364F9D292387FECAA680274F397D84155C526FEAE6747B36DB7A65936168963ECD4BF054AE3D1AFF6B5A444C6124078BD694D41EEBD1BA2738EC1DA1AB640A081E0A5E0A9ECAF510BC6775EB7934F592B5198B2627CA089857FF0F60776BA46F6A6D60EA9DF74A8410502E14A86DE213F12AE33928CF62AC917C5E2E17C6FF2D91BFD64F4E6B8678E8E9620880D213B823310BC8305B87AEDC2980AE1DB33BF762995C6608C025308E3DDF3B35C032EEFD58C69D272386FEC1470158471F685B64DC296AD66B0780C976BEC6B487065F75C31A392920782C789D81F5F60019406D93F9759BF3FBE19F908185BF8382021FC1E873A758A473D64611001178D10A3EFCD3DD89EBB159152F78B26AE80739EDDBCE04C3EFF2A100C6792CC7733CE1ABFD72CC11B127BD16DB3C05C05905309F4DBFB763B41D3D74A41E8DE7C577C60DBF4B43012B59C5B564C7BE96C6311DA52941986B488190022105420A540005CA624CAF59627D876BB6BACDBA0208D8D722C622DA8FD6CFD7FFABAFF1838A37E01B423C0BCEEC0B61639CED1936488149C657A16A2517805E43D020A57358AD3C140805200F81067B702800839DC379EA57263A80F633C6F91B79CA3AD882FB753A79B01123AC4F8928F0FF39BF360896F2BA910000000049454E44AE426082),(72,'image/png','file',0x89504E470D0A1A0A0000000D494844520000009800000098080600000018C2202100000C48694343504943432050726F66696C65000048899557075C53D71A3F776492B002119011F612654F1921AC08023205172109248C18128288DB52AA60DD22022E9C88C5562B2075A2D65914B775BC2845A5528B03172AEF6440ADFDBDF77EEFE3776EFEF73BDFF7FF06E7DC7B0F007AF53CA9B400D507A050522C4B8A0E674DCEC86491BA0102A8F0CF1658F2F872293B31310E4019FEFDBBBCBE01ADA15C755371FD73FEBF8A814028E7038024429C2D90F30B21FE1100BC9C2F95150340F4877ADB59C552159E0AB1910C2608B154857335B85C85B335B8466D9392C481782F00641A8F27CB0540B70DEA5925FC5CC8A37B0B627789402C01408F0C71085FC413401C03F198C2C2992A0CED8053F6673CB97FE3CC1EE1E4F17247B0A616B59023C47269016FF6FFD98EFF2D85058AE1180E70D044B2982455CDB06FB7F267C6AA300DE23E49767C02C48610BF150BD4F610A35491222655638F9AF3E51CD833C084D85DC08B8885D81CE22849417C9C569F9D238EE2420C57085A2A2EE6A6687D9708E591C95ACE7AD9CCA484619C23E3B0B5BECD3C993AAECAFE94223F95ADE5BF25127287F95F958952D2353963D412715A3CC4BA1033E5F9C9B11A1BCCAE4CC4891FB691299254F9DB411C289444876BF8B1E939B2A824ADBDAC503E5C2FB64424E6C66B716DB1282546CBB397CF53E76F02719B50C24E1DE611CA27C70DD7221046446A6AC72E0B25A9DA7A31A5B4383C49EBFB425A90A8B5C7A9C2826895DE0662737949B2D6170F29860B52C38FC74B8B13533479E2D979BC09899A7CF0521007382002B080028E6C3013E40171675F6B1FBCD3CC44011E90815C20046E5ACDB047BA7A4602AFC9A00CFC019110C847FCC2D5B3425002F51F47B49AAB1BC851CF96A83DF2C123880B412C2880F70AB59764245A1AF80D6AC4FF88CE87B916C0A19AFBA78E0D35715A8D629897A5376C498C2446106388514467DC0C0FC183F038780D83C313F7C70386B3FDCB9EF088D0457848B84E50126ECF102F967D510F0B4C044A18214A5B73F6E735E30E90D5070FC783213FE4C699B81970C3BD6124361E0A63FB402D479BB9AAFA2FB9FF56C3675DD7DA51DC29286514258CE2F4A5A7AE8BAECF088BAAA79F7748936BF6485F3923335FC6E77CD66901FC8DFDD2125B821DC0CE6027B073D861AC15B0B063581B76113BA2C223ABE837F52A1A8E96A4CE271FF288FF118FA78DA9EAA4DCBDC9BDD7FD8366AE5858AA7A3E02CE4CE96C99385754CC62C327BF90C595F0C78E6179BA7B0400A07A8F681E532F99EAF703C23CFF972E5F09806F17DC6382BF748222000EC1BD6FE0F597CEA1026E21B89F8E55F315B2128D0E575D08F0EDA407779429B0846F2927588F27F00541200C4482092001A4800C301D765904D7B30CCC0273C1225001AAC04AB00ED482CD601BD80DBE03FB412B380C4E809FC10570195C0777E0EAE9014F413F780D0611042121748481982256883DE28A7822FE48081289C4214948069285E422124481CC45BE42AA90D5482DB21569447E400E212790734817721B7980F4222F90F72886D25023D4027540C7A1FE281B8D4553D069682E5A8496A1E5E872B4066D40F7A22DE809F4027A1D55A24FD1010C603A1813B3C6DC307F8C83256099580E26C3E663955835D6803563EDF0FF7C1553627DD83B9C88337016EE0657700C9E8AF3F1227C3EBE0CAFC577E32DF829FC2AFE00EFC73F11E80473822B2190C0254C26E41266112A08D5849D848384D37037F5105E13894426D191E807776306318F3887B88CB891B88F789CD845EC260E90482453922B29989440E2918A4915A40DA4BDA463A42BA41ED25BB20ED98AEC498E22679225E4C5E46AF21EF251F215F263F220459F624F09A424500494D9941594ED9476CA254A0F65906A4075A4065353A879D445D41A6A33F534F52EF5A58E8E8E8D4E80CE241DB1CE429D1A9DEF75CEEA3CD0794733A4B9D038B4A934056D396D17ED38ED36ED259D4E77A087D133E9C5F4E5F446FA49FA7DFA5B5D86EE585DAEAE4077816E9D6E8BEE15DD677A143D7B3DB6DE74BD32BD6ABD037A97F4FAF429FA0EFA1C7D9EFE7CFD3AFD43FA37F5070C18061E0609068506CB0CF6189C337862483274308C341418961B6E333C69D8CDC018B60C0E83CFF88AB19D719AD16344347234E21AE51955197D67D469D46F6C68EC6D9C665C6A5C677CC458C9C4980E4C2EB380B982B99F7983F97E94C528F628E1A8A5A39A475D19F5C664B4499889D0A4D2649FC97593F7A62CD348D37CD355A6ADA6F7CC703317B34966B3CC36999D36EB1B6D343A68347F74E5E8FDA37F3547CD5DCC93CCE7986F33BF683E606169116D21B5D86071D2A2CF926919669967B9D6F2A865AF15C32AC44A6CB5D6EA98D5EF2C63169B55C0AA619D62F55B9B5BC7582BACB75A775A0FDA38DAA4DA2CB6D96773CF966AEB6F9B63BBD6B6C3B6DFCECA6EA2DD5CBB26BB5FED29F6FEF622FBF5F667ECDF38383AA43B7CE3D0EAF0C4D1C491EB58E6D8E478D789EE14EA54E4D4E074CD99E8ECEF9CEFBCD1F9B20BEAE2E32272A973B9E48ABAFABA8A5D37BA768D218C09182319D330E6A61BCD8DED56E2D6E4F6602C736CDCD8C5635BC73E1B67372E73DCAA7167C67D72F7712F70DFEE7EC7C3D06382C7628F768F179E2E9E7CCF3ACF6B5E74AF28AF055E6D5ECFBD5DBD85DE9BBC6FF9307C26FA7CE3D3E1F3D1D7CF57E6DBECDBEB67E797E557EF77D3DFC83FD17F99FFD900424078C08280C301EF027D038B03F707FE19E416941FB427E8C978C7F1C2F1DBC77707DB04F382B7062B43582159215B4294A1D6A1BCD086D08761B66182B09D618FD9CEEC3CF65EF6B370F77059F8C1F0379C40CE3CCEF1082C223AA232A233D2303235B236F27E944D546E5453547FB44FF49CE8E3318498D898553137B9165C3EB791DB3FC16FC2BC09A76269B1C9B1B5B10FE35CE26471ED13D1891326AE997837DE3E5E12DF9A0012B8096B12EE253A261625FE348938297152DDA447491E497393CE2433926724EF497E9D129EB222E54EAA53AA22B5234D2F6D6A5A63DA9BF488F4D5E9CAC9E326CF9B7C21C32C439CD19649CA4CCBDC9939302572CABA293D537DA6564CBD31CD715AE9B473D3CDA6174C3F32436F066FC6812C42567AD69EAC0FBC045E036F209B9B5D9FDDCFE7F0D7F39F0AC2046B05BDC260E16AE1E39CE09CD5394F728373D7E4F68A4245D5A23E31475C2B7E9E1793B739EF4D7E42FEAEFCA182F4827D85E4C2ACC243124349BEE4D44CCB99A533BBA4AED20AA9B228B0685D51BF2C56B6538EC8A7C9DB8A8DE007FB458593E26BC583929092BA92B7B3D2661D28352895945E9CED327BE9ECC76551653BE6E073F8733AE65ACF5D34F7C13CF6BCADF391F9D9F33B16D82E285FD0B3307AE1EE45D445F98B7E59ECBE78F5E2575FA57FD55E6E51BEB0BCFBEBE8AF9B2A742B641537BF09FA66F3127C897849E752AFA51B967EAA14549EAF72AFAAAEFAB08CBFECFCB71EDFD67C3BB43C6779E70ADF159B5612574A56DE5815BA6AF76A83D565ABBBD74C5CD3B296B5B672EDAB7533D69DABF6AEDEBC9EBA5EB15E591357D3B6C16EC3CA0D1F6A45B5D7EBC2EBF6D59BD72FAD7FB351B0F1CAA6B04DCD9B2D36576D7EBF45BCE5D6D6E8AD2D0D0E0DD5DB88DB4AB63DDA9EB6FDCC0EFF1D8D3BCD7656EDFCB84BB24BB93B69F7A946BFC6C63DE67B5634A14D8AA6DEBD53F75EFE2EE2BBB666B7E6ADFB98FBAABE07DF2BBEFFFD87AC1F6EEC8FDDDF71C0FF40F38FF63FD61F641CAC6C415A66B7F4B78A5A956D196D5D87261CEA680F6A3FF8D3D89F761DB63E5C77C4F8C88AA3D4A3E547878E951D1B382E3DDE7722F74477C78C8E3B27279FBC766AD2A9CED3B1A7CFFE1CF5F3C933EC33C7CE069F3D7C2EF0DCA1F3FEE75B2FF85E68B9E873F1E02F3EBF1CECF4ED6CB9E477A9ED72C0E5F6AEF15D47AF845E397135E2EACFD7B8D72E5C8FBFDE7523F5C6AD9B536F2A6F096E3DB95D70FBF9AF25BF0EDE59789770B7F29EFEBDEAFBE6F71BFEE5FCAF7D4A5FE59107110F2E3E4C7E78A79BDFFDF437F96F1F7ACA1FD11F553FB67ADCF8C4F3C9E1DEA8DECBBF4FF9BDE7A9F4E9605FC51F067FD43F737AF6E39F617F5EEC9FDCDFF35CF67CE8C5B297A62F77BDF27ED531903870FF75E1EBC137956F4DDFEE7EE7FFEECCFBF4F78F07677D207DA8F9E8FCB1FD53ECA7BB43854343529E8CA7FE14C0E04073720078B10B007A06008CCB0050A768CE796A413467533502FF096BCE826AF10560C7420054C78184E3006C82C301DEEB8501A0FA544F0903A897D7C8D08A3CC7CB53C34583271EC2DBA1A197160090DA01F8281B1A1ADC3834F4713B4CF63600C78B34E74B9510E1D9604B800A5DF736025FCABF01C3A17B33AF6C79AA0000000970485973000016250000162501495224F00000019D69545874584D4C3A636F6D2E61646F62652E786D7000000000003C783A786D706D65746120786D6C6E733A783D2261646F62653A6E733A6D6574612F2220783A786D70746B3D22584D5020436F726520352E342E30223E0A2020203C7264663A52444620786D6C6E733A7264663D22687474703A2F2F7777772E77332E6F72672F313939392F30322F32322D7264662D73796E7461782D6E7323223E0A2020202020203C7264663A4465736372697074696F6E207264663A61626F75743D22220A202020202020202020202020786D6C6E733A657869663D22687474703A2F2F6E732E61646F62652E636F6D2F657869662F312E302F223E0A2020202020202020203C657869663A506978656C5844696D656E73696F6E3E3135323C2F657869663A506978656C5844696D656E73696F6E3E0A2020202020202020203C657869663A506978656C5944696D656E73696F6E3E3135323C2F657869663A506978656C5944696D656E73696F6E3E0A2020202020203C2F7264663A4465736372697074696F6E3E0A2020203C2F7264663A5244463E0A3C2F783A786D706D6574613E0A599EF9470000001C69444F5400000002000000000000004C000000280000004C0000004C0000072AC20CA0FA000006F6494441547801EC9C7F4C55551CC0BF0F4451537E48CB018516361DA69331538C2447D3B65ACBF583D60F6BFDD31FCD452CD3CA81FE656EC58A56A3CD6CFD32EB8F666ECD9A45A4563691210A562AA89989FC7A848A22D0B98F7B1EE75DCE39EF3C380738F0BD733BEFDEFBBDDFF33D9FF3F1BEFBEEBB3C5F2F590017246088800F05334416D30608A06028825102289851BC981C0543078C1240C18CE2C5E48316ECBCFF2AFC76A61DEA5BAE80BFB31B498E410271B1D19096301916244F853949530635C288056BBE7C1D9EFDA20E1AFC9D9016170BB31363219E1482CBD823D0464E1CA75B3BA1E35A37B45FED86C29C54C85F745344038D48B086964EC87EAF0ADE7D301D56DF7163441D61B0DD040ED4FBE19BDA2668BAD405DB1E9DAB3C1865C12AFFFE0F566DAF818B1BB3959363E0D82350F6EB39D85271162AD76641E294096107A824582B795BCC79FF301C2D5C1C92B0B1A30BF61C6F8693CD5742B6E3CAD8209096100BB9B7C5C3ACC4C910E5EB1F53ED854B90F14E2534BDBA14664C8DE9DFC179A52498AFB01CAE6DCD8598E8FE5E969456C1C186B6BE943DF86D1387ADFD9B1CABA2C8BFD818D84E2E8B9ECE9A193226DFFA9FC05F9C03D325D7E061052BF9F92C9C2267A8D2876E0F26F7BDB60FE07257701D5F8C030213A3E191F949F0E55319C1C17E55DD089F5735C2D7CFCC0F6EF3BE082BD8F4E2035057900529719302C766BD5D09950D7E6F1E5C1F0F04C8192D3F7326EC78625E70B47965D550B83C15EE9B3B23B88D7D2115ECD3C31760F7B126D8E95AFBFD1F2DB0F2C31A00F2B11597714A60421414E7A541D1CAD90100E7C8FDD0792587A0BD7819178854B0C73FAB8575B9B7C0A2941B0207DFFB4135ECAD6BE626C28DE38800B934EB797305F8DC4BF2B72ACE900F013E78F1EE9B0740900A16F5FA3E68DCB00492C82705E73A3E7A430500B9E186CB382740C45AB338193ECAEFBB1FB6BFBE0D5EDA7D0A7E5F9B39008C50B00E22D2B4A2FDD0BB6579E0A023E73B6021B9FE42C106301CF60D4BC9AD83BCF4F8907E7F38E9875F4EB4866CA32B6CBC2C8EC62BB513A3A0F78DDC60A86F7D05B46FBA0BA64D0AFD5647289823D4C39F1C833FD7DD1948D277FD75845C7FF50493E28B9121B071E52CD8BCEAD690CE8BBEAB87CD7BEA43B6D115365E1647E3955A72CBEA2211CA79777396FBB7D5908BFD14B8273D31E470A160BB8E3641D9C17FE0DBE716040EF8F8D0BFB066E77180EB285808C111586185A1DDCBC461E36571EC998EE6159EF1C8C57EF9F30BC98DD88440E863E464F44046123C9919FA5DA55030EFFDAFADE5A7E115F23E0BF8083F653F622D2B0C2D42260E1BAF1A17362FB96551BA7A0EBCB02C35105AB0EB2F4826B7B25E261F0AD94528985388F3F720F4542C2B8C4D88AFCD136085A1BDC9E6878D578D1B4C5ED6177A3C0A464958D4B2C2D0B255C5518D1B4C5E148C52B3BC45C12C9FC0D15E7E767AC280DB147B4FB4096F53B0F1AA7194812C9E15DD3933E2198C52C3560B01144C0B464C2222808289C8E0762D0450302D18318988000A262283DBB51040C1B460C42422022898880C6ED7420005D38211938808A0602232B85D0B01144C0B464C2222306C82F19E23121585DBED22207C1E8C0C63D804633BB20B1F561B8E80EAD31746BF8B44C1C24D93BDFB51307BE7CE8ACA51302BA6C9DE2251307BE7CE8ACA51302BA6C9DE2251307BE7CE8ACA51302BA6C9DE2251307BE7CE8ACA51302BA6C9DE2251307BE7CE8ACA51302BA6C9DE2251307BE7CE8ACA51302BA6C9DE2251300D73E74034B16C727FC7D444EEE1CA89820D91B4AFE0C72166901FDE5BB2421E30CAF7A260439820D372D1D26C960C05A3B318612B031761AAB0E1363F2F27E3C48ECB8933F6E3276C4761698F92001938DD25DAC88732907162C7858251626ECB03A7E36F0B78CFB0B313E12963D4AFF238D1A2D971A160948ADBF2C0B1C03CE1CAABA6F22A17A03990371EDA05CB0B05A354DC96078E05E609575E359557B900CD81BCF1D02E585E2818A5E2B63C702C304FB8F2AAA9BCCA05680EE48D8776C1F242C12815B7E581638179C295574DE5552E4073206F3CB40B96170A46A9B82D0F1C0BCC13AEBC6A2AAF72019A0379E3A15DB0BC50304AC56D79E058609E70E5555379950BD01CC81B0FED82E58582512A6ECB03C702F3842BAF9ACAAB5C80E640DE7868172C2F148C52715B1E381698275C79D5545EE5023407F2C643BB6079592D9853BCEE85F7FBEFECEFC90FB63F537979F50CC7D31A635E30D90079D0C7D336F60C626ADC32FE6CFF4E9C95DF45CA06680AAA2D79D9093655B38C3FDB3F0A666A0646302F3BC1A6CA40C14C91B5202F0AA6619264FF8334A4B73A050AA661FA50303144144CCC46790F0A2646858289D928EF41C1C4A85030311BE53D289818150A2666A3BC070513A342C1C46C94F7E8104CE5597BDEB3F4CA457A0255FAA3870CA55F1B04FB1F0000FFFF3057E8910000073D49444154ED9D6B6C145514C7CFD29652DA0AC8A345C343A042418268028848248898100DD1A8240A1F8C8926C6444544C22BA0F80110A2517C454282911815036AC4604428011212C1D42281F254A4607948A108E5E1BDDBDE7A6777CECC99D9A9EDEEFEE7436FE79E73CFB9E737FF9DC79D85C6AEAB8D5CB6F9DF1F226D5AF840BFB855EF2FDC70C8C59368EEC4BECD7EAE0E29747AE5958695CC2F8A3C663E927CC63795BC41F2987C415BAFF9D9F9B59FAD179327068135A2F0026960495B1BBCDF9854F206C9E3370FCEEE353F3B3F04A6CEC41A82BD2D98784BF3AE17C86627E12F36783DA4A5F226E6114E2F909B17173BBFF6CBEA33582C164BBAC42702E26E01021D11E5EC17D7CF2ECD67C7918E09EA07810988E90301810940B9B840602E5012BB20B04422F27D084CC00A021340625C325E60BAEE791B0E32E5CBBAF5528B1BA8C47B9854F398D998A51DBDDF9279ED3C2677D4ADDBFC4D0E9B9FF64BCB9B7C534CAAAD1B281B50AAF1B9F1AD95979B4FD07EB7F99B18363F084C7DC2129F126D40065AD4ADDB01FA3FF2465587DBFC4D6CBB0E080C0233BA08D44260425C6EA0EC4FA0304C60B7D6CA1B78A2CC00B7F91B579B9FF64BDB7B303DF95436BD62EF06CA06A4E3A79AC7CCD1EF0D415479ED3C2677D4AD1B3793C3AE43FBA5A5C0BC0A3485FAB51A04165AFD28B9DBBDF843604DCC203077F1487A21300125084C00897181C0183076370466D308F63B0426E065EE151257EAED95702F9082140E1793CF74B654DEC43C265F94AD17173BBFF6CBEA9B7C5B4C6E07C00BA49BBF579F0DDECB4FDB52C91B248FDF3C38BBD7FCECFC1058D357BFC380E4C670FD3678CEC7F47B1D40E3C3B541F27031FCFABDE667E7CF6A818D1ED085EE1BD0D993E50FD567695BF5194F1FA95192CFC44A25AF7D804DBCA85B082C6AA269140F028BE060797D8222089FD62120B0080E1F04C64384C07836620B04C6A382C07836620B04C6A382C07836620B04C6A382C07836620B04C6A382C07836620B04C6A382C07836620B04C6A382C07836620B04C6A382C07836620B04C6A382C07836620B04C6A382C07836620B04C6A382C07836620B04C6A382C07836620B04C6A382C07836620B04C6A382C07836812C89DF690F3438839DFDBE061E45E95E1F705BE0DA2F2DBF931F0524C4084F00020BCF0E23050420300124B884270081856787910202109800125CC21380C0C2B3C3480101084C00092EE1094060E1D961A480000426800497F00420B0F0EC30524000021340824B78021058787618292000810920C1253C01082C3C3B8C141080C00490E0129E408B096CD9E6A374F8CC257A7B72597C76CBB7FC4E2FADAF26BA9AFC37E41F19DE83BE98765BF82A30B2CD12786EED3E5A51F147F2FCDAC5E8A3C706D1D3237BC66D2FAEDB4F3775CAA719F7F676F8B27F147E6DE55FB46A670DAD7F6A687CC0BA5F6B69F2A7554417AF3A02E89D92AE05747B69218DEC559C644347FA12A8BDD0401BAB4FD3FEE3F5C945E4C668EF2B236960F78E71DB944FAA685279379A7A6789C39715D8CFC7EA68EA9ADFA8EAE511F101BBD5FEF015BB89EA1B1C01B093A5040A72E9DAA2B1EA2FA834D63FEEFDDD34677C1F1A5FD6C5018415D8E9FA2BD475D136BAAE82982D36BB02023330B2B9CD6D478B27F5735C0E73E65650CDCC51D4BD28CF41861598F68ABDBA99EA168CA1A2FC9CF8A0C59B8ED0CCEF0E1335245F26E30EF8911504CA6F2EA23D4D57365D70E5F1F3F4F0EA2ADAAF2E99899BA7C046BFBB8B3E7E742095F768BCCEEAC1A5AF6FA713A72E26C6C17E961028ED5640C767DFE5A8F6BD6DC7E8C0A97F68E983FD1DFD7AC7536033BEA9A61B0BF26896BAB69AED9A7A88CC99BE89D43F21315D68B38180BA2C969774749CB94CD93D176DA7ADCF0CA3FEDDFE3B11199BA7C00ED4D6D3980F7E4952AC1E3C64E94EDA5373A151685A75D8328F805A8AA076AAACBC5C5A7C7F1FC73D9729F6C31D7FD28E23E768E5E3834C97A3F51498F61CBB6217CD9FD037E9E940DB8EFD7D8936EE3B43074FB93CC66A076C694DA0779702BAA75F27BA559D99CCD3626241B13915543B6B14752D74DEDC1B3F5F81ADD97582D656D6D2E7D38698316841204E403FF4D5D435D0B28706B0447C05A647EAA7C973EA69B2B8E969928D06435611884DFF91AE2C194739FA52CA6C22817DA556F557AA55FDAF9B56F59958E8CE2202C396EFA4CDCF0EA7CE6AC1D56B13094C077853BD9B3CAADE4DBED5F46ED22B286C994DA0D71BDBE9CB2787D088DE37F8162A16988EA45F7C96A9759017C6F6F20D0C87CC24D07EDE56AA7CFE8EE677907E550612980EF6DAC6C35475E202AD9A524E1DD4DA08B6EC20B0E4A7A3F4EDDED3F4D91383A9A4B8BDB8E8C002D391F55777DE51ABB7A5C5F934542DBE0549289E191C5B9DC0C9F397D5C9A49EF47BE909659D49FF7751411FF442094C577E552DAE6E3978367E363B5977B9D5616002D113E85ED49E069714D2DD7D3B5187BC7057ABD0028BBE1C44CC44021058261ED536541304D6860E46264E0502CBC4A3DA866A82C0DAD0C1C8C4A94060997854DB504DFF02D08B8F38D6B533230000000049454E44AE426082),(73,'image/png','file',0x89504E470D0A1A0A0000000D494844520000009800000098080600000018C2202100000C48694343504943432050726F66696C65000048899557075C53D71A3F776492B002119011F612654F1921AC08023205172109248C18128288DB52AA60DD22022E9C88C5562B2075A2D65914B775BC2845A5528B03172AEF6440ADFDBDF77EEFE3776EFEF73BDFF7FF06E7DC7B0F007AF53CA9B400D507A050522C4B8A0E674DCEC86491BA0102A8F0CF1658F2F872293B31310E4019FEFDBBBCBE01ADA15C755371FD73FEBF8A814028E7038024429C2D90F30B21FE1100BC9C2F95150340F4877ADB59C552159E0AB1910C2608B154857335B85C85B335B8466D9392C481782F00641A8F27CB0540B70DEA5925FC5CC8A37B0B627789402C01408F0C71085FC413401C03F198C2C2992A0CED8053F6673CB97FE3CC1EE1E4F17247B0A616B59023C47269016FF6FFD98EFF2D85058AE1180E70D044B2982455CDB06FB7F267C6AA300DE23E49767C02C48610BF150BD4F610A35491222655638F9AF3E51CD833C084D85DC08B8885D81CE22849417C9C569F9D238EE2420C57085A2A2EE6A6687D9708E591C95ACE7AD9CCA484619C23E3B0B5BECD3C993AAECAFE94223F95ADE5BF25127287F95F958952D2353963D412715A3CC4BA1033E5F9C9B11A1BCCAE4CC4891FB691299254F9DB411C289444876BF8B1E939B2A824ADBDAC503E5C2FB64424E6C66B716DB1282546CBB397CF53E76F02719B50C24E1DE611CA27C70DD7221046446A6AC72E0B25A9DA7A31A5B4383C49EBFB425A90A8B5C7A9C2826895DE0662737949B2D6170F29860B52C38FC74B8B13533479E2D979BC09899A7CF0521007382002B080028E6C3013E40171675F6B1FBCD3CC44011E90815C20046E5ACDB047BA7A4602AFC9A00CFC019110C847FCC2D5B3425002F51F47B49AAB1BC851CF96A83DF2C123880B412C2880F70AB59764245A1AF80D6AC4FF88CE87B916C0A19AFBA78E0D35715A8D629897A5376C498C2446106388514467DC0C0FC183F038780D83C313F7C70386B3FDCB9EF088D0457848B84E50126ECF102F967D510F0B4C044A18214A5B73F6E735E30E90D5070FC783213FE4C699B81970C3BD6124361E0A63FB402D479BB9AAFA2FB9FF56C3675DD7DA51DC29286514258CE2F4A5A7AE8BAECF088BAAA79F7748936BF6485F3923335FC6E77CD66901FC8DFDD2125B821DC0CE6027B073D861AC15B0B063581B76113BA2C223ABE837F52A1A8E96A4CE271FF288FF118FA78DA9EAA4DCBDC9BDD7FD8366AE5858AA7A3E02CE4CE96C99385754CC62C327BF90C595F0C78E6179BA7B0400A07A8F681E532F99EAF703C23CFF972E5F09806F17DC6382BF748222000EC1BD6FE0F597CEA1026E21B89F8E55F315B2128D0E575D08F0EDA407779429B0846F2927588F27F00541200C4482092001A4800C301D765904D7B30CCC0273C1225001AAC04AB00ED482CD601BD80DBE03FB412B380C4E809FC10570195C0777E0EAE9014F413F780D0611042121748481982256883DE28A7822FE48081289C4214948069285E422124481CC45BE42AA90D5482DB21569447E400E212790734817721B7980F4222F90F72886D25023D4027540C7A1FE281B8D4553D069682E5A8496A1E5E872B4066D40F7A22DE809F4027A1D55A24FD1010C603A1813B3C6DC307F8C83256099580E26C3E663955835D6803563EDF0FF7C1553627DD83B9C88337016EE0657700C9E8AF3F1227C3EBE0CAFC577E32DF829FC2AFE00EFC73F11E80473822B2190C0254C26E41266112A08D5849D848384D37037F5105E13894426D191E807776306318F3887B88CB891B88F789CD845EC260E90482453922B29989440E2918A4915A40DA4BDA463A42BA41ED25BB20ED98AEC498E22679225E4C5E46AF21EF251F215F263F220459F624F09A424500494D9941594ED9476CA254A0F65906A4075A4065353A879D445D41A6A33F534F52EF5A58E8E8E8D4E80CE241DB1CE429D1A9DEF75CEEA3CD0794733A4B9D038B4A934056D396D17ED38ED36ED259D4E77A087D133E9C5F4E5F446FA49FA7DFA5B5D86EE585DAEAE4077816E9D6E8BEE15DD677A143D7B3DB6DE74BD32BD6ABD037A97F4FAF429FA0EFA1C7D9EFE7CFD3AFD43FA37F5070C18061E0609068506CB0CF6189C337862483274308C341418961B6E333C69D8CDC018B60C0E83CFF88AB19D719AD16344347234E21AE51955197D67D469D46F6C68EC6D9C665C6A5C677CC458C9C4980E4C2EB380B982B99F7983F97E94C528F628E1A8A5A39A475D19F5C664B4499889D0A4D2649FC97593F7A62CD348D37CD355A6ADA6F7CC703317B34966B3CC36999D36EB1B6D343A68347F74E5E8FDA37F3547CD5DCC93CCE7986F33BF683E606169116D21B5D86071D2A2CF926919669967B9D6F2A865AF15C32AC44A6CB5D6EA98D5EF2C63169B55C0AA619D62F55B9B5BC7582BACB75A775A0FDA38DAA4DA2CB6D96773CF966AEB6F9B63BBD6B6C3B6DFCECA6EA2DD5CBB26BB5FED29F6FEF622FBF5F667ECDF38383AA43B7CE3D0EAF0C4D1C491EB58E6D8E478D789EE14EA54E4D4E074CD99E8ECEF9CEFBCD1F9B20BEAE2E32272A973B9E48ABAFABA8A5D37BA768D218C09182319D330E6A61BCD8DED56E2D6E4F6602C736CDCD8C5635BC73E1B67372E73DCAA7167C67D72F7712F70DFEE7EC7C3D06382C7628F768F179E2E9E7CCF3ACF6B5E74AF28AF055E6D5ECFBD5DBD85DE9BBC6FF9307C26FA7CE3D3E1F3D1D7CF57E6DBECDBEB67E797E557EF77D3DFC83FD17F99FFD900424078C08280C301EF027D038B03F707FE19E416941FB427E8C978C7F1C2F1DBC77707DB04F382B7062B43582159215B4294A1D6A1BCD086D08761B66182B09D618FD9CEEC3CF65EF6B370F77059F8C1F0379C40CE3CCEF1082C223AA232A233D2303235B236F27E944D546E5453547FB44FF49CE8E3318498D898553137B9165C3EB791DB3FC16FC2BC09A76269B1C9B1B5B10FE35CE26471ED13D1891326AE997837DE3E5E12DF9A0012B8096B12EE253A261625FE348938297152DDA447491E497393CE2433926724EF497E9D129EB222E54EAA53AA22B5234D2F6D6A5A63DA9BF488F4D5E9CAC9E326CF9B7C21C32C439CD19649CA4CCBDC9939302572CABA293D537DA6564CBD31CD715AE9B473D3CDA6174C3F32436F066FC6812C42567AD69EAC0FBC045E036F209B9B5D9FDDCFE7F0D7F39F0AC2046B05BDC260E16AE1E39CE09CD5394F728373D7E4F68A4245D5A23E31475C2B7E9E1793B739EF4D7E42FEAEFCA182F4827D85E4C2ACC243124349BEE4D44CCB99A533BBA4AED20AA9B228B0685D51BF2C56B6538EC8A7C9DB8A8DE007FB458593E26BC583929092BA92B7B3D2661D28352895945E9CED327BE9ECC76551653BE6E073F8733AE65ACF5D34F7C13CF6BCADF391F9D9F33B16D82E285FD0B3307AE1EE45D445F98B7E59ECBE78F5E2575FA57FD55E6E51BEB0BCFBEBE8AF9B2A742B641537BF09FA66F3127C897849E752AFA51B967EAA14549EAF72AFAAAEFAB08CBFECFCB71EDFD67C3BB43C6779E70ADF159B5612574A56DE5815BA6AF76A83D565ABBBD74C5CD3B296B5B672EDAB7533D69DABF6AEDEBC9EBA5EB15E591357D3B6C16EC3CA0D1F6A45B5D7EBC2EBF6D59BD72FAD7FB351B0F1CAA6B04DCD9B2D36576D7EBF45BCE5D6D6E8AD2D0D0E0DD5DB88DB4AB63DDA9EB6FDCC0EFF1D8D3BCD7656EDFCB84BB24BB93B69F7A946BFC6C63DE67B5634A14D8AA6DEBD53F75EFE2EE2BBB666B7E6ADFB98FBAABE07DF2BBEFFFD87AC1F6EEC8FDDDF71C0FF40F38FF63FD61F641CAC6C415A66B7F4B78A5A956D196D5D87261CEA680F6A3FF8D3D89F761DB63E5C77C4F8C88AA3D4A3E547878E951D1B382E3DDE7722F74477C78C8E3B27279FBC766AD2A9CED3B1A7CFFE1CF5F3C933EC33C7CE069F3D7C2EF0DCA1F3FEE75B2FF85E68B9E873F1E02F3EBF1CECF4ED6CB9E477A9ED72C0E5F6AEF15D47AF845E397135E2EACFD7B8D72E5C8FBFDE7523F5C6AD9B536F2A6F096E3DB95D70FBF9AF25BF0EDE59789770B7F29EFEBDEAFBE6F71BFEE5FCAF7D4A5FE59107110F2E3E4C7E78A79BDFFDF437F96F1F7ACA1FD11F553FB67ADCF8C4F3C9E1DEA8DECBBF4FF9BDE7A9F4E9605FC51F067FD43F737AF6E39F617F5EEC9FDCDFF35CF67CE8C5B297A62F77BDF27ED531903870FF75E1EBC137956F4DDFEE7EE7FFEECCFBF4F78F07677D207DA8F9E8FCB1FD53ECA7BB43854343529E8CA7FE14C0E04073720078B10B007A06008CCB0050A768CE796A413467533502FF096BCE826AF10560C7420054C78184E3006C82C301DEEB8501A0FA544F0903A897D7C8D08A3CC7CB53C34583271EC2DBA1A197160090DA01F8281B1A1ADC3834F4713B4CF63600C78B34E74B9510E1D9604B800A5DF736025FCABF01C3A17B33AF6C79AA0000000970485973000016250000162501495224F00000019D69545874584D4C3A636F6D2E61646F62652E786D7000000000003C783A786D706D65746120786D6C6E733A783D2261646F62653A6E733A6D6574612F2220783A786D70746B3D22584D5020436F726520352E342E30223E0A2020203C7264663A52444620786D6C6E733A7264663D22687474703A2F2F7777772E77332E6F72672F313939392F30322F32322D7264662D73796E7461782D6E7323223E0A2020202020203C7264663A4465736372697074696F6E207264663A61626F75743D22220A202020202020202020202020786D6C6E733A657869663D22687474703A2F2F6E732E61646F62652E636F6D2F657869662F312E302F223E0A2020202020202020203C657869663A506978656C5844696D656E73696F6E3E3135323C2F657869663A506978656C5844696D656E73696F6E3E0A2020202020202020203C657869663A506978656C5944696D656E73696F6E3E3135323C2F657869663A506978656C5944696D656E73696F6E3E0A2020202020203C2F7264663A4465736372697074696F6E3E0A2020203C2F7264663A5244463E0A3C2F783A786D706D6574613E0A599EF9470000001C69444F5400000002000000000000004C000000280000004C0000004C0000090C8E820889000008D8494441547801EC9D5B8C154510866BB9EC2EB057DC0BACACC02E18568460B818455E045FC480081189602217254190883E1804C4EB13260612C14B8889C4842889082FBAC6C48026289110507C80058CC00A222E3725C03ABDD030D3E7D4CCF44C55F71CED79994B575577577DFB73CE499D4351A777803B5C06983250E40063CAAC0BDB95010798038135030E30D6F4BAE00E30C7006B061C60ACE975C11D608E01D60C640EB0AF0F9D87FBDF3BCCBAE9FF4AF02FE70F8449CD6599DE4EE600BBF7DD36F8AEED42A6939695C58D18500A7B173567653979D79129C09C7AE5AD51E8C34F6637C2F4E115A1363607330598532F7D1406D615C3C1678742F76EFABE263C32039853AFE4E57E7F4603CC1B5D9D3C00A367660073EA95BCCA95553DA17DD95028E951943C089367260073EA95BEBA6B1EAA87E7C6D7A40F441C21138039F522A86A9FEED0F1C2ED505E92AD1763D60173EA4500D7F5102B26D5C22B13EBE8021244B20E98532F822ACA109E7A9DF454ACC653B3AC1C560173EA458FC192FB6E81B727F7A30F9C30A255C09C7A25AC5A989BF74EF2E8F343A1B1B2679895B1316B8039F5E2ABF11363AAE0C3E9B7F24DA011D91A604EBD34AAA46BEABD91FC69E91068A92DD1F524B7B70298532FF23AE6049C7267397CF6F86D39CF4D3FB00298532F3365DEB5A809C60EE86566326416E38039F5422AC1F07842731FF866FE2086C8F1431A07CCA957FCE25058DA6E4A340A98532F0A64F462D86E4A340A98532F3D38A8AC6D36251A03CCA917152EFA716C36251A03CCA9973E18941EB69A128D00E6D48B129564B16C35251A01CCA9573228A8BD6C3425B203E6D48B1A9314F12C3425B203E6D42B05100CAEA69B12590173EAC54048DA90869B12590173EA9596061E7F934D896C8071A857636D312CB8AB0AA6B494C3B09A924C7E4D4B078915ADBFC36B5F9DD471A1B135D894C80618A57A752BEB011B1FAC87D9A3AAA05BF6BEFA97AAE8B62033D594C80218A57ADD33B8376C99D508FDCA7BA42A64969DAD4066A8299105302AF51ADFD41B5A9F1C04A519FCC63235B0362033D194480E18957AD554F78436AFEDB7AC385B5F24A506CB1FCF0664DC4D89E48051A9D717F306C20343B2FDE36A7E38A8AE4D43C6DD94480A18957A8D1ED80B7E58D894B7661DFF5C85A5DB4FC0C6BD7F0178D7857874BE393C74D9A621E36C4A24058C4ABDD63FD21F9E1EDB37A70802AE3BD61D84DF4E5DCA192BA407518089BD98848CB329910C302AF512C9FD7149338CEA5F2A2E03C7DC2DC760E3F77F069E15E24D1CC0C4BE4C42C6D594480618957A89C49E59D50295A5B92FEE8B5EFEB960FF5914FB92475CC084BD29C8B89A124900A3542F9154AC00452FEE17C3057F60FBC336660A328EA64412C028D54B24192BC0FF153091131390713425A6068C5ABD0A11B067C6F78557275DFB5DAE95AD2761EDCE3FC436D003FB03421DAE0F98808CBA29313560D4EA2572891520730AE6BD4E5CE3FDE89BFAD3956FED3C05CB5A4F01FC7D252F33D8FEF21A2B0FD921236E4A4C0518877A897C6205A0046C505D09CC195901334754C0F0BAE03BD6A8791E1D55016B2737405D59F80FBDB59FBB0C4BB61F87CD7B3A029860FB0B1885DC704346D994980A300EF51279C50A1055F8909A740D8541E5F78D9AE7F4CA6150DD2B1C2E19EF8CA762D5AB0FC8DBAE33B6BF8051C40D2B64844D898901E3522F9157AC0051858FA8091A57F50B9B67EEB86AF8605A43C045B557D71F351E08A671A3C6D5708D34A56A4A4C0C18977A899DAB0592D9489B502CAE8C2FCFD83C83EB4BE0C0E26628EE7EB3296DF7B18B3066ED21E9DA7556E751E3A9E301678D1B35AE866BB42951536222C038D54BEC1C2B40DA84AA71C53E967B5DA5DF3E353890706C9E8F670D80C74656DEB0C5ECD47930BB1B81222ED478D23C6D5C19073B53342526028C53BDC466B9122AE34AB0E4FFEA269FCB4463853BBBBA25D03E84D9C58D27E78B3AABF1A43D36BF1C4F7D26684AD4068C5BBD44524C27549D0F2B5C5CBBF6E5C302EF30176F3B0EEB769E4E5C6F755E19085BA71CA738A76D4AD4068C5BBD44524C27549D0F2B5C5C3BF131C686A90D50557AED9DE6D54E8087371D85CFF79F4D5473755E19045BA71CA73AA7694AD402CC847A89A4984EA83A1F56B8B876B2B07EFBE3672F43C31BBFC821ADB33F8EDF115BA7DF86E23A4D53A2166026D44B24C47442D5F9B0C2C5B59345D5B5977EEA598D23C7B175CA71CA73D2A6C4D88099522F9114D30955E7C30A17D74E16D66F7FFED255285BE5B51B2538FC71FCEED83AFD3654D7499B126303664ABD44424C27549D0F2B5C5C3B5954BFFDE67D1D3073D3AF7248EBEC8FE377C4D6E9B7A1BC4ED294180B3093EA2512623AA1EA7C58E1E2DA893DBC34B1F6468785B81FB3FE10EC3E72515C6A1FEABC3200B64E394E7D4ED294180B3093EA2592623AA1EA7C58E1E2DAA970ED38720126AC6F4B5C6F755E19085BA71CE738EB36254602665ABD44524C27549D0F2B5C52BBA9DE47145BF725FB88C2463EC2C0D46D4A8C04CCB47AD9486852707A781F3B5CF13E7E508F9C78E2C5BDF7223FE9A1C69371B03F0439CE75D6694A0C05CC867A89A4984EA83A1F56B877A6F58785E36E7E9DEED3FD1D3043BC70F73E48F51F71E3F97DC2AED578D2165BA71C673B6B342586026643BD44524C27549D0F2D9CD745B17771138CA8BFD9A0D8D5BDBAAD3D50CBD8F1025EF88D1A4F5AA2EB94068CE7B84D892860B6D44BE4842BA158DCA83AF80B396D64B9F76B3F7AFF8B99DF3F6AAE7CE3D8BAD3C6CD3757EC67319B1251C06CA997D8205742B1B851490D14D2FB31964EAFAB42E708F8EB385EB7C5D69D366E82A5045CE23425E605CCA67A891D7025148B1BC85A9E1BB5906AB7441E97AE471FED390373B69E00B898FFCB1F989FFA1C5BB7BA2ED58FFD3E4653625EC06CAA97480A5742B1B85185500BA9764B60FE45AF7BBDF8E7D2C1C5990F6CDD3ACFA39A127300B3AD5E594FA84EF2A96CB13F0C157CAAF9B4E2443425E600665BBDC4E6329D50ADECD318673D1F614D8901C0B2A05E0EB05C28B30E985831D69418002C0BEAE5002B4CC0B0A6C40060776F68835D872FE4EED0F09342F88B35999242C887F8C1E61D0B82DFCE1239FA170000FFFF3868331000000B3049444154ED5C7B7015D519FF6E4248C88B2424242141929060A08A8848476D6B45A915C632E85887F18D8AF84207C58EB52A5AB5A3524AD18A2D22E2AB53A6E2C0A05315B53AA808223E87575E10214002444208098F780E78C2DEB37BEEEED9F39D7D5CEFFE73F6F19DDFF9BEDFF9DDBD7B77F7FE22DD64811F97B736EF87DF3EBF856DFAD676FFE567966347EEFDD6727FBCEF0C031F2BA796C33983D24D5311310A8C1E3DED995AF8AAF1A029D0CB1D612034C1C70906CE3F3903565C5B76628761CD24B065EBDB60C28B5B0D21DEAF260416CD79D0F958735B058C2AE9139DF48F5B2681D1FDD5736B6163937F6731CF084D8EC0BCDF15C195237260F98636F8E37BCD50BFB3D392283F777AC6878B22C70FCB82E5579D24EC6929B0C5DFEC83CB5F691476D27D403BA1BD93606275063C34A63F9C5A98D6534ED7916EB87959133CBF7A6FCFBE20AC68E7C36D9111802FA70D86E1452738E4A12C05462FFB2BE6D440C32E7F3ECD5A09CD4C86EEFBAA791E4CDB6BB777C0A8A7EA4CFB8D3BCE2A4F87472FE80FE75564187703F68F11AD7C44652EB771C9F06C786DD2C0989D2C05467BBCB8AE15AE59BC2D66675D07B5119A960C2F4D38FE95E82477915044C26298A27EECB86CAB8D0FD9448CF14900EBEFAC84EA8254E35ED3BA5060478E0294CEDE0C3B7677993AE9DEA18B502BDCFB57EC8247DE6D3E56D29E07AA21B74F724F79918736001C3CD2B3CD56AC70D831DAFE140476C5C8BEF0F265A5C6B22DD78502A3D1F33FDB03535E6BB2ECA873A7680255278EC7358A8BD6F3FB11D930777C311466F63A56DEEC8F5AE0AEE53B4DA5F2387C806A9E3C9E683CEC71F87185DBE4C751EDF44AA8C8EB2D0C6107620AEC10B9E82D98B519BE6F3DC4E23D697511CAE38A26C818376DF90E78EAA3DD5175B3E3EFD7B5C37DE40CF8F194F2A8E322DCA820890D361EDF057B1C1E5FB43D79742E2C98384074386A7F4C81D1C8A757ED86DB97EE88EAA47B4317A13CAE68828C71ADE42B32977E551A96F76E2C3B26AC4FEA0F1CDB6B8CA73B44B80608A9551E9F75C61E87E1C66C7B45A0F1EE2A28ED9B12338C1DB41558E7E16EC87E621374B51D667DB4B7D8845E589D09AF92EB85BCF413D757B408D104F1E38BE21811B2F1AC9FD396C767FDECF2627198ED2D67E7C13F2E2E760C692B308A346B650BCC78C37C2DE27814C9406C42D7DE5E01230798EF348B26881F5F14C7CA928D67FD9CB63C3EEB6797178B436B5392A069461514651DBF467582EB4860070E1D858CC73701B49B7F5139194436069BD0030F0F833E29E4AE20B78826881F5F14C7E064E3593FA72D8FCFFAD9E5C5E2B0DAE9BFEA077FBDA8480ACE91C028E223FF6F86FBDFDA2505EE36189B50593C3EDE6E2265E36579E1F1597FBBBC581C4A9B9A04CD3386407E46F465861DB66381B5751E856C7A16EBD07F16C326B4FDE1A1904E4EEFFC229A207E7C511CC3938D67FD9CB63C3EEB6797178BC368EF1D930F8F8D2D9486722C308ACCDF37921ECD61076C42EBFF50056539E67B36A209E2C717C5B17264E3593FA72D8FCFFAD9E5C5E2945BF204642FE13087B4B28B94C0F692B3571E3D8B91B399CE059BD04F6FAD80D1A5898B7CB77336736C7F78704C81ABEE5202A323CCF8DF4E98F5418BABC19C76C216D893E30BE1EE5FE49B86179D01F8F145710C50369EF573DAF2F8AC9F5D5E2C4EA925D75C6DF70C814CF2068A9B455A60CDE497647F7A1623BF2C752DD88416F5EB0DF5E4C16C1AB949685C4413C48F2F8A6358B2F1AC9FD396C767FDECF262712AEDE3E30AE19E5F9A3F9C4E31A5054681AD1E9F381DD0499C0E42AF1E95038B2E2D891A5E3441FCF8A23806261BCFFA396D797CD6CF2E2F16E7B64D26F7BBDAC82F47AB5B3C4E315D096CFBBEC350F224398B91BBFC3A165D84F2B89613C4BD2F66F5A888AFD9112EDF49629BC7675D2DF3670711DA391717C11D67F753427225303AE294A5DB61FE2A3D6F7EEA2294C7354D90C5FB624ECED6B6B84A5304C0E3333853FEEC00429B459E353693678EA9DC65852CB46B8135B47641F9AC1A00F2C605F6A28B5011AE287FB7AFEBF078AA4210E5AD8ACBE769DC9E37B118A68ECE33EE72B5EE5A6074B4ABFFBB0D5E5ADBEA6AE0589D74112AC215E5E2F685431E4F5508A2BC5571F93CD97661BF14F86E7A15F44A8AFE51C48ECBB44A02DBBCBB1386CC266731E41F94BA08FDD3F905F067F20EBD9325D64D65517E225C552188C653C515E5BBF0B20170EDC85CD161A9FD4A02A3235DFE9F4658FCC53EA941ED827512EA4464B1C4457317E527AA4B5508A2F15471ADF21D58406FE95441B2BBDB5E264865817DBBEB209C32A796B06EC276BDC34B425D27E961472FF9787552094C1A9E83569DB2C06826135ED90ACBBE69434BCA4B42D192D608E4151F5545A9B0715A2544D42FBD7AD84011D8BAA60E1839B7AE075475C52B4255F3F4AABF577C2CB96A204C1C968D5A168AC06846172EDA026F6FD88F929C5784A224EB0188177C9C529A065FDF3A18BD1A3481AD6A3C00673D538F9260EB8343A16F9AF92A333273BDF63739500AC004212FFA75CF1C6A4274F284C1D429C68E37AF1B04170DC98C11E1EE109AC0E8F0E72E68800F6BDADD6562E8B58EF81D8C2836FB1D4C5EB21D16AED1F3F4C0307CA056457F11C3BC2C1935A80FAC995AA1A56E54817D50DF0EBFFE578372A2CF5E520C379D69BE8BBC8FBC8736ECE95AD8D6D2A53C4618004AF27BC3FADB064316398BF1CBB3ABF7C0CDAFE3FC29FA5DF237BC319CBF063F9EDB6D5481D1247EFECF7A58DD70FCFF826E933A837CA23E137CA2A8C8EE7C63072CFCEAFBF8FDBA24829A7C5A5FF8DBB822C8B61017E5F58C7975F0F9D60EB714F7F43BA7221D56DE58DEB38DBD822E302C1BCEB7AF1F04632BF1AF09B009F403EF9D9AFDF09B055B508616595FA28013107481D1C4306C38F37353A0EE8E4ACBAF07ACE2C38843FF7C53F6F71AD8B357DDCE2196F52516375A048665C3494FDF2BAE2B33BD898A557CD8703A0E75C3052F34C0C7756A9720ACEE58D6972C46B5D522309A14960D27F5E25A424CCE64FE4DAC4A4A10FB3711EB864BFFDD08CC0F4335473BEB4B557CD65F9BC0506D38C95BA68BC8052FF55245788384D51E8AF62879C6FBF217C40CF04D6240B31FE93FA9E451909DF5251639DA04A6C386933EE9BFE1F41C9830340BAAF35395DFB6C422111B871ACE6C68E984A5C4F1FB39E234D9D88C7B5BC689F525564DDA044613F4D386138BA0B8C321B7D49C585F62D5AD55607EDA706211146F384EAD2FB1EAD62A309AA45F369C5804C5158E84F52556DDDA05E6970D271641F184237AAEA9B346ED02A3C9FB61C3A993B450624B5A5F62D5E889C0FCB0E1C422285E7064AD2FB1EAF644603459AF6D38B1088A0B1C17D69758757B2630AF6D38B1088A071C37D69758757B26309AB097369C5804851E87BCEEE3C6FA12AB6E4F05E6A50D27164161C7716B7D8955B7A702A349DBFDA915ABB0040E6140C1FA128B3FCF05E6950D27164161C651B1BEC4AADB7381D1C4BDB0E1C42228B4388AD6975875FB22302F6C38B1080A2B8EAAF52556DDBE088C26EFC4D80DABC89F1A0E86F5251667BE094CB70D27164161C4C1B0BEC4AADB3781D10274DA70621114361C2CEB4BACBA7D15984E1B4E2C82C28683657D8955B7AF02A345E8B2E1C422284C3898D6975875FB2E305D369C5804850907D3FA12AB6EDF05460BD161C38945505870B0AD2FB1EA0E84C074D870621114161C6CEB4BACBA0321305A0CB60D27164161C0D1617D895577600486E97785454E587074585F62D51E1881D182306D38B1080A3A8E2EEB4BACBA0325304C1B4E2C82828EA3CBFA12ABEE40098C168565C38945509071745A5F62D51D388161D970621114641C9DD6975875074E605885257082C1404260C19887B8CD2221B0B89DDA601496105830E6216EB348082C6EA73618852504168C7988DB2C12028BDBA90D46613F0018191DCFD3FB1CD20000000049454E44AE426082),(74,'image/png','file',0x89504E470D0A1A0A0000000D494844520000009800000098080600000018C2202100000C48694343504943432050726F66696C65000048899557075C53D71A3F776492B002119011F612654F1921AC08023205172109248C18128288DB52AA60DD22022E9C88C5562B2075A2D65914B775BC2845A5528B03172AEF6440ADFDBDF77EEFE3776EFEF73BDFF7FF06E7DC7B0F007AF53CA9B400D507A050522C4B8A0E674DCEC86491BA0102A8F0CF1658F2F872293B31310E4019FEFDBBBCBE01ADA15C755371FD73FEBF8A814028E7038024429C2D90F30B21FE1100BC9C2F95150340F4877ADB59C552159E0AB1910C2608B154857335B85C85B335B8466D9392C481782F00641A8F27CB0540B70DEA5925FC5CC8A37B0B627789402C01408F0C71085FC413401C03F198C2C2992A0CED8053F6673CB97FE3CC1EE1E4F17247B0A616B59023C47269016FF6FFD98EFF2D85058AE1180E70D044B2982455CDB06FB7F267C6AA300DE23E49767C02C48610BF150BD4F610A35491222655638F9AF3E51CD833C084D85DC08B8885D81CE22849417C9C569F9D238EE2420C57085A2A2EE6A6687D9708E591C95ACE7AD9CCA484619C23E3B0B5BECD3C993AAECAFE94223F95ADE5BF25127287F95F958952D2353963D412715A3CC4BA1033E5F9C9B11A1BCCAE4CC4891FB691299254F9DB411C289444876BF8B1E939B2A824ADBDAC503E5C2FB64424E6C66B716DB1282546CBB397CF53E76F02719B50C24E1DE611CA27C70DD7221046446A6AC72E0B25A9DA7A31A5B4383C49EBFB425A90A8B5C7A9C2826895DE0662737949B2D6170F29860B52C38FC74B8B13533479E2D979BC09899A7CF0521007382002B080028E6C3013E40171675F6B1FBCD3CC44011E90815C20046E5ACDB047BA7A4602AFC9A00CFC019110C847FCC2D5B3425002F51F47B49AAB1BC851CF96A83DF2C123880B412C2880F70AB59764245A1AF80D6AC4FF88CE87B916C0A19AFBA78E0D35715A8D629897A5376C498C2446106388514467DC0C0FC183F038780D83C313F7C70386B3FDCB9EF088D0457848B84E50126ECF102F967D510F0B4C044A18214A5B73F6E735E30E90D5070FC783213FE4C699B81970C3BD6124361E0A63FB402D479BB9AAFA2FB9FF56C3675DD7DA51DC29286514258CE2F4A5A7AE8BAECF088BAAA79F7748936BF6485F3923335FC6E77CD66901FC8DFDD2125B821DC0CE6027B073D861AC15B0B063581B76113BA2C223ABE837F52A1A8E96A4CE271FF288FF118FA78DA9EAA4DCBDC9BDD7FD8366AE5858AA7A3E02CE4CE96C99385754CC62C327BF90C595F0C78E6179BA7B0400A07A8F681E532F99EAF703C23CFF972E5F09806F17DC6382BF748222000EC1BD6FE0F597CEA1026E21B89F8E55F315B2128D0E575D08F0EDA407779429B0846F2927588F27F00541200C4482092001A4800C301D765904D7B30CCC0273C1225001AAC04AB00ED482CD601BD80DBE03FB412B380C4E809FC10570195C0777E0EAE9014F413F780D0611042121748481982256883DE28A7822FE48081289C4214948069285E422124481CC45BE42AA90D5482DB21569447E400E212790734817721B7980F4222F90F72886D25023D4027540C7A1FE281B8D4553D069682E5A8496A1E5E872B4066D40F7A22DE809F4027A1D55A24FD1010C603A1813B3C6DC307F8C83256099580E26C3E663955835D6803563EDF0FF7C1553627DD83B9C88337016EE0657700C9E8AF3F1227C3EBE0CAFC577E32DF829FC2AFE00EFC73F11E80473822B2190C0254C26E41266112A08D5849D848384D37037F5105E13894426D191E807776306318F3887B88CB891B88F789CD845EC260E90482453922B29989440E2918A4915A40DA4BDA463A42BA41ED25BB20ED98AEC498E22679225E4C5E46AF21EF251F215F263F220459F624F09A424500494D9941594ED9476CA254A0F65906A4075A4065353A879D445D41A6A33F534F52EF5A58E8E8E8D4E80CE241DB1CE429D1A9DEF75CEEA3CD0794733A4B9D038B4A934056D396D17ED38ED36ED259D4E77A087D133E9C5F4E5F446FA49FA7DFA5B5D86EE585DAEAE4077816E9D6E8BEE15DD677A143D7B3DB6DE74BD32BD6ABD037A97F4FAF429FA0EFA1C7D9EFE7CFD3AFD43FA37F5070C18061E0609068506CB0CF6189C337862483274308C341418961B6E333C69D8CDC018B60C0E83CFF88AB19D719AD16344347234E21AE51955197D67D469D46F6C68EC6D9C665C6A5C677CC458C9C4980E4C2EB380B982B99F7983F97E94C528F628E1A8A5A39A475D19F5C664B4499889D0A4D2649FC97593F7A62CD348D37CD355A6ADA6F7CC703317B34966B3CC36999D36EB1B6D343A68347F74E5E8FDA37F3547CD5DCC93CCE7986F33BF683E606169116D21B5D86071D2A2CF926919669967B9D6F2A865AF15C32AC44A6CB5D6EA98D5EF2C63169B55C0AA619D62F55B9B5BC7582BACB75A775A0FDA38DAA4DA2CB6D96773CF966AEB6F9B63BBD6B6C3B6DFCECA6EA2DD5CBB26BB5FED29F6FEF622FBF5F667ECDF38383AA43B7CE3D0EAF0C4D1C491EB58E6D8E478D789EE14EA54E4D4E074CD99E8ECEF9CEFBCD1F9B20BEAE2E32272A973B9E48ABAFABA8A5D37BA768D218C09182319D330E6A61BCD8DED56E2D6E4F6602C736CDCD8C5635BC73E1B67372E73DCAA7167C67D72F7712F70DFEE7EC7C3D06382C7628F768F179E2E9E7CCF3ACF6B5E74AF28AF055E6D5ECFBD5DBD85DE9BBC6FF9307C26FA7CE3D3E1F3D1D7CF57E6DBECDBEB67E797E557EF77D3DFC83FD17F99FFD900424078C08280C301EF027D038B03F707FE19E416941FB427E8C978C7F1C2F1DBC77707DB04F382B7062B43582159215B4294A1D6A1BCD086D08761B66182B09D618FD9CEEC3CF65EF6B370F77059F8C1F0379C40CE3CCEF1082C223AA232A233D2303235B236F27E944D546E5453547FB44FF49CE8E3318498D898553137B9165C3EB791DB3FC16FC2BC09A76269B1C9B1B5B10FE35CE26471ED13D1891326AE997837DE3E5E12DF9A0012B8096B12EE253A261625FE348938297152DDA447491E497393CE2433926724EF497E9D129EB222E54EAA53AA22B5234D2F6D6A5A63DA9BF488F4D5E9CAC9E326CF9B7C21C32C439CD19649CA4CCBDC9939302572CABA293D537DA6564CBD31CD715AE9B473D3CDA6174C3F32436F066FC6812C42567AD69EAC0FBC045E036F209B9B5D9FDDCFE7F0D7F39F0AC2046B05BDC260E16AE1E39CE09CD5394F728373D7E4F68A4245D5A23E31475C2B7E9E1793B739EF4D7E42FEAEFCA182F4827D85E4C2ACC243124349BEE4D44CCB99A533BBA4AED20AA9B228B0685D51BF2C56B6538EC8A7C9DB8A8DE007FB458593E26BC583929092BA92B7B3D2661D28352895945E9CED327BE9ECC76551653BE6E073F8733AE65ACF5D34F7C13CF6BCADF391F9D9F33B16D82E285FD0B3307AE1EE45D445F98B7E59ECBE78F5E2575FA57FD55E6E51BEB0BCFBEBE8AF9B2A742B641537BF09FA66F3127C897849E752AFA51B967EAA14549EAF72AFAAAEFAB08CBFECFCB71EDFD67C3BB43C6779E70ADF159B5612574A56DE5815BA6AF76A83D565ABBBD74C5CD3B296B5B672EDAB7533D69DABF6AEDEBC9EBA5EB15E591357D3B6C16EC3CA0D1F6A45B5D7EBC2EBF6D59BD72FAD7FB351B0F1CAA6B04DCD9B2D36576D7EBF45BCE5D6D6E8AD2D0D0E0DD5DB88DB4AB63DDA9EB6FDCC0EFF1D8D3BCD7656EDFCB84BB24BB93B69F7A946BFC6C63DE67B5634A14D8AA6DEBD53F75EFE2EE2BBB666B7E6ADFB98FBAABE07DF2BBEFFFD87AC1F6EEC8FDDDF71C0FF40F38FF63FD61F641CAC6C415A66B7F4B78A5A956D196D5D87261CEA680F6A3FF8D3D89F761DB63E5C77C4F8C88AA3D4A3E547878E951D1B382E3DDE7722F74477C78C8E3B27279FBC766AD2A9CED3B1A7CFFE1CF5F3C933EC33C7CE069F3D7C2EF0DCA1F3FEE75B2FF85E68B9E873F1E02F3EBF1CECF4ED6CB9E477A9ED72C0E5F6AEF15D47AF845E397135E2EACFD7B8D72E5C8FBFDE7523F5C6AD9B536F2A6F096E3DB95D70FBF9AF25BF0EDE59789770B7F29EFEBDEAFBE6F71BFEE5FCAF7D4A5FE59107110F2E3E4C7E78A79BDFFDF437F96F1F7ACA1FD11F553FB67ADCF8C4F3C9E1DEA8DECBBF4FF9BDE7A9F4E9605FC51F067FD43F737AF6E39F617F5EEC9FDCDFF35CF67CE8C5B297A62F77BDF27ED531903870FF75E1EBC137956F4DDFEE7EE7FFEECCFBF4F78F07677D207DA8F9E8FCB1FD53ECA7BB43854343529E8CA7FE14C0E04073720078B10B007A06008CCB0050A768CE796A413467533502FF096BCE826AF10560C7420054C78184E3006C82C301DEEB8501A0FA544F0903A897D7C8D08A3CC7CB53C34583271EC2DBA1A197160090DA01F8281B1A1ADC3834F4713B4CF63600C78B34E74B9510E1D9604B800A5DF736025FCABF01C3A17B33AF6C79AA0000000970485973000016250000162501495224F00000019D69545874584D4C3A636F6D2E61646F62652E786D7000000000003C783A786D706D65746120786D6C6E733A783D2261646F62653A6E733A6D6574612F2220783A786D70746B3D22584D5020436F726520352E342E30223E0A2020203C7264663A52444620786D6C6E733A7264663D22687474703A2F2F7777772E77332E6F72672F313939392F30322F32322D7264662D73796E7461782D6E7323223E0A2020202020203C7264663A4465736372697074696F6E207264663A61626F75743D22220A202020202020202020202020786D6C6E733A657869663D22687474703A2F2F6E732E61646F62652E636F6D2F657869662F312E302F223E0A2020202020202020203C657869663A506978656C5844696D656E73696F6E3E3135323C2F657869663A506978656C5844696D656E73696F6E3E0A2020202020202020203C657869663A506978656C5944696D656E73696F6E3E3135323C2F657869663A506978656C5944696D656E73696F6E3E0A2020202020203C2F7264663A4465736372697074696F6E3E0A2020203C2F7264663A5244463E0A3C2F783A786D706D6574613E0A599EF9470000001C69444F5400000002000000000000004C000000280000004C0000004C000008C2EB45D67F0000088E494441547801EC9D7B5015551CC7BF57AE8080A188882F14528914151F88F9AEC9574D33966594A30E9A93E188386A6999A9D3D86426A6364E664F751C2B7BCCA891938F44015174CC2449111FE06B14115150907EBB7219EE75B9BBF7DEDDF5DEBDBFF307EC9E3DE777CF7ECF67CF9E3D4F530D39B063053452C0C48069A42C9B151560C018044D1560C03495978D3360CC80A60A30609ACACBC69D064CF8F6DC5B508275D91771B8E8164E5EAF002AAA58514F56C0DF075D42FCD1BD551012E3C2F05C4C0BF8991BB974474E0176ECE22D246E3C811304163B032B106046DAC848240F68077323935337EA3060EBB28A31F5C79340750D3A8405607AFF3678B64B083A12F9C1FE66A712C191DC4381527A0315D29B28F36C29361DB9827DA74A007A53756A1D885F267443D7F0408713EA1060DF1DBA84895472C1C784A5A3A3306768047C9C24DBE1947204DD1538525486E49F4F21F3348146AFCFF449B1181E1DE2503A140376F0DC4DF45B7918A09272DBE4EE184DEF6776C65740A86B7FF86721166C2B00A830499FDAC321C814015659751F4F2ECF41C1A5727C31EE09BC91D0C6F8CAF21D5A29F02DBDBD26096F2F2AC98EA7F451FCBA5404D867FBCE2365EB7F184275ADDD6FF684C9B9FA9E5582F9C4F31458B2B310EF6F2F10EB6479B3E31555FC6501BB4F4564C4D24C145DBD83ECD43E888F78CCF394E114ABA280F0BA1CB0E68858275BF96267CC18D45ED6AE2C607BA882376CF511746BDF147FCFEA2B6B9003185B815CAAF8F7A6EA129A9851B168A06C3B992C60F3771460E91F85F8605424160E8F34B67A7C778A141844A5580635616C4D8AC598D89676E3C802D67F752EB24EDFC0AEE4380CEBD4DCAE31BEE81D0AACCD2CC2B42D273136AE157E98D0D5EE4DCB0216BAF800AE9554E0FCC20168D7CCCFAE31BEE81D0A1C2D2E43DCB21C44B709C2BF73E2EDDEB42C60A6B97B807BF771FBE3A168D2D8B57E29BB29E18B1EA3C08D3B55683EFF2F6AB230A366E960BBE996072C759768A066C5D3760DF145EF52C0A4900B06CCBBB850ED6E1930D5A46443520A306052AAB09F6A0A3060AA49C986A41460C0A454613FD51460C05493920D4929C08049A9C27EAA29C080A926251B925280019352C545BF6C1AD59B45E3D50597D02118FDBC78E81203E6224CB6D105B812D6E40277EF3FB8E4DB0859C9BDBC163206CC961017CF57D2A8DE9934AAB7BE4BA34177290A06DDD58F639463064CE59CFC3AE71292B6E4015534AC5370D4F1BF7E6C3492E25B3F38F7B2BF0C980619DE9F46F66615DE10E70A26440623737A2F0D7EC5334C32601AE453354D50D8907B59B43CBE572BAF9E13EAD1809DB85C8E8C33A598CAD3E39C7A4C8429665A3F001E0B58E2867F905E700325A577012A31781C9A638C89194F33EF133A36A357789C63911D08ED918099E6D128C9CA6AAAE3D456A46B6F98215396F3964C17436BFC1162F92DB9BC719B01871BA96E337E13CD1CA64555AC1C3D8DDFBC1A83897DC2ADBCF9C45A0171E6F566FACAADA79F96CD281E079830C177F497C7905E482DE534E65B2CC5E8294C880846C65B3D1555A86F565423FB5C292EDEBC8B4B659528B7348A5AE785DB9E0552E36DABA67E080FF245CFB64174ECAB38ADC207C8C0CFE92B971A84853914D0B821D8E300B328B923EF1AAE94DFC365022434D057513BD3AAFD17B0FA4011F2AFDC06FC7CE829266B82C8D5B5ADEE16E3EEFEDF8726D598695D0661C5226A6F0B6D6AC6049A1A366F5807D2A2B1A2D47F75F022CA2AAB34EFCAF258C014A9581B288D5AD7537F3B4D19421E1E565A29BE4F612110AA264CA106DD752F472B8EA67540C30316FB690E8E0B2596F051E02D8E404B7BA1135206B77FE4776C68C04CEFECA5128BC0B2F91E78E4AAEB91005A33B575B02F8ADF7B4A8F5F6BF0370C0B98089737955A0D66313D5F8F70AEAA2101135F8B17CABCB3E46A00B4470599E1004BDB7701A9DBA842CFA597156AA1217EB8BA6080959F1E278603CC34670F7DBA7B58B3831E39DDD8073307B6C50AAAFCEBE90C05D8AAFDE731E3D7026ADBF2A22F46076809A525E4336869D3E896010EC4722DA8A1008B5E968DFCE272D71431726C6A989D4EA5D8AA315D74BB4BC3002674FF042FA04E70CB4852DD24F4B01FA21E8C9A8F86E89668C300B633FF3A467C7F1C35B7781F247BF498A82BE9D0B41EE8D5569F459A0D0398B8BBC84FF9BCD1963DBA846BB418DCD6D76264D74C9533A3F4BA6100FB78F759BCBDED8CE7755C2BCD29B5C2510BFFF2E7A3306B48845A16EDDA310C600BD3CF60F1EF04183B5905168CE888C523A364C3A91180015343450FB3C1803991615C8229178D0153AE555D485D01A3F6A4449A8ED6A9857FDDEFBB72B024BDD095E80EC765C01C960CD013B0F58931E2A6AAC28EBE6AB845232261A9ABA8614FCE060326A790C475BD007BBD6F389EE91C822461E2898A4E18EDA017640C981319A7176042E6986878B2DA5FAC5AD995929201935245C68F019311A8DE6506AC9E184A0F1930A54A010C9872ADEA4232607552C81E3060B2123D1C80017B5893867C18B08694B1E3CF80D911C7E612036623889253064C894A0FC23060CAB5AA0BC980D549217BC080C94AF4700006EC614D1AF261C01A52C68EBF5E8009DD4491347962376D76AEA613F6393F535289C92AF71048A59101935245C64F4FC0A25A34511DB0A18F37432101A6761794946C0C98942A327E7A0126640E7715C96446BDCB96FE55B999E56EB3C261BDB45B1DBA1360AFD0509EB52F4523E45D9AE5A4D06905AED4CF730926A58A8C9F3B017679C92084053576687404035663B3E2AE4D862B2D0A6DA2A976EA4E8095D1BCC3206105C55A67D1C6722EF59F01D31930614B96ABB72AC5B548C3682EDFA8981652F952E7E74E806D9ED80DE37A868969BB434B7406CCDD5397CE860EDC093035778BB33C5C6E53077BB048ED51DA0E8FB6621166690B4B4336316344C7606C9FD25D5C96542A93DC09B0A8F040E4CD8E872FAD34985B5486DE9FE44825D9CACF5D00537BB738A580FD0F0000FFFF8AB407BA000008A949444154ED9D096C154518C7FF8F96A3208572B4A5400B48ADDC14B1821C8A462E090946620A28060288A008F1C403452311225A14A3081E049040C44814AD1A2050A4152C787043B95B40B1582850A0D46FB6BC47FB8E9D69DD5DDEEE7E93F0D89D99FD66E6BFBFCECECE9BF99EA78C02748267EA5A2DB5EC9D7B7472C9933EDF7A028F2EDF0594FA1517E1C19211ED31B25B5C502333320F62E6F70783A61919F9F28056F0783CD2B2C6F64CC0EC216D3162D94E64EEF85B5A0555BB52430A1944593307B6099A3363E3513CB56A5FA5B4771F48C6943E2D2BC5A99EA872E1B9E180451260E9F6014CF50678F3316016F560A557CBD0FB836DC83E52045CBE0AEA2E80A8480C68DD006BC676460D3A0D16C2AD070B5647BDB870012C8774EF313F17B844DA8B50AB06B22775C31D89D1E5E755FC0CBB1ECC5BFF4F7E29C0DFC5971057BF3662EBD5C4A0768DBD4941FF67C082CA123452EF11292E1090651FFE57BBB64752836AC3250C842D605AEBAAF0C180A98B25034CDD923C270326D7A8520EB31E6566D9AD54F96B270C5830552471DC834904AA90CC80551043F5900153550A60C0D4B5F2E564C07C52480F1830A944811918B0404D42C53060A194D18967C074C4F14B62C0FC04513965C054542ACFC380A96BE5CBC980F9A4901E3060528902333060819A848A61C04229A313CF80E988E397C480F909A272CA80A9A8549E870153D7CA979301F349213D60C0A412056660C002350915C380855246279E01D311C72F8901F31344E5D42AC046DE1E8F7B931B610C2D85363288A5E6DEA52D46DA0D668B010BA68A24CE2AC0443516A5B743833A91F82DFFACA4566AC9627DBC5570891A31606AF7A552AED9EB0EE3B96F69D347E9B5A5BE95520D3EA175DBE9B4F924B949942186ADD8ACE2AB68640DBC3DA40DA6DD95E88B32F3C0FB8723DB0C64D9A68FEA367631ED461AFDE55EE0E295EA9A70C775D4F3AE1AD10EC33A35B5A4BD8E01ECC7BDFF60C0E21D282BBE6C8970762DC443FB1BB64EEC8A6ECDEB5BD204C70076B6A414D12F6E08DC4F69898C362A847AB0B2597D2DABB06300138AA5CCC9C1DEFC62CBC4B35D4134767CA2770BCC1B966C59D51D05D87B9B8EE1C9D5FBAFEFE9B34C467B14D4A4511D643DD615294DEB5A566147012654F33CB30EB8E2E776C03239C3B8A05A1198DAAB39E60E6D6B69251D0758C6C66378EADB3CA084DF262B9214D7B80E4EBC7467C5284B8E1D079850ADF3DC2DF8E3D83940DF5F8B2502874B21B27928B3EAE948C084589E17E88D92E7C4346E6E145CDA7D50F4BA14F613AD9A927E1F1A64974A0172A8E2BA4033F6CD1AD442FE0D782C56D4DAB13D98B791DAE3F2D4791A9311686E09E44B4D0CE6A7F6AD9E4F2F2365723C6042AC8C2C1AF87F4DD317C215D465878226DA46608D4D8BC7C2E1B71AC9C8FFB2E50AC0BC0ABDB7E928E6FF5C803D276932B64E44F97486F04166B747680D6A514DFAF0D0BF2B57114B8FC287BBC4E2F97B92D084BE0A0AA7E02AC0BCC217D3B82CE7C8BFC82FBA8C82A2129CB5D9CB407DFABA279EFCA62544D74297849BC20E2AAFCEE27F5B0326BC212EC93D89D1DDE32BB6898F151510FE7047D1B2A388506E2315EDE865B335603DDFCF45F621F2C4470E836FE4ABB89EC0E19AA6DD781AB3F568D5109B27A79A564DDB02F6E9961318B382BC5157F85A882153E3C47BD3B5DC34965BF4600AC6A43553BBB88AB9BC65C9EE4DD8CD83692B58571FB8DE5CEAE63F1A9E82F13D12AEC7F15180020BB2F33161E59E4A2F366F0DBD19CFF64B0AC86B44846D01D3FCE92FA31EECDAD7413131B59135A12BDAC7D5334217C7DAD8496FD0BD3FDA8EC2C292F236D2F4C667B4C2D5AC71AC6D01FB6ED7690C5E423B7BCED30A56EABD1E4A8DC5F2511D1C0B86910D4B5FB203CB734F95FF71D6AD8935A3DA4BBD7857B77CDB02261A3C70E1EFC8DC7D9AE684222C5DA5595DB1C3E93AED6B349A741E90D218DF8FEB6C5AD56C0D98981FFD62DBC9903F2F639A6A0E31BC94A678D253E342FEB88511CDB43560460860860DEFFC9CB06DF63C9319F537D2260366A49AD76CF9E6E7E8DCEC792613AA6FA84906CC50398180F93993E7990CAEBEE1E61830832535FAE7F00CAE9EE5E61830832537FAD7CA0CAE9EE5E61830132437F2D7CA4CA89EA52619304BE5765F610C98FBEEB9A52D66C02C95DB7D853160EEBBE796B69801B3546EF715C680B9EF9E5BDA6206CC52B9DD579871803DBB9EF61C5EC5F9D977234A6CA9E2E07A05CE5CB88298E91B688BA0DCE99D74C97493993FE374E1451C9DD10B2D1AD676BDB82C00B09DBC70A7CED98214DA5AB7FB99345D49A480692B080E9CC1DA49A9E8D73646D71827BA43810F371FC7C4157BF020AD395BF988FE6A632960D3BFCBC3AC1F0EE1D541AD31A37F6B7728C8ADD455A0CFFC6DC8DA5F8855633A49BD5A4B015B7FA010FDDEDF868E2DEBE38F69B7EB16CC89CE5720F7F859DCF6F616202A12175FEB8DDAE4ED472F480113CB9793666DC6B1BF2E20676A77A42546EBD9E334072B20367AF5A2DE6B33753A190F24E3C93E722F3F52C0845EF3361EC59455FB70D72D8DB08E9CCD0A872F1CDCA7C0EB3F1EC22B6BF290DCAC1E763E9D864805D7044A809590A797F6D42DE69D28C682876EC538DE04EB3ABAB4FDAA4B693B21792FFA734A77748857DBA7AA049850F3972345B823E35772AB027C33B633EE6FD7D87522BBB1C1E2B1F8C64FE53D97D8A69439BE0BFAA73452964219306151FBDD20413139D77873501BDA969E68AA0717E556704653141003FAC95FEDD7C65C625235F3D18E55824B54AA4A80890B16E61460DCCADD9AE79BA4D8BA98D43301F7DD128356315168486F161CECAB8098A13F547801D9878BB094768867D1601ED4838931D7578F74547E2C5654A0CA80898B7F2F388774EAC9761E2797E21C9CAB40DD48640C6C8DC77BB5501AD00713A25A800943E2D9BC21EF0C3ECEC9476EFE39EC3A7D91DD8B0753D84E71F4184CA19FA5E9448E6646904F90C134CE96CD73C99A576DC06486399D15100A3060CC81A90A3060A6CACBC6193066C05405183053E565E30C183360AA02FF01B372F1CFE31089130000000049454E44AE426082),(75,'image/png','file',0x89504E470D0A1A0A0000000D494844520000009800000098080600000018C2202100000C48694343504943432050726F66696C65000048899557075C53D71A3F776492B002119011F612654F1921AC08023205172109248C18128288DB52AA60DD22022E9C88C5562B2075A2D65914B775BC2845A5528B03172AEF6440ADFDBDF77EEFE3776EFEF73BDFF7FF06E7DC7B0F007AF53CA9B400D507A050522C4B8A0E674DCEC86491BA0102A8F0CF1658F2F872293B31310E4019FEFDBBBCBE01ADA15C755371FD73FEBF8A814028E7038024429C2D90F30B21FE1100BC9C2F95150340F4877ADB59C552159E0AB1910C2608B154857335B85C85B335B8466D9392C481782F00641A8F27CB0540B70DEA5925FC5CC8A37B0B627789402C01408F0C71085FC413401C03F198C2C2992A0CED8053F6673CB97FE3CC1EE1E4F17247B0A616B59023C47269016FF6FFD98EFF2D85058AE1180E70D044B2982455CDB06FB7F267C6AA300DE23E49767C02C48610BF150BD4F610A35491222655638F9AF3E51CD833C084D85DC08B8885D81CE22849417C9C569F9D238EE2420C57085A2A2EE6A6687D9708E591C95ACE7AD9CCA484619C23E3B0B5BECD3C993AAECAFE94223F95ADE5BF25127287F95F958952D2353963D412715A3CC4BA1033E5F9C9B11A1BCCAE4CC4891FB691299254F9DB411C289444876BF8B1E939B2A824ADBDAC503E5C2FB64424E6C66B716DB1282546CBB397CF53E76F02719B50C24E1DE611CA27C70DD7221046446A6AC72E0B25A9DA7A31A5B4383C49EBFB425A90A8B5C7A9C2826895DE0662737949B2D6170F29860B52C38FC74B8B13533479E2D979BC09899A7CF0521007382002B080028E6C3013E40171675F6B1FBCD3CC44011E90815C20046E5ACDB047BA7A4602AFC9A00CFC019110C847FCC2D5B3425002F51F47B49AAB1BC851CF96A83DF2C123880B412C2880F70AB59764245A1AF80D6AC4FF88CE87B916C0A19AFBA78E0D35715A8D629897A5376C498C2446106388514467DC0C0FC183F038780D83C313F7C70386B3FDCB9EF088D0457848B84E50126ECF102F967D510F0B4C044A18214A5B73F6E735E30E90D5070FC783213FE4C699B81970C3BD6124361E0A63FB402D479BB9AAFA2FB9FF56C3675DD7DA51DC29286514258CE2F4A5A7AE8BAECF088BAAA79F7748936BF6485F3923335FC6E77CD66901FC8DFDD2125B821DC0CE6027B073D861AC15B0B063581B76113BA2C223ABE837F52A1A8E96A4CE271FF288FF118FA78DA9EAA4DCBDC9BDD7FD8366AE5858AA7A3E02CE4CE96C99385754CC62C327BF90C595F0C78E6179BA7B0400A07A8F681E532F99EAF703C23CFF972E5F09806F17DC6382BF748222000EC1BD6FE0F597CEA1026E21B89F8E55F315B2128D0E575D08F0EDA407779429B0846F2927588F27F00541200C4482092001A4800C301D765904D7B30CCC0273C1225001AAC04AB00ED482CD601BD80DBE03FB412B380C4E809FC10570195C0777E0EAE9014F413F780D0611042121748481982256883DE28A7822FE48081289C4214948069285E422124481CC45BE42AA90D5482DB21569447E400E212790734817721B7980F4222F90F72886D25023D4027540C7A1FE281B8D4553D069682E5A8496A1E5E872B4066D40F7A22DE809F4027A1D55A24FD1010C603A1813B3C6DC307F8C83256099580E26C3E663955835D6803563EDF0FF7C1553627DD83B9C88337016EE0657700C9E8AF3F1227C3EBE0CAFC577E32DF829FC2AFE00EFC73F11E80473822B2190C0254C26E41266112A08D5849D848384D37037F5105E13894426D191E807776306318F3887B88CB891B88F789CD845EC260E90482453922B29989440E2918A4915A40DA4BDA463A42BA41ED25BB20ED98AEC498E22679225E4C5E46AF21EF251F215F263F220459F624F09A424500494D9941594ED9476CA254A0F65906A4075A4065353A879D445D41A6A33F534F52EF5A58E8E8E8D4E80CE241DB1CE429D1A9DEF75CEEA3CD0794733A4B9D038B4A934056D396D17ED38ED36ED259D4E77A087D133E9C5F4E5F446FA49FA7DFA5B5D86EE585DAEAE4077816E9D6E8BEE15DD677A143D7B3DB6DE74BD32BD6ABD037A97F4FAF429FA0EFA1C7D9EFE7CFD3AFD43FA37F5070C18061E0609068506CB0CF6189C337862483274308C341418961B6E333C69D8CDC018B60C0E83CFF88AB19D719AD16344347234E21AE51955197D67D469D46F6C68EC6D9C665C6A5C677CC458C9C4980E4C2EB380B982B99F7983F97E94C528F628E1A8A5A39A475D19F5C664B4499889D0A4D2649FC97593F7A62CD348D37CD355A6ADA6F7CC703317B34966B3CC36999D36EB1B6D343A68347F74E5E8FDA37F3547CD5DCC93CCE7986F33BF683E606169116D21B5D86071D2A2CF926919669967B9D6F2A865AF15C32AC44A6CB5D6EA98D5EF2C63169B55C0AA619D62F55B9B5BC7582BACB75A775A0FDA38DAA4DA2CB6D96773CF966AEB6F9B63BBD6B6C3B6DFCECA6EA2DD5CBB26BB5FED29F6FEF622FBF5F667ECDF38383AA43B7CE3D0EAF0C4D1C491EB58E6D8E478D789EE14EA54E4D4E074CD99E8ECEF9CEFBCD1F9B20BEAE2E32272A973B9E48ABAFABA8A5D37BA768D218C09182319D330E6A61BCD8DED56E2D6E4F6602C736CDCD8C5635BC73E1B67372E73DCAA7167C67D72F7712F70DFEE7EC7C3D06382C7628F768F179E2E9E7CCF3ACF6B5E74AF28AF055E6D5ECFBD5DBD85DE9BBC6FF9307C26FA7CE3D3E1F3D1D7CF57E6DBECDBEB67E797E557EF77D3DFC83FD17F99FFD900424078C08280C301EF027D038B03F707FE19E416941FB427E8C978C7F1C2F1DBC77707DB04F382B7062B43582159215B4294A1D6A1BCD086D08761B66182B09D618FD9CEEC3CF65EF6B370F77059F8C1F0379C40CE3CCEF1082C223AA232A233D2303235B236F27E944D546E5453547FB44FF49CE8E3318498D898553137B9165C3EB791DB3FC16FC2BC09A76269B1C9B1B5B10FE35CE26471ED13D1891326AE997837DE3E5E12DF9A0012B8096B12EE253A261625FE348938297152DDA447491E497393CE2433926724EF497E9D129EB222E54EAA53AA22B5234D2F6D6A5A63DA9BF488F4D5E9CAC9E326CF9B7C21C32C439CD19649CA4CCBDC9939302572CABA293D537DA6564CBD31CD715AE9B473D3CDA6174C3F32436F066FC6812C42567AD69EAC0FBC045E036F209B9B5D9FDDCFE7F0D7F39F0AC2046B05BDC260E16AE1E39CE09CD5394F728373D7E4F68A4245D5A23E31475C2B7E9E1793B739EF4D7E42FEAEFCA182F4827D85E4C2ACC243124349BEE4D44CCB99A533BBA4AED20AA9B228B0685D51BF2C56B6538EC8A7C9DB8A8DE007FB458593E26BC583929092BA92B7B3D2661D28352895945E9CED327BE9ECC76551653BE6E073F8733AE65ACF5D34F7C13CF6BCADF391F9D9F33B16D82E285FD0B3307AE1EE45D445F98B7E59ECBE78F5E2575FA57FD55E6E51BEB0BCFBEBE8AF9B2A742B641537BF09FA66F3127C897849E752AFA51B967EAA14549EAF72AFAAAEFAB08CBFECFCB71EDFD67C3BB43C6779E70ADF159B5612574A56DE5815BA6AF76A83D565ABBBD74C5CD3B296B5B672EDAB7533D69DABF6AEDEBC9EBA5EB15E591357D3B6C16EC3CA0D1F6A45B5D7EBC2EBF6D59BD72FAD7FB351B0F1CAA6B04DCD9B2D36576D7EBF45BCE5D6D6E8AD2D0D0E0DD5DB88DB4AB63DDA9EB6FDCC0EFF1D8D3BCD7656EDFCB84BB24BB93B69F7A946BFC6C63DE67B5634A14D8AA6DEBD53F75EFE2EE2BBB666B7E6ADFB98FBAABE07DF2BBEFFFD87AC1F6EEC8FDDDF71C0FF40F38FF63FD61F641CAC6C415A66B7F4B78A5A956D196D5D87261CEA680F6A3FF8D3D89F761DB63E5C77C4F8C88AA3D4A3E547878E951D1B382E3DDE7722F74477C78C8E3B27279FBC766AD2A9CED3B1A7CFFE1CF5F3C933EC33C7CE069F3D7C2EF0DCA1F3FEE75B2FF85E68B9E873F1E02F3EBF1CECF4ED6CB9E477A9ED72C0E5F6AEF15D47AF845E397135E2EACFD7B8D72E5C8FBFDE7523F5C6AD9B536F2A6F096E3DB95D70FBF9AF25BF0EDE59789770B7F29EFEBDEAFBE6F71BFEE5FCAF7D4A5FE59107110F2E3E4C7E78A79BDFFDF437F96F1F7ACA1FD11F553FB67ADCF8C4F3C9E1DEA8DECBBF4FF9BDE7A9F4E9605FC51F067FD43F737AF6E39F617F5EEC9FDCDFF35CF67CE8C5B297A62F77BDF27ED531903870FF75E1EBC137956F4DDFEE7EE7FFEECCFBF4F78F07677D207DA8F9E8FCB1FD53ECA7BB43854343529E8CA7FE14C0E04073720078B10B007A06008CCB0050A768CE796A413467533502FF096BCE826AF10560C7420054C78184E3006C82C301DEEB8501A0FA544F0903A897D7C8D08A3CC7CB53C34583271EC2DBA1A197160090DA01F8281B1A1ADC3834F4713B4CF63600C78B34E74B9510E1D9604B800A5DF736025FCABF01C3A17B33AF6C79AA0000000970485973000016250000162501495224F00000019D69545874584D4C3A636F6D2E61646F62652E786D7000000000003C783A786D706D65746120786D6C6E733A783D2261646F62653A6E733A6D6574612F2220783A786D70746B3D22584D5020436F726520352E342E30223E0A2020203C7264663A52444620786D6C6E733A7264663D22687474703A2F2F7777772E77332E6F72672F313939392F30322F32322D7264662D73796E7461782D6E7323223E0A2020202020203C7264663A4465736372697074696F6E207264663A61626F75743D22220A202020202020202020202020786D6C6E733A657869663D22687474703A2F2F6E732E61646F62652E636F6D2F657869662F312E302F223E0A2020202020202020203C657869663A506978656C5844696D656E73696F6E3E3135323C2F657869663A506978656C5844696D656E73696F6E3E0A2020202020202020203C657869663A506978656C5944696D656E73696F6E3E3135323C2F657869663A506978656C5944696D656E73696F6E3E0A2020202020203C2F7264663A4465736372697074696F6E3E0A2020203C2F7264663A5244463E0A3C2F783A786D706D6574613E0A599EF9470000001C69444F5400000002000000000000004C000000280000004C0000004C000006BB5C1F326900000687494441547801EC9D7D4C55651CC7BF5760BCFB02CA458724844A8A0A65A8234B6D9A6073D3958DCA9795B9CA96D9B23637B36C8DCDB2B2E956D11FE52CEDCD5CCDD44AB46CE04B4A9A2FA18298E13BBEA4022941BFC38281E7F0DCF35C76AF1CEEF7F9877B9F9773EEF9F0D9F33CF7DCF3FC1E57BD243091808F08B828988FC8F2B00D04281845F029010AE653BC3C3805A3033E2540C17C8A9707B72D98F15DF3A7B20BC8DF7E12BB2AAEA0E47C0D50534B821D91405810FAC58461B03B0AB9197198705B2C42833B7975A5B604DB7BF20A723F39800322165300128808C63BE393303B2B01C19D5C5A003C0A96BFED04667D5902FC5B8F5BE222F0CC885E18DB2F067DC4F02E61C15A2763656710B8242353B98C5045C72EE1D3E233D87AE4022023584ACF48AC9D968681F191B62F4429D88A5F4F61BAF45C0872212F2719F346252248D360DB9F8415DB2D81E28ACB98FDF51114958A68327C6E9C3108E3FAC7D8FABCAD0AB6E3CFBF316CE92E407AC4758F0F468E8CC34C814BC09883BFBEA91C0BD69501D2C96C9C35C496649682FD535B87014B76A2ECD4557CF0502A9E18DE2B70C9F2CA5B10F85846B519C6A8263DD9BE39433D0E979682BDBBF538E6AC398C7B64AEB5F9C974B8F4E6752D3E10DF743C02AFFD508E97BF2B6B98931D7C215339F1370956275D61625E112ACE5663FBDCA1C84CECDCF108F18ADA44C0182EB3961737CCC9964EEE8B6747F66EF57826C1B6C8446EF4B262A4F58EC6EFCFDFD96A4316043681DD32F1BF43A651080F46CDAB77B57A9FCC24D8FCF565C8FBBE1CAF642761E1B8A4C0A6C8AB57121829BDD82F720B63CD63833069500FCBBA26C1462CDB8D6DA51751303B03A353BA59366226091804DE2BAAC0539F97E0810C37BE9836D0128A49B0EE8B0A5179A106C7176621A16BA8652366928041E0B7139791F1C64EF4EF15853FE6655A423109E67A710B70BD0E558B47213CC4BBDF9F2CCFC4CC0E47E062752DBACDFF596E5904A33EEF6ECBEB330B36B7A0A162FDDB632C1B3093049A137079F0858235A7C5D7DA042898363236D02140C17468B1AE36010AA68D8C0D740850301D5AACAB4D8082692363031D02144C8716EB6A13A060DAC8D840870005D3A1C5BADA042898363236D02140C17468B1AE36010AA68D8C0D740850301D5AACAB4D8082692363031D028E12CC5870B2AAF8340E9DADD2B9C680ADDBBB6B18C6A47445726CF84D63E028C1B23FDC8B0D259540AD98C6E49980ACB88FEB128A3727DC8AA9B7BB3DD7F7410DC708B6FE60257256CA82CEAAEB3EC0D0C10F191A841553526F8A648E11AC61C5F0AA8380314E326913704B309AC2A733FC3E5C3A46B0C59B8FE1A56F4AB5C1B2C1FF0464B8CC7F30153387F5F42B12C708B670E3512CDA70D4AF703ADAC916DCD7078BC627FBF5B228985F71DFDC935130057FF6600A38368B289802140553C0B15944C114A02898028ECD220AA60045C114706C16513005280AA68063B3888229405130051C9B45144C012A100473C786213D3E0A9909510A12EAA24DA59750688415B74814CC024A63562008961C1F8147D3DBF6A3F48F472E52B0466974FE0682603A3CBCA9CB1E4C418D8229E0D82CA2600A50568235CE59BA4784E0D0B92AEC3C2D0F223AF8719E2189D198D8C60D2D38075348A42AB2126C727A1CBE9A9ED6D46CB53CED9ABB5A1EE9B956D794E7A417293D2390D0390CD764DF276FD3A1F3D53867EC746791D883594069CCB2126CEEE844BC3531A5B14AC3DF491FEDC3DA3D675AE439E54DB43C7DEA969DCB7A488FEC6D3A2CF173299817F4AC049B228F017F36B565F4E2B4253BB0FF2F676E2BC86F912286A7E77BBC70C756132BC1EE97D8EBDF4A0CF6C674EFFB7B5060ECF825418A99CC0438449A9934E558091627372607F688447C54088C4D51F71BAB8D1C3AFF6ABA501FBEA0600AB84B6503AEE764032E262F09C823D32B1F1E8047FCBCBAC8D388D76EA24C6F97FD29872FDFCD1E4AD72F63835889533FBE4F17AC9B39D8D8CAD1AFC9318219540CC9B6C936BE9557B974CD8E2551B25CCD1D1D8AB8C81064B7F1FE9A9DF359D57194605617C0BCF64D8082B5EFFF8FE33F9DA304636C0A3DDF189B428F17189B4213186353D807C6D814F659996A32368509892983B1294C48B432189BC2032EC6A6F000C853316353A80959FD54A46EC1D21B09F0A7A21B89347B4FC19AC1F0F225055380A3600A38368B289802140553C0B15944C114A02898028ECD220AA60045C114706C16513005280AA68063B3888229405130051C9B45144C012A1004EB2BCBD6C6A6C420565616799B9CB62EF23F000000FFFF855E44D1000006E149444154ED9D7B6C14451CC7BF47DBF4FA00FAA0778540696B79485BDA2AF208A21603B66048208A01C2230846C18818C58444513492A0686A2051E10F2510506231BE00C54280D0966A2B155A1E6D299496676981D256A9D4D922472F3B37BBD7BB9B766F7FFB4FF7E637BBB3F3994F7666F77A339676B6A1D366599ED7F1A9FD93899D527DBFBB6ACF19ACDE7DC6F705756309E983FB60DA83D11E5DC1DE8A461CAE68E09EE3ADA7E2B13A2B911BF355A2962F1612CC57E8E59F9704133037C31D4C507DAF84483001469E60F6682BD263C3D12F3408A7AE36A3E85233D07C5B70969E1D4A8BEBED7117F95BE575EA22BBD2CC3CC166A4DBF0EDFC14C7E9B6975CC2ACEDE5C03F771C6946DA89ED67457C5F2B7A592C5DBEEC53D75A70F55A2BF778BA8371B1DC4DE409B63C330E1F4F4B723A6AFA97C7F0DDD1CB4E6946F9704FB0AEEB059C6E6825C1BAD2E03CC1663E64C7D773939D4E97B2EE088E9F6F724A33CA077A8A642DA5F5D8E9ABC6E409F6746A0C7E5898EA28F2C9CF8F22AF923DA2DF366617E9A8888F76A88B1480E509666383FCE49830C48607A1F442138E5F61837C838EBF0455F75A880413A0CC39588357734F0B7250484820C0822DB347600E1B56C8DCB47ABC1EF3A2B5F0DC0D8CDD504C772877EDE8C51E19AC81C88AEF8B9F168D644FA8EE9EC0B3FC86114CA9A62259C1D9EBA8BF65DC775D9E35977B47870707C0DE3B18B6B020647BF815947B25DFCF6D28C1EE5F36ED1985000966949632E8751A4AB03BECFF3AB6B1B7F5A794A745DA34090C8AB06262520412A34334F3FA2A83A104CBDE548ADD27EB8136A7FF20F2151BE39F973D39DAFA06E3A3A90F60AEE4A7C77BF00C23D8AEF27A4CD95266E82FB3EF4197FE970DF637CF1CDE2D921946B0AF7EBF8805DBD817D94A3F499BDB04EC51561C5E9221BDBB348C606BF79DC59BDF57BA0D960EF89F00EB2E373E3B1C8BC6F4978AC43082F1BE2A924ACA0F0AA3AF8A048D488209E0E80C916002502498008ECE10092600458209E0E80C916002502498008ECE10092600458209E0E80C916002502498008ECE10092600458209E0E80C9160025066106C48FF504C4A8A427468A080843844BF8B14F37119358360F4AB22D6FC5AAFFE5D1AE261C00C82798848F370EA2205884830011C9D21124C008A2798BFCD4D91181B8A3969360105ED108DC1B4197173F004F3B7B929C22382111B12C07EA411CC65A02791E6A6D0438993872798BFCD4D91C4EE6003D9E4277FB775FD97E9343705471E3D493CC1686E0A35399AE150CD44570A4F309A9B42173A47261AE43B50A8777882D1DC146A4EA214124C4087E6A610C0D113A2B929C494686E0A311F97519A9BC2251A5580E6A650211126D0DC14423C14F407025A5F2DF698E99BFC01B619EB408299B1D525D699049308DB8C459160666C75897526C124C23663512498195B5D629D493089B0CD58140966C656975867124C226C3316458299B1D525D699049308DB8C459160666C75897526C124C23663512498195B5D629D493089B0CD58140966C656975867F7055BB1BF6345D9E6B54F2024A897C44BA5A28C46A0B1A50D912B0F742C27D8BEE631EEE5ABFEE1B0DFEAC3A8670B8FD7AC1A8F81EC97C8B411015704FEACBB898C0F8B306C40384EBC319A9B4D25D8B8F5C528A86C44DED20C642645720FA24422A010F82CBF162F7D7312CF64D8B1635E32178A4AB095BBAAB0E6976ABC939D80559313B80751221150084CD8508243150DC85D988AE9A9315C282AC1F6573620737D095206F5C65FAF3DC23D8812894071ED4D3CBCAE08080944EBBB8F2238903F5E5709A6AC4535784D3ECE5F6941E1F251181DD7876812012702EDCC91F1ECEE95CF6E46393386E09509839CE29D3FA80453829F1EACC1B2DCD3787C6814F6BD980E8BE485C63B5F20EDF73C02EFFD5A8DB77FAEC290FE61287B7D3402052BD1730553A6171AC16E7F55176FE18BE78663F1D8013DAF967445DD42A063D9C5AD6C5D4F6B008E2D1B85E4D830E1757005538E3872EE06C6E4FCC1266D057E7C7E24A676D3AAF6C2ABA7A034024AB7F8FEDEBB772EB03BD69E17D23079589466F92E05538EDCCC16099DAFD8CA26D6F8203B112B32E31020B81D6A9646190C494019D0BFBCB3A263CC056B20F62C48D125975259A1604A864D8517B078C709E0DF760CB68562E9B80198343412F1912188604F10B4F91F01E50D7D75430B0ACEDEC0D6E2CB38C406F360773065CCB5735E8A66B7D89988A6604AE6D20B4D98C5EE6465B54D9D8FA57DB310600B47E4642560C9F881C2013D0F872EC19403953EF84055233616D6A1B8AE09E5F5AD406B1BEF9C94667402AC1B1CC6D6004FB5876176860D53D8F8DBD57B2EADAAEA164CEB441427023C0224188F0AA5798D0009E6359474221E01128C4785D2BC468004F31A4A3A118F0009C6A342695E23F01FAEF363C04D8627010000000049454E44AE426082),(78,'image/png','file',0x89504E470D0A1A0A0000000D494844520000009800000098080600000018C2202100000C48694343504943432050726F66696C65000048899557075C53D71A3F776492B002119011F612654F1921AC08023205172109248C18128288DB52AA60DD22022E9C88C5562B2075A2D65914B775BC2845A5528B03172AEF6440ADFDBDF77EEFE3776EFEF73BDFF7FF06E7DC7B0F007AF53CA9B400D507A050522C4B8A0E674DCEC86491BA0102A8F0CF1658F2F872293B31310E4019FEFDBBBCBE01ADA15C755371FD73FEBF8A814028E7038024429C2D90F30B21FE1100BC9C2F95150340F4877ADB59C552159E0AB1910C2608B154857335B85C85B335B8466D9392C481782F00641A8F27CB0540B70DEA5925FC5CC8A37B0B627789402C01408F0C71085FC413401C03F198C2C2992A0CED8053F6673CB97FE3CC1EE1E4F17247B0A616B59023C47269016FF6FFD98EFF2D85058AE1180E70D044B2982455CDB06FB7F267C6AA300DE23E49767C02C48610BF150BD4F610A35491222655638F9AF3E51CD833C084D85DC08B8885D81CE22849417C9C569F9D238EE2420C57085A2A2EE6A6687D9708E591C95ACE7AD9CCA484619C23E3B0B5BECD3C993AAECAFE94223F95ADE5BF25127287F95F958952D2353963D412715A3CC4BA1033E5F9C9B11A1BCCAE4CC4891FB691299254F9DB411C289444876BF8B1E939B2A824ADBDAC503E5C2FB64424E6C66B716DB1282546CBB397CF53E76F02719B50C24E1DE611CA27C70DD7221046446A6AC72E0B25A9DA7A31A5B4383C49EBFB425A90A8B5C7A9C2826895DE0662737949B2D6170F29860B52C38FC74B8B13533479E2D979BC09899A7CF0521007382002B080028E6C3013E40171675F6B1FBCD3CC44011E90815C20046E5ACDB047BA7A4602AFC9A00CFC019110C847FCC2D5B3425002F51F47B49AAB1BC851CF96A83DF2C123880B412C2880F70AB59764245A1AF80D6AC4FF88CE87B916C0A19AFBA78E0D35715A8D629897A5376C498C2446106388514467DC0C0FC183F038780D83C313F7C70386B3FDCB9EF088D0457848B84E50126ECF102F967D510F0B4C044A18214A5B73F6E735E30E90D5070FC783213FE4C699B81970C3BD6124361E0A63FB402D479BB9AAFA2FB9FF56C3675DD7DA51DC29286514258CE2F4A5A7AE8BAECF088BAAA79F7748936BF6485F3923335FC6E77CD66901FC8DFDD2125B821DC0CE6027B073D861AC15B0B063581B76113BA2C223ABE837F52A1A8E96A4CE271FF288FF118FA78DA9EAA4DCBDC9BDD7FD8366AE5858AA7A3E02CE4CE96C99385754CC62C327BF90C595F0C78E6179BA7B0400A07A8F681E532F99EAF703C23CFF972E5F09806F17DC6382BF748222000EC1BD6FE0F597CEA1026E21B89F8E55F315B2128D0E575D08F0EDA407779429B0846F2927588F27F00541200C4482092001A4800C301D765904D7B30CCC0273C1225001AAC04AB00ED482CD601BD80DBE03FB412B380C4E809FC10570195C0777E0EAE9014F413F780D0611042121748481982256883DE28A7822FE48081289C4214948069285E422124481CC45BE42AA90D5482DB21569447E400E212790734817721B7980F4222F90F72886D25023D4027540C7A1FE281B8D4553D069682E5A8496A1E5E872B4066D40F7A22DE809F4027A1D55A24FD1010C603A1813B3C6DC307F8C83256099580E26C3E663955835D6803563EDF0FF7C1553627DD83B9C88337016EE0657700C9E8AF3F1227C3EBE0CAFC577E32DF829FC2AFE00EFC73F11E80473822B2190C0254C26E41266112A08D5849D848384D37037F5105E13894426D191E807776306318F3887B88CB891B88F789CD845EC260E90482453922B29989440E2918A4915A40DA4BDA463A42BA41ED25BB20ED98AEC498E22679225E4C5E46AF21EF251F215F263F220459F624F09A424500494D9941594ED9476CA254A0F65906A4075A4065353A879D445D41A6A33F534F52EF5A58E8E8E8D4E80CE241DB1CE429D1A9DEF75CEEA3CD0794733A4B9D038B4A934056D396D17ED38ED36ED259D4E77A087D133E9C5F4E5F446FA49FA7DFA5B5D86EE585DAEAE4077816E9D6E8BEE15DD677A143D7B3DB6DE74BD32BD6ABD037A97F4FAF429FA0EFA1C7D9EFE7CFD3AFD43FA37F5070C18061E0609068506CB0CF6189C337862483274308C341418961B6E333C69D8CDC018B60C0E83CFF88AB19D719AD16344347234E21AE51955197D67D469D46F6C68EC6D9C665C6A5C677CC458C9C4980E4C2EB380B982B99F7983F97E94C528F628E1A8A5A39A475D19F5C664B4499889D0A4D2649FC97593F7A62CD348D37CD355A6ADA6F7CC703317B34966B3CC36999D36EB1B6D343A68347F74E5E8FDA37F3547CD5DCC93CCE7986F33BF683E606169116D21B5D86071D2A2CF926919669967B9D6F2A865AF15C32AC44A6CB5D6EA98D5EF2C63169B55C0AA619D62F55B9B5BC7582BACB75A775A0FDA38DAA4DA2CB6D96773CF966AEB6F9B63BBD6B6C3B6DFCECA6EA2DD5CBB26BB5FED29F6FEF622FBF5F667ECDF38383AA43B7CE3D0EAF0C4D1C491EB58E6D8E478D789EE14EA54E4D4E074CD99E8ECEF9CEFBCD1F9B20BEAE2E32272A973B9E48ABAFABA8A5D37BA768D218C09182319D330E6A61BCD8DED56E2D6E4F6602C736CDCD8C5635BC73E1B67372E73DCAA7167C67D72F7712F70DFEE7EC7C3D06382C7628F768F179E2E9E7CCF3ACF6B5E74AF28AF055E6D5ECFBD5DBD85DE9BBC6FF9307C26FA7CE3D3E1F3D1D7CF57E6DBECDBEB67E797E557EF77D3DFC83FD17F99FFD900424078C08280C301EF027D038B03F707FE19E416941FB427E8C978C7F1C2F1DBC77707DB04F382B7062B43582159215B4294A1D6A1BCD086D08761B66182B09D618FD9CEEC3CF65EF6B370F77059F8C1F0379C40CE3CCEF1082C223AA232A233D2303235B236F27E944D546E5453547FB44FF49CE8E3318498D898553137B9165C3EB791DB3FC16FC2BC09A76269B1C9B1B5B10FE35CE26471ED13D1891326AE997837DE3E5E12DF9A0012B8096B12EE253A261625FE348938297152DDA447491E497393CE2433926724EF497E9D129EB222E54EAA53AA22B5234D2F6D6A5A63DA9BF488F4D5E9CAC9E326CF9B7C21C32C439CD19649CA4CCBDC9939302572CABA293D537DA6564CBD31CD715AE9B473D3CDA6174C3F32436F066FC6812C42567AD69EAC0FBC045E036F209B9B5D9FDDCFE7F0D7F39F0AC2046B05BDC260E16AE1E39CE09CD5394F728373D7E4F68A4245D5A23E31475C2B7E9E1793B739EF4D7E42FEAEFCA182F4827D85E4C2ACC243124349BEE4D44CCB99A533BBA4AED20AA9B228B0685D51BF2C56B6538EC8A7C9DB8A8DE007FB458593E26BC583929092BA92B7B3D2661D28352895945E9CED327BE9ECC76551653BE6E073F8733AE65ACF5D34F7C13CF6BCADF391F9D9F33B16D82E285FD0B3307AE1EE45D445F98B7E59ECBE78F5E2575FA57FD55E6E51BEB0BCFBEBE8AF9B2A742B641537BF09FA66F3127C897849E752AFA51B967EAA14549EAF72AFAAAEFAB08CBFECFCB71EDFD67C3BB43C6779E70ADF159B5612574A56DE5815BA6AF76A83D565ABBBD74C5CD3B296B5B672EDAB7533D69DABF6AEDEBC9EBA5EB15E591357D3B6C16EC3CA0D1F6A45B5D7EBC2EBF6D59BD72FAD7FB351B0F1CAA6B04DCD9B2D36576D7EBF45BCE5D6D6E8AD2D0D0E0DD5DB88DB4AB63DDA9EB6FDCC0EFF1D8D3BCD7656EDFCB84BB24BB93B69F7A946BFC6C63DE67B5634A14D8AA6DEBD53F75EFE2EE2BBB666B7E6ADFB98FBAABE07DF2BBEFFFD87AC1F6EEC8FDDDF71C0FF40F38FF63FD61F641CAC6C415A66B7F4B78A5A956D196D5D87261CEA680F6A3FF8D3D89F761DB63E5C77C4F8C88AA3D4A3E547878E951D1B382E3DDE7722F74477C78C8E3B27279FBC766AD2A9CED3B1A7CFFE1CF5F3C933EC33C7CE069F3D7C2EF0DCA1F3FEE75B2FF85E68B9E873F1E02F3EBF1CECF4ED6CB9E477A9ED72C0E5F6AEF15D47AF845E397135E2EACFD7B8D72E5C8FBFDE7523F5C6AD9B536F2A6F096E3DB95D70FBF9AF25BF0EDE59789770B7F29EFEBDEAFBE6F71BFEE5FCAF7D4A5FE59107110F2E3E4C7E78A79BDFFDF437F96F1F7ACA1FD11F553FB67ADCF8C4F3C9E1DEA8DECBBF4FF9BDE7A9F4E9605FC51F067FD43F737AF6E39F617F5EEC9FDCDFF35CF67CE8C5B297A62F77BDF27ED531903870FF75E1EBC137956F4DDFEE7EE7FFEECCFBF4F78F07677D207DA8F9E8FCB1FD53ECA7BB43854343529E8CA7FE14C0E04073720078B10B007A06008CCB0050A768CE796A413467533502FF096BCE826AF10560C7420054C78184E3006C82C301DEEB8501A0FA544F0903A897D7C8D08A3CC7CB53C34583271EC2DBA1A197160090DA01F8281B1A1ADC3834F4713B4CF63600C78B34E74B9510E1D9604B800A5DF736025FCABF01C3A17B33AF6C79AA0000000970485973000016250000162501495224F00000019D69545874584D4C3A636F6D2E61646F62652E786D7000000000003C783A786D706D65746120786D6C6E733A783D2261646F62653A6E733A6D6574612F2220783A786D70746B3D22584D5020436F726520352E342E30223E0A2020203C7264663A52444620786D6C6E733A7264663D22687474703A2F2F7777772E77332E6F72672F313939392F30322F32322D7264662D73796E7461782D6E7323223E0A2020202020203C7264663A4465736372697074696F6E207264663A61626F75743D22220A202020202020202020202020786D6C6E733A657869663D22687474703A2F2F6E732E61646F62652E636F6D2F657869662F312E302F223E0A2020202020202020203C657869663A506978656C5844696D656E73696F6E3E3135323C2F657869663A506978656C5844696D656E73696F6E3E0A2020202020202020203C657869663A506978656C5944696D656E73696F6E3E3135323C2F657869663A506978656C5944696D656E73696F6E3E0A2020202020203C2F7264663A4465736372697074696F6E3E0A2020203C2F7264663A5244463E0A3C2F783A786D706D6574613E0A599EF9470000001C69444F5400000002000000000000004C000000280000004C0000004C000010DC93517345000010A8494441547801EC5D077814D516FE432A9B909EDD6C7A2124A144A52852945E8D600404854753A9824F04D1A7EFE913149E0554440101011B4D45449AA2B4205520818454D236BBD94D25D9F4F8CE9D64C8861442B23599FB7DC96C7667EFCC3DF3E79673FEF35FB3BFA9402882057464013301603AB2AC502D670101600210746A0101603A35AF50B9003001033AB58000309D9A57A85C009880019D5A4000984ECD2B54DEAE01C65C80959595A8AAAAE28E0C0E1D3A74E07ECCCDCDB9A30091D659A0DD018C014A995F04D5AD1238589921E356196EE6962129B71455E472F671B082C4CE12216E36809919EC453670B01309606B21CEDA0DC08A8B4B20CB2D44516905365D5062DD5F394071659366EB2CB1C188804E583A40025858C34FECD0E4F9C287F52DD0E601C686C154450EBEBBAAC27751B9B89CAEAE6F8566BCF3423F372C1BE88E2A029A8FAB7D33BE219CC22CD0A601965FA846FEAD424CD99D82C8E45BF59FB88D393A3B58C2DFD11ABE74B4E86086ACA20AEE2752AE4695FA8E1ECEAA033E19E585515D1CE0EFEE0273F30EF5EB14DEA96381360BB0C4CC5C1CBA918D85FB52EB3458EC6485D9F73921CC5D843E9E22A4E69721358F7EE858419330375B4BB88A2C70BF54844C9A9F1D8E2FC07BE75575C01620B6C617E37CD1CB4F4C7334AB3AF50B7FD4B5409B04D84D790E66EC4DC4F184DA5E6B4C8803E63EE84A13780B7C7525179F5CCA6ED61C6CA89F1D5EEC27C1F6CBD978F777791DEB45CE0B4667EAC9DCEC69412094062DD0E600969CA9C2B33FDCC431EA79B8626E86AF9EF4458CAA0407E36FE1525A518386B8DB9B6C0EB6A4BF04CB8E64601701942F97168640EAEA0C77070164BC4D348F6D0A60D7D3B2B1E0A764FC91500DAE71DD1CB13EDC1B53F7A6E0771E709AADBFD7D734075B33C2130F483B62FCAE9BC8A3619595D87F768337F564222B8B7BADB1CD9FDF660096A1CAC3FA4819DEA919C6C6863A62720F474C232068BBB039D8EAA11E58F6AB0CC9CA52AEFAD465DDE1E5EE46AE33336D5FCEA4EB6B130053938FEB484C169ED891C03D8C15233C202F2CC7BA48A54E1FCEAFB38330FF401AE2E42500F56ED7177443A88F9B4EAF696A959B3CC0989F4BAECC86C7BB5739DBBF31C41D2A72A07E7646B7E0E21FF4199AE847EC4C46664E19DE182AC59CBE9EF014FC64BC794CDF0F9622CF46C43709DCE4FD95472528A9FC1B1F9DCABADD407DBCB8BA28147DB726407DAB1C99AF8641E2E6220C95358637E91E8C0D8D9BCEA4E1C5FD69184D6E880934A99F4D137A43948425DDD0F9D358CCE8EE8817FA49D1D35F6C88DB30BA6B9A34C0D2152A04AEBB8EB2C20AC85FED01F7D5D1E022D6863033CDC1F64FF647F88E44442FEA8A106F37F2F49BDFBE13C6D8A8A8A8001BD2F91FF621CFDA60C7B6B84030598015A98BB1E3820CF37E48C1A7E37C7034B1003F46E7DD7EA08678B17C903BD4E59588CB2EC347637DD1C5CB15795CB84A8DF2CA2A2412632397E6872A0A47298BCA616D618600270A53395AC1D3BE3A54550E0B489D6C6165D5362204260B30D67BF97F721D8F788830F301679DB8235A02D28CE53DE0F95E344E3C1B047F271B6C3C9F852D977391915DEDCEE0EA24E7EF63C1F670A3905422518562734A9145475877C0206F5B2CEA2BA6505547886C3AC2CDD1D6A4A94226093035F55E1BFE4CC74B34F73A322B0813F7DE447E7E794BF0A0F5EFCCE8ED822E2ED678EDB00CCC5F9694550BACA93D9D09580E18E86B8703370AA05497733D5880B31577DC17938F23D413B34881A8932516F5A2F3439C10EC6E0F57073BADDFAB3E2A344980A5503868C4F6387876A2C035F55E5375E04C6D8DF159F86808CDC5F26A40DF9D82EA3B27FA11A8F2B19F807532A93646AA791DA98B15963D2CC1385AB0AC3FA7C4FB7F92ABA5AC0AEF8FF5C6D860279AD7B96A9E6E12AF4D0E608C911A9FA142E89A6BD835C51F1F9D55E174230FCC504F6014016412AD6867D18AF6B5C112AEC70A27CA5005CDBD9A5568A85C4281F93E5E76D8745185DFE20A3090888F7BA9BDB69DEC21B2369DF999C901ACA0B0081F1E4FC517C448DD35D117FD3F8F6BD633D3F74907A607C2C3DE0A9B2F665344A1E57EB9EDD4F3B1C5C15BBF66724DF86566101E0A10C3D9CE5ADF4D6AD1F54C0E60297215866E8DC3B430475CA738A026B3A14516D0E1973C692E566772DFC26BCD79C815115D1D31F24B0A8551DE009B77F6F2772390193F83C3A400C686C7D87415BAAFBD86E8C55DD173731CE7036BE17333A9AFF5F2B1C37F0649F0F8F644EEBED93C2F987C6D222B4BA36E8749018C256EAC389A84CD5772B0EF297FF4FDEC86511B57DB371728B62126AD37066F8AE7AA4E210687B79133384C0A6032A2E42C24BE971539C81FF2B4C34BC464686F6518E5034CBBCF11D369D100913962E651D4C0CB78191C2605B0944C251EDD1A8F257DDD703CA5107BAFD6324BDB13D066F771811F4500DE3822C3EB43A478F1116FB818A99FCCA400A6502AE1FE4E14AAFD4C49B719A5ED095C7C5B774CF2C3565A49336A78C2CBDDE12F75354A8FBFC9008C058A2F2429F030ADA40ED1FC6B145B51B5E3D2C1D602D1CF7541D7B5142E0BEC841D1303E12371363A8B182DC078BD085E3B82016CFBC52CAC38256F9713FC8690B37880183614D75C7D5C81DDCF0422BC8714D646E684352A803110A52A0B606956C9E528C651265094A2040AA23FB3F2FE0905C2BC44789798A363B7552FD71B327C7B7AEFF20BA118B82D01EE1DCD71744617F8BA1B5738C92800565151891B1939446529C58B0733F01701AB5E56750D6A8604D91B157BC2D0607ED0D71611A10E587E4886F3E41BBBDF570C0B0BE3C96E3238C052B2F2905B588CE5B4223A4CC1E0BB9589614EE84F6C04C662154AB505FE22600DA2E0FA13410E583DDA0F6267E3D1CE3028C0E2D39578E9601A7EBEDE3051D08F1C8B7D89EFE5D9A9F63FF221E24B45C98BF1F631B980AF1A0B2CEA4F1E7D4B73AC3AA9809C9CAF12B1F1F8C50C06B0D8D42C4CDA9584A88CBA6A378E2442B2FC61319E0E7346726E092EC88A4923A22ED78BCDC584A261019A7FDD9847A1A30FAF611B05C727F5F4848D8D7104C30D02B0C40C25C7E7D224E38156432B87BA633479AA17FF928193698540B9B00989068C9A7CB985E411765DCB83822841BBA70421506A1C2E0BBD03EC4AB202C377C443C928C23585F1A7368FF7C1EBBF65622B29D908E5DE2DD087E6A58C83B6F4A80C3272BC4AC5C6B19AD42BC09249F5E6ADDFD2B1ED422D881690A8482F924A62E43CA1B4C2023402642CED0ECF5551B8B82004F7F94BEA6435B5A2E6567D556F002B5097E2449C1CE11AFEAB0F890A9C4DBCF49577C822B5AA45EDF8CB476775C64272F3CCEBED8AD97DBD6027EA68706BE80D602C501DF0690CAA6A68C36F0E93527A5729BE615AA942D18A05DE264D8E9BC47E2DA2B9EBAA51BEF0953869A5DED654A21780A592AF6BF51F69585FA317F145842FCE66146113F1E985A23D0BF0D9ED6F93BBE2D8744A9BF330BCBB4227006399CB7C0CB1BCBC9CD4670AD0735D0C674926E466676D5E4F2D507B666EBF35595000FC0A05C0BB5100FCDC8250F4E92C35B831B4063006AA9C5B6A28F2D5A02465C8C877954CDD75122595B21C415658D47F5E1F574CF92ED9E00D6FAB37707A6E30FA13AD3A9EFC62011E86A7F0B41A60ACA74A5751801A15D848ABC355679528BD55939E45E95701E4380D70B44137376B3C4FE062FF5D42D19D0522E776C10462BBEE9F1280305F3783C7255B05B06CEAB112E47978EF94A2965D4AC3DFC25E2E18E0638B07BD6C39F5E694BC523A96730C4CDD9956A89959E0674A9763FEC455C33D3024540A4B4BC32685B4186009993938959487997B6E724F96A568FDFB110986D130B89992453FB8905DDB93716708BFF461019647B98D92626651C6FB849E5E0617516911C0A2535558735A862DE7AA5781D37ABA70E9EEDB2EE7607F23816B7D1857B806B0E6316F9CA130DB00F2EC3FF7B037C5240D9B3B79CF00638A820BF7A7DC6640B01898525D8157C8C12714C35BE0759210CD21892857CA385A3ED41F1D3B1AD6D97A4F00CBCCCEE7FC59BC44E54ED24A6089078762EFCEE332BCE9DBC71D2C1928E684ECD8AAFEBFA3022012890CDAF066038C09A9FD14A5C0F45DD52E06267EFB0CC926D5614418B429C2C599054C1260CC1511192FC7231BAA33A9BF21A9C80DC47A389ED8B00C91F0A80D67011E60EF93E08A7C590F1224362CABA2593D58BA3217CF7F9F84833414320D7AB679E796F3B4D78F508CCE02B70146A4CC4EE4F1BE460E57262F60A8725780B14C9F8B948FC874209846D502527A99FCADE08937D403BBEB7549F7356D096956AC8EE24E0D2629CE43D382E04789B986287705582AAD1A9FFC361117520B71767E30C2095C9C9EA821EE56B866B32CC07AAE93D33BE3FE4FAAE3BFA3431CB16E9C1F02DCF5CF726D1260656565F8F6420666EC4EC64CD21EED4CCED47FD5C4159BD552E12483592088B683FE9C36021BFA45B512CFBE7F046250B084DB835C9F37D524C03249CD66DE8F49D8475C6FE5BFC2E0B6B27ABB167DDEA070AD965B6028E5900E0BB4C3AB9433094A0C4921FD7E1F3DCFC79A0458965205095170E7D3BC8B6D37FCF1E9964B41B6DC4CC2375B6301CD15FF5C52257A75B00F7CF4B8B97DA30063C3E381A84C447C95083E422FD3D47A6F4DAB85EFEACF021A296DECA2171786EA9565D128C064CA3CCCA5E131815C121F8DF6C4882DED5BCD467F88D0FE959EA711C88374F7DF2421E1DE24C5B9674A206958B868FF420DD4D828C0622831B6EBDA68AC20DA87E0F76AC0727A7E6B0CE94FF83858218B721A94EA4A9CA40D1B9A5B982AE29A519E18FF5D1212B34AF03BB15EFB0749F442E56910609CEF2B390B7DD7C7E2D49C2E18F02529D9945636B73DC2795AB200035504EDDC3B8E8E6C1790D4FC52B8D95AA28CB62C2CA63D915E3F4AD2E677C94D3E465BDAA4D1D6CF9A7C3C7DF6620D02ACA4A404DBCF65E0BD480536D2527748CD52574B7613AAB98B0558520C0FAAEF63F2F00B818B15E62A3A2753E31AC9297CFD941F76D2E65F3FD10ABFB1C2B6181C4573E80492C09A40A231E732D5248F55BDB50DEBC57AFB3872AA88BA0C88370830555E01961E484649C5DFE843DBA02C3990DE581B84F7B56C818FE91FBAB0ACF2761E035F3D7313314A3ADB907E292911F9D270C97AB767BF6F38619981F4504201F61008D78EF1228605D093BEBB8FC27DBCB6C7CB4410A57C5DBCD45F02B18E62960D022C55918DF15F2760326DAE194DE8DF7149883BF20F5AA747A29B1F7EDA1F2359727255EDD8A7E9835C39D20309B49ADF4A8C61CDF7EFBC2FFEB3881E4E08EF429A6A3599F32C56399E80F90C6D83C8F7664CAD3A7A4E5774D3C17EE30D024C9EA582F483681C991A80C544248CC92CBEF3FE85BFB56D01F2331E263EFDC86F28CEAB31DFE581C25F8E9F97B19E8BF5529A436873CFF1A1049CAF9FF0ADD39B2D1928C1B2C1DE103B69575BAC1EC09836EA891B9918BCF14693FF217C6384A3762CF024CD911E259AF32226AC47608B2021930D8F7B37183DE141A70936CDBBD0041E7FAEE6E7FC6BBE371BB8B17ABFA7CBE4E90FF3936875E7DD7A00632BC8A81425C26949BB66B827267D9BC4DF8F70D4A1053469366B691EE640297F33F7343EBFE27BAE8600C4BFD71800359BD1CFBF13D68DF5A4C4E858FC393F84F640D2AE04673D80B14CECC804055EA089FDEAE1528C612E0AA1E8DC023CC06EE69571DBFF2D6E4222541338ACB7A25DC011AB2CE1EE31C4D586EB819A1A42EF6C0CDB19EE1572C2BEDC8F84FFFA786BD53F560F602C4474F89A9CCB7514B85F773E0ADDFDCD03EC3A01A5A9D5217F077C2FC5FE66AB41CDC2AF1235CFD1FC5CF33503685C7609FE470C58D9CB3DB4AE2BF67F000000FFFF1BCAD5790000155549444154ED5D07981545B63E9398C03081C939C00C41822841091294B0ABA0B088984014E109BAFA4456F719D835BF9555D7C7DB27C187C2EA0AB2B022E8232A411025090A0C3089C9790686098471CFE93B75A9E95BDDB7BB6FDFEB3CE9FABE99DBB7C2E9EAD3FFAD3A75EA9C535E3F61022E353737C3EA83C5F0C90F35705BB71098BDEE0C576A5DBA8B03F38645839797172CDC590615CFF681A8578EA8DE6AD9A414587BBC163E3F5E67AF37A97738ACFDB116A0E527F8758F5098D4230C66AECDB7978B2ED8BDC6F70C83BF8C4F85B4D8CEA26A86F3BCE4006B6A6A82C57B0AE0405103F48A0980A7BF28324CDC6AA89D03FD9383E1B9E1D170C7CA1C1081474E69729F701896120C8F7F5620151150369CA883BAE61678624301F08095B765DF791052FD17C7A5435050102B36E5D301608D8D8DF0DAD65CA8696A81107F2F78F5CB32536E641171CE8175F7A5C3ABBBCA212AC847D3E8F3F6F82408F5F7C69926D43EE2FDA5352F34C007BE3E735E1A1195EECC03D9B300DB960BD58D9721CCDF075EF9B254A97F56BEC91CE047313675A9DEC2DB0B265D13066B8FD6B4A9F6D44D31D2779A6ED5127F0F8F018CA6C8A57B0BE19B827AB82E2E089EFABC50AD8F5699C91C60A3D8ECEB231C642C336FC54F8F44D7630023217FEDE1125871B80AA6E0AFE3C17FA80B89663EB4450BEC023EBD7026F4BB832F72FA1E03D8850B1760FB893258B0BD049EC1879CF4B71C773CDFD54713C58D29DD4321A6A30FEC2D6C84FD67EA1D78209FB2DC0DB03EB14130FD933CA91F4A00BB78F122D01F251F1F1FF0F7F797AEB5FE7310F22F5DBA04DF6697C1345CDE2EBB3D09462E3DA59596554F810361A11D60CDE464F82CEB2C04F979C3A0C42020E5D02B3BCBED40E3C14564E4238C026997B26941403AAA2736A21884AA0DEA436464A4449340555C7516F2AA1B6143964D15D22F3E087AC474847EA9D19AEFEB00B0CB972FC37708B01B979F823D0F7485C1EF66692666551470A083177C36351DC6AFC86E533800550CCFDE142D016D285ECBF55E6FDF960885672FAAAE02DB1034F865F9E41409F86CA140203B7FC94B02D6FCCDC5F05D7EDB9176544608AA51BAA0BE2C5CD31D1D0046ADCA2B2A20E6D5A3B06B5626DCBB2E1FCE54346B22665572E4C0D0F44EF0D8A048B8EBEFB98E85984340E35F22AD240978A873957462C2462667CA474F799FE4B75B3C3105EEBA2E0E42839DEBCC8400CB2FA98411EF9F84DF0E88827D45F5B0EA70DB65B0FC86D677650ECC1810095DC3FDE0D9CD25D2B4473577E437D8A746BE25AD2009583475F2A0E3EBC8AF3362032035D41F5242FDA4A2FCBA8B9057D70CA74A9BE45555BFCB4126AF4CC01F9E6203D49F515777E2C95ED0353E4292CBE475F9EF42809554D6C2639FE582AF37C0A084607872A34D5BCC37B4AEB571802933C7760D41BDA2371C2D6F82A1291D1D643092B992C3FCED9A7935EA9D104C73AEED0CD3FB4540566513D4355D86337517A426C928EF85A09235332240D2042CC6C1A1AEB54C8D26958940C68FA8BBF3CF43EF9840A8C5FB6D3A7D16964CEC02095161AA648500236DFE7FED2E8045FB2A6005EE798D5C7A52958855A8CC01F6D20E3EDA1D46ADCC865A1C6128F132D86E9473480E73A679A776B371BABD31A9231C2AC57774A81A5ACE5FA26C87D421D8570261DFD840D85B701E96ECAB74A823CAA0FEBEBED3A65CA73EC947545AB06CBF3F1DAE5B74A2CDA240448BF28400A315C4DED3E5307C49167CF34837B87D552E9455DB7E214A84AC7C470E3065E653DB4AEC2F455E8B80361C47344ACE34EFABEE4E8363154DF0C7AD257232AADFFF704B1C6444F8C3BDABF254EBB142B613B003472CD154CD7E2C4B6E4D82097DE25455174280D18DF66797C28045C760EEE0286BCB88715EE7279B1E4935C16F4CEB242355DF392B035E46D96C336E681B49E3BA87A05E33164698301B917A63178EBA0D175B9C4E938A002B28AB86E9FFC8812FD1AA226B7626747BEB9891E7BAAADBB0E991BD9035478C2D96B63E940173500E3EA953709733BF5B5C202CFA55028CFEDFD3F2225DDF794B0E7A46A63B13115104186D19AD3A5024697ADF475DC987476B614BABC24D44C8CA6BCB01363D923D169B5298FCD5B6A6FAB7D7C6C5C3D6EC7AD876EAAC7A458DA5376786C02DE9C1F0FBFF2BD6D8C2B11A2F87ADBE275D759A540418912D2BAF80D8D78EC2A0D44E30B96728CCB736BE1DB9AD90C3408562AEA2FCA5D0D49E3D02579E0F5FDF59B3EC646FE8E4E2EF53D3E07FBEAB849DD9E79CD4542E66CFF710DAA5A9D991A902ACB0BC0666E034B9F5641D2CC5D5E43FD18272236741A97CFBABBB849F12F9E9442F57F6E202EBC6E5389DA15AC0D414E40B5F4F4B8721EF1AD70EB06724FD9B6180D1C6F7E2AFCFC06FD7A3D934EA70721EEB09E90B7F30F5597F89C418F349E632BAA7F8E08008480FF787E770BBC61D89A6DE13B843F3C1812A43E4D933BA0430BA737E49050CC77DC97C5C1EFFDB0D51108DD6002F6EB38C109DBD157E0AD1AA40E569EEC685D5DD682A5550E99E6DBA94A800583931096E5AA2CF988114AF730746D84CB3D15C5BC90A833D8BEA1449959A9B2FC0E663A53061856DE5B16C5232FC694FB9CB2B1AD6815FEAE7433802A5E208F43C8E40FF44C5A4DC7A42EDB9FB277784A78746C39D1F89F72FD5DAEA295B8302FA6BBBCBE0009A563B4BBC467F05EE0E30E792C57724C3F41B921475614E014637CEC3BDC9F11F9E861F50654189FD3A8DAC8A240257C1BF5B3243E1FEBE61B80AB7196CF29AFB95DF5F79412256BC34261EF26A9AE1BDEF8C4D5F229AA2BC990323211965A817B6A82B6E15F748D1C6EDC4DC9ED02D294A445ECAD30430D2ECEF3A5906372FBB2214163DD31B12DE4079EC3259145949C481ED333360164E23A7CBAE6C3C13D0E6E0E82679FFB47A04C9DB6E79B02B3C8ADE5C59258DF22253BFF78C0F84B7C626C0585A482824C53D52F407F8FED11ED03B3546B2BC55682EDE2A12552EACA84581331F3ED8DFFAABF2F182F5F7A6C14B3BB4EFFC8BE8FED2F34ECFBB06667E5A005FE1E6309F9890ECA07C45BE16CEEF0589AF1FE5ABBBEDDAD940A1B448F98F91B1F0E44D89101116A2DA374D2318A340663C372DCFBA621F86285E774F1AECC7A9D3F23E625C72FC14C9604A2FAE1F5ABB4E434B897FDFE019679B7770DB67E9C14A385A241E2DE5FD2459EC8DB1F190D639105262231C1F5696A30B60E4045E5C5EE9F0EBA2FDCAC149C1681E520D9B2C6DBF8CC5B6AFBC0C3611FD1CE42F8E351A8B3E8E537B87C18C359E71B65971672A7CF07D356C3BD9768465FDE1FBF9E5C39912B0E22342C0CFCF667FC6EA297DEA02181169BE6093C746BF77451EA3FCAEE805FEECB018188C087FFF5015BCB9BF129ACF5DA2222B711CA0A9B100EDB3E8C72A72EA988AA3D7808420984776F21E486FDD9684E63CF5B01A171EA2C40046FDFDC39854080E0E165553CCD30D30A2D480AA8B336535D0E31DDC00970BF9813EF058BFCE3004813630B1A36408975FDB8C9F17A1B6D1021CB3FB5202D89C1BA3A033F2F0E5ED9ED1353E372A5672B2FEEBDE0A21487880A969EC858D31D310C0881839875455D7C00D68FE918B4A586142ED7F3A2E83D3C302D0A4D717C2037D85D5F4640E411D11FDF2C9484F2D69ADA746C35D6564F7C55E9CDC06CC02988CEBA78B2BE1ABEC3A58B0A314DD9CDCA375E66FA9F462F83A74ADB59EBC9DA7BE2BF5EFAE6BC33D6AA6AE678AF4E808C6BF88BAFA06A8A8AD8783C5E7E1798C6571924634F9D4C93770E15AE9C5C8496AAD276FE7A9EF4AFD6BAF423E4DE93F1BC0D84B69421BB2FCCA7A08F36B81AAC6163855D524392594D7DBECD0593DA39FE4CDA2F462E434F97A74FD73A724B4657F82533DF0FDE3FB66535344A09AC2338E36EF4C4035C501E76A0A8F0AF93C4394AE49466B6969916435FA7435D16EC2CBDB0B15575F72FAEC0512639EBF3949F3B25A4EC7D5EFC487738DCD5087D18A7ABEFDA39D5C7B51B416E38E4CBCCA8E0CE323C98A5FA19A2215F55F6E5553D839E4E18B86860658B029D710C08C0CEDAE3E1E590497D6D43B78484BD6086CAB4861946ACF5B45A4CF7B03F74A09680991A1E0EBABBE7033BC8A74F505E86DFFFF096087F32BD0B116FD06D1D68A79E528592388F8F0E2E83849ADB3EC5B6DAE66221A5AF2B46E768B762208686FA14D59465C67880E55F6F0B600A6E54DE8A84323D79A4345701FE722A6688DA040F77A54C5FC7E680C4CFEC8BD918D3EC16DBED751AE3D807E93CE12BF1361B706412FF4B2A77B437454A462730B608AAC3156C0465AA6DF2219C688C1A1BBE382A44607C007183D69B8CEE84904B439FD5BAD41708A5F85366577F48D870E1D3A0819D62E0146A6DA241C9380CE929942BE913857AC1FCE3E4500136D0939A3C3C7B47056D748F9EB38BD1D4393E9152E9A4C4FE9D519BD8A625D333834F20046DB90C5C6BE8273701295B61473814F6A1A70BE1E5DF3AB1FE6A9CCEA64A297F3C09450E89BA26C28C7EAEAFD9403CC15A78F7D73BAC120B2D5C215A8A909830CEF99D6054373B5DD4FD6730FB60A1E89D1831E1C9408010101C2E686463062A23B52EDB9F330F2FD5392393609C52C9A0B7F2FB697C7A620BE8CBF2680515DD196D296DC7AF8DD906898704D94D3E8303C4D2DD76CA465FDE37D08B5B4E7EB0CEFD2096663749E7B3E36D774FA630C41F0DF18AB62578EEB6E6B8FF78F84A76F4E85C0C040BEEBF66BDD0023706D3951217C7176AA062F16D2AA09472D9BCD511C6CC48880A2C45E9EA88CCF938F5CACEC57E87CFA2ABAE1F7C3D04766A78978A0014DED43175F191D5C3131971C6F73D0F156C19C466FFF2980DC982EC1F08C498EB764C23324234651CF680860A48FD2FA92F532C0B7A32F7C84DAE5290A01DBF4D253AA5F880AC6441505A3523B67F9A4627800C32A25FF09CDC95B139B4E1CAC575905279F66E9C5B498483BE98A54CCA67D5A4DAEB9BB8BAAE161BB03D848FC853D84E63EF7ADCED3F2AC86EBB82B1C024DCD4F0D8D851E7F3D6E0FD5C45E083B95C348A7B7A17DFFC2DDE5F085C1E027B7A267FEE3E87638C6C5B814D477F683993B284A75F4A2BAA6008C986A46A2BD46773B9CB27EF2CA4C33FB4FB47E373C01E6AECF033662A9C961BCAC49CFAF964876A280730B9C7801C969D0B3A6A10BDDFD1A7FB48C1F4A911869CA7F017D63174D48511DBDA81F2E038C3A330C6357888469F983AA7D27FB2D0AC046F28B9165BD1A6D5119F59BEE43F733BBFF0B46A7C09AEF2BF08C813CFBADE57218AFD9A7C881ECF99D891E0FA3ABD960E4D591B246A0E8850DE7C4860441217EF048DF702922E16EE4ABD65D018A96F39FBB6C2784882231B21F0B7945A9C95EECC14D01981980E05FB819F4D8032A7D9A7D3F9EDE1FC7A64171753D64BED976739BCE153A8AC010450EA4F65A15B2A16899310BC1733F9A57E7D55E404BE1CB90DF1A2633854268E27D68C45A89B6F64B514E72258426AFC1A741A437C6D6F7430DFE90B450A7A317F1DE02984923260F30DA5CAF3ADB007DDEBD228711B3D9AA562972A068CF8FDAA9A574D4C8A78575C040C036278C3C344DCF41A7DD5C9D91C1592C33A57B11D05824C65BD13145CBE845B42C80B90960671B2FA2AC94EF34362A4D95FCA91FFC8841DE479E487270C9FBC4F781CA9CAD1CF9FA16C0DC04303A77B1A0B4021E595F8021AFF0905059A21745FE855D230221BBAAD121B425ADD4C8FBC8994C2623ABFBEBF2DFE0410CA863931FC4908B277CCCDF54DC06FC44FC6F535261F275098A5B43F20E58007323C088D9851812DEFBF245388C51A1CBEA2F4121C6B0A7450539AE32C3BDFCD22AB8F3E36CBB690FB56353AE3B014620C6C7872728B0A0C2513204B40D276C3F90EE5141A804EF04D7EAD862B300E66680115868A54A5B4864D94BD764A4C73BAE52D99E53656D463177038CE8F7C198F7D35B1D7C9562AD52DFE88F92B7B7B7E29EA35441F0CF148029EDF909EEA798C5F6187F0E3585D9FD3762412B1FC53C0130B65A570297E2CBD251E032C0E85E6C75A4E3BEC2AA341D98A1F516129765326D342943CDEC3F01C308C0E456182C043A7FE8BBEC115CFACA8214D3C1F25A4EEC307A334300DB7CBCDC65C5AAA8C34C93FD36BAB393CEE8877271400E515B3D79BD706A204561017A9C9B9D68341CD3235AF7E1EA7280C95776C27E2A1CA94C20A7C4F8296C8B99EC1EED6A04A3CEBAC35C87E493A29A06E8FE266E12B7322E3D5C6C25A9C430ADF939351760445A304CBF3EC6A9D382569A7C3D5A41EA4D3CC0D8E84221D0D512FB21DE86079DB2E30069640EC3B38A48D9EAEC681A364AD2E6BCB3133BD4FAA156A67B045323E66A592D3AF0AE3E5802B3F1084177A7CF6764C0E89E716E019891BEF300632F5E6D7A948B12340AD1C1A12CB09D16198E01D99DD364BB0218BD98DCD21A98B9361BB69B74F080E8654FE8190E8B6E4F87A4E85051F1CF92C7038C4D5D6A1D11817052EF707BEC54061E67A320BB97BBA6C976073062EAE1BC723856761E0E1639F776517B09A2B2E00EDE30B37F3424C62A7BC288DAB93B8F018C0EBB9AD4230C7F64EAA3380306F58BC95CAC8F4CF6E2EBB032F92701350B3DF007247474CB34D92E01464C20F72F72FC7047322223B9A31F3CCD93851570E7AA6CC8ECECEFF4E02C7E74A2A35CC675BF7230289DB9BE29AB1AA6A0CB9B6894E3EFC9AE374EEF021FE26A7AC1A804C84C34D74FA1DD028C3DFCD5F0495E542BBF2D8499ADE63D4C789F8171F24589078E686AABACAC94847E1E88223A9437189D3616FD3A413AFF71E96F5261DAC044451734251A6AF916C0D4B8E3A1325A41E76018AC8C3FB79A59B7AEA217A3E9385B1DF25D61531F0148A4C32AAAA88159EB72801609AC2EDF9E5DD3D47A074EC7C396D8FC074ECDEB05E9F19192C69ED571F5D30298AB1C34A97D3E9E0BF5D2B602784F162E400E107E54523AE98CC48BF5474A14A7C9E4287FF8100F76FF14CDAFD95E278511780E83C4A444879BF444363216C04C65A76BC48E9F2987E96BF3DA6C7A13451E64AFA005C669F4195D8EE1E4295FE9AC46364DCADBB351EB5E54059D69B51923CB8E9593D3A0BBCA810A469FCC029851CEB9A95D6169253CB02ECFC14D8DC0B404032BF7C34345E7E3F134BDF1ACA185B7A6291ECACE4F930C64277085CA8F5A943F152D63DF1897E4B655B505303701C515B2B4F12DB2C79A813121BE2D6E80405F1F587777BA2A289A9A9AE0BD6F0AE1D14FF1A4BCD64453238D5A34CD92F67E24EE6634FFE4AB0852D6CE954F0B60AE70CF8D6DC944A6B8EAAC04B4C7BF28842385366F7A9295E60D8D733A9DD1C2614756098C5A9265EF25C96C0C549121819A8D06ED040C5C580033C0344F3621A0E596D5C2CEBC7330223518FC3AF86916C46BCF37C1E61F4BE02E746226D9EB855B92212444FDE817B39FCD0298D91C75133DD29591A12219FDE94904B243F95578B0730B0C4C8DD06DE5A1E75EA2BA16C0445CF985E5D1744900558A80E3CEC7B500E64EEE5AB4F5BBAD593CB338A08703D608A6875B565DDD1CB000A69B6556033D1CB000A6875B565DDD1CB000A69B6556033D1CF817CA5CA156BB4805300000000049454E44AE426082),(79,'image/png','file',0x89504E470D0A1A0A0000000D494844520000009800000098080600000018C2202100000C48694343504943432050726F66696C65000048899557075C53D71A3F776492B002119011F612654F1921AC08023205172109248C18128288DB52AA60DD22022E9C88C5562B2075A2D65914B775BC2845A5528B03172AEF6440ADFDBDF77EEFE3776EFEF73BDFF7FF06E7DC7B0F007AF53CA9B400D507A050522C4B8A0E674DCEC86491BA0102A8F0CF1658F2F872293B31310E4019FEFDBBBCBE01ADA15C755371FD73FEBF8A814028E7038024429C2D90F30B21FE1100BC9C2F95150340F4877ADB59C552159E0AB1910C2608B154857335B85C85B335B8466D9392C481782F00641A8F27CB0540B70DEA5925FC5CC8A37B0B627789402C01408F0C71085FC413401C03F198C2C2992A0CED8053F6673CB97FE3CC1EE1E4F17247B0A616B59023C47269016FF6FFD98EFF2D85058AE1180E70D044B2982455CDB06FB7F267C6AA300DE23E49767C02C48610BF150BD4F610A35491222655638F9AF3E51CD833C084D85DC08B8885D81CE22849417C9C569F9D238EE2420C57085A2A2EE6A6687D9708E591C95ACE7AD9CCA484619C23E3B0B5BECD3C993AAECAFE94223F95ADE5BF25127287F95F958952D2353963D412715A3CC4BA1033E5F9C9B11A1BCCAE4CC4891FB691299254F9DB411C289444876BF8B1E939B2A824ADBDAC503E5C2FB64424E6C66B716DB1282546CBB397CF53E76F02719B50C24E1DE611CA27C70DD7221046446A6AC72E0B25A9DA7A31A5B4383C49EBFB425A90A8B5C7A9C2826895DE0662737949B2D6170F29860B52C38FC74B8B13533479E2D979BC09899A7CF0521007382002B080028E6C3013E40171675F6B1FBCD3CC44011E90815C20046E5ACDB047BA7A4602AFC9A00CFC019110C847FCC2D5B3425002F51F47B49AAB1BC851CF96A83DF2C123880B412C2880F70AB59764245A1AF80D6AC4FF88CE87B916C0A19AFBA78E0D35715A8D629897A5376C498C2446106388514467DC0C0FC183F038780D83C313F7C70386B3FDCB9EF088D0457848B84E50126ECF102F967D510F0B4C044A18214A5B73F6E735E30E90D5070FC783213FE4C699B81970C3BD6124361E0A63FB402D479BB9AAFA2FB9FF56C3675DD7DA51DC29286514258CE2F4A5A7AE8BAECF088BAAA79F7748936BF6485F3923335FC6E77CD66901FC8DFDD2125B821DC0CE6027B073D861AC15B0B063581B76113BA2C223ABE837F52A1A8E96A4CE271FF288FF118FA78DA9EAA4DCBDC9BDD7FD8366AE5858AA7A3E02CE4CE96C99385754CC62C327BF90C595F0C78E6179BA7B0400A07A8F681E532F99EAF703C23CFF972E5F09806F17DC6382BF748222000EC1BD6FE0F597CEA1026E21B89F8E55F315B2128D0E575D08F0EDA407779429B0846F2927588F27F00541200C4482092001A4800C301D765904D7B30CCC0273C1225001AAC04AB00ED482CD601BD80DBE03FB412B380C4E809FC10570195C0777E0EAE9014F413F780D0611042121748481982256883DE28A7822FE48081289C4214948069285E422124481CC45BE42AA90D5482DB21569447E400E212790734817721B7980F4222F90F72886D25023D4027540C7A1FE281B8D4553D069682E5A8496A1E5E872B4066D40F7A22DE809F4027A1D55A24FD1010C603A1813B3C6DC307F8C83256099580E26C3E663955835D6803563EDF0FF7C1553627DD83B9C88337016EE0657700C9E8AF3F1227C3EBE0CAFC577E32DF829FC2AFE00EFC73F11E80473822B2190C0254C26E41266112A08D5849D848384D37037F5105E13894426D191E807776306318F3887B88CB891B88F789CD845EC260E90482453922B29989440E2918A4915A40DA4BDA463A42BA41ED25BB20ED98AEC498E22679225E4C5E46AF21EF251F215F263F220459F624F09A424500494D9941594ED9476CA254A0F65906A4075A4065353A879D445D41A6A33F534F52EF5A58E8E8E8D4E80CE241DB1CE429D1A9DEF75CEEA3CD0794733A4B9D038B4A934056D396D17ED38ED36ED259D4E77A087D133E9C5F4E5F446FA49FA7DFA5B5D86EE585DAEAE4077816E9D6E8BEE15DD677A143D7B3DB6DE74BD32BD6ABD037A97F4FAF429FA0EFA1C7D9EFE7CFD3AFD43FA37F5070C18061E0609068506CB0CF6189C337862483274308C341418961B6E333C69D8CDC018B60C0E83CFF88AB19D719AD16344347234E21AE51955197D67D469D46F6C68EC6D9C665C6A5C677CC458C9C4980E4C2EB380B982B99F7983F97E94C528F628E1A8A5A39A475D19F5C664B4499889D0A4D2649FC97593F7A62CD348D37CD355A6ADA6F7CC703317B34966B3CC36999D36EB1B6D343A68347F74E5E8FDA37F3547CD5DCC93CCE7986F33BF683E606169116D21B5D86071D2A2CF926919669967B9D6F2A865AF15C32AC44A6CB5D6EA98D5EF2C63169B55C0AA619D62F55B9B5BC7582BACB75A775A0FDA38DAA4DA2CB6D96773CF966AEB6F9B63BBD6B6C3B6DFCECA6EA2DD5CBB26BB5FED29F6FEF622FBF5F667ECDF38383AA43B7CE3D0EAF0C4D1C491EB58E6D8E478D789EE14EA54E4D4E074CD99E8ECEF9CEFBCD1F9B20BEAE2E32272A973B9E48ABAFABA8A5D37BA768D218C09182319D330E6A61BCD8DED56E2D6E4F6602C736CDCD8C5635BC73E1B67372E73DCAA7167C67D72F7712F70DFEE7EC7C3D06382C7628F768F179E2E9E7CCF3ACF6B5E74AF28AF055E6D5ECFBD5DBD85DE9BBC6FF9307C26FA7CE3D3E1F3D1D7CF57E6DBECDBEB67E797E557EF77D3DFC83FD17F99FFD900424078C08280C301EF027D038B03F707FE19E416941FB427E8C978C7F1C2F1DBC77707DB04F382B7062B43582159215B4294A1D6A1BCD086D08761B66182B09D618FD9CEEC3CF65EF6B370F77059F8C1F0379C40CE3CCEF1082C223AA232A233D2303235B236F27E944D546E5453547FB44FF49CE8E3318498D898553137B9165C3EB791DB3FC16FC2BC09A76269B1C9B1B5B10FE35CE26471ED13D1891326AE997837DE3E5E12DF9A0012B8096B12EE253A261625FE348938297152DDA447491E497393CE2433926724EF497E9D129EB222E54EAA53AA22B5234D2F6D6A5A63DA9BF488F4D5E9CAC9E326CF9B7C21C32C439CD19649CA4CCBDC9939302572CABA293D537DA6564CBD31CD715AE9B473D3CDA6174C3F32436F066FC6812C42567AD69EAC0FBC045E036F209B9B5D9FDDCFE7F0D7F39F0AC2046B05BDC260E16AE1E39CE09CD5394F728373D7E4F68A4245D5A23E31475C2B7E9E1793B739EF4D7E42FEAEFCA182F4827D85E4C2ACC243124349BEE4D44CCB99A533BBA4AED20AA9B228B0685D51BF2C56B6538EC8A7C9DB8A8DE007FB458593E26BC583929092BA92B7B3D2661D28352895945E9CED327BE9ECC76551653BE6E073F8733AE65ACF5D34F7C13CF6BCADF391F9D9F33B16D82E285FD0B3307AE1EE45D445F98B7E59ECBE78F5E2575FA57FD55E6E51BEB0BCFBEBE8AF9B2A742B641537BF09FA66F3127C897849E752AFA51B967EAA14549EAF72AFAAAEFAB08CBFECFCB71EDFD67C3BB43C6779E70ADF159B5612574A56DE5815BA6AF76A83D565ABBBD74C5CD3B296B5B672EDAB7533D69DABF6AEDEBC9EBA5EB15E591357D3B6C16EC3CA0D1F6A45B5D7EBC2EBF6D59BD72FAD7FB351B0F1CAA6B04DCD9B2D36576D7EBF45BCE5D6D6E8AD2D0D0E0DD5DB88DB4AB63DDA9EB6FDCC0EFF1D8D3BCD7656EDFCB84BB24BB93B69F7A946BFC6C63DE67B5634A14D8AA6DEBD53F75EFE2EE2BBB666B7E6ADFB98FBAABE07DF2BBEFFFD87AC1F6EEC8FDDDF71C0FF40F38FF63FD61F641CAC6C415A66B7F4B78A5A956D196D5D87261CEA680F6A3FF8D3D89F761DB63E5C77C4F8C88AA3D4A3E547878E951D1B382E3DDE7722F74477C78C8E3B27279FBC766AD2A9CED3B1A7CFFE1CF5F3C933EC33C7CE069F3D7C2EF0DCA1F3FEE75B2FF85E68B9E873F1E02F3EBF1CECF4ED6CB9E477A9ED72C0E5F6AEF15D47AF845E397135E2EACFD7B8D72E5C8FBFDE7523F5C6AD9B536F2A6F096E3DB95D70FBF9AF25BF0EDE59789770B7F29EFEBDEAFBE6F71BFEE5FCAF7D4A5FE59107110F2E3E4C7E78A79BDFFDF437F96F1F7ACA1FD11F553FB67ADCF8C4F3C9E1DEA8DECBBF4FF9BDE7A9F4E9605FC51F067FD43F737AF6E39F617F5EEC9FDCDFF35CF67CE8C5B297A62F77BDF27ED531903870FF75E1EBC137956F4DDFEE7EE7FFEECCFBF4F78F07677D207DA8F9E8FCB1FD53ECA7BB43854343529E8CA7FE14C0E04073720078B10B007A06008CCB0050A768CE796A413467533502FF096BCE826AF10560C7420054C78184E3006C82C301DEEB8501A0FA544F0903A897D7C8D08A3CC7CB53C34583271EC2DBA1A197160090DA01F8281B1A1ADC3834F4713B4CF63600C78B34E74B9510E1D9604B800A5DF736025FCABF01C3A17B33AF6C79AA0000000970485973000016250000162501495224F00000019D69545874584D4C3A636F6D2E61646F62652E786D7000000000003C783A786D706D65746120786D6C6E733A783D2261646F62653A6E733A6D6574612F2220783A786D70746B3D22584D5020436F726520352E342E30223E0A2020203C7264663A52444620786D6C6E733A7264663D22687474703A2F2F7777772E77332E6F72672F313939392F30322F32322D7264662D73796E7461782D6E7323223E0A2020202020203C7264663A4465736372697074696F6E207264663A61626F75743D22220A202020202020202020202020786D6C6E733A657869663D22687474703A2F2F6E732E61646F62652E636F6D2F657869662F312E302F223E0A2020202020202020203C657869663A506978656C5844696D656E73696F6E3E3135323C2F657869663A506978656C5844696D656E73696F6E3E0A2020202020202020203C657869663A506978656C5944696D656E73696F6E3E3135323C2F657869663A506978656C5944696D656E73696F6E3E0A2020202020203C2F7264663A4465736372697074696F6E3E0A2020203C2F7264663A5244463E0A3C2F783A786D706D6574613E0A599EF9470000001C69444F5400000002000000000000004C000000280000004C0000004C000013F1FDA37CF3000013BD494441547801EC5D097C4ED7F65D21312422221142128979882922E659D19ADB7AEA29AAFEAFA80A5214AD47B586F72831144F27434B5134D450C41C624A1089210941849090083105FFB54FFAA1E6C837C6DDBF6AA6EFBBF77EE7AEBBCF3E7BAFBD8ED57D1A34D346C0402360A501CC4023AB1D568D8006300D08061D010D60061D5EEDE01AC0340C1874043480197478B5836B00D33060D011D00066D0E1D50EAE014CC38041474003984187573BF86B09B093C937B03A2A097BCFA6615F7C1A4EA5DD46C68D0CC0CA0A36F9AD519CFF4A17CE0F3FF702FC57100DBC0AA148011B0D2DAF3002AF0DC0D26FDFC3BCFD099816720E2712AE676DA87259A169594774F3298ACE555D50305FEEACBDFF357E758E0798545AE7EDBF80DE41D1B87FFD8EBAD5B9E88D7A783BA3A69B3D52E8B962926E203CE11AA2AFDEC28DEB999E2C4FFEDCB0CB9D0B36B9808BFC3DEEFC55B2A577FBAA99070635744781BC1AD05EF4ECE46880C5A7DC42AFA5C7B0E968B21A87A6E50B6358137738DBD9E0BF5BCF6259C42502E7DE8BC628F3EF445A3187BCB840308A59F118B3DA94429F3A256466D5EC1923902301265EEB87BDE7F1AFDF4F0037EFA298737E2C7EAF02CA38D9A2FFCA13587598C01223309A962B8CD6E51D51A7A4034A31EE722270EEDEBB8F047AAD73A9B7B0E3640A82A2921176E62A204E2C4F6E783AE6455C62BA3A448B8A4E58F05E45B816CCA37ED6FEF7F711C8710013708D5C178B891B4F2B000D68E48E896F95C6E698CB68B7E82820D32463A8D14D3CD0A76E899706466C523A8F7B0A4BC31315D0BCDDED7192204C4FBD0DD85A63434F6FBC41B06AF6F711C8510013700DF9230653369F01E889B67F584579A6CFD6C462EA16FE8EF661DDE298D4B60C0A1314AF6207B8EAECB0E008CE5DBA017B4E99B58AD961F3F1CB406E2B2CEE5619EFD5707995C3E6D8F7E4188009B8FC3925CEDC1EAFE2A3F08F6BC0BD503EBC31F720C24E737A6340BEA84B0574AD5134DB3733F56606BAD31BAE660C97D73E0FFAF8B860FAB678E531033B95C5402E0034CB1C811C03B0E1F452FFD9741AB24214709576CA8FC6B3C37120EE2A2ABB15C04A4E61659D6DF576DF19A6A1C7E228FCB2EF021C199305D42B81516B4FAAE9F3C77F5642AF5AC5F4762E4B3E508E00D8C61397D172F641150B1DFEC407155CECF0D60F87D5EAB176A942D8D2B73AF24BBE41CF964194B5FF2902EB8E24A19A873DFA33A6FB68C931355D06F39CCDCA38EAF98C9677388B07D8A56B77E0FEDF3DB8C56CFC6FBDAAA0539522E8FA7324968625A2ACAB1DF60EA88942CC5D19CA6E66DC43F5A9FB719C79B44F991FB3612CA616183C67E4C09AA854D4CE50A7B688E35A34C024EE6AFDFD616C60D9E7833AAEF8A94B45AEF44E62C286383817CE8743FEBE28EE60F8F4C1910BD750E59BFD00C1B6BE4F75CC094DC0EF872E2A804704D4425E6BFD7B4F8B40172FD2A201F66D483C3EF9ED045C99E73A31C40F5189D7513B90373A9F358E0DF645F922FA8BB95E7443A7ED388B412BA251A2487E1C19EC07EFA97BD54AF3B3162531B14D69849F4BC3C20389D8C6BC5A2CF36BA9F4B890408EFF8100B4B5B34619AE4AEBB2F6599FB5CF76959C0CEA795FF479F4F5778B05D8B55B77E1F0F52EDCE314B97B504DD428618F4ADFECC3C90BD7618A205B92B355A6ECC3D173D730A94319D465E2B6C18C030A40653855C79CCF62FD93A06B4F900D69EC8E868C232DD52C166013824F63E41FB1E858CD052B3FF0C688B599C955290705739A3245F96613171B6FC862831EF4E2E7753161F3E907F93749930C640EAE7D6567B870A56B9FD75AFD937AA680339909E0B82B37B0971583CD31A958733409B82BEE0D68C2CF34A55D69F510591AD02C12605759FE71F82A0448CFC0A1617EB8C31BE1CB405BA69A539FD58627E32F5359ABEF3263C2A1CD4BE2CB565EF0A317BB7DF71E82982691D5EDCBDA157EB68507CE633493C629ACA9828C8EE1CD3D30A6A59745C5741609B0B11B4E6134CB361DE8BD7EA7F76AF86D3876C65C41E0DBA64F72869E4E45DD404E8D5C45A68DAEAF181771976F6203BD5B70F415445EBCCE12D36DB23658B2D2C5605C795AF3F55E4CDAD622C3A336CB50ED2B17510FCA2D2E1C6632D61CB23A567934C9E9ADEB5D8D49E4BC2F8B5593BECEE20026BC2EBB313B01D26C0E0EF5C3F5DB77517FDA0155D08E1F5107B9F9A49BDAFCA68761DFA91434ABE0440CDDC7562925BD8249BD33805501E1A14572A5DA6E7E6689CA9A53ECF6FFABAAE2BC5738AC51DF6271005B7AF022BA70A0252E9104EA9B4C53AC8F4CC2EC7F94475F263ACDC156B084F4CE8F110F2F8571D63B0CD85B90B4281C3457FBBC8AB561CD87411E883B9C425339ED9F4DB98983CCA70983633E93B7AA30CFA314A2B79AD9AE0C5796CEF8E8B76358C2D5A8C4790707F8A05AF1020FCF6386DF591CC03ACE3B8220E698E6B2AEE8E75110D527ED55F5C0947FD7E3989B47BE4982F69AD3F6239171D4B0866EE8ED573CCB2C58A912AC214D68E2D633088D4D51D06944B6C62F5D2BE2E7B00B18C12953EAA04799CCF56259CC5CCDA20096C6D444C12F76A8D825696C03F45D7E02BF913E33812BACE1CD4A9AEB1867FBBA56D143BFF3EB5164302523D3E346C69D41F470815BCFAABC5B1813CAB2323547B32880FDCCF24FF785916A7A5CDCAD125C473316E3F493C260DA8153464E3629897D4876EE1FC2C2E5A2606DEFAA8A0A2E253189D576F5F761DAC3FC28DC16053029604B61790EE32D9942248BDFB3B62BE69151FA3A9894C6E6869E43DF65C7554A26F8A36A184B62E536AE5075A532731B078B0198ACE8738FD806709A4CFCAA21DE25E96F0797FDABB89A6AC7E4E5EB647359EBEC23AC0D3273B71164AD1997DE60EA23886321895C73328B01D8F14BE9A8303E5471AF8E07F8C1E5DF8CC5C88FBFF17543B309EE8D796327B24A2081BE349F4C69E589C1AC83DA30E8BF34B28E59850B1603B0C50CE6FFB920126DBC8BF02975524F70A7EA2E58C10CF9EB6A9FAECEA48737965E007AF86DD19715656832531AE662160330DD608EE2D31A723A0D9B8F2563518FCA7AA1409BCBCDC8EA75483AA406D92311EC509FD89E2BE93564D4D26286D746693DB277B37A5D8FBEDE6200D69845E4ED0C66977FE88D777E8E0298D1BF32BE518EA0B43C7A43B2FAFDBEB357E1C73AAC95AD0D0671C13395B5CBF7FD5CB190F9327330B3049814AF37D1DD6F8949C18EB854C45CB98924D6F3C482FBD74073D61EA5D7F13C190B9A01FD961FC79C9DE7D0A566312C61CE8CA5019CFDA21EDCCCA05E6956009346D7A9DBCF621A9B6625A9F8B85525EF7D48230FF42025BA7DD5220822455A3328F9039709A1B84312A3A42BE6859EC74076B00776286BF2E1310B800979F03F5B4EE36BE95DE4D42756BD6441B467D774432F07942533B5885D1ED8E6C9858055318A6335E64D2F8C267545B3CC1198CC92D2D0A01874E734B9909D4E92C2B8F9650393537B4C0E3021D87560765E693E9008D193F14300599C555D9F5EC46D342B5CE5BFCC31E7634AB02791FE53442A1B36B9D1940FE716323896B3F1F86D36C198D24C0AB0404E8783F9D4092FAAA66741FCF88F0AA84852DEB6D82BF89301FDE1F3E9384CFED485744E97F4723A86A70CD81996872C851365AC1B2CC9E7E5E117D19BCCD91F7627A02DC1B59A2033A599046092950F58158D692CD68AC9808C6AE18940364E04327E003BA79F67128B1D1C54CB24B4E8E75D97A9FFA6EB0FF5A670DE910B1467E138A773A56D889ED097FDAC460798D4D37A2D398AF97B082472A16692852A31D870E98A160E3A7F57877157DB0A851507BD0C578B127FD9B1909B87455ECD9E3D02F2E0BA8EDB858BC937E1CB19613FBBDAD7B094F41663595399D1013694E224938319CCB3CCB38E39ADA9DBCFA9BE4601D647F46423C9652FE9683A4EBDA96E84BECE3BF0F768EA649C452B563BFE8C4C46FF466E98D9A99CBE0E9FE5E3181560FFDB4D26C0523201684B7B79E33B4E871B290EE74440ADEE59D92228C0591E6123BFE157C6605D198BD5A0070BA7079396B9E861B58D7C150F4F6734801D3E7F0DD5A6EC57DDCF52EE4926DB73D68E7805AE236C922DC642AD66D91F81D34C4A7B8EDDA5E83CEA689C37D3273636591C66108009F35458983BD9F8B09B698868265095501B3FB1AC6C46B1DB59756073491D19E0FBDAEB37641F560F8F20316E7EA62B44ABC3AB982D4E31D80FE5035C9BF47253985E01261A0D13580B5B44CEBC2E61FAE88792468DA00FAAA03935BBF69F4AC5E8D65E18C3DE41CDF43B02EDD87022CCD7FA6C32092167EEDBCEE5F0713D37FD9EE4258FA617802550467230D30E3A7949D13E6D56DE09ADCA15FA9BF6A92C974521D0972DFEC22D4F19550F760CF635D3EF088CDB14872FC8ACD0014C547F4C45E1C936C0144F9EC556E9B29656AA314DDD55FB58D167C4543ADACD0066EBA777347DAD4CBFB7D63C8EA60BF4FDA869B1972D70EF52D57119A94DA6B057069870E2FDB9249ECD405DAC074B3C525C75FC4BFB348241FD229204779EBA8AB04BD7912EFAF3EC52D6D92E0A9688408866FA1F81ED0455E31961A858A2801263F1655E719F7F4DFD9FE8258EF84A0013D1B5B63F442098A43FD183F8BE7379F6FEB92A118F2006F753A9932AADFCCF3251030CD732F1CF1A9E6CFF3E9A8AD8E5C685AA157A3257952E4EF99048FA8E292CCB00936C7167E65956B0C35AB4B0D6306897EEE26D6C0EED42CDD2446691C5A429D49FA06B52BA902A5C8BFEBC294B16A6185C539DF322A94E4547ED507AB5226F255CFDDBEC2335856519603ABA8C878B2DC2E8760B32EE1A4D3192091BE354EDCB8795FC8046EEE84C6112ADB4638A5B0A28F521E9C0923E49210990BA737F4263935C4C9600369DC5E881EC5E1125E7E841BE9C1D73A1D3FC880732E10B3A5740F79AD9970937C948E4A0930A2338CF902DAAAEAB147CF8D9D2986C35C5DE4A2F0D30911E6A41597089B942A9E4ECEE900F3E33A8BFC0295162AAE5DD2B9B4DA3410EC2CA2B7D14C5D367D5444A704EDCD44B769713A92B917237B630DF4B014C34AA4A53C95976B710125B232E7FFD661E5059E26ED48317F15D5157D6CCF423507DEA3E1C3A93A62E4468D3FE0DDC509AD29E92469AF16E397C52DFCDA817F95200D309BE491FE23C82A9FEAC301C61AB94F0E297F3A9101922CDCC6304AA116087FF0298C8890A8953C491DBCC3DA4F611481A5957494719EB6A5F0830D91DB6F4C43D9CCF81D3C3EBAADDCAA40C21659FF56C557F9D25BA8D7593B2721E89BF44113160FD2925D2271B7505B3392690A923D9FAA61FE5A466BD6D3CFACE73012685D356DF1D52949A716D4BC1C331BF52B729C50DA00E31C83745D09895C17E9D5F2BA2C2A2C6A3B62EE40C33917B5B0EA768B2ECB09AC2661063A9113D1760BBA9375A8F7AA36ECC7785F4AB819293F7AAA7620FC125E26F9A99F70848CE72F49F27F1F59F716A45E9E7E9A04A47D3C822F637D2865DCF0558B7455158C416A8FF711E5F45B5BD35472E6170530F4C696F3EDA07E67D8BCDE3EA3EE7EE27E3371064A2A1C67E07D18E0DEE53CD2817F74C80898B751E13A2C4CE56BE5F199DA8CD2599FBE8A1B5B58CBC516E8DFE4E229EAC2337ED92184C6777BE696A94C5D9330136898D9CC3D852261B78C632D7252267CB28DDF82EF3299A59DE08A8BEC971BB33037F5EFE4FDC72F003236C39F8548009E2DDC6EFC6796E80BEE0FD4A6CD58F5205D3042E71CD4126DCF26E6FF6AE586A8B4DE784238ADBD428E3CAF063EA50087BE565F38FA2D5EFF515A9D47F99ECEF7486B2EF864E313D1560BB283822DAF3E58ADBC1A7B83D7EDD7F01DF742CC38E6B0FDDF5695F8D3402022EC93B3E6DAFA32E2CCBC936CE2FCACEAF65634D1B6AAB3DE83715356E26CF8DE1C59E0AB0F1C171F8FC8F93CC9994C0EC9004B5B44D1DD320CB52DC46BA0739F6348F824BBA83423EF6516AD291DCF0CB9B0E40003393D9F9FECFC9CE2BCF45A977DCCAC0172D3DD1A74E092A175D412F2EE0C40464EF13A886F2644F05584B667DA59DAC2F2F7C0E9376D279FD3D57929A196F049E05AE5FA82A3D7CFD4954A0C0DC26DE232203119FFAC2BBD8D3B53C749980616CB49106E755E4F08D631FC464F64E8A709D984C97E329246308A03D013051CDB3FE9CFAA77C3ADEA45CE53AA626B4E0DE38C0BACD2CFC80952730972092AD72C4C473EDE8E78358920897B099660681A13361B508DF4B76F68DE27E998F7B21611DDB7CBA45BDBC1C397B27B88B88CEFA93525590749E79641D4BACADB3799487EFE95B4CF763B6BF3E01B0830969A831691F3CC9F78ABBC64D3359244DA2D0AE10063533DC08A41050D20DF42813D89D5EAA6539472C254B388DAD7F0F2C2FBF7BE447F9FDD3E2A979CC61CA54285BD1A81DDBE4858FBDD79E9BA0D6A29251183BC2D46BE81113292CA3AF8D1D9E00D88C9DF1F0E70E1A6F7A3B2B4D7AE175CBD3A1996147A00E39F47BC8A5B7E516D02BBB56C2604A2C44C53FF438B9F3031D4AE4420BB75CA8E46885E91177B122E69E4A9A8A5EEDE3AB42F15E1E14A513EF24895579CDDB6572C1BF4A6E445DA182643CB7183C770F771F3A2FE42948E62BE5D0A5317A6CEB527AF9C04F00EC5FCB8EE1FB5D0978AB8A33D64624C19FDD3FD3B4EE1FBD0CF6F30E623578B3FAB34E964AF7B3804207AA47492B11C9F7D17F5B061CE89D6CE97504488F7A319DF712E05DBB734F79C0594DACE15DF821F345D2513AB009587526AAD55BFB55D7FD98ADAF4F004C17E0EB7AEAE6734EEEA1C739395B579B83DFAC03D4FDA9CDD4A7D4FDBCB5938DE8C23C61028EE6EB33E881EE63245787AA14F4C4AB80116F782A3ABB78C0E0D6CF3E5693950F254B9DB9A1EB25F6ACEAC39E005859120B25E752B1841D5B9EAE6387BF0F1A709372CD0C3B023A40E90056E8CB10A472A7DBC7BDCEA357117838739A94807D675CCA03A2A1EE35C2346EE05908DF52E84F3CE1A0AA4F6F72D6794389C754AC478F787F5213DD61B2F5F5FF010000FFFF9C1C5836000018EE49444154ED5D077815C5DA7ED3E8BD9700A11B7AEF2508A2201704151BA0D7C24590EAAFA014518A2857AA1785877BBD2096AB2282144110020469A1188A142181D07B2F69FFFB6D3271B367F7949C3D31CAF99E27397B7667676667DF33DF375F9B8014127494E7AD8DB875F52EF214C8819BFC8C1BD312E50BE7D495F01FFA62040286FEA4559B34E57E04060083BE3B849991C7D1A34A2086D409326D32E6420A064426A250A19CB8F4564BD33285DE8EC295CB77302B2218B58AB062139AF64B12BE3D9C8CFEAD43316B433CC06229EC871D14600458C01B91C0ED242057303F137171421B14CEC3633FF974041410A20637448BB082883A7A05AD6644232837B0E6A1100D74C60E24736A885894A09D4E996A0E0805DC75DDADEB68FF4322926EA5E0A3C7ABE3E5AF0F3805ACB10FAEBE3B02ECD5B580F45C7E46FCBCF3CF76C811648E7C5795FBAFBB3F026AC61AD8B61C663C52557B0502BA6B579CCF3E6DBE4D0598AB96D6F708312DA266C1829C057BD72D810F396BAA3E98DEE0E1493FC03C1C305F15573396BCE88B144BDC6593CFAE4DC4D14B19A41C872E562C1C8079EDCCB990628FAF10D8F3769DD500AD6651878A3271C211607E16998961F4FE16611A6AC6522F58812E44D86427F319C8DB96DBAD48207B443A7BD403DCDBBAE57E0780F9857C3B8635737598B1C9A061A9C2BF158BCB5C4BBFDFA558ACCC6076B34769C5016055DFDF82C3A76E20BC6C5EEC3F71031B063540AB8A857EEF91FFC8AB11D87AEC2A26AD3D864564474267C6B546897CA9B3D3777BCEA1FBBF63D285ECB3D7135072F406AD9CAF0196A7604EDCA4BCB7E885DA78A45671AD4DFDBF7A53B7E1D8B5BBE854A5302676AA840A8573E92F5B1E3B00ACE39CDDF871FF05B4AC5A1851872E61DE3335D0A75129CB0AFC17DC1B8184A4140C5C7410B3A34E64B8A14AE9BC88EADF403BD7EC5FD1387AFA261AF307BDF4F9DA68396B87F663AF56341073DB9AAB2A325496892F4FAF4940FC15DE1812082424A362A93CD83CA0613AE855956A35AA7DA78661599F9AE81C5E545DB6FC7400D84B5FFF8AB99B4EA273ED62581E731E8338754EE7AAC64F991F819B7793D163FE1EACDC7B1E080EC4D8072AA0D37D45F1CC97FB350009C86E272623FEDC2DC87164BFFAE830671739C875942C00CC691D025FA9222FDD01FA6E48C099AB7CBE349029D0CBCC9A48E17041F419FCFDF37DDA008C7A300CE357C502398311FB7A1397339903C0666E8CC7A08507D1A95631ACD8739EAC321FF6FD5F93CC8FEE3D7EE7A59B897870EE2FD876F43242F2E7C0967FD445FDB2F9B5511116A86629354CC232979383A817BAF861DF814BB52920EBB62C55DD5190ACF20A5965851279D0BF59694CE36473EA3C5701A4BAE5F363D7D0C618FDC3118C5F198B671A97C282A76BA86A4C3F1D00B6EBE435D49FBC0D616C20F6FA5D8003747E7C6B14CDEB9B558C69AFFE2227656558FB83ADD8C799A868915CE842B163DE9653DAD389AEE909EA9D2A17CB83D61FA5B242B990F0413B947F77B3F65247340C42E70A645D4EE80A5FD1F2B824ECE0E4187F3305276EA4AA2CCAE60D40689E00342806D6118482399C54C24BCBE39231293A0925D8CF7C3983708472B8A21CF9722085AAD0841B940939954EE858112F7EB15FBBAC2C0FAAACF1D30160491C95E091142CA9C5EF44616F0505CFAF9FAB85C738187EF26C04949A41EE7AB45E492CDC75C6A182FC9C317AD62C860DD4DCE70E09C09056E5B4D9AB405E6071C71058E9B8E3AF2763F6BE14449E4CA642DCA1DA8C2788D1D6A503F072AD2084127866441111DD5625E02A7135BD47357CBAF32C769FBFA9154DA070AFA752C572E31659BA98A0944A457F5D7FEC0030B9A804FD7E2D43F171543C5E685E06737BDEA7BFCF7FECC60828B5835201C82D1F53E12933DBEAF8642C3E91ACE9A0CCAAB29ABDC472BC38360953627890C83FCA744FD52B81C7EB1447A5A2B911C6194828F6E26D1CB9700B5FFF720E5FC88A95800075ADC36A07A15B5820024C70A666B1B2C573A358EE60EC3E764DAB4BC0DEFFBE203C583E10EDBE232B65B3EA995C69FD4D0136714D2C462E3D82975B97C547512735E1EFCAD8562890CB372B19ED29FE62FF04444A71AA6C7C4685A994D9472DBC804D8CCD8A44F3FE1F1AA78DB397CC3263B62662C3091E1020C3DB57C0F076155CDA8A2FDF4AC4FBEB8EE1DDD5719AF9AF756800DE696C5E7FBB34DBA6EA8B005D80A5FAE2A962D614609B62AFA0E5F468542B93170DCAE4C797DB4FE38347AA6058DBF2AA5DFFA78B1150EC516FE373E619A1149E56FA2E01E3F81D49584D594958D4B7BD6AA07985822E7A91F1F2E6B82BE8BE601F4E5368EF503E00A31A063B18D1553FE4CE8E94FF4611607AF2D4B4640A307998D0893F6B82E67C3E481F76AA44D15C38F96673048991CC4F2E4740CF1E958DCF99CB8CAB0A67C424E19B43C9DA7BD839B011CAB892DA2D2A3CC115623D7A699C270B7DAC6A20069165EA496C9BA7B8AAEC5296325BCD204D73A1BFEEA971DC146052E1644EA9AF2F3E8CE7297FFD76E136220F5EF40BFBFA917671ACDC6F147B74E676E3A22A449F4BC1D00D899A9A633F2D2BB2F2F4867EA3F01E3E630744789FD626982B4DF7270D997C8CEE3DD2979BEF477091E2B8E2B504D8052E498B8D8D8230DF45BD6AD284F10B4A736A3EFC5A53E4C9E15891370FFC57BC5769BE9530EC8C3D3A7BFE3B74CDEBB12611D7AEA760F18B75D0952B4E3B6831759C8FF09D8A00BFB04308A899709BF46C72D5A18B3878F286E542D01260D2DA33D4DE7EBEED34667305F93D957F4B63CE6168BBF298D2B58ADB9DB9570B2A80890CE6CAA3D4D918CDDD9F84F9FB93F1B7DAC5B184E6233BE96FFF89D1DE699FF040BC18EE3EC2149B94BEEC19D104B5A6EDD0D45A0747364355C3ECEA14603F53286C312D1AA15CB646BD5C1F15FEB915548060CB904668529E360C3F598E800258511A852F5CBAADA9276A7075E809D13488F674A701D550B1A35BB834CB7852B794155546C5F19BA825A0DAA47308DC654CC2269FFA2901A768C31C1C510E37EE2669E6C5998F55C32B546DE9C929C044E7F210CD1CABF69DC7842E95E89B9F1BBD3FDD8B4AA5F2623741261A5F3F998F800298BC80E9EB8EA717322EFBD32F981CFC702C1913B7276966BBE52FD43129E1FDA92EF4DE584665FA1B8D82D089EA085724AA9295ECD7A49DE4DDA2591154D2D62AF4FD4B75D0A5464616EE1460729328EB2A4FDA42176A206E44730CA04780B0CA88EA45F00365829C54F4F9C9710402DE58AFB18DBD239AE2BD9F8E61FED654139194D42B2E957EC9B106E0C5C8241CBC908CA57DEBE261373C17CCEA70756EC5AF17D079F66E54291248DD9BF584A18035EBD7244DDB6FAC77FCC395F066FB300705AE4B804945EFAC3A8AB7561C45776A8CFFFB44385AD18D24E6F83574A5F678E1B3B5A84CF66CEA3776EEAFF8BD376D750B082AF14C881ED4485B188957C29B1C4B653C76E6CA7C2311E8F43DD92335EA893480FB4A3D24EC2E983E67293713B0BC4B08D25CD332BC1231860F884A44FC651626C9626F22ED911D39C99465149AAC105226B5CD708FFAE216C0EED0CC50998E8827E84EB2908266DB4A85D0F8C354DF25B1A87F42D08538FB29AAD6EEA1CFABB793D070C676CD1DA74F93D298F754B8F6F446F797D9ED82105ED8910BFC7C2605C3F9523B92E5AC24EBF125891824AE44935A04A145A98C7DC9E0CEC34E7C42EF895E0D4B6A938A9AFD1A8615C0F6C18D4CBBE816C0E4CE35743EECF0D14ECDF6B5F99506285730171ACCDC8E33D491891BC7C2DE35BDD6CF98F6F04F7CF210F54DD5266CD69E40FF62E4C4B39CE114DB349BC966ED4DC2970792318EAC67548730AD0E5FFD1BBF3A16A3971DC193D503D19FCA553D2936AD7CC48A30845166E2513F1ED5261C293BA57B550C6D534E7F5BFAB1DB00933B666C388EC1DF1E4220E7D14314F2830303D17D5E0C76C4D15B8DD3E4BCC7AAFBBD5FD38736F5405C8D95D158B11699018435BDBEF470FA02C068221AB83111BBCFA66065BF7A1A2B32546BEBD755072EE2C18F77A16E8900CC6C9531FA48998E4EBCDD0A524ECFE2A5137D5BD25EFD6875079393EAA04700939B862D398CA9F42917D5C52E4E8B052923BCB5F22826FE18AB59D9EB5528805789E69E74EFF1C7538A1343AA47A8FEC528C73D194FB5DA34024CB932EFA6D7689DD2F9A4A8CF68F7C9EBA837792BCA31F4E2B3FB33FAFD2980499FCD7E28AEE46F8F0126BFBC9E9FEEC142FA0B895BC7B2E76AA36E997C587FE4327A52312B2C532827BD370736298588CA85519703240E8B66A6049F8D5A36AB58014D79AAAA486C2B8089FE2B818EA4F1635BA22C7DC67C49F1F4EB2AC720DF1CB440AD6614B99E14C0D43923AB57E7AD3E3D06985424FEE3A23F59C3252EF924E632E4FC050AB2E2ACB884C2E254E637D84099CD4FD623E00A606D167305495593958DCFBA66CFAF48CC40DEE1EB681604D677730E30D56F775BC914C0A472F9450E66820E2D5906BFCB4A696AB7AA10215028E6D4757CBEF30CA262AF22FAEC0DDC9475B738BDF929DDB75D86C26A06BBE701A670F2D98E33E8B5F080E6BB2F0953C6B62B877F342F8B526491BE24F562AC7E51AEAEFBB26F9ED4ADFA6994C1B22B8BB41A6FAB67CEF40CA6AFF024230F862E3984AF3863893BAD785BB6AB56040F562B8C66748A1357DEA279426CF5C2502FC6EA815D5DD7F7FF8F3C56FD34022CBB09F96A8CACC65B5D377EDA023055E99ED3D731896691CF76D3073CCD3EA5AED9F9A95FD1583DB07A71FAB276F6C19BBADC5945663735857ADE2C11F25563569FD7E9C4B498C27E145DAF37D123E30867B86BF42FF3850CE60A60567DFC23CF8BD2F2D0EB4D2169049A4EDDAE0563ACEF9A51B8CE2E8A56B58AD4FF50F5FA3CDBD5147FE48B91B6D5CCA4FAE12EC0ACCAA97AECFEBC4BEBF04B5FFD9AAEAD97FAE5C58C7B204C6BEA2D6ACFC5F42664E6FB9E5D4C450A605A47F94F6224EF4ABC6C1ABDDFAD0A5E65AC869539DA5616A91AF5E5E79F056043161F4AD7D28BBEF0ED0E61DAB08CA6425A19BBE584F8C59BF9BE671763B759FE318950178BE59DB4784971499A460D8219F90166362A369C2BF6CE26CDD1306A4843CC66F8BDB23B4AD57F15771D492F1047A745117D36F139CDA29CFC00B3014C6655A89956EF705888169F7ED533C6199ADDABCE656B8743A619107A8DB19993D7C46936C9D9B4451B29DB014C4C51D369545F40FDDA8ED38C63A73BAEA6FA30F63CEDBB956CA55EB0E96DE2BE9623080DE899DBAB41490C6E5DCE528630BDDF8D93AA7DE5323D9B11DDE1D9D5659A2ACBD5CCA0E8AECBB4783AB74D0BD05DDD9F998066ED440BE60D8B1A50DF6164B21DC0FA7D73C0218796B1D7FA158D2B80E9CB1AEB51DFC523C0ECD7A7AE67E653014CE415090FFBB463302AE4F3DC31333B067DC431C2A9F7AAD430BA4F99C7E2C9797BD0811EB73FD2F3D648990698DE0DC558A91DDF9733CD517889BCE8F2490CF6C6A7E64830ABD715C0CCEE916C7E13DA9747F5E279347761B332769D7BB47E09CD3160687DBA3655CCE86BE54E1BD9316C6DD1D1244CDD990C79B61D34094AD23C594DBE1651DEE191320D30F50B75A8D186134A11D983BF0C956AD2AC5A55CEEC9ACB1F00D7D547DE6C86EE4C0CA7DC50CCEAF1F6DCE887C230EE8758483E88094D32FA5AB95BF78EF32918B2DEBEC05B7184AC99C9C05BE9F348C98F119F02F56C72EEF6E408D3F80CAF0166358348A3DE90E6414BDE0E265C39FC6A635BBD65472CFB0DEF311148BF56A9CE72DEF4D3EA5EF5034C7F09F4B88964689859561BAB3AF4E7B32A7580BE4DB3634DFE5A4EA539FDF4D5B3C94CF64D9F5A66C51D93009B963239A906D057005341A15653AF4997DC3EF52BBD3BC2DFDD0267BEE46E576651508DCFA30C9459F2DB65AFE4306942163FE3A313B1FA580A4A324FC822BAA89BA9052CBAA39D9638D7EE0C3B149FBD0798D8646483208F17377AF9AB6BE542CC797616FF7ABC1AFAB708356DDAB619CC254B326DDEFCA4B0BE837482933D938E710F9E728C8EB693245034DFF04880AE4575A95DB79B45EA171622E477ADC21741074DA31C26A0D97B31056B98274C728585707AB34A3A22CFAFA56FDA96CA9E3295BE29CDEBD82A7D93B46154AC1AE338F5F2D792C3A93F9C7D6F34D5E465B9DF48B6014CFD628D0D78FBDD5733A4AFFA6BF6BC8A95C88B1DC7BC5CBF832A45DB23C8788F99E948951116B58409E83ED025A07B323D015D2E8431385A28F6D22DC6B4DED612D07D999E802E8009E80298802EC892551B4D4352975E313C260DE0EA99E4077487FEFA56ACDF7680790B08E38BF7B63E192033F2553BC67AA56DF532CCFA21B92BFA307E414022B18FCDC4F84D7295FCD7E3149A6552D33159A5D09436F5C9802557AC318E53CA2852CFE44CFE92B27E80A58D985D40360398C861872FDE4A67C5B2FD9E6C3C25A0127F39BDA1B826F37F48D26077D3974B12E015C77E4F021C4F1D955028756E9204B83E53D9BB9304581FFF2879FAB7324D94908A2518CD303549B32E2422409522B95DCA5F52D60F301905922F01266CE4EE3BAD521B4AFBAF5EDCDFFFC76CCD14AED48E1FFAD4E6EE822C43C599F8A20797CA35E1CAEF2BC7988DDAC2C599FC255DF1032CED85F81260D2C45986FF17D76D6CA00F6393EB2AB055363FC84A90E9C1A5524D497F848C7E5F12EC2311EBD1F157D315D4C9DCB8D44AFE923AFC00935120F90A60CF3665DA00E6C61F767F7974A139A5EFB707B57402D2A6BCC0212DCA60D6E653883B7BD31264A10581CFDB67744894FBED2015B95D894E90D7E9857C96C96EDAD0DDFD1059BADEADC8AC2D774C6C7E80A58D9CAF0076F9DD36683A73070E30B8554F7A16A49FB18C3359566D8635FDD16A18CC1D5E04F4C7DE68A67555847CBDECA5098B4C93D99060EC55BF2406B9E124603BC0F48368C7B15D2FDED8173361DC58C68EEFD27F01D0380AC931B4D9B5A9580023EE0F73088091326A33AC1ADCBE672FB7EF113D59566DE72791FA22C4FF9B495A9E6708A25D641BC0EC56B4C65F4BD01CF6B60CB53F9BE2B6E357D164CA76882B4D68FE90F4D59D5D83AA57B47AF203316EE7A752A11BF3EBDBD54FA947E5BD0FA62B74225DA1230736401B664FB28BBC06985D1DD1D7232F28820FA9CF0CA8BF6ED7B13803AE63CA03BB35F9FAFE79023095FA5CED9EA1BE3B4B20ACD7BCAB2C3D22B80FD898B64D1F3BA3CEEBFBA58E5542DF1AA1F9B18F5E2BAA6D75DDDBCF4C03CCCE19CBEC218E8C6A8EB1AB62319F5BA1C8BE49B61203849FAD5B1C6318805179FCCFB656ADAF4C7E28B23B993B24EC50ED0C22FBFF887E4C7D77965FDFA8797FAF6530B799494CDD9E4FD7B031EE525D52097D8365854B362D2B49B567B82AE3CD67A601E64DA3CEEE5599AD655FC2710F557256D4EB6B9E6C4BE775632E2A50EC50BDE09F19F2D78A1B2638CBAF2FA08C48F32CD5BB664B536AB1A01609EBBA876450E8AAEE481D2AEF7D20D96432D9A4AB0DAED4BDEE7C663B80C5312373D8FBCC667D2711A33A86A16FB3B2B61BBB8FD3903E67F3098F36D6746730BD29A3D8A16251EABB33F6A8661FB10C9C19D522354C8E337E0D7A5BACE5A6A6A253531B42389B057DC926B31DC0E425C9869C0FCFDF6B3F6B3422C083AD818DB7DAFD5D0141CD1EEABB3BC0B0EA8BB0E83634FBCC8C3C0E7780AAD8A400F612BD58ECA06C0930793099C946AE3882E5872FE19248AD3652616EAAD999410A133CD8DCDCC6E64DAB0A18F69316DC728DC974253DBC52A3B8C3DA4C2B4C3BB97150438F58AD761B430752A8A1B783B22DC0EC78B83F531D01AFAFD336658F1BD392FB11E44C07D82CA616AFC514E34652EC51CECB7635330DFBAA2B80CA8EB4AE160B7B2E26A3FFBAD43034AD1D8617A5BC17A11D7AFBCF0F306F47D0A6FB2BBDB7590B9E507ABFFB9933752D73A28A63614F467FF7AD119421AC4CC94DD2BC62ABFAAE2880899AC44A9E93FC3473F625E12BEEE226A18192FE7417F3EDCA461BBF0D6FAAAF2ED3C77E80657AE8ECBDF1B92FF76B36CB37B9B011D62D86E55114113E603E5C79F94519B43B8EBB71A8D94CAF20BD434F0DBDCB8FF44C0F30B542D52B6C65D61ACD5D442E88058B207E957B5005B292C98C5510FBE97F9F0CB7E501FD00B36518BDAF446D022B412E078635463586D409891FFD539FEFD78CE16A366B5D3A10032353758366EC51EED3034C6F729AD926081B4EA7A4CF5A12FEFFC5D3E15AFEB6EA53B671619564990640EAF594FC00F374C47C545E5CA17B7FB10F9F71773B2151573C41A7C4E6610519DC9E7136D377C18C3DCA75053095E3559F975FBB9FB3D630CE5AE2E1B1885BFBC94A53A817ED90F3397B3973C1D10ABAF9CF0F3037072A2B8A4932DE66DC4145B6E951949F41C2CFD1F355C02633586F3A285EE42C235B040A89106F648F72BE1A77663974EA467ACE0849272579F917EC3E8700AE19DAD252B08AD14ED7AEFCBE42AF5D2E3F36BFD2D0C1102FF56596FC00CBECC8F9E83E6167B2B7B6046ACC67A6480524694EB4F37318AABF947AC229CC24E94C569224CC7568D097CC375F3F570B8F11A0E2B111F1F14EECA74BB6227D4C80D17D5B95F1E6D30F306F46CFC7F7EAC1A658986AB23AF726D842CF878254165BD18751F118F8CD41062F0763ED8BB5F112FDBD0E73561312166C161360555766CFFB0196D991CBE2FB847DBEFB532C361CBD8ADAA5F260F40315355390B36E885CF7D4677BF13F3A0E2A52364A31236505F9019615A3FC07B69140D94BB22DCE8A3E8D1AF47F5336CAACEA921F605935D2F7683B7E80DDA32F3EAB1EDB0FB0AC1AE97BB41D3FC0EED1179F558FED0758568DF43DDA8E1F60F7E88BCFAAC7FE7F1AC0F37484B326080000000049454E44AE426082),(80,'image/png','file',0x89504E470D0A1A0A0000000D494844520000009800000098080600000018C2202100000C48694343504943432050726F66696C65000048899557075C53D71A3F776492B002119011F612654F1921AC08023205172109248C18128288DB52AA60DD22022E9C88C5562B2075A2D65914B775BC2845A5528B03172AEF6440ADFDBDF77EEFE3776EFEF73BDFF7FF06E7DC7B0F007AF53CA9B400D507A050522C4B8A0E674DCEC86491BA0102A8F0CF1658F2F872293B31310E4019FEFDBBBCBE01ADA15C755371FD73FEBF8A814028E7038024429C2D90F30B21FE1100BC9C2F95150340F4877ADB59C552159E0AB1910C2608B154857335B85C85B335B8466D9392C481782F00641A8F27CB0540B70DEA5925FC5CC8A37B0B627789402C01408F0C71085FC413401C03F198C2C2992A0CED8053F6673CB97FE3CC1EE1E4F17247B0A616B59023C47269016FF6FFD98EFF2D85058AE1180E70D044B2982455CDB06FB7F267C6AA300DE23E49767C02C48610BF150BD4F610A35491222655638F9AF3E51CD833C084D85DC08B8885D81CE22849417C9C569F9D238EE2420C57085A2A2EE6A6687D9708E591C95ACE7AD9CCA484619C23E3B0B5BECD3C993AAECAFE94223F95ADE5BF25127287F95F958952D2353963D412715A3CC4BA1033E5F9C9B11A1BCCAE4CC4891FB691299254F9DB411C289444876BF8B1E939B2A824ADBDAC503E5C2FB64424E6C66B716DB1282546CBB397CF53E76F02719B50C24E1DE611CA27C70DD7221046446A6AC72E0B25A9DA7A31A5B4383C49EBFB425A90A8B5C7A9C2826895DE0662737949B2D6170F29860B52C38FC74B8B13533479E2D979BC09899A7CF0521007382002B080028E6C3013E40171675F6B1FBCD3CC44011E90815C20046E5ACDB047BA7A4602AFC9A00CFC019110C847FCC2D5B3425002F51F47B49AAB1BC851CF96A83DF2C123880B412C2880F70AB59764245A1AF80D6AC4FF88CE87B916C0A19AFBA78E0D35715A8D629897A5376C498C2446106388514467DC0C0FC183F038780D83C313F7C70386B3FDCB9EF088D0457848B84E50126ECF102F967D510F0B4C044A18214A5B73F6E735E30E90D5070FC783213FE4C699B81970C3BD6124361E0A63FB402D479BB9AAFA2FB9FF56C3675DD7DA51DC29286514258CE2F4A5A7AE8BAECF088BAAA79F7748936BF6485F3923335FC6E77CD66901FC8DFDD2125B821DC0CE6027B073D861AC15B0B063581B76113BA2C223ABE837F52A1A8E96A4CE271FF288FF118FA78DA9EAA4DCBDC9BDD7FD8366AE5858AA7A3E02CE4CE96C99385754CC62C327BF90C595F0C78E6179BA7B0400A07A8F681E532F99EAF703C23CFF972E5F09806F17DC6382BF748222000EC1BD6FE0F597CEA1026E21B89F8E55F315B2128D0E575D08F0EDA407779429B0846F2927588F27F00541200C4482092001A4800C301D765904D7B30CCC0273C1225001AAC04AB00ED482CD601BD80DBE03FB412B380C4E809FC10570195C0777E0EAE9014F413F780D0611042121748481982256883DE28A7822FE48081289C4214948069285E422124481CC45BE42AA90D5482DB21569447E400E212790734817721B7980F4222F90F72886D25023D4027540C7A1FE281B8D4553D069682E5A8496A1E5E872B4066D40F7A22DE809F4027A1D55A24FD1010C603A1813B3C6DC307F8C83256099580E26C3E663955835D6803563EDF0FF7C1553627DD83B9C88337016EE0657700C9E8AF3F1227C3EBE0CAFC577E32DF829FC2AFE00EFC73F11E80473822B2190C0254C26E41266112A08D5849D848384D37037F5105E13894426D191E807776306318F3887B88CB891B88F789CD845EC260E90482453922B29989440E2918A4915A40DA4BDA463A42BA41ED25BB20ED98AEC498E22679225E4C5E46AF21EF251F215F263F220459F624F09A424500494D9941594ED9476CA254A0F65906A4075A4065353A879D445D41A6A33F534F52EF5A58E8E8E8D4E80CE241DB1CE429D1A9DEF75CEEA3CD0794733A4B9D038B4A934056D396D17ED38ED36ED259D4E77A087D133E9C5F4E5F446FA49FA7DFA5B5D86EE585DAEAE4077816E9D6E8BEE15DD677A143D7B3DB6DE74BD32BD6ABD037A97F4FAF429FA0EFA1C7D9EFE7CFD3AFD43FA37F5070C18061E0609068506CB0CF6189C337862483274308C341418961B6E333C69D8CDC018B60C0E83CFF88AB19D719AD16344347234E21AE51955197D67D469D46F6C68EC6D9C665C6A5C677CC458C9C4980E4C2EB380B982B99F7983F97E94C528F628E1A8A5A39A475D19F5C664B4499889D0A4D2649FC97593F7A62CD348D37CD355A6ADA6F7CC703317B34966B3CC36999D36EB1B6D343A68347F74E5E8FDA37F3547CD5DCC93CCE7986F33BF683E606169116D21B5D86071D2A2CF926919669967B9D6F2A865AF15C32AC44A6CB5D6EA98D5EF2C63169B55C0AA619D62F55B9B5BC7582BACB75A775A0FDA38DAA4DA2CB6D96773CF966AEB6F9B63BBD6B6C3B6DFCECA6EA2DD5CBB26BB5FED29F6FEF622FBF5F667ECDF38383AA43B7CE3D0EAF0C4D1C491EB58E6D8E478D789EE14EA54E4D4E074CD99E8ECEF9CEFBCD1F9B20BEAE2E32272A973B9E48ABAFABA8A5D37BA768D218C09182319D330E6A61BCD8DED56E2D6E4F6602C736CDCD8C5635BC73E1B67372E73DCAA7167C67D72F7712F70DFEE7EC7C3D06382C7628F768F179E2E9E7CCF3ACF6B5E74AF28AF055E6D5ECFBD5DBD85DE9BBC6FF9307C26FA7CE3D3E1F3D1D7CF57E6DBECDBEB67E797E557EF77D3DFC83FD17F99FFD900424078C08280C301EF027D038B03F707FE19E416941FB427E8C978C7F1C2F1DBC77707DB04F382B7062B43582159215B4294A1D6A1BCD086D08761B66182B09D618FD9CEEC3CF65EF6B370F77059F8C1F0379C40CE3CCEF1082C223AA232A233D2303235B236F27E944D546E5453547FB44FF49CE8E3318498D898553137B9165C3EB791DB3FC16FC2BC09A76269B1C9B1B5B10FE35CE26471ED13D1891326AE997837DE3E5E12DF9A0012B8096B12EE253A261625FE348938297152DDA447491E497393CE2433926724EF497E9D129EB222E54EAA53AA22B5234D2F6D6A5A63DA9BF488F4D5E9CAC9E326CF9B7C21C32C439CD19649CA4CCBDC9939302572CABA293D537DA6564CBD31CD715AE9B473D3CDA6174C3F32436F066FC6812C42567AD69EAC0FBC045E036F209B9B5D9FDDCFE7F0D7F39F0AC2046B05BDC260E16AE1E39CE09CD5394F728373D7E4F68A4245D5A23E31475C2B7E9E1793B739EF4D7E42FEAEFCA182F4827D85E4C2ACC243124349BEE4D44CCB99A533BBA4AED20AA9B228B0685D51BF2C56B6538EC8A7C9DB8A8DE007FB458593E26BC583929092BA92B7B3D2661D28352895945E9CED327BE9ECC76551653BE6E073F8733AE65ACF5D34F7C13CF6BCADF391F9D9F33B16D82E285FD0B3307AE1EE45D445F98B7E59ECBE78F5E2575FA57FD55E6E51BEB0BCFBEBE8AF9B2A742B641537BF09FA66F3127C897849E752AFA51B967EAA14549EAF72AFAAAEFAB08CBFECFCB71EDFD67C3BB43C6779E70ADF159B5612574A56DE5815BA6AF76A83D565ABBBD74C5CD3B296B5B672EDAB7533D69DABF6AEDEBC9EBA5EB15E591357D3B6C16EC3CA0D1F6A45B5D7EBC2EBF6D59BD72FAD7FB351B0F1CAA6B04DCD9B2D36576D7EBF45BCE5D6D6E8AD2D0D0E0DD5DB88DB4AB63DDA9EB6FDCC0EFF1D8D3BCD7656EDFCB84BB24BB93B69F7A946BFC6C63DE67B5634A14D8AA6DEBD53F75EFE2EE2BBB666B7E6ADFB98FBAABE07DF2BBEFFFD87AC1F6EEC8FDDDF71C0FF40F38FF63FD61F641CAC6C415A66B7F4B78A5A956D196D5D87261CEA680F6A3FF8D3D89F761DB63E5C77C4F8C88AA3D4A3E547878E951D1B382E3DDE7722F74477C78C8E3B27279FBC766AD2A9CED3B1A7CFFE1CF5F3C933EC33C7CE069F3D7C2EF0DCA1F3FEE75B2FF85E68B9E873F1E02F3EBF1CECF4ED6CB9E477A9ED72C0E5F6AEF15D47AF845E397135E2EACFD7B8D72E5C8FBFDE7523F5C6AD9B536F2A6F096E3DB95D70FBF9AF25BF0EDE59789770B7F29EFEBDEAFBE6F71BFEE5FCAF7D4A5FE59107110F2E3E4C7E78A79BDFFDF437F96F1F7ACA1FD11F553FB67ADCF8C4F3C9E1DEA8DECBBF4FF9BDE7A9F4E9605FC51F067FD43F737AF6E39F617F5EEC9FDCDFF35CF67CE8C5B297A62F77BDF27ED531903870FF75E1EBC137956F4DDFEE7EE7FFEECCFBF4F78F07677D207DA8F9E8FCB1FD53ECA7BB43854343529E8CA7FE14C0E04073720078B10B007A06008CCB0050A768CE796A413467533502FF096BCE826AF10560C7420054C78184E3006C82C301DEEB8501A0FA544F0903A897D7C8D08A3CC7CB53C34583271EC2DBA1A197160090DA01F8281B1A1ADC3834F4713B4CF63600C78B34E74B9510E1D9604B800A5DF736025FCABF01C3A17B33AF6C79AA0000000970485973000016250000162501495224F00000019D69545874584D4C3A636F6D2E61646F62652E786D7000000000003C783A786D706D65746120786D6C6E733A783D2261646F62653A6E733A6D6574612F2220783A786D70746B3D22584D5020436F726520352E342E30223E0A2020203C7264663A52444620786D6C6E733A7264663D22687474703A2F2F7777772E77332E6F72672F313939392F30322F32322D7264662D73796E7461782D6E7323223E0A2020202020203C7264663A4465736372697074696F6E207264663A61626F75743D22220A202020202020202020202020786D6C6E733A657869663D22687474703A2F2F6E732E61646F62652E636F6D2F657869662F312E302F223E0A2020202020202020203C657869663A506978656C5844696D656E73696F6E3E3135323C2F657869663A506978656C5844696D656E73696F6E3E0A2020202020202020203C657869663A506978656C5944696D656E73696F6E3E3135323C2F657869663A506978656C5944696D656E73696F6E3E0A2020202020203C2F7264663A4465736372697074696F6E3E0A2020203C2F7264663A5244463E0A3C2F783A786D706D6574613E0A599EF9470000001C69444F5400000002000000000000004C000000280000004C0000004C0000097DA980492300000949494441547801EC9D0B7015D519C7FF179410428090F0521E794034981049487828501891978F29E250047454465AAB958240312D2A946620654A554611F0C940D53EA62540B15279C8EB86F008182026A1012429E485B910DEE9B7CBBD4E5976F69EBB7777BDBBF73B33999BB3BBE7FBF6FCCF6FCF397B76CF595713057060054C52C0C58099A42C9B951560C01804531560C04C95978D3360CC80A90A3060A6CACBC6193066C05405183053E565E34101769D46D0B695D7E1F3923A7C59568F6F6A2FA2C67319B8729D95B5A302B737436CEB16E8D5BE258625B5C383C93118921883662EFD99D105D8A5ABD7B17CD7B7C8DB7E0AA7CE36EAF7CE29435E81AE1D22316B70574C1B7827226E6B16F0F9060C98FBC47798B8F608CAABCECBCE52BB45637C6A1C91DE0EBDE25A2136EA7644D295C0C17E0A3452CB5373FE0ABEA9BE402D533DFE7CB81A874F36C81949EC1C85B5135390DDBD4D40190B08B08FF656E129820BD4360E4D6E8FC56313037618D0D9F1C13FB8025285327B7D39B696D4426A2B3F24C89EECD759F8BC84015BB1FB349EFBE428D0DC8577C7DF85A9FDEF802B88B659F80CF9C01F5C01E969F5CA3D54FE9F1D0328B262420A957F17A1F31202ACA8D283F42505B2C1FC67FB606C4AAC90713EC8590AAC3F5283875615C9992A9A9985B42EADFD66D02F6012BDA94BDC28FED683DC8793F0ABE13DFC1AE5039CAB40EEE60ABC925F86DE77B6C6E199D97E5B31BF806D29ABC3B0B7F6A347C756289BD31FCD83B96775AEEE6193B36BD4FF4E5AB40715672E60CB0B19184AC3195AC12F6093D614634D4115F21EED89977FD45DCB16EF0B1305F2B69CC0ECBF9762525667AC7EA2B766AEFD0276779E1BC74E7B70605636D2EFF0DFE66A7AE39D8E50E0C0E906F4CD2B400A3593C52F676BE6C92F60AEB9DB808B57519F3B046D5BDEA6698C77868702F58D5711F30A71413C3411175AC13F60BFFCB79CBEE90FC3B5ECF0BE3053C025C8050316666018955D06CC2825D98EAA020C98AA2CBCD128051830A394643BAA0A3060AAB2F046A31460C08C5292EDA82AC080A9CAC21B8D528001334A49B6A3AA0003A62A4BF01BDFA7E7B2673D97D0293A021DE9EDDDD161FAEA1203163C4B375990DE221892BB013BDD6EA0EEBF40741CA2A25B6348565FE4CF1819D4C4889B1CD924220A18BDA0A81D307D7393F417EEE18382CA268C5B486FC7E1E6BFF18B9B561756859D3CA25C30608268C880FD5805B0C719302D09F959A46093A4DE4446511399C14DA486860C9886386ABBDE7357A2FAFC65EEE4DBF96D0A69C6F8DAFDD491A630B16FA7B0EB40AB812DB2CD4ADD443BF92159838D59B2091B77D3EC159A1637BA7F1F6C98395244DFB03FC64ADD44010BB94EFE86E2EAA6A809B9DFDFA9454DF85D93B48D83B60256EB66DBBB48F96E6D4CCEF78081FE97B671D056C06ADD44010BB92672F1971598F36A2EB07DF98D266FF0342C7A7D2E660FEBA1D9049EF15CC1877B2BB1B5EC1C4A6B1B718C56FA91E612D82AB46C8E645AD926A97D2406D09A1F93323A2189D6FB10097A7513B1AD768C6813197280498F629EF9EDDBC03FE6DFC8D723F3B02AE7A778265B7DAAFAD7B408CBDC0DE558F775B5BC66869A1876DE766F8F369831B81B26136C5A4B3504AA5BB09AD8163029E3F72D5C8F9D8507650D0665A66347CED85BF4B84AB74CD2559BB3F138708D5AD416CD3029BD231E4BEB80C4D848C4534D60B75950E7A8C63D51771115F4B7E9582D96EF3F832B0DB4DE1A857E096DF1CEB86464768DBE450BDF0611DD7CC706FB6B6BC0A441CDD5FB6E0C534857AE7236B9E7D2358C5C59849DA57500AD59B560643C5EA2AB3C3AA279B0BA85547A49877F1268D3D795A2B49296CBA2BBEAD7462560DE8804D5DACC9F6E4666CED6806909D140703DF0EE41B869FDAA34EAA77C32B937523A466925B1FD3EA9B67E8716FC7B715D1940F9FF092D9FF4C184BB752D086794188E044C127AE8DB07E49A2B2BA11D364F4B775CADA50580D4DF1CBEF220CED45CC4FD3D63F005E55FCFAA835A3E44F73912B005FFFA0FE65187BE4FF7687CF57C4658C1E52BF8B374B73C62C5011C3CD120D7646B686D08ADCEBF2F9DD1BF8E03ACE0E477C85E5A28F7B94A676509DFBE1B2D6C28D893204B5D5A20D764AF8FA63ED98309969F96E3001BF0E63EECA17ED75BE393F1F3FBBA5A2E68A8393C5CE5419A74C15DBE86BD33B234EF2ECD38774701B6E3F839DCFF4621BAC445E2E4DC01B7DC559A21A01D6CBEF9D529FCE22F25F21086FBC54C4B9B4A47013686966DDC482B1E2F7B3C19CF0FE2DACB07BF74D393F27BB73C84F1D1E47B3025B3936F97E9BF8E014C1A7C6C97B31DA0A5D12F2C18CC4BA42BD0C92FAEC6C32B8A904123FE85D3FB29F69A17750C607F3D74168FBD7708A3EE89C3C6A97DCC53CCA696A5C1D5C8D776C823FE65BF1E283FC5B0222B8E016CEAA747B16AD7692C1DD74B1EADB7423CBBF978E16F2558B6ED14E68F49C46F46C45B72FA8E012CFB8D7D28385E8F1D2F6562507C5B4BC4B39B13E941FF23F4E86C6C6A07E43F9B66C9E93B06B02E0B77A1AABA115656FF969490814EE4EF182C76E32E5A43F728ADA56B45700C60AE395BE5B11ECFA2A1886AE1AC87D9468120DF08496BE90AAC996A944FE70026387BC528E1EC6A47B4C08DCA9FA8BF907BE1502980684694E9C22D6EB54EA2FE18308790285AE0466557D41F03F67F8AEFA14FD7EDAE3887DA0BC6BCCB1F4FEFD63F4D5FC3B0228816B851E722EA8F01F32A2EC1F5331A4F1AD8AD0D625B19F3C189729A78E2A27769A49703956FE51A55D03E3BA205EE3B3ED85F517F0C9857E93F6E3F8912FA3CF4327AEFDDC8F0E8FB87308EE6093C15C0473CF5F8172D703DB6D5D288FA63C0BCEABDBAE9B8340919F34725AAE9A97B9B59769527245AE0CA747AE3A2FE1830AFC2668160965D2518A205AE4CA7372EEA8F0163C07431C68005289B59358D597695D9132D70653ABD71517F5C837915360B04B3EC2AC1102D70653ABD71517F0C1803A68B31062C40D9CCAA69CCB2ABCC9E68812BD3E98D8BFAE31ACCABF0943F1D41394D687DA0A7F647CE032D902F4AEB91D83E021F4FD4FEB675A07695C78B16B8329DDEB8A83F06CCABF094B5475056D36838609B6939A9849808BF1F4FD75BD0BE74A205EE3B3ED85F517F0C985769B39A32B3EC2A01112D70653ABD71517F0C1803A68B31062C40D9CCAA69CCB2ABCC9E68812BD3E98D8BFAE31ACCABB05920986557098668812BD3E98D8BFA63C018305D8C316001CA66564D63965D65F6440B5C994E6F5CD4DFFF000000FFFFB1851C190000097A49444154ED5D0B50554518FE50149587A025922F401DC234450335D11E3A9A660F7B4E2FA797A56665AF291FD9845A4ED694634E59339AA53963654D99E5AB46B4F0155AF816484911D484401414BCED1EEF21D8B8E7EC39DC3DF79C737767E0DE3DBBFBFFFB7FFFC7EE9EE5EC7F423C244123853CF79352EA79F7468D5AC68AB6169461CB917F10D5A2191E496DAFD95884FE8614BEB6E64F5028326E4A6CA8D8F4355172D90EF1E0640477563E9BE7D147DB84584D306AE4808CAF80BC6C20AA0DAE4D4B43E6945168DA2484B541C9F31AD260630317451141945CD6343D9C8CE2CECA67F37AFA6AEB538269254CDEE0A13FFE4AEF65167870FD243A6A5EFA1933DBF3C9F6E33EC5FB5BBF2F45337ECCF7BCFA439EAF62D3D745C9653BA4879351DC59F96C5E4F9F5A9F4E0B9A895790A6903A85460DF5B7FE3A5DA9F755141144C9ADD77992D1C3C928EEAC7C36AFA74FAD2FA748EF582E6A2A1325B7760AF27ED19BB20235455A4E308A87BAD88C0C0BC5A369712C56F5F27AC0D5ABDC888C28228892CB9ACA839311DC59F96C9E471F6D131082B19DD5CAF31AA22583A74C141144C9656DB20A27552FAF3E49302F62A288204AAEEA68F593D7E16AFDC67EF2EA9304F3222D8A08A2E4B204E17538DBCE6C9E579F24982498298E498219844DD448234A2E6B1EAFC3D97666F3BCFAE408E64558141144C96589C1EB70B69DD93CAF3E49304930531C930433089BA89146945CD63C5E87B3EDCCE679F5C911CC8BB028228892CB1283D7E16C3BB3795E7D92609260A638260966103651238D28B9AC79BC0E67DB99CDF3EA932398176151441025972506AFC3D97666F3BCFA24C124C14C714C12CC206CA2461A517259F3781DCEB6339BE7D52747302FC2A288204A2E4B0C5E87B3EDCCE679F5498279115EBCBD081B0E9DC6D2FB7B98C5BCC176D411FE3C30D3A0127291D7E1BEDA1BBDCEAB4F12AC0EB20F2DDF87B2CA6AF4B922A2CE55F35F337E242795FC781A4BAB27BC0ED79261A48C579FFD09F6F246E07C0DCAE75C8788B0A64630305CB7E6A2074BB38B9177EAACE1B60D35F0F711B88674D06BA5E7AA1133351368110ACF9B437C55F3EB75D7102C6E76168A4E9D43EEB401E87A592BBF82E41661BB0ACB9132773B923B4460EF8B699698E51A82F59F9F8D6DF9A5C87CBA2F0627465B029ED394ACCC39893B17E56074AFCBF1DDA3BD2CE9BE6B083671E5417CB0E928668F4EC4D4A1F19680E734250F7EBE17CBC84DCA5BB775C34BD777B6A4FBAE21D8DA03A731E2C35DE84F46AF2D641493A93E02E55535889AB109A8F6A0F8F574B48B6856BF82A09C6B0876BEC683B0E964017BFE22F2A70E4042DB96822073A6D837361CC6B455F9964E8F1429D7108C1A3365751EE6AC3B82B1E40CE592FB92E925990802FB4E54A00759DC93E3F9C87931153DDBFB677B85075C5711EC1FB237153D2B0B387B013B9E4F45BF8E913C18B8BA0E9D1A072DC846CE5FE501599FBA8A6094290BB38E61FC8A03888E0EC37E42B2D8C8E6AE26909671945C4317FE8EED7F96E2DA6E31D838A10F427D4427D292D39832D7118C46317B6CC57E2CDE5288DE9D23B1765C1FCB16B48D7184BFDB1E229BC0777DB6077F14942B373EEB9FE82D7C03BA211B5C47306A245DF00F5BB80B9B0E952823D9FAC7AE0E9AE992FE97E143328A4FFA3657B9E1492723D70F8F5F1D1072515FB892602AC9267C75008BB20A8995C083A971C8181EEFDABBCBCAEA8B20F1D330EBE7021C3B790E2053E1CC9109987263179F41FB284EA2936B094681A3D3E5C75B0BF1E4AA3CA0E282027A5A7C6BDC9ADC46D9ED8F8B6A8EB8C8B080FD759B75EE19B2B62A2EAF425139B999395A8675074BF17DEE69A0B2461149F702E7DFDE0DA99DA2CCAAF05B3B57134C4589DE5DCEF9E908E6909D7ED5096A996B3EC98835FCCAB678755867A427D8E75F654141309544746DB631AF04DFEC3E85DF8E9D414159158E979D579EC250EB38E2B37953D0D1B75354187AC5B6C24842ACA1DD6310DD32D476DD0F2A82D90EFD20E890245810383990263A9A606AA8470AE0802EADD1BF73E017B5817426AF6E2B71732CC12848B571F429B25DFB62CB8C3B25C9745866356EBC04B33C8CB91ADEDAD7E7FFC26D9398FAF49A4CDA08588D1B6F187349306DBF39A6D4AE04B3DDA10FAB877A9D99C731C556E3C63B45DA8E60D4A3142CFAB22C9AE4225F8181EB9795B8399A605C68CA4A014540122CA0F0BB5FB92498201FD3100327CF5491071EC3D02EBC194626B715A4C9DE6225C1FCEC1FFA3CD6903757E3D76DDB80926220F23284474660486A0A563D3F823E451354899760B6DBA6B0EBBE007DA725EE98FDDF7B2ED5F75DDEFBAE67E96F4576EDB6B07EF1EE83D9F22ED2AE4381F257FBDED0DAEE3549BA01176F79059EB9C36BAF05CB17DE114C12CC20231460F7AF456C9744DCD0AF17968F1B6850823BAA4B8209F4E347E4E0497A426BF4880D17A8C5DEA225C1ECED1FC7F74E12CCF12EB4B7019260F6F68FE37B2709E67817DADB0049307BFBC7F1BDF31FC1A69018A9E45C5E2989FDD99AC400954922602426ACEE3E58D2DCAD385858815D2FA5A1B79FA22F4B17391B0135266C12E1C37EC20BADA44BB0BB3FDD832F7716E3837B92307E60072D59B22C4810A031322690484777A5C4E28BB157695AAD4B3035C0EC6072003473628AA63059181C080C5EB0139B734BB092041C1E43020F6B255D825591E01B2D5EDB0C9058ECD92FA422A5830CFEA605A8DBCBB28F95A3DF3B24AA22396D5E4962C2868536D134599760B4F5BC4D7F61F2CA4318D83506BF3C958290207B344513C1202AA441670691D12B8B8469987747773C33B893AEF55C04AB26CF4225BFBD0DB9C72B30F3E6444C1F16AF2B5856701F0233D71DC68CD5F9E81E17AEBCF08127AA2217C128547B8A2AD073DE0E65CB62C9033D30F69AF6EE43505AE41381253B8AF0F0B2BDE475354DB1FBD96B70557BBE7FF473138C6A5662D67FF43B4046B48C51974632395DFAF4892B0AE8B4386BFDA5918B3EB6BB8684EC1C9ED486DB364304A35215927D92A38C64744DF6FE986EE82B17FEDC803BA9225DD04FFA3A575973D1176DAD79B8A72172515B0D138C36A2D3E5ED9FEE56D664348C653A21DA037DDB91338C51888F6969CB7856B4DF3269234077E80F979C236752CBB02CFB043693C53CC80846D75C5F8FEDC93D2DD6D5628A6054005DF82FF8E52826937722E26C755D99F2BB5B1068158A79372560E2A08EA6C3A49B26988A21DD27FB7EDFDF58BEF304728A2B70E07425993E25E1547C1CF549A6C1A4362D4874C570DC9FD20EA3C8913CBD7D2E3DFB1A4D303D05B23CB81190040B6EFF0BB75E124C38C4C1AD40122CB8FD2FDCFA7F018CCD0C0688E5FDCF0000000049454E44AE426082),(81,'image/png','file',0x89504E470D0A1A0A0000000D494844520000009800000098080600000018C2202100000C48694343504943432050726F66696C65000048899557075C53D71A3F776492B002119011F612654F1921AC08023205172109248C18128288DB52AA60DD22022E9C88C5562B2075A2D65914B775BC2845A5528B03172AEF6440ADFDBDF77EEFE3776EFEF73BDFF7FF06E7DC7B0F007AF53CA9B400D507A050522C4B8A0E674DCEC86491BA0102A8F0CF1658F2F872293B31310E4019FEFDBBBCBE01ADA15C755371FD73FEBF8A814028E7038024429C2D90F30B21FE1100BC9C2F95150340F4877ADB59C552159E0AB1910C2608B154857335B85C85B335B8466D9392C481782F00641A8F27CB0540B70DEA5925FC5CC8A37B0B627789402C01408F0C71085FC413401C03F198C2C2992A0CED8053F6673CB97FE3CC1EE1E4F17247B0A616B59023C47269016FF6FFD98EFF2D85058AE1180E70D044B2982455CDB06FB7F267C6AA300DE23E49767C02C48610BF150BD4F610A35491222655638F9AF3E51CD833C084D85DC08B8885D81CE22849417C9C569F9D238EE2420C57085A2A2EE6A6687D9708E591C95ACE7AD9CCA484619C23E3B0B5BECD3C993AAECAFE94223F95ADE5BF25127287F95F958952D2353963D412715A3CC4BA1033E5F9C9B11A1BCCAE4CC4891FB691299254F9DB411C289444876BF8B1E939B2A824ADBDAC503E5C2FB64424E6C66B716DB1282546CBB397CF53E76F02719B50C24E1DE611CA27C70DD7221046446A6AC72E0B25A9DA7A31A5B4383C49EBFB425A90A8B5C7A9C2826895DE0662737949B2D6170F29860B52C38FC74B8B13533479E2D979BC09899A7CF0521007382002B080028E6C3013E40171675F6B1FBCD3CC44011E90815C20046E5ACDB047BA7A4602AFC9A00CFC019110C847FCC2D5B3425002F51F47B49AAB1BC851CF96A83DF2C123880B412C2880F70AB59764245A1AF80D6AC4FF88CE87B916C0A19AFBA78E0D35715A8D629897A5376C498C2446106388514467DC0C0FC183F038780D83C313F7C70386B3FDCB9EF088D0457848B84E50126ECF102F967D510F0B4C044A18214A5B73F6E735E30E90D5070FC783213FE4C699B81970C3BD6124361E0A63FB402D479BB9AAFA2FB9FF56C3675DD7DA51DC29286514258CE2F4A5A7AE8BAECF088BAAA79F7748936BF6485F3923335FC6E77CD66901FC8DFDD2125B821DC0CE6027B073D861AC15B0B063581B76113BA2C223ABE837F52A1A8E96A4CE271FF288FF118FA78DA9EAA4DCBDC9BDD7FD8366AE5858AA7A3E02CE4CE96C99385754CC62C327BF90C595F0C78E6179BA7B0400A07A8F681E532F99EAF703C23CFF972E5F09806F17DC6382BF748222000EC1BD6FE0F597CEA1026E21B89F8E55F315B2128D0E575D08F0EDA407779429B0846F2927588F27F00541200C4482092001A4800C301D765904D7B30CCC0273C1225001AAC04AB00ED482CD601BD80DBE03FB412B380C4E809FC10570195C0777E0EAE9014F413F780D0611042121748481982256883DE28A7822FE48081289C4214948069285E422124481CC45BE42AA90D5482DB21569447E400E212790734817721B7980F4222F90F72886D25023D4027540C7A1FE281B8D4553D069682E5A8496A1E5E872B4066D40F7A22DE809F4027A1D55A24FD1010C603A1813B3C6DC307F8C83256099580E26C3E663955835D6803563EDF0FF7C1553627DD83B9C88337016EE0657700C9E8AF3F1227C3EBE0CAFC577E32DF829FC2AFE00EFC73F11E80473822B2190C0254C26E41266112A08D5849D848384D37037F5105E13894426D191E807776306318F3887B88CB891B88F789CD845EC260E90482453922B29989440E2918A4915A40DA4BDA463A42BA41ED25BB20ED98AEC498E22679225E4C5E46AF21EF251F215F263F220459F624F09A424500494D9941594ED9476CA254A0F65906A4075A4065353A879D445D41A6A33F534F52EF5A58E8E8E8D4E80CE241DB1CE429D1A9DEF75CEEA3CD0794733A4B9D038B4A934056D396D17ED38ED36ED259D4E77A087D133E9C5F4E5F446FA49FA7DFA5B5D86EE585DAEAE4077816E9D6E8BEE15DD677A143D7B3DB6DE74BD32BD6ABD037A97F4FAF429FA0EFA1C7D9EFE7CFD3AFD43FA37F5070C18061E0609068506CB0CF6189C337862483274308C341418961B6E333C69D8CDC018B60C0E83CFF88AB19D719AD16344347234E21AE51955197D67D469D46F6C68EC6D9C665C6A5C677CC458C9C4980E4C2EB380B982B99F7983F97E94C528F628E1A8A5A39A475D19F5C664B4499889D0A4D2649FC97593F7A62CD348D37CD355A6ADA6F7CC703317B34966B3CC36999D36EB1B6D343A68347F74E5E8FDA37F3547CD5DCC93CCE7986F33BF683E606169116D21B5D86071D2A2CF926919669967B9D6F2A865AF15C32AC44A6CB5D6EA98D5EF2C63169B55C0AA619D62F55B9B5BC7582BACB75A775A0FDA38DAA4DA2CB6D96773CF966AEB6F9B63BBD6B6C3B6DFCECA6EA2DD5CBB26BB5FED29F6FEF622FBF5F667ECDF38383AA43B7CE3D0EAF0C4D1C491EB58E6D8E478D789EE14EA54E4D4E074CD99E8ECEF9CEFBCD1F9B20BEAE2E32272A973B9E48ABAFABA8A5D37BA768D218C09182319D330E6A61BCD8DED56E2D6E4F6602C736CDCD8C5635BC73E1B67372E73DCAA7167C67D72F7712F70DFEE7EC7C3D06382C7628F768F179E2E9E7CCF3ACF6B5E74AF28AF055E6D5ECFBD5DBD85DE9BBC6FF9307C26FA7CE3D3E1F3D1D7CF57E6DBECDBEB67E797E557EF77D3DFC83FD17F99FFD900424078C08280C301EF027D038B03F707FE19E416941FB427E8C978C7F1C2F1DBC77707DB04F382B7062B43582159215B4294A1D6A1BCD086D08761B66182B09D618FD9CEEC3CF65EF6B370F77059F8C1F0379C40CE3CCEF1082C223AA232A233D2303235B236F27E944D546E5453547FB44FF49CE8E3318498D898553137B9165C3EB791DB3FC16FC2BC09A76269B1C9B1B5B10FE35CE26471ED13D1891326AE997837DE3E5E12DF9A0012B8096B12EE253A261625FE348938297152DDA447491E497393CE2433926724EF497E9D129EB222E54EAA53AA22B5234D2F6D6A5A63DA9BF488F4D5E9CAC9E326CF9B7C21C32C439CD19649CA4CCBDC9939302572CABA293D537DA6564CBD31CD715AE9B473D3CDA6174C3F32436F066FC6812C42567AD69EAC0FBC045E036F209B9B5D9FDDCFE7F0D7F39F0AC2046B05BDC260E16AE1E39CE09CD5394F728373D7E4F68A4245D5A23E31475C2B7E9E1793B739EF4D7E42FEAEFCA182F4827D85E4C2ACC243124349BEE4D44CCB99A533BBA4AED20AA9B228B0685D51BF2C56B6538EC8A7C9DB8A8DE007FB458593E26BC583929092BA92B7B3D2661D28352895945E9CED327BE9ECC76551653BE6E073F8733AE65ACF5D34F7C13CF6BCADF391F9D9F33B16D82E285FD0B3307AE1EE45D445F98B7E59ECBE78F5E2575FA57FD55E6E51BEB0BCFBEBE8AF9B2A742B641537BF09FA66F3127C897849E752AFA51B967EAA14549EAF72AFAAAEFAB08CBFECFCB71EDFD67C3BB43C6779E70ADF159B5612574A56DE5815BA6AF76A83D565ABBBD74C5CD3B296B5B672EDAB7533D69DABF6AEDEBC9EBA5EB15E591357D3B6C16EC3CA0D1F6A45B5D7EBC2EBF6D59BD72FAD7FB351B0F1CAA6B04DCD9B2D36576D7EBF45BCE5D6D6E8AD2D0D0E0DD5DB88DB4AB63DDA9EB6FDCC0EFF1D8D3BCD7656EDFCB84BB24BB93B69F7A946BFC6C63DE67B5634A14D8AA6DEBD53F75EFE2EE2BBB666B7E6ADFB98FBAABE07DF2BBEFFFD87AC1F6EEC8FDDDF71C0FF40F38FF63FD61F641CAC6C415A66B7F4B78A5A956D196D5D87261CEA680F6A3FF8D3D89F761DB63E5C77C4F8C88AA3D4A3E547878E951D1B382E3DDE7722F74477C78C8E3B27279FBC766AD2A9CED3B1A7CFFE1CF5F3C933EC33C7CE069F3D7C2EF0DCA1F3FEE75B2FF85E68B9E873F1E02F3EBF1CECF4ED6CB9E477A9ED72C0E5F6AEF15D47AF845E397135E2EACFD7B8D72E5C8FBFDE7523F5C6AD9B536F2A6F096E3DB95D70FBF9AF25BF0EDE59789770B7F29EFEBDEAFBE6F71BFEE5FCAF7D4A5FE59107110F2E3E4C7E78A79BDFFDF437F96F1F7ACA1FD11F553FB67ADCF8C4F3C9E1DEA8DECBBF4FF9BDE7A9F4E9605FC51F067FD43F737AF6E39F617F5EEC9FDCDFF35CF67CE8C5B297A62F77BDF27ED531903870FF75E1EBC137956F4DDFEE7EE7FFEECCFBF4F78F07677D207DA8F9E8FCB1FD53ECA7BB43854343529E8CA7FE14C0E04073720078B10B007A06008CCB0050A768CE796A413467533502FF096BCE826AF10560C7420054C78184E3006C82C301DEEB8501A0FA544F0903A897D7C8D08A3CC7CB53C34583271EC2DBA1A197160090DA01F8281B1A1ADC3834F4713B4CF63600C78B34E74B9510E1D9604B800A5DF736025FCABF01C3A17B33AF6C79AA0000000970485973000016250000162501495224F00000019D69545874584D4C3A636F6D2E61646F62652E786D7000000000003C783A786D706D65746120786D6C6E733A783D2261646F62653A6E733A6D6574612F2220783A786D70746B3D22584D5020436F726520352E342E30223E0A2020203C7264663A52444620786D6C6E733A7264663D22687474703A2F2F7777772E77332E6F72672F313939392F30322F32322D7264662D73796E7461782D6E7323223E0A2020202020203C7264663A4465736372697074696F6E207264663A61626F75743D22220A202020202020202020202020786D6C6E733A657869663D22687474703A2F2F6E732E61646F62652E636F6D2F657869662F312E302F223E0A2020202020202020203C657869663A506978656C5844696D656E73696F6E3E3135323C2F657869663A506978656C5844696D656E73696F6E3E0A2020202020202020203C657869663A506978656C5944696D656E73696F6E3E3135323C2F657869663A506978656C5944696D656E73696F6E3E0A2020202020203C2F7264663A4465736372697074696F6E3E0A2020203C2F7264663A5244463E0A3C2F783A786D706D6574613E0A599EF9470000001C69444F5400000002000000000000004C000000280000004C0000004C000008C2EB45D67F0000088E494441547801EC9D7B5015551CC7BF57AE8080A188882F14528914151F88F9AEC9574D33966594A30E9A93E188386A6999A9D3D86426A6364E664F751C2B7BCCA891938F44015174CC2449111FE06B14115150907EBB7219EE75B9BBF7DEDDF5DEBDBFF307EC9E3DE777CF7ECF67CF9E3D4F530D39B063053452C0C48069A42C9B151560C018044D1560C03495978D3360CC80A60A30609ACACBC69D064CF8F6DC5B508275D91771B8E8164E5EAF002AAA58514F56C0DF075D42FCD1BD551012E3C2F05C4C0BF8991BB974474E0176ECE22D246E3C811304163B032B106046DAC848240F68077323935337EA3060EBB28A31F5C79340750D3A8405607AFF3678B64B083A12F9C1FE66A712C191DC4381527A0315D29B28F36C29361DB9827DA74A007A53756A1D885F267443D7F0408713EA1060DF1DBA84895472C1C784A5A3A3306768047C9C24DBE1947204DD1538525486E49F4F21F3348146AFCFF449B1181E1DE2503A140376F0DC4DF45B7918A09272DBE4EE184DEF6776C65740A86B7FF86721166C2B00A830499FDAC321C814015659751F4F2ECF41C1A5727C31EE09BC91D0C6F8CAF21D5A29F02DBDBD26096F2F2AC98EA7F451FCBA5404D867FBCE2365EB7F184275ADDD6FF684C9B9FA9E5582F9C4F31458B2B310EF6F2F10EB6479B3E31555FC6501BB4F4564C4D24C145DBD83ECD43E888F78CCF394E114ABA280F0BA1CB0E68858275BF96267CC18D45ED6AE2C607BA882376CF511746BDF147FCFEA2B6B9003185B815CAAF8F7A6EA129A9851B168A06C3B992C60F3771460E91F85F8605424160E8F34B67A7C778A141844A5580635616C4D8AC598D89676E3C802D67F752EB24EDFC0AEE4380CEBD4DCAE31BEE81D0AACCD2CC2B42D273136AE157E98D0D5EE4DCB0216BAF800AE9554E0FCC20168D7CCCFAE31BEE81D0A1C2D2E43DCB21C44B709C2BF73E2EDDEB42C60A6B97B807BF771FBE3A168D2D8B57E29BB29E18B1EA3C08D3B55683EFF2F6AB230A366E960BBE996072C759768A066C5D3760DF145EF52C0A4900B06CCBBB850ED6E1930D5A46443520A306052AAB09F6A0A3060AA49C986A41460C0A454613FD51460C05493920D4929C08049A9C27EAA29C080A926251B925280019352C545BF6C1AD59B45E3D50597D02118FDBC78E81203E6224CB6D105B812D6E40277EF3FB8E4DB0859C9BDBC163206CC961017CF57D2A8DE9934AAB7BE4BA34177290A06DDD58F639463064CE59CFC3AE71292B6E4015534AC5370D4F1BF7E6C3492E25B3F38F7B2BF0C980619DE9F46F66615DE10E70A26440623737A2F0D7EC5334C32601AE453354D50D8907B59B43CBE572BAF9E13EAD1809DB85C8E8C33A598CAD3E39C7A4C8429665A3F001E0B58E2867F905E700325A577012A31781C9A638C89194F33EF133A36A357789C63911D08ED918099E6D128C9CA6AAAE3D456A46B6F98215396F3964C17436BFC1162F92DB9BC719B01871BA96E337E13CD1CA64555AC1C3D8DDFBC1A83897DC2ADBCF9C45A0171E6F566FACAADA79F96CD281E079830C177F497C7905E482DE534E65B2CC5E8294C880846C65B3D1555A86F565423FB5C292EDEBC8B4B659528B7348A5AE785DB9E0552E36DABA67E080FF245CFB64174ECAB38ADC207C8C0CFE92B971A84853914D0B821D8E300B328B923EF1AAE94DFC365022434D057513BD3AAFD17B0FA4011F2AFDC06FC7CE829266B82C8D5B5ADEE16E3EEFEDF8726D598695D0661C5226A6F0B6D6AC6049A1A366F5807D2A2B1A2D47F75F022CA2AAB34EFCAF258C014A9581B288D5AD7537F3B4D19421E1E565A29BE4F612110AA264CA106DD752F472B8EA67540C30316FB690E8E0B2596F051E02D8E404B7BA1135206B77FE4776C68C04CEFECA5128BC0B2F91E78E4AAEB91005A33B575B02F8ADF7B4A8F5F6BF0370C0B98089737955A0D66313D5F8F70AEAA2101135F8B17CABCB3E46A00B4470599E1004BDB7701A9DBA842CFA597156AA1217EB8BA6080959F1E278603CC34670F7DBA7B58B3831E39DDD8073307B6C50AAAFCEBE90C05D8AAFDE731E3D7026ADBF2A22F46076809A525E4336869D3E896010EC4722DA8A1008B5E968DFCE272D71431726C6A989D4EA5D8AA315D74BB4BC3002674FF042FA04E70CB4852DD24F4B01FA21E8C9A8F86E89668C300B633FF3A467C7F1C35B7781F247BF498A82BE9D0B41EE8D5569F459A0D0398B8BBC84FF9BCD1963DBA846BB418DCD6D76264D74C9533A3F4BA6100FB78F759BCBDED8CE7755C2BCD29B5C2510BFFF2E7A3306B48845A16EDDA310C600BD3CF60F1EF04183B5905168CE888C523A364C3A91180015343450FB3C1803991615C8229178D0153AE555D485D01A3F6A4449A8ED6A9857FDDEFBB72B024BDD095E80EC765C01C960CD013B0F58931E2A6AAC28EBE6AB845232261A9ABA8614FCE060326A790C475BD007BBD6F389EE91C822461E2898A4E18EDA017640C981319A7176042E6986878B2DA5FAC5AD995929201935245C68F019311A8DE6506AC9E184A0F1930A54A010C9872ADEA4232607552C81E3060B2123D1C80017B5893867C18B08694B1E3CF80D911C7E612036623889253064C894A0FC23060CAB5AA0BC980D549217BC080C94AF4700006EC614D1AF261C01A52C68EBF5E8009DD4491347962376D76AEA613F6393F535289C92AF71048A59101935245C64F4FC0A25A34511DB0A18F37432101A6761794946C0C98942A327E7A0126640E7715C96446BDCB96FE55B999E56EB3C261BDB45B1DBA1360AFD0509EB52F4523E45D9AE5A4D06905AED4CF730926A58A8C9F3B017679C92084053576687404035663B3E2AE4D862B2D0A6DA2A976EA4E8095D1BCC3206105C55A67D1C6722EF59F01D31930614B96ABB72AC5B548C3682EDFA8981652F952E7E74E806D9ED80DE37A868969BB434B7406CCDD5397CE860EDC093035778BB33C5C6E53077BB048ED51DA0E8FB6621166690B4B4336316344C7606C9FD25D5C96542A93DC09B0A8F040E4CD8E872FAD34985B5486DE9FE44825D9CACF5D00537BB738A580FD0F0000FFFF8AB407BA000008A949444154ED9D096C154518C7FF8F96A3208572B4A5400B48ADDC14B1821C8A462E090946620A28060288A008F1C403452311225A14A3081E049040C44814AD1A2050A4152C787043B95B40B1582850A0D46FB6BC47FB8E9D69DD5DDEEE7E93F0D89D99FD66E6BFBFCECECE9BF99EA78C02748267EA5A2DB5EC9D7B7472C9933EDF7A028F2EDF0594FA1517E1C19211ED31B25B5C502333320F62E6F70783A61919F9F28056F0783CD2B2C6F64CC0EC216D3162D94E64EEF85B5A0555BB52430A1944593307B6099A3363E3513CB56A5FA5B4771F48C6943E2D2BC5A99EA872E1B9E180451260E9F6014CF50678F3316016F560A557CBD0FB836DC83E52045CBE0AEA2E80A8480C68DD006BC676460D3A0D16C2AD070B5647BDB870012C8774EF313F17B844DA8B50AB06B22775C31D89D1E5E755FC0CBB1ECC5BFF4F7E29C0DFC5971057BF3662EBD5C4A0768DBD4941FF67C082CA123452EF11292E1090651FFE57BBB64752836AC3250C842D605AEBAAF0C180A98B25034CDD923C270326D7A8520EB31E6566D9AD54F96B270C5830552471DC834904AA90CC80551043F5900153550A60C0D4B5F2E564C07C52480F1830A944811918B0404D42C53060A194D18967C074C4F14B62C0FC04513965C054542ACFC380A96BE5CBC980F9A4901E3060528902333060819A848A61C04229A313CF80E988E397C480F909A272CA80A9A8549E870153D7CA979301F349213D60C0A412056660C002350915C380855246279E01D311C72F8901F31344E5D42AC046DE1E8F7B931B610C2D85363288A5E6DEA52D46DA0D668B010BA68A24CE2AC0443516A5B743833A91F82DFFACA4566AC9627DBC5570891A31606AF7A552AED9EB0EE3B96F69D347E9B5A5BE95520D3EA175DBE9B4F924B949942186ADD8ACE2AB68640DBC3DA40DA6DD95E88B32F3C0FB8723DB0C64D9A68FEA367631ED461AFDE55EE0E295EA9A70C775D4F3AE1AD10EC33A35B5A4BD8E01ECC7BDFF60C0E21D282BBE6C8970762DC443FB1BB64EEC8A6ECDEB5BD204C70076B6A414D12F6E08DC4F69898C362A847AB0B2597D2DABB06300138AA5CCC9C1DEFC62CBC4B35D4134767CA2770BCC1B966C59D51D05D87B9B8EE1C9D5FBAFEFE9B34C467B14D4A4511D643DD615294DEB5A566147012654F33CB30EB8E2E776C03239C3B8A05A1198DAAB39E60E6D6B69251D0758C6C66378EADB3CA084DF262B9214D7B80E4EBC7467C5284B8E1D079850ADF3DC2DF8E3D83940DF5F8B2502874B21B27928B3EAE948C084589E17E88D92E7C4346E6E145CDA7D50F4BA14F613AD9A927E1F1A64974A0172A8E2BA4033F6CD1AD442FE0D782C56D4DAB13D98B791DAE3F2D4791A9311686E09E44B4D0CE6A7F6AD9E4F2F2365723C6042AC8C2C1AF87F4DD317C215D465878226DA46608D4D8BC7C2E1B71AC9C8FFB2E50AC0BC0ABDB7E928E6FF5C803D276932B64E44F97486F04166B747680D6A514DFAF0D0BF2B57114B8FC287BBC4E2F97B92D084BE0A0AA7E02AC0BCC217D3B82CE7C8BFC82FBA8C82A2129CB5D9CB407DFABA279EFCA62544D74297849BC20E2AAFCEE27F5B0326BC212EC93D89D1DDE32BB6898F151510FE7047D1B2A388506E2315EDE865B335603DDFCF45F621F2C4470E836FE4ABB89EC0E19AA6DD781AB3F568D5109B27A79A564DDB02F6E9961318B382BC5157F85A882153E3C47BD3B5DC34965BF4600AC6A43553BBB88AB9BC65C9EE4DD8CD83692B58571FB8DE5CEAE63F1A9E82F13D12AEC7F15180020BB2F33161E59E4A2F366F0DBD19CFF64B0AC86B44846D01D3FCE92FA31EECDAD7413131B59135A12BDAC7D5334217C7DAD8496FD0BD3FDA8EC2C292F236D2F4C667B4C2D5AC71AC6D01FB6ED7690C5E423B7BCED30A56EABD1E4A8DC5F2511D1C0B86910D4B5FB203CB734F95FF71D6AD8935A3DA4BBD7857B77CDB02261A3C70E1EFC8DC7D9AE684222C5DA5595DB1C3E93AED6B349A741E90D218DF8FEB6C5AD56C0D98981FFD62DBC9903F2F639A6A0E31BC94A678D253E342FEB88511CDB43560460860860DEFFC9CB06DF63C9319F537D2260366A49AD76CF9E6E7E8DCEC792613AA6FA84906CC50398180F93993E7990CAEBEE1E61830832535FAE7F00CAE9EE5E61830832537FAD7CA0CAE9EE5E61830132437F2D7CA4CA89EA52619304BE5765F610C98FBEEB9A52D66C02C95DB7D853160EEBBE796B69801B3546EF715C680B9EF9E5BDA6206CC52B9DD579871803DBB9EF61C5EC5F9D977234A6CA9E2E07A05CE5CB88298E91B688BA0DCE99D74C97493993FE374E1451C9DD10B2D1AD676BDB82C00B09DBC70A7CED98214DA5AB7FB99345D49A480692B080E9CC1DA49A9E8D73646D71827BA43810F371FC7C4157BF020AD395BF988FE6A632960D3BFCBC3AC1F0EE1D541AD31A37F6B7728C8ADD455A0CFFC6DC8DA5F8855633A49BD5A4B015B7FA010FDDEDF868E2DEBE38F69B7EB16CC89CE5720F7F859DCF6F616202A12175FEB8DDAE4ED472F480113CB9793666DC6B1BF2E20676A77A42546EBD9E334072B20367AF5A2DE6B33753A190F24E3C93E722F3F52C0845EF3361EC59455FB70D72D8DB08E9CCD0A872F1CDCA7C0EB3F1EC22B6BF290DCAC1E763E9D864805D7044A809590A797F6D42DE69D28C682876EC538DE04EB3ABAB4FDAA4B693B21792FFA734A77748857DBA7AA049850F3972345B823E35772AB027C33B633EE6FD7D87522BBB1C1E2B1F8C64FE53D97D8A69439BE0BFAA73452964219306151FBDD20413139D77873501BDA969E68AA0717E556704653141003FAC95FEDD7C65C625235F3D18E55824B54AA4A80890B16E61460DCCADD9AE79BA4D8BA98D43301F7DD128356315168486F161CECAB8098A13F547801D9878BB094768867D1601ED4838931D7578F74547E2C5654A0CA80898B7F2F388774EAC9761E2797E21C9CAB40DD48640C6C8DC77BB5501AD00713A25A800943E2D9BC21EF0C3ECEC9476EFE39EC3A7D91DD8B0753D84E71F4184CA19FA5E9448E6646904F90C134CE96CD73C99A576DC06486399D15100A3060CC81A90A3060A6CACBC6193066C05405183053E565E30C183360AA02FF01B372F1CFE31089130000000049454E44AE426082),(83,'image/png','file',0x89504E470D0A1A0A0000000D494844520000009800000098080600000018C2202100000C48694343504943432050726F66696C65000048899557075C53D71A3F776492B002119011F612654F1921AC08023205172109248C18128288DB52AA60DD22022E9C88C5562B2075A2D65914B775BC2845A5528B03172AEF6440ADFDBDF77EEFE3776EFEF73BDFF7FF06E7DC7B0F007AF53CA9B400D507A050522C4B8A0E674DCEC86491BA0102A8F0CF1658F2F872293B31310E4019FEFDBBBCBE01ADA15C755371FD73FEBF8A814028E7038024429C2D90F30B21FE1100BC9C2F95150340F4877ADB59C552159E0AB1910C2608B154857335B85C85B335B8466D9392C481782F00641A8F27CB0540B70DEA5925FC5CC8A37B0B627789402C01408F0C71085FC413401C03F198C2C2992A0CED8053F6673CB97FE3CC1EE1E4F17247B0A616B59023C47269016FF6FFD98EFF2D85058AE1180E70D044B2982455CDB06FB7F267C6AA300DE23E49767C02C48610BF150BD4F610A35491222655638F9AF3E51CD833C084D85DC08B8885D81CE22849417C9C569F9D238EE2420C57085A2A2EE6A6687D9708E591C95ACE7AD9CCA484619C23E3B0B5BECD3C993AAECAFE94223F95ADE5BF25127287F95F958952D2353963D412715A3CC4BA1033E5F9C9B11A1BCCAE4CC4891FB691299254F9DB411C289444876BF8B1E939B2A824ADBDAC503E5C2FB64424E6C66B716DB1282546CBB397CF53E76F02719B50C24E1DE611CA27C70DD7221046446A6AC72E0B25A9DA7A31A5B4383C49EBFB425A90A8B5C7A9C2826895DE0662737949B2D6170F29860B52C38FC74B8B13533479E2D979BC09899A7CF0521007382002B080028E6C3013E40171675F6B1FBCD3CC44011E90815C20046E5ACDB047BA7A4602AFC9A00CFC019110C847FCC2D5B3425002F51F47B49AAB1BC851CF96A83DF2C123880B412C2880F70AB59764245A1AF80D6AC4FF88CE87B916C0A19AFBA78E0D35715A8D629897A5376C498C2446106388514467DC0C0FC183F038780D83C313F7C70386B3FDCB9EF088D0457848B84E50126ECF102F967D510F0B4C044A18214A5B73F6E735E30E90D5070FC783213FE4C699B81970C3BD6124361E0A63FB402D479BB9AAFA2FB9FF56C3675DD7DA51DC29286514258CE2F4A5A7AE8BAECF088BAAA79F7748936BF6485F3923335FC6E77CD66901FC8DFDD2125B821DC0CE6027B073D861AC15B0B063581B76113BA2C223ABE837F52A1A8E96A4CE271FF288FF118FA78DA9EAA4DCBDC9BDD7FD8366AE5858AA7A3E02CE4CE96C99385754CC62C327BF90C595F0C78E6179BA7B0400A07A8F681E532F99EAF703C23CFF972E5F09806F17DC6382BF748222000EC1BD6FE0F597CEA1026E21B89F8E55F315B2128D0E575D08F0EDA407779429B0846F2927588F27F00541200C4482092001A4800C301D765904D7B30CCC0273C1225001AAC04AB00ED482CD601BD80DBE03FB412B380C4E809FC10570195C0777E0EAE9014F413F780D0611042121748481982256883DE28A7822FE48081289C4214948069285E422124481CC45BE42AA90D5482DB21569447E400E212790734817721B7980F4222F90F72886D25023D4027540C7A1FE281B8D4553D069682E5A8496A1E5E872B4066D40F7A22DE809F4027A1D55A24FD1010C603A1813B3C6DC307F8C83256099580E26C3E663955835D6803563EDF0FF7C1553627DD83B9C88337016EE0657700C9E8AF3F1227C3EBE0CAFC577E32DF829FC2AFE00EFC73F11E80473822B2190C0254C26E41266112A08D5849D848384D37037F5105E13894426D191E807776306318F3887B88CB891B88F789CD845EC260E90482453922B29989440E2918A4915A40DA4BDA463A42BA41ED25BB20ED98AEC498E22679225E4C5E46AF21EF251F215F263F220459F624F09A424500494D9941594ED9476CA254A0F65906A4075A4065353A879D445D41A6A33F534F52EF5A58E8E8E8D4E80CE241DB1CE429D1A9DEF75CEEA3CD0794733A4B9D038B4A934056D396D17ED38ED36ED259D4E77A087D133E9C5F4E5F446FA49FA7DFA5B5D86EE585DAEAE4077816E9D6E8BEE15DD677A143D7B3DB6DE74BD32BD6ABD037A97F4FAF429FA0EFA1C7D9EFE7CFD3AFD43FA37F5070C18061E0609068506CB0CF6189C337862483274308C341418961B6E333C69D8CDC018B60C0E83CFF88AB19D719AD16344347234E21AE51955197D67D469D46F6C68EC6D9C665C6A5C677CC458C9C4980E4C2EB380B982B99F7983F97E94C528F628E1A8A5A39A475D19F5C664B4499889D0A4D2649FC97593F7A62CD348D37CD355A6ADA6F7CC703317B34966B3CC36999D36EB1B6D343A68347F74E5E8FDA37F3547CD5DCC93CCE7986F33BF683E606169116D21B5D86071D2A2CF926919669967B9D6F2A865AF15C32AC44A6CB5D6EA98D5EF2C63169B55C0AA619D62F55B9B5BC7582BACB75A775A0FDA38DAA4DA2CB6D96773CF966AEB6F9B63BBD6B6C3B6DFCECA6EA2DD5CBB26BB5FED29F6FEF622FBF5F667ECDF38383AA43B7CE3D0EAF0C4D1C491EB58E6D8E478D789EE14EA54E4D4E074CD99E8ECEF9CEFBCD1F9B20BEAE2E32272A973B9E48ABAFABA8A5D37BA768D218C09182319D330E6A61BCD8DED56E2D6E4F6602C736CDCD8C5635BC73E1B67372E73DCAA7167C67D72F7712F70DFEE7EC7C3D06382C7628F768F179E2E9E7CCF3ACF6B5E74AF28AF055E6D5ECFBD5DBD85DE9BBC6FF9307C26FA7CE3D3E1F3D1D7CF57E6DBECDBEB67E797E557EF77D3DFC83FD17F99FFD900424078C08280C301EF027D038B03F707FE19E416941FB427E8C978C7F1C2F1DBC77707DB04F382B7062B43582159215B4294A1D6A1BCD086D08761B66182B09D618FD9CEEC3CF65EF6B370F77059F8C1F0379C40CE3CCEF1082C223AA232A233D2303235B236F27E944D546E5453547FB44FF49CE8E3318498D898553137B9165C3EB791DB3FC16FC2BC09A76269B1C9B1B5B10FE35CE26471ED13D1891326AE997837DE3E5E12DF9A0012B8096B12EE253A261625FE348938297152DDA447491E497393CE2433926724EF497E9D129EB222E54EAA53AA22B5234D2F6D6A5A63DA9BF488F4D5E9CAC9E326CF9B7C21C32C439CD19649CA4CCBDC9939302572CABA293D537DA6564CBD31CD715AE9B473D3CDA6174C3F32436F066FC6812C42567AD69EAC0FBC045E036F209B9B5D9FDDCFE7F0D7F39F0AC2046B05BDC260E16AE1E39CE09CD5394F728373D7E4F68A4245D5A23E31475C2B7E9E1793B739EF4D7E42FEAEFCA182F4827D85E4C2ACC243124349BEE4D44CCB99A533BBA4AED20AA9B228B0685D51BF2C56B6538EC8A7C9DB8A8DE007FB458593E26BC583929092BA92B7B3D2661D28352895945E9CED327BE9ECC76551653BE6E073F8733AE65ACF5D34F7C13CF6BCADF391F9D9F33B16D82E285FD0B3307AE1EE45D445F98B7E59ECBE78F5E2575FA57FD55E6E51BEB0BCFBEBE8AF9B2A742B641537BF09FA66F3127C897849E752AFA51B967EAA14549EAF72AFAAAEFAB08CBFECFCB71EDFD67C3BB43C6779E70ADF159B5612574A56DE5815BA6AF76A83D565ABBBD74C5CD3B296B5B672EDAB7533D69DABF6AEDEBC9EBA5EB15E591357D3B6C16EC3CA0D1F6A45B5D7EBC2EBF6D59BD72FAD7FB351B0F1CAA6B04DCD9B2D36576D7EBF45BCE5D6D6E8AD2D0D0E0DD5DB88DB4AB63DDA9EB6FDCC0EFF1D8D3BCD7656EDFCB84BB24BB93B69F7A946BFC6C63DE67B5634A14D8AA6DEBD53F75EFE2EE2BBB666B7E6ADFB98FBAABE07DF2BBEFFFD87AC1F6EEC8FDDDF71C0FF40F38FF63FD61F641CAC6C415A66B7F4B78A5A956D196D5D87261CEA680F6A3FF8D3D89F761DB63E5C77C4F8C88AA3D4A3E547878E951D1B382E3DDE7722F74477C78C8E3B27279FBC766AD2A9CED3B1A7CFFE1CF5F3C933EC33C7CE069F3D7C2EF0DCA1F3FEE75B2FF85E68B9E873F1E02F3EBF1CECF4ED6CB9E477A9ED72C0E5F6AEF15D47AF845E397135E2EACFD7B8D72E5C8FBFDE7523F5C6AD9B536F2A6F096E3DB95D70FBF9AF25BF0EDE59789770B7F29EFEBDEAFBE6F71BFEE5FCAF7D4A5FE59107110F2E3E4C7E78A79BDFFDF437F96F1F7ACA1FD11F553FB67ADCF8C4F3C9E1DEA8DECBBF4FF9BDE7A9F4E9605FC51F067FD43F737AF6E39F617F5EEC9FDCDFF35CF67CE8C5B297A62F77BDF27ED531903870FF75E1EBC137956F4DDFEE7EE7FFEECCFBF4F78F07677D207DA8F9E8FCB1FD53ECA7BB43854343529E8CA7FE14C0E04073720078B10B007A06008CCB0050A768CE796A413467533502FF096BCE826AF10560C7420054C78184E3006C82C301DEEB8501A0FA544F0903A897D7C8D08A3CC7CB53C34583271EC2DBA1A197160090DA01F8281B1A1ADC3834F4713B4CF63600C78B34E74B9510E1D9604B800A5DF736025FCABF01C3A17B33AF6C79AA0000000970485973000016250000162501495224F00000019D69545874584D4C3A636F6D2E61646F62652E786D7000000000003C783A786D706D65746120786D6C6E733A783D2261646F62653A6E733A6D6574612F2220783A786D70746B3D22584D5020436F726520352E342E30223E0A2020203C7264663A52444620786D6C6E733A7264663D22687474703A2F2F7777772E77332E6F72672F313939392F30322F32322D7264662D73796E7461782D6E7323223E0A2020202020203C7264663A4465736372697074696F6E207264663A61626F75743D22220A202020202020202020202020786D6C6E733A657869663D22687474703A2F2F6E732E61646F62652E636F6D2F657869662F312E302F223E0A2020202020202020203C657869663A506978656C5844696D656E73696F6E3E3135323C2F657869663A506978656C5844696D656E73696F6E3E0A2020202020202020203C657869663A506978656C5944696D656E73696F6E3E3135323C2F657869663A506978656C5944696D656E73696F6E3E0A2020202020203C2F7264663A4465736372697074696F6E3E0A2020203C2F7264663A5244463E0A3C2F783A786D706D6574613E0A599EF9470000001C69444F5400000002000000000000004C000000280000004C0000004C00000741186C182A0000070D494441547801EC9D7B5015551CC7BFD72E08821422287A05C404A109A249D40CD274C246D334CD5119ADACFC23476A2C3467B4199B3446C71A6BF40F1F84A935A3D4946959428A3385AF424411791842F2880B287279C8A3DDEB4088C7DD732ECB95BDF7B7FFC03D7BCEEFECF9EC67CE39BB77EF5943BBB4813622D04B040C24582F91A5B05602241889D0AB0448B05EC54BC16D162CBFCA826FB3FFC5E1CBD5C83537A0EA5633D0DC4644F54CC0A51F7C3C5D317A901B268F7A04CF87782336D81BFD0CB6374A58B0D2DA26AC3E52887D67CB01BA3CB09DBC4E4A9A7CDDF17E8C09CB260C477F633FE1A316122C2DBF0653537280FADB80BB11CBC70E455CE8203CEEEF095F0F570C70153F00E123A602BD46A0E1761BCCD2B99547A78CA25A1CCCA9424E499DB5BEE0A11EF87A4118A203BC84EAE7162CBDA00653B667016DED48983402EBE382E1E5F690506594597F044E5FBB89C4C3453871A51AF258992249B6F8A9A1DC0DE1124C1E16476C3E6DEDB9764915BC1EEDCF5D0165D43F01F94EE9CE53D7F1D6813C695AD48E1DF3C3F0C6383E07B8048BDF7F09FBCE945B7BAECF668DD63F316A814D040EE79A316357B6B56CF6CAB1D6A9915A2055C1E4F1386443A675CE7563ED441A16D5883AF8FE8D69C558F36321C2877B226765340C2A5798AA8225A51763F5A1422C8F35E1F3D9210E8E8F9AA746A0559A838F4A3A85E24A0B8E2F7F12CF4AB733943655C162B7FD8593D2D5E3A1372330237CB0522CDAE72404361DBF86C4EF0BB048BA8BB07761B862AB5505F3FDE877545537E2EF754F23D0DB4D3118ED740E0259D7EB10B5E90CC2A461F2D27BD18A8D5615CCB0EAB8F50E7D7DD224BACFA588D27976D636B4C07B4D06E06644FBC658C586AB0BF66EBA3540FBA7CF2906A29DCE45C0C0E90509E65C5E68D65A124C339414884580046351A134CD0890609AA1A4402C0224188B0AA569468004D30C2505621120C15854284D33022498662829108B0009C6A242699A1120C1344349815804483016154AD38C0009A6194A0AC4224082B1A8509A66044830CD5052201601128C4585D23423408269869202B10838846045D29A17E905B528A96D64B5D1E9D3427C076041D4901EAD1D612B44DD0B969A5D892FA51F7B4A2B12C034D0682B07872E77AEBC1163FC3CB17DEE18BBB753D782C972EDCE2C45CA9C00BB83D35B850947AE237EEC70BC10E663D743D7AD60F2B098F05D1E925F32D915985E2B5BF643096646F86389C07A115AB455B782ED3C558663972BF0C574128C4784B5696518E9E785C4C9813CD935CBA35BC13E3C7A15F5F5F5581DCBBF828B66D4741828E96405DCDDDDB17E5AB05D8F9E04B32BEE0757190926C89E7A3031602498182F906062C04830315E2498202F124C1018F56062C04830315ED48309F222C1048139430F264BD1936D55CC90CEE22458270ABE7F1C5D30DF8FB3B1362E880F0623575AE10D4CF077E9BC4F48823120292539B260B25CEBA68D546ABEEABE63D2D32524982AA6FB677064C13EC990DE8EA2C1D6F55B0EEAC104812A09B6F77C0D62023CA4A53CA5677874B8F574EED5D1649A837590B0E1EFFD04336DCDC58B8F7AA3A9B9152F870FC4F410B1579AD870289A16F9E6420D36679AB138CAAF4771690ED6237C60DEA6F8E0D732C4850FC1DCC83B2767567236E6847AEA4A3279F9EF849FCB60341A71B5A6C9664A57AA1BB0E4312F9AE4DB4AB07B0F96676EC2963FCC487D35E2AE9033779DC7BA585F04E96CB89427FA1354D696BFABA1DD3EE4D7349260DD98087DEC2ED89EAC6AE498DBB07BFEDD8F05CFFBEA22260E73457CA4B750FC079999AE2219F4799FFB6114B529A9BB607210F9C4745DE5FAE0F94AC4A7E6A17445984D753CA8427415C920DF1704930F4B96ECB5F1C370A3A1193E6E066C98CAF7B62F46931C2A896E53089ECE7D7F56606766090EBC12744F4979B81C67F240E8E0FEF7EC73D684C4A3FF20326010126246D815016FC7D3E7D6C9972EB6F076EA65DCB434A3B1A5157E1E4678D29B7499F2982D2D385BDE801DF3C2314EF04DB4CC800289BA15ACA38D3F49EF26AC945EEF5B51D7845B4DAD1DC9F4B70B011F0F178C0F7CD8EE72C987A07BC1BA70A47FFB200112AC0F9E14473A2487108CD6A6505692D6A650E6A3B8F7405639B6FD5600438B053E2E2D8A799D7567BEC515510183911CFF84DD11E8BA0793E5DAF2CB45AC0AA9B33B38BD55B8FDAA17DE9916496B53F09E3879585CBAE71C124656F11671EA7C5BF20660E994085A9B82D702796D8AFD1917B062B485B78853E7DB5DE48667A2C2686D0A5E0BE4EF222FE5E6625150336F11A7CEB7BFB83FC68486D2DA14BC169060BCA4EEE423C1C478591F38A41E8C1F1A09C6CFCA9A937A3031602498182FEAC10479916082C0A8071303468289F1A21E4C90170926088C7A3031602498182FEAC10479916082C01CB9079365D0625B18F8FFEF2A493041A28E2CD8EC135E3D5A59474629FFB27BD8EDB2CE6F3AFABA60FF010000FFFF8F1125110000086349444154ED9D7D50147518C7BFE71DC88BC001F22223208C8A982408826F99E6406A53136553F62224936936994DD98C33695993534D353A5A8D3ABE3538935436E5D4A0E65B9692814C269A02F222EFC11D1C702007B43F1CE98EBBEE76F738D85D9EFD4776F7F77BF6F77C9F8FBFDFB37B7BCFA97AB90D7636D5FA937D677B3F7DC04EABC13BB539F7268AAE5EC533136E5B193D5EEB8E383F13423D7BACCEC9E540FA195FCC99E82F7AB8D79B8C58E0A3EFD7E750F9684C8989C196C5D1A26D8AE9C8970B955C007BFC773FA4C78C454B6B3B92BC9A90ECDF29469761EBD3C3FD37DE7D2B105AAD16E5CD5DA2C77143D7418089568FEB686B06DB5FE18367E64FC313F1217DA61FDE538838758DAC203B59E786EF9B02903123D4197970A2588FB0AE1A9AC1C4AA3810B0CA7635720DA138FAE24C0B93693BF3F078601D423CE4B35C6697B95BF82076C73C7DA02552A08A0301CBAD7183511B85FDCBA75A585A76E032428C95480DB5CED52C1A4A6887C13018DBD391FFA507049840450702C6BAB3C4D8FC2623A7B00E4F1D2EC237C9CD02AD0F6F73E6C75B0F4E706A103F9734D312E98C82B60063F658703253C6A1A1A5159A8E166446189CB9CCB0F5657E6C5A1C25FAFA94838996EE4EC73D79353874F6325E99D46E65892D9753FDBA11EE259FBCCBCA09EE80B3B998790EB6B7D403F31262B16161A4AD4BB9EC986C1F5394361A9175301FEBA2FE7199384A32FCC9DF5EC85A742F32929CBB3B15AA896C01638EE614D6E2936357F0E664792E834283E54CFBCF6FFAE2D5C5D3B12436D0193382FBCA1A30E62D83ECB353C55099DA31D6BD5BB00023A1C3F5363724448CC5BE67E387DC5DD903C61463CBE549EEC16285CE38E402CAE18231C1DE589E108251AAA11FAD22001B7AD9E88A7C1520C0F82A45ED4429207BC07EBADA88FAB62ED4193AD1765BDE8F2544459047A7002F0D6645FA2125C29747EBC16D225BC0D85B07CF1F2C40456D3DDA3ABBE0A736C15D4549BE2D3C5ABBD528338DC1E1AC9421874CB6806517D4E1FDEFF3B17E7CB52D4DE9D80005BEAC09C4630B92B0EEBEF001675CBB2B5BC0D847457FE4E7233D58EF5A851462FDBB067FCC4848A0170EF9C69300E3ABD49D76049830BDFA5E38A4198CBF6804187FADFA5AD20C264C30024C985E348309D48B00132818CD60C20423C084E945339840BD08308182D10C264C30024C985E348309D48B0013289892673006C3606C8F06E9FACD1060FD52F0FB43A980FDAA1F83535D9158C1BDBFE5CCC6BE55A46D2EE9FFA4830013A8A63DC0CEEA7C10EBDD812077F15FBD17389C416BCE3EC43F6C8846B3DA17EE1AB568BBAC3645B2BA9A0013ABE0FF01B6AA241AE95382A06F362016B710EFD522F612C3D28F0196D31A0D9DCAC729C0586D0A02CC8910DA02ECEBA63064A525F6D7A678687701A28CC5B282ECCE1219C1D5A618E7843AE8AB4D414BA413120E04ACBAD30D17464DC18F6B522CAC2EDAFE1B1669AE23D8DD64715CCA3B47EAB583323CF3374D28071328E940C0CE7079977A7C9C556D8AE70E5D81AAEA2FCCF797CF57DBE82ED2060C7C5F2CB3D155D4A18180B1A5E51FFF58FC9035DDC25EEAAE42441AAE61965FABC571A9EED05DE4FF4466B801BB7BF7151C1C8C505F0FD4B4709565BA4D68D535E09131E55081CB9E65B099FB3129C85BF488596D0ACAC144CB07B0DA147B8F5DC4CA71F51656CEE97D6030A9E0ABE981AFBA1B713EF2FCAE24F3A3E1B6F8C7144C14F31CECABBA40A4CE9941B5292C68B1B3C3BE6CBB625F1E32B5C5765AD1A9BB0AECAA0EC1DAA533A936C55D41F8FCCBCA067C70F412568756F1693EA2DB64378663C32349549B4228050CB26D27AEA1C7D882008DFC9EDC0BF5574CFB9BB73D91382104073312C57477AA0FDFDC5C7255A6CDBDA6DA14E66A58FF4DB529AC35A1230A51401133984262A1483708304586553A4E1160D28985224742802932ACD2718A00934E2C143912024C9161958E5304987462A1C89110608A0CAB749C22C0A4130B458E8400536458A5E31401269D58287224049822C32A1DA70830E9C442912321C0141956E93845804927168A1C0901A6C8B04AC7A9C1036CC369A0AB07ED1F2E80A7DB28E9784823193605F44613FC379E053C34E8DD3ADFEE381CBE323D76CB6F68E40A6E546E9E8BF1DAD1768DD1C991A14061B501091F5D444CD8185C7B23D9AED30E019BBDA300174AF438B936010B270E4E0135BB23A2939257E08BF3555873F86F2CE36A9DE5ACB8C7EE781D02B6F1A7526C3D5686B7974461735A945D637472642870DFCE4B3857ACC3B72BE3901E1764D76987809D2ED161E18E4B9816EE83CBAFCDB46B8C4E2A5F81822A03123FBE08786AD0F1CE3C8CD6D8CFCB1D02C66A2A446E3D8F5B0D46E4AD4F42F230FC36A1F2C3260F0F7B3916E672B3D7796ED2D9F6D824BCC2E317DE1C02C65CDFFE4B25D67D7B03F74F0EC0A9D5F1500DC36F44CB2304CA1EE5BBC7CBB0E9C7524C1AE78DA2D793A1E1F163E1BC00EB34F5602A372D96D6B661D79353F0C2AC30652B49DE592970E08F5A646617718F26D4F86B5D12EE09E55721881760EC6ABF57B420655B3EB87A49389A752F1E8A0DB41A041D509E026C597CEFC49D990BDC8C95BB6A3AD26202783BCA1B3066F120477106A358ADC2FB4BA2B992411150F39826798F861A4A4A0196D0BF7CA4B82FE7620F557333A709828B39230830D681D5EF7A21E71A5704AE1791C15E583B3B0CA993FD31C1DF135AEECE8236F92AC09ED097E98CB850DE82EC827A9CE3927956DF8FE55C47564CE3BD2C9A2B201830D6F9CF9A562CE766B2A22A7994AF347798FE16A0809706DB1647E1A5B9E37925F4B62C8B028C19626BF3D9523D76E755A3A0BA15571B3B800EF9547CB625C6883FC62D8331011E880BF1C6D309C158CAE5D98E9E7339D24C34608E0CD379528029408011072E55800073A9BC649C0023065CAA0001E65279C93801460CB854817F014103D6CFED245FC30000000049454E44AE426082),(84,'image/png','file',0x89504E470D0A1A0A0000000D494844520000009800000098080600000018C2202100000C48694343504943432050726F66696C65000048899557075C53D71A3F776492B002119011F612654F1921AC08023205172109248C18128288DB52AA60DD22022E9C88C5562B2075A2D65914B775BC2845A5528B03172AEF6440ADFDBDF77EEFE3776EFEF73BDFF7FF06E7DC7B0F007AF53CA9B400D507A050522C4B8A0E674DCEC86491BA0102A8F0CF1658F2F872293B31310E4019FEFDBBBCBE01ADA15C755371FD73FEBF8A814028E7038024429C2D90F30B21FE1100BC9C2F95150340F4877ADB59C552159E0AB1910C2608B154857335B85C85B335B8466D9392C481782F00641A8F27CB0540B70DEA5925FC5CC8A37B0B627789402C01408F0C71085FC413401C03F198C2C2992A0CED8053F6673CB97FE3CC1EE1E4F17247B0A616B59023C47269016FF6FFD98EFF2D85058AE1180E70D044B2982455CDB06FB7F267C6AA300DE23E49767C02C48610BF150BD4F610A35491222655638F9AF3E51CD833C084D85DC08B8885D81CE22849417C9C569F9D238EE2420C57085A2A2EE6A6687D9708E591C95ACE7AD9CCA484619C23E3B0B5BECD3C993AAECAFE94223F95ADE5BF25127287F95F958952D2353963D412715A3CC4BA1033E5F9C9B11A1BCCAE4CC4891FB691299254F9DB411C289444876BF8B1E939B2A824ADBDAC503E5C2FB64424E6C66B716DB1282546CBB397CF53E76F02719B50C24E1DE611CA27C70DD7221046446A6AC72E0B25A9DA7A31A5B4383C49EBFB425A90A8B5C7A9C2826895DE0662737949B2D6170F29860B52C38FC74B8B13533479E2D979BC09899A7CF0521007382002B080028E6C3013E40171675F6B1FBCD3CC44011E90815C20046E5ACDB047BA7A4602AFC9A00CFC019110C847FCC2D5B3425002F51F47B49AAB1BC851CF96A83DF2C123880B412C2880F70AB59764245A1AF80D6AC4FF88CE87B916C0A19AFBA78E0D35715A8D629897A5376C498C2446106388514467DC0C0FC183F038780D83C313F7C70386B3FDCB9EF088D0457848B84E50126ECF102F967D510F0B4C044A18214A5B73F6E735E30E90D5070FC783213FE4C699B81970C3BD6124361E0A63FB402D479BB9AAFA2FB9FF56C3675DD7DA51DC29286514258CE2F4A5A7AE8BAECF088BAAA79F7748936BF6485F3923335FC6E77CD66901FC8DFDD2125B821DC0CE6027B073D861AC15B0B063581B76113BA2C223ABE837F52A1A8E96A4CE271FF288FF118FA78DA9EAA4DCBDC9BDD7FD8366AE5858AA7A3E02CE4CE96C99385754CC62C327BF90C595F0C78E6179BA7B0400A07A8F681E532F99EAF703C23CFF972E5F09806F17DC6382BF748222000EC1BD6FE0F597CEA1026E21B89F8E55F315B2128D0E575D08F0EDA407779429B0846F2927588F27F00541200C4482092001A4800C301D765904D7B30CCC0273C1225001AAC04AB00ED482CD601BD80DBE03FB412B380C4E809FC10570195C0777E0EAE9014F413F780D0611042121748481982256883DE28A7822FE48081289C4214948069285E422124481CC45BE42AA90D5482DB21569447E400E212790734817721B7980F4222F90F72886D25023D4027540C7A1FE281B8D4553D069682E5A8496A1E5E872B4066D40F7A22DE809F4027A1D55A24FD1010C603A1813B3C6DC307F8C83256099580E26C3E663955835D6803563EDF0FF7C1553627DD83B9C88337016EE0657700C9E8AF3F1227C3EBE0CAFC577E32DF829FC2AFE00EFC73F11E80473822B2190C0254C26E41266112A08D5849D848384D37037F5105E13894426D191E807776306318F3887B88CB891B88F789CD845EC260E90482453922B29989440E2918A4915A40DA4BDA463A42BA41ED25BB20ED98AEC498E22679225E4C5E46AF21EF251F215F263F220459F624F09A424500494D9941594ED9476CA254A0F65906A4075A4065353A879D445D41A6A33F534F52EF5A58E8E8E8D4E80CE241DB1CE429D1A9DEF75CEEA3CD0794733A4B9D038B4A934056D396D17ED38ED36ED259D4E77A087D133E9C5F4E5F446FA49FA7DFA5B5D86EE585DAEAE4077816E9D6E8BEE15DD677A143D7B3DB6DE74BD32BD6ABD037A97F4FAF429FA0EFA1C7D9EFE7CFD3AFD43FA37F5070C18061E0609068506CB0CF6189C337862483274308C341418961B6E333C69D8CDC018B60C0E83CFF88AB19D719AD16344347234E21AE51955197D67D469D46F6C68EC6D9C665C6A5C677CC458C9C4980E4C2EB380B982B99F7983F97E94C528F628E1A8A5A39A475D19F5C664B4499889D0A4D2649FC97593F7A62CD348D37CD355A6ADA6F7CC703317B34966B3CC36999D36EB1B6D343A68347F74E5E8FDA37F3547CD5DCC93CCE7986F33BF683E606169116D21B5D86071D2A2CF926919669967B9D6F2A865AF15C32AC44A6CB5D6EA98D5EF2C63169B55C0AA619D62F55B9B5BC7582BACB75A775A0FDA38DAA4DA2CB6D96773CF966AEB6F9B63BBD6B6C3B6DFCECA6EA2DD5CBB26BB5FED29F6FEF622FBF5F667ECDF38383AA43B7CE3D0EAF0C4D1C491EB58E6D8E478D789EE14EA54E4D4E074CD99E8ECEF9CEFBCD1F9B20BEAE2E32272A973B9E48ABAFABA8A5D37BA768D218C09182319D330E6A61BCD8DED56E2D6E4F6602C736CDCD8C5635BC73E1B67372E73DCAA7167C67D72F7712F70DFEE7EC7C3D06382C7628F768F179E2E9E7CCF3ACF6B5E74AF28AF055E6D5ECFBD5DBD85DE9BBC6FF9307C26FA7CE3D3E1F3D1D7CF57E6DBECDBEB67E797E557EF77D3DFC83FD17F99FFD900424078C08280C301EF027D038B03F707FE19E416941FB427E8C978C7F1C2F1DBC77707DB04F382B7062B43582159215B4294A1D6A1BCD086D08761B66182B09D618FD9CEEC3CF65EF6B370F77059F8C1F0379C40CE3CCEF1082C223AA232A233D2303235B236F27E944D546E5453547FB44FF49CE8E3318498D898553137B9165C3EB791DB3FC16FC2BC09A76269B1C9B1B5B10FE35CE26471ED13D1891326AE997837DE3E5E12DF9A0012B8096B12EE253A261625FE348938297152DDA447491E497393CE2433926724EF497E9D129EB222E54EAA53AA22B5234D2F6D6A5A63DA9BF488F4D5E9CAC9E326CF9B7C21C32C439CD19649CA4CCBDC9939302572CABA293D537DA6564CBD31CD715AE9B473D3CDA6174C3F32436F066FC6812C42567AD69EAC0FBC045E036F209B9B5D9FDDCFE7F0D7F39F0AC2046B05BDC260E16AE1E39CE09CD5394F728373D7E4F68A4245D5A23E31475C2B7E9E1793B739EF4D7E42FEAEFCA182F4827D85E4C2ACC243124349BEE4D44CCB99A533BBA4AED20AA9B228B0685D51BF2C56B6538EC8A7C9DB8A8DE007FB458593E26BC583929092BA92B7B3D2661D28352895945E9CED327BE9ECC76551653BE6E073F8733AE65ACF5D34F7C13CF6BCADF391F9D9F33B16D82E285FD0B3307AE1EE45D445F98B7E59ECBE78F5E2575FA57FD55E6E51BEB0BCFBEBE8AF9B2A742B641537BF09FA66F3127C897849E752AFA51B967EAA14549EAF72AFAAAEFAB08CBFECFCB71EDFD67C3BB43C6779E70ADF159B5612574A56DE5815BA6AF76A83D565ABBBD74C5CD3B296B5B672EDAB7533D69DABF6AEDEBC9EBA5EB15E591357D3B6C16EC3CA0D1F6A45B5D7EBC2EBF6D59BD72FAD7FB351B0F1CAA6B04DCD9B2D36576D7EBF45BCE5D6D6E8AD2D0D0E0DD5DB88DB4AB63DDA9EB6FDCC0EFF1D8D3BCD7656EDFCB84BB24BB93B69F7A946BFC6C63DE67B5634A14D8AA6DEBD53F75EFE2EE2BBB666B7E6ADFB98FBAABE07DF2BBEFFFD87AC1F6EEC8FDDDF71C0FF40F38FF63FD61F641CAC6C415A66B7F4B78A5A956D196D5D87261CEA680F6A3FF8D3D89F761DB63E5C77C4F8C88AA3D4A3E547878E951D1B382E3DDE7722F74477C78C8E3B27279FBC766AD2A9CED3B1A7CFFE1CF5F3C933EC33C7CE069F3D7C2EF0DCA1F3FEE75B2FF85E68B9E873F1E02F3EBF1CECF4ED6CB9E477A9ED72C0E5F6AEF15D47AF845E397135E2EACFD7B8D72E5C8FBFDE7523F5C6AD9B536F2A6F096E3DB95D70FBF9AF25BF0EDE59789770B7F29EFEBDEAFBE6F71BFEE5FCAF7D4A5FE59107110F2E3E4C7E78A79BDFFDF437F96F1F7ACA1FD11F553FB67ADCF8C4F3C9E1DEA8DECBBF4FF9BDE7A9F4E9605FC51F067FD43F737AF6E39F617F5EEC9FDCDFF35CF67CE8C5B297A62F77BDF27ED531903870FF75E1EBC137956F4DDFEE7EE7FFEECCFBF4F78F07677D207DA8F9E8FCB1FD53ECA7BB43854343529E8CA7FE14C0E04073720078B10B007A06008CCB0050A768CE796A413467533502FF096BCE826AF10560C7420054C78184E3006C82C301DEEB8501A0FA544F0903A897D7C8D08A3CC7CB53C34583271EC2DBA1A197160090DA01F8281B1A1ADC3834F4713B4CF63600C78B34E74B9510E1D9604B800A5DF736025FCABF01C3A17B33AF6C79AA0000000970485973000016250000162501495224F00000019D69545874584D4C3A636F6D2E61646F62652E786D7000000000003C783A786D706D65746120786D6C6E733A783D2261646F62653A6E733A6D6574612F2220783A786D70746B3D22584D5020436F726520352E342E30223E0A2020203C7264663A52444620786D6C6E733A7264663D22687474703A2F2F7777772E77332E6F72672F313939392F30322F32322D7264662D73796E7461782D6E7323223E0A2020202020203C7264663A4465736372697074696F6E207264663A61626F75743D22220A202020202020202020202020786D6C6E733A657869663D22687474703A2F2F6E732E61646F62652E636F6D2F657869662F312E302F223E0A2020202020202020203C657869663A506978656C5844696D656E73696F6E3E3135323C2F657869663A506978656C5844696D656E73696F6E3E0A2020202020202020203C657869663A506978656C5944696D656E73696F6E3E3135323C2F657869663A506978656C5944696D656E73696F6E3E0A2020202020203C2F7264663A4465736372697074696F6E3E0A2020203C2F7264663A5244463E0A3C2F783A786D706D6574613E0A599EF9470000001C69444F5400000002000000000000004C000000280000004C0000004C0000120EC9BAA23F000011DA494441547801EC5D797C14559EFFE64E08B948C215C841401422F715101158049575001576D0C1719CC5DD5167C615451CF01A5018655CC76BC113759DC563D0F1A3823B4B000109C81520CA61088170849003729FFB7DD55D4D75A7BA5F27DD5D4948BD3FBAAAFB55BD57EFF7BEFDBBDEEFFDCAAF9105663129E0230AF89900F31165CD66150A98003381E0530A9800F32979CDC64D809918F029054C80F994BC66E326C09A8181B2EA7AACDA918F35BBCFE1C0F94AA0AAAE19773BBF342C32184F4CE88D851393E0E7E7FCBAF6586302CCCD59DB77FA126E7AE720CE1612583E2A4BA626E399697D7CD47AEB346B02CC0DBA1F395F81FE2FED06CA6B3122250ACF4E4BC1A8C448448506BA71B7FC928DC78A31FDFD43A8BC5883FFB93B0D73867495DFD44EAE3001269928E1869EBC6A1F320E1761EEC8EE787BF6D50809F497DCD5FCEA0C826CD26B7B111B1D8A337F484750C095212B4D8049B0F0C5A142DCFA661612BB76C2B14747FB74E2A7BE91856FB20BF1F6DC01B88760BE128A0930C92CDEFAF6017C71E03C3EF8C540DC39AC9BE46ACFAA3F3F5888196F6561EAC038ACFFF520CF1A6B23779B00934C44F8535B51515A83FCA7AE43CFA860C9D59E559FBD54831E4F6C85B02A2B9EBECEB3C6DAC8DD26C02413E1F7D046E58AC6172749AEF44EB5D1FD79E7A99DB76202CC396D941AA327DCE8FE24C3F7B8DA04988484464FB8D1FD4986EF71B5093009098D9E70A3FB930CDFE36A136012121A3DE146F72719BEC7D526C02424347AC28DEE4F327C8FAB4D80494868F4841BDD9F64F81E579B009390D0E80937BA3FC9F03DAE36012621A1D1136E747F92E17B5C6D024C4242A327DCE8FE24C3F7B8DA04988484464FB8D1FD4986EF71B5093009098D9E70A3FB930CDFE36A136012121A3DE146F72719BEC7D526C02424347AC28DEE4F327C8FAB4D80494868F4841BDD9F64F81E579B009390D0E80957FBDBF4C0304C488D963C5DDBAF360126992375C28D8E07138F75F7E81E58F9CF7D111B1E2479CAB65B6D024C3237AD0630B1B1A4AE017E04D73B33FA61DEF0EEED72CFA4093009C05A2B647A2F45E4BF7E7C18DF1E2D569E707CBF18BC71477FF48FEF2479E2B6556D024C321FADB9E9436C997B6FF759DCF3D95134724F26C8D59E9A9284C72625F964EB9C84142DAA36012621DB6BDB4FE1FE8F8FB4EAB6B50B04D7C35F1CC39ACC33CAD326710BDD1AEECF6C0F468009301700DB71A214E9DCAB2876748BE2CB8DB76277F7E457F722AE4B284E3FAEBFF176D34FC5F8E5478771A2A042791E3D23A090CFFAC0BA23589B7D01A8F44EEE0CA533ED475820E60C88C52B33AF429CC4003101A6259CE6FCEB1F2FE0E6770E00350D10FACFB7A7CB6CA903964DB5A40E8826A1BD51B4A903D63275C06C17A903AAA9F82FDF78024FFDEF892646C0D1C20A4C58BDDFA7F933B4E3ED1E17862DF70D46BF38E77AA109302DC5ACE7EF337BCEBC0FB3818646C555F026C5D1C1B36598FAD601141455E9DCE1BB9FDEE12EEFBB8677A3FA659F4AE030F365D819017D63505A5387ACBC4B9837AA079EE69F2099DCD0172597347872C371BCB7F30CD25363B0EDFEA14E2D5C13600E33B072731E167C764CF9F5D17F4AC2F29B5315E21594D562CCABBB71FC2CC5933FB56F31DFF5F693EED094DB5FC546DBEA06E2B9AC46F79E1EE414CFDE98D204684D8C00DE3D32251A990F0E733AE1BA1DB4E047D1F7A89777E3FBE3A558FF6F4330B57F17DD564C8059C92208F6E897C7F0C2FFE529BFFC79663F3C747D6FE55C806BDC6B7B70EC4C39BA74AAC38A81971015444434B3145607E037FBA214606EE0A4DCA89994754C4F308B690A10D488778715238420DE723E04EF9E0A43655580D29333A00923E0EA3FEF422139CBFB4C7170978F531CA8C3FE60CF39FC825981660CEE8A75BF4C537FB63B9A002339EA280AEF5DFBA3C2F24151F4FE9D144BD649F216B854AA7F7A2A146BF3C2D12B3E4C49A6A266EA11004F7F650F32734A303DA102F3922C79C8EAF9BB3B408B797A1B4A4AAA71E8B1D118D02D5CEDCEA7C74367CB91B62213313121287A629C6E5F1D1E601554E267BD77101B984507C101F8FA9E344CBB3A562196337095D6FA63717624CE955B388B2E65DDF871D9F43E787C72B2EDCA9D791731FAC5EF298281B0E07A85732D1D548AAB3AD74106B4A0859B15A5BFF4B909880CF5ECB96C0F2439B958558FA845EC97FEB9C6E76FD0BDBA4303ACA8A20ED3989A69D7F11280E6F68EF983319A89E5447105AE8587225054E1050B32D81F798BD2D13B3AC436397328723EA2E8B95C1A714B4215E6265622C8AFD129D0CE58332F1AB566AA3E9F6C29ADC302EC14C5C9042696CB219B172C7E3B75A2ABBB5A448B3BE0EADB231CDB7E330C5D3B376F215A4DD1A41809147F8EFA8BB0D0529EDBA170A3A903E2B0E10772565E1715568F47FA9529DC4C4CAE1E4713BF9B00135468E5F2434139C6FDD73E141757430065D37D43901065E122BE049718B6D0B56E60DF5B8E14D112E597463F382AFC0BE8B55FB9310F6318AEB3727A2AE6FEF507AB73D59E9B89F654A0BD7EACB3F86A024CA1422B7E68BDF3C2A4DFC0446F319D2CE2CED7E052879D75A60C839FDF69411B5999A3C25F420F7CCCB2EF14C7EEBA7BAF5574C2C55FE76065062D5C1D6E26DA9DBDDDA2379A1C4CA5722B1CB5DEF969CC22F8377ACDC382A851B318052E75D8F31929F1C6F67C8B4FADC10F8E0AFF4BDF9EC4EFFF7654015FCEC2314AEACEEFB874F5F30FF5B999093095B2AD74D4F3CEABDE71A3C12548709EBEB5AECBB633D77EBD85220E0A7F2D655FCA8A1DC8673EFE9766F5C36FC75B7C72555C2AD2E3668BB3E85F63313998859C867E3AF3CE8B87680D70A9837F7E531E1EFD9CAB06C2AB409C392AFC36E72B2DDC92C5E97669D31DB9996569C104984A5B438EAEBCF3E2015A135CA2FF1A72A9E4E53BA0B818C4F21345A556E1D73A5F174C4EC4F3D3FB8ADB6CC5919B890A9383D9C8E3DB1357DE79D1736B834B1DFD65B785C5A27454F86DCE573A33731F1F83A498A60BD8829B8DFD4FBE2882C504984A591F1E5D79E745B76D055CE259ECDC16015CDFACF76FA2F0ABCED7D95CBE5ACBB546BD227378EADDE38DDF64FD5E718E5657DE7941D0B6042E75822FBB2DACBF3828FC5AE76BE6432394D7D8A8F70A4EFD01C38BEE11E1452CED92839DA4D7FBCDCCD3F8842BFED917C45BC6AC968F3ACA367ABCF9DA78BCC6A8CB247AEA45698BE0524967735B045354D6F83551F8B5CED7EDF70FA383955117BBCEE2775FE5A0E262B5DA4CFB02583DFF1DCF317A72C937B9406DF3C3536CA36ECD13866C8D488EC6A289BDB0809321E2B9B4213762E15A5D5B6CE9F28F378667E7B6D0F1F06B9DAF831323B0FF1CE3D2F87A415144184FBB5B8B14EF46BCEDBD43CABB73C4BAD9FCB109CADEBC342EAD78EB2D63DE9818BD364AF91EC7838CDD123B72560B672699825ADA22B8D4675B9171028FFDFD27F52BC4E68EDC45636CDF55E7ABFA83363E2CE8E10CE5E776212205E7BA99E1C1E2C54C5D6343F129E3A3AEE3B24A7B2C5B192971DB7F67A3E002439D031BB16A480962821BD056389770357CC337B97D9CC5F721899021EB0613416BC1A9F63D34D24676E17C1DFED2F728E21F68E914FB085799B26D6BC4CB27B27E7595FCA5FFC8C5922F73D08DE0FAF1E151F0D6E6062F8FCDEDE68478E9BF72A702B2D9491598D2B5BA55C5A288A3FA827FDE4FA9D3AE13BB7F6A2EEBB4E2AD6EFF32281EB7517F1CD93BD2ADD067F20304FCC746851E6D9E8309853EF1592EB4F29FB5F5C1E118C717705E094570B2F12FEF518612480E5657EDAF4452B424E4A625F41006C66707CF2B9CEA1F2292428441584B5AEF08CC21A8661154EE46A30A507D975B8AB5FB0BF0EEBE025C2AB528FA6D1E6062B7C833EB8F63FEB804ACBABDBF4A832BE278DF2787B17A1B7532162314FA13C555F834AB001F651522530435AA98A24E9BDE2706770C8A5340A5E73C95117CF08BBB941D448ED7B579800D7C6127B2F3CBB0F5B7570EF7522741E1627F21176304C539C690373758506DC7D951384DB3CF955B4045F177E814F752AA856FB09D725517822A1E33D2E211DFCC4045B519F598CCA0447503EE1FAF2DC593473AA3819B4A4E3E390EBD3411B2EAF5BE382AD28E7B01447106EC263A989F88B1A68E50F2DCF56DDE5A6C2ED11453FFF12D00DFB5DDC8F179A30850ED3C7991A03A8FBF925B9D62F483AD840460D635B1B89DA0BAE59A38B763E585F3740B377F7CC2365FFFF694D25C2563DE4345C61D6BD940C3601A031711D088D78796E283BC306C2B08C162BE58FE8F06BD587EC9FA1C2CDD90AB3C91FB0033F8FD882AC18C3ACAAC1E779E430B800FC9A94AA9B7DA0A231FEE4E8B5394F429DC96A60585ED1A9D1357D6A4B8FCE149897881B9C2B465C6BB07F13975B0E1B135F8557239EEDF474B9F0BE68B6F4CC6FC310976B1FEDAFB3C3D179C6BF58E7C2C15FE51ABD8370166A56A4B01E60A00511449775241179C6A7C9FE826BBB09D4DA82B6B328231F813099C98A07AACC9B584436FFFDD70A4275D36BAF218F29DB49C06197746FD61C045C56E587E24820604953C230AB9A7DA9709302BC19B0330570068893B413C822B6BB247E77A8C8FADC6982E35E84580A965CD894EF8323F4C71BCFEF8C8283BAEB88C2EA5C574298587D661F5905214D7F8E381BDE4648CF5F755F10FA9477A642D6670B7D323826BBA50399AEA601D5C44BA02404BDC0962929D5A93942FA991F51847508D26A8E2432CCB71B504C781924064160523A390EF09678485E068972A039A884A910CA5EF9F3215DD6F4E5239AE23D77B704F0CC07D060D4BAFB7F3A3ED6702972134E294100E655B930BE5DC8A838FC6D24FE7A41C290B8488A4BD26A133B2178CD2BDCA0418C9E214002D7427B8B426B9CE38308AA908626B318AA08AB4A620B8C835D1DD25C1045510F6140729BA9476C666F6AAC03AA61110887114955A85FF86F86A6C3A1B8A1BA8FF65702B9E5AC433A9BB992676AB42C6394B5C9953D1E606C05EF9291C5BD8CEAFD27BE22D2688D12B1D166007178EF6AA3BC1A535495D6544740DD2C95D46C4D4214CC47DB1E457FA6317B9D4F6E210E45E1471D397C5DAC05E9D711BDD19C55C857879F34984855A74B2AF9C884A55E1571AE68748DCB2E29654F52B6C818D7C96378795E0D7BBC8E5585A0AB0CDCC9BF1EA518B6E286839B0BB7EBA820E0B301BE5C58917DC094DAC492631191F538D7472A9C10495BA2BFBF0A520EC2497DA5C1C8C728A3C5BA19F6C72BF2E9899168B5B07C6DB2C4061B126D2E725A225E6A79661EDE93094EA884AADC22FDAFC98C9486E6752125184184D610E09D1C65DB4366FED5925DDE6A6EAAA5A115949E3E140692032CE8762F7058A6E9625748B3CE3C22DD27101E60377821F75A82904D4982ED5B826B20EC40CC4A4EC2D11A0129C8AA2AFEEB22F4BA42B98CB4C8133B9856E2AF3614410E87A45C47D898042C1C51EE3EEEE270F44EA8A4A55E1176D1C5F32D6961F4CDD5C12463D2E9A5D9C29BBDC8F8C83E93D8FF21B07B7ECA6142C9A946CA7E7395EDF610156BB72A257DD09C2F24B0DAF53887DA12680800AC48EA210FCC07FBCD6A21331F77750F4CDA0AF6C6C72945BCFA0E562FFDEB70C79E4607A56A5E05423FFB25B2408C2DEDF8F549E451B67767DB76AEA4C2176186816C0F80718951081D95CE2BA635037245A0339ED1A74F8D26101E68CB02A7D5C59938EEE04A17FE530D3CE4E8ABD6D04558136EB0E277B34439D6629A22FCE96FF42EDC7DDA3968BADA23BE2C1FD51BAA2D2B13D3552B60F396A4E39B9272DD2AF99F6F2A655FB954B9DD1411591CEEA1DFB71F6DD049886324EAD491D77829D2B81C002FD4FB6C234503FE312D10C8ABEE91481B244B9B6FB5C9C3872B1844EF57411E88B4AB519AD5B6268975AECA598BE899CF3AB7B0741062059BDDA87ECD8A101D65C77822B57420493A7FC9C932744DF44E64B757789483641DA7A2D177B7B6809D69C08C7FAD3A148E9DE0922BD80B668DD12C328BEF7883F0165E73126A84B65D25E198064F5DABE5C9D7758803D3239A9E9E2B48E3BC11D57C2CF08AAA13D235C2ABBAE26C1DD3A472E964F5DECEF56B78536B45AB4A7754BF40C6BC0692AF662CC7F62B61E51640092D52B8DB8F1D1610166A38D833B81B9FAD05C5782AD2D034E542E16CCE59A9A5A5A8374A9890C3C2204485B92E8DAC8633EFD11F4BD7D4F9742A7A8609C63B2BBCE564B55062059BDB62F57E71D166037F6A8B2B9136A1881E0A92BC11591BD59A7E562A25D91434C6C63A383DFAED8E2C5C895C582F41AEEAB9837A2BBED1A198064F5B6862427FF0F0000FFFFF20B1442000011B949444154ED5D097854D515FE43F6852C24614F485812F67DA76CB5D28A4B29B85BD1BA40511010AD4B71AB2828452B5A546CFD44B1564B45682D05F924293B0642D82140425813C8BE42B6FEF7CDBCC79BC9CC3C30336F669277BE2FF396FB729773FF77EEB9E79E739F4F3D092AF299FBBD7455FFF64F55779BCEA9DCBEF707176157811F761404E270B11F50EFA334B2636C30EEE81D8B49BD63303221027E2DAEA6290FB9F1E48F2939787ACD71A9063BE70EC6D0F8F006B5597FB400BFF8602FC0AAF7EED812FBE60E818FAA19321FECF5B3567A8302EDDCF069AE00B3E007193F2C3112937B47E3B65E31E8DE3AD422D9D32EEEFCF420FE919E8B3B07B6C197F7F7B25BBD499F1CC09A8C3C8CE9D60AA98FF5B7784E0B405AE9169939B868BE000BF0C52F7B44631201754BCF68C484FA3B6093E724EDCC29C1F0B7D340B18AECE787A353549052B9AA9A3A4CFCCB3EE45756237DCE109C29BA8C4E8BB60357EAB0FEB7FD3121B995F2AC1680B4D2958C344E9A2DC02A178F43103BC99B48283323DEDB839D278BF0D40DF1587C4B578BEACFFBD771BCF57D8E746FEBEC41D2F0FEDAC66CCCFFF624C4B07FFC77C310686EB31680B4D22D0A7670D16C01664FF770C02BB727ADDE7F11933FDE0F50DA16CD1F818820EA8E66DA7EAA1823DFD94D5DD27463D6D8382C9DD40D9729D5BABEB913672E56E2B55B3AE3F91B12A407B400A4956E2E56F360004C93459EF140756D3D12DFD881B304CA3B93BBE189D1714AC52AABEBD0FD8FBB9093578180A05A5CA9F2454464200A5E1C05313F5114FE8016C8796E04E298A60520AD74A5708D93660BB08FEEEE81FEED43D1AB6D1882FD3D7FA87C67F369CCF93A531AEA4E3E331CFEBE57A784CAD0E84BF1552B7AFC6A9A46FF372E39C40FD307B4C1B229C912906D65D66C01A630837D91D03A0483DA876100FFFAF1AF7FFB96E810C1B75CA77E52EA62E7A4A8B20651AF51592FAFC6EA87FBD07C12AB3C693D342A093A9EBCF5AB6E983BE6AA445517DD6C01763BDFBCDDE74B91955709D45998024DFCE1DB3992401B4829D78F47774ABBA7A8BC2FA1F23EBC4B24B63D3E5001BE181A13DFD889DCFC2A0AAD7ACC9F9080E9C33BA02387403D68DD917C4CFC30038312C291367BB0CD229B2DC064255F4CED0F5E28C7DE7365C8E05FFAD9326C39570A54D43464981BA45D7641151217EE00584F6BA3AA3234B2A6F37F9E80577FD1B9619D5D7827AFAC1A6D5ED80C04FAA27ED1589B25355B808DA34D68082DDC43E25A62308F09AD8215C920CC01E74A2E9B41574AD095BB4DDADDF5D9417CB5A7A151F5EAD028A4AF0F4EBF344A37C9252349BC9CC14FA7402860F54BC6CBB72D8ECD1660165C10171C12C7C585DB059D78446F6967CFA8AA9E358A7A099225B2E94ABF5FADD966B305D8DCE4529C28F7C3D132F1E7CB21C8C64CF21A40E72A69E7C8A82A0F8D11C1B528AE64DD4906C0F47BA91C9624BF715F8DCC579E139D79F18A2F4E1068CE009DC8B8B1D2EE647E2566D32C616D54550F8D7393CBF0F6D196523B0C8029DDE9DE135B00B355235780EEBAA51D2B666D54ED4C636BD6850AA9CAD12135C8AF3059F30D80D9EA4537DCBB5680D9AA9A2B4027CAB127EDFA44076337A7FF6AA36AFFB77F40460E67B9566400CC8A21EEBA940136873A5897D01AB40EAC53668F3FA64EAE029DBDBA88F28E5C2CC7A6E385F8FE7811FE999E273DEA75002B5A38C66231D55E83BDE9BE64117FFE7F9655F6AB4372582D9208B62E61FCF332D0C92F8CD7016CCB1383302A31C2B233BCFC6A4B5611462FDD23B542D8C1524E97D836A8BA1974FDE25B622F3D5065120BDDED5FDF8E4B34BA4E19D01A3FED1A89F15DA3D03D36142D9E74AF07B216C0ED9A29A68DEA800F6F4F96DBD8248ED3571DC5F2AD67A5B688375E0C37A70AAB9046A0FD70A614BB4E97BA15746BCF044B754B6C1B02B1A02D93BCD02D5FCB47FF9601A82EBD225D7A9D04130BF25B66351D292649AF7729BD84E19B64AF43DC05BA7374B199B33792EBA240CACC8118CB754741EA85EE7B3A55D01E5C8F7D8C21F8A1981EB8D5576D77F6DA2365E2C29FEB9760CFA4D2C556F2F940EBE8201C9D371491C1571DDB5C585797652D3A2979C92EE4894561417497AE7F63ACE9FC1A7E5D0D3A91FFFC43E1C824681E18D60E9FD095482679A1BB73783516F62A512624E27FCE56B5C093E951D2A35E03B076740BB970A9124991353856E42781EC9FF7F5C44F1814E18DB499EEC5933F3F24E92FDD22AB9159E48F7631C138F7FB118D6A8E334197723110CB32C3E0434FD58BCF0D47B4393E40BDD0FD7ADF6274E524C49AEEDC162DDDF21A804D589E81EF0EE76366B732A4E607627F01453187CB69233BE0FE416DD09B0E7A9E2ED184C43A70A10C9FEDCEC5F26DD4B9C4B0C8D1E4AE8EE5F83227143732D863C3B47ED67DD5E8EB1F03BA84E01AACCF63E046AD0F3EE18BFCC0E0B64A3DE485EE613197312FA94CB9AF3EF13A80FD79EB19CC5C750C4344A308B2AFCF05E3ABD3543EEB88326F243F1F448707229F3330E13325E21FFF7C47121E1BD95197D65C2BE846778B42EA8C01CA10A82C74F3C578A77F2166EFE78C9E3A5732A5B0DAA4326B8F970D91F9F49A8C11DE93553578B57731925B723982EB741B7303B08541AAB91CF7C5DBE6D1C4C8999E6D4270479F583C3CAC3D62C3FC71F7CA43528CA090C6CB383B9E4189EC2E9241B722ED1C5E5E972D85A01DF9DD5024C786485512E972F4D02D1D2A10E15F8FCFB31DC76A7ACD10295AB86CDB193CFE8F63001BF687E412740F6F38F64B9C70E34F11DFE66969A6B777F9E0420412F76F1E0DC5C1A20080FEEACB09A24787B7576A584BAFD527BEC9C4B2CD67A47B0B6FED8267C677522486F2A04E2722DA2779F12E9C62A0C6CB3725E2A509894AC94AF410F9BFB44F119EC8A0F4AA6D813F31D8A303A5B12D938A57014CBC4173D6646269EA6949FF1ADCEA3246C554A31D2356DA7069259486484FA045F424D8931F80BBE2CB31A56395E4F9BCE25408D6715817347B5C1C96DCDA15BEE6D07FD1AE37379DC2B3FF3A21A53F36BAA314DA25A74B3775FA79654316A557163A311EE0E8D34395784575F4D083896538C5C5EC4DB941189BD40A9B183CAB8E1310EDF13A43ABCC5F51F94FD22EE0A16F28C96CB90FCB0F7AC8F1DD818568136402FE4676C8F2931C6EA86F09857ED5D4DE080F32F94D89EAAEA487E8FD7F3B44A9508FDBFAC6E2EFBFEEA56B64D1D18B15E8FEE62EC90D5A6DF31275938DAAA14135989F548EE7F671DF09A22A8320ECDB2E4C3C62415A76288B875D70A1557E034BBE751DCA6913FB6CF705FCFB5001B69C294131FDB0857FB8C7917F1D87F35265383F54E28F9785AF54B50F84657CE323FDD099DE09326D3C56801B4510EBE55A0CED1C89750FF7452B3A18BA9AC48B3BF6FD746CCE2C6C60F3521B559FEA5E82B517422453D1A3D41797DFD1705545C4AAF89A978AFE33BD1F06750C975E243D23D67DE66D928266EC0DD19A007335C31B9B7F31272393571CC4F78C7011A688995DCB308633604117382179F1484B14099F29DA96527ED347B1908BF4BD0CEE18C9A898CA922B48E0A420657A7F8BBD1EC433CEA6151C151EA45DCEDAE625CA511B55A7B4ABC262F182307A3B8F363B315151D379D6F93E4AE14DDC45C76D24540F734456930598606E0D1B396BF5317CB085362FD2E4B80ADABC2A257DA592CAB123E55FAC458EFB702FB2732B101C1E806D9404222ED2152466E8B18C10AAE7D1DAE6A536AAFE81B3F785C7C350C9E5A3C5BFEC8AA7C6C55B5467CD814BF8D5DF0F4BF908A0FE86C3FC3A4AC4F33490EB4A66B38F28B349034C66AAA4BFACA69B31878EA13157309B763C7F3241BC648E94FF02EA9837FD751F76D1EA2F42B0BE7BA80F7E46A5DAD9F42041B162E77958DBBC44396AA3AAB0D80BB344076E582216BD03CC51DC15DC2567EEDA4C65C17E3C3D423EBA3D092F7F770A2B779D97AA3BBA7515A62556E0FE9DA6FAAB5DC39DDD1E919F96A1D7EB87486BA6FD87AB1037AF3820E95671ECA8177B94D28EA4ADFC0BAF52C556C60EFDF49E9ED2CA8575FE3FF63AE54421C6BF97DEC0E625F2531B5517D12CF1EC012AF694BC6B1EE92BED57269E493F5B8AC90C61139256986196D0CC22B663BA8D6D955CA8B96DC08CC4728C6F6D520FE48E370026B8E764DA7FBE0CE33FE23E591CFEFC685659D4A304F121A6057C47CABF235B9950CE377062F03125450A77B2C9A30E0446563B85CCBACC847695CCD2C7C22CC162F1562A7734FC374D2B6203144E58BEE6A6732256F3A15547A4BDBF5AB16DBF4F2A459CB98DA24E06C09CD233F633C9A59FD4440E7B7B4ED1A9906FF7B3EC8081519C01931C29FF0248D6B6B2D76FEA8CA91CDED6EEBB68BF4067A4F065C0652ACE66B3446C6800EEE1842095C016349D3E7A0B5897B96B8F37181203C5C6272AD20360D53403DDB79D43F1F504DEAAEAE8F5A7224075EA1787B18ADB4D0AC5EC010E2137B7330D215ACABFDA56161211808AE22BF0E34CEEAD9F276274E7082444053B6DD15F28F82FADCFC2A7663DEAD1111D7033775D9CC4BAA3A25A9A717E734F0F74A199E5D615FB6D0E89EACE3AC658CFF9FB68FD27B972882CE66ACAA33F7035E57AB60E5057B4299C0B89F4D2FA9378757DB6D49C1BDA56E2112AC1426FD652FE255B19B7A41443A100572EF7D67295AD4CD473E8BBBB9196558C319C60FCCF2CB58422FFF9BD3DF15F9A231C0D89A27142A2FC2D2718DF9E15DB6AFAA00717C65FE94909EE224AA7EBD342FAB15DD7E6272EAA8BDBB3554B24C1F86768940D310F2B8E2CFF37D27D6923270E4BA72461D64F5CEB8121D5918ABC4466457E1A77CB99F1F531CD215148ADC5F42933457A8BE1926F904E745DDB37E95427B714B35548878FF7A18EAB11910C5A7DB57BA9B2BC644FF96FB3609BE4099BFEF41097D9C76466885D7E7A733B26215ED39F643C648B169A43A2B5D4927682331B3FE57C5D76A411781A7D04DFBF9E0DE85C56190FC9388B21F937FC25C3A4C7582D2FD952FE8511560C9185AF8F719ACE658F152555B588782E5532657C7C6777CD21D1426A5160CD1B1F2F4D02F45C2AB2D716F97E93B383C90D737474B4BC64ADFC0BD380207B966A47E5FC983479F158FE5FD970AA9E255A4B2DE191F1C5BD3D30A29349B197FFD7138ECD126082F18E9697AC957FF1BCEE00B3329C8A3A08F206A965AAA9E9B7D9024C6682BDE525912E29FF274C9EA47A036C49FF220BC3A937492D99B7E2D8EC012698E06879493658EA0D30B5FDCADBA496E0A94C06C0CC9CB0B7BCE44E8079ABD492C1258E06C054DCB0B5BCB4E830179E497A4BB0058C8354EC5A1E3A4354B1CEEEA901302BD6582F2FC9064BBD012696B644D99E3C43B4629DCD4B036036D862BDBC241ED11D605E2CB5D42C3500A6E686D5B97AE9466F806D9B33C823ED5A562CD2BC3400A6C122D9F0A937C0F42A4FA3F98D4E3600A6C14203601A0CD2483600A6C5209DBF61AE37A0359ADFE86403601A2CD4BBC3F52E4FA3F98D4E3600A6C142BD3B5CEFF2349ADFE86403601A2CD4BBC3F52E4FA3F98D4E3600A6C142BD3B5CEFF2349ADFE86403601A2CD4BBC3F52E4FA3F98D4E3600A6C142BD3B5CEFF2349ADFE86403601A2C943B3CEB8591FC68A988D6711D9D2EBA8CF857B64A05188656D7F1D9A37296013675A8697B71F50670CEAEE80BFF3D8905E6F03A0360CEE6AE87E627018C0BCFC2B961303FAD339BA16B03DA87212E32C86253BBC6545F48AEE53BCE62C1866C931385288E5F22690A640C911ABD284B30F1218493DCD4CEA524E234CD1B2C1B007329A73D277319605F8EC84706BFC4B19EDB73A6F3CBB87557B8DB1D23A99D412D026B318200BE37BE128FEF76EFB6E4CE688F3A0F4382A9B961E35C0698DA47DEC6634EBBA5B78BB6D32A6E27230360761823DFF611DF97E49743DE1B54C48F979AB68092D39C7D14DF2398911689A8A84014BC38CAD9D9BB253F03601A6CBF7BE5417CC94FD28CE6C66E33BB94596C23AEF1AFD79DFC05BFA8B2FA7408EE1BD2162BB9E149532003601ABD7889FBA9F6F9539AF481B04EFC20C5AD6DAB90C87D2D6202EB11ECEB9C0DE884E4DAC02FA9AC169FEC09F24736BFFAD129CAB536378D663B2DD900D835B032F3520537A03B821D27B887AB2B899B897C3BB51726726FFFA64206C0AEB127452088D842F383EDE7909A538CC252E77D2F40E85C13F989E4D7B87B6153915C325B0D80C99C308E2EE180013097B0D5C854E68001309913C6D1251C3000E612B61A99CA1C30002673C238BA840306C05CC25623539903FF073650D474F3EA08560000000049454E44AE426082),(85,'image/png','file',0x89504E470D0A1A0A0000000D494844520000009800000098080600000018C2202100000C48694343504943432050726F66696C65000048899557075C53D71A3F776492B002119011F612654F1921AC08023205172109248C18128288DB52AA60DD22022E9C88C5562B2075A2D65914B775BC2845A5528B03172AEF6440ADFDBDF77EEFE3776EFEF73BDFF7FF06E7DC7B0F007AF53CA9B400D507A050522C4B8A0E674DCEC86491BA0102A8F0CF1658F2F872293B31310E4019FEFDBBBCBE01ADA15C755371FD73FEBF8A814028E7038024429C2D90F30B21FE1100BC9C2F95150340F4877ADB59C552159E0AB1910C2608B154857335B85C85B335B8466D9392C481782F00641A8F27CB0540B70DEA5925FC5CC8A37B0B627789402C01408F0C71085FC413401C03F198C2C2992A0CED8053F6673CB97FE3CC1EE1E4F17247B0A616B59023C47269016FF6FFD98EFF2D85058AE1180E70D044B2982455CDB06FB7F267C6AA300DE23E49767C02C48610BF150BD4F610A35491222655638F9AF3E51CD833C084D85DC08B8885D81CE22849417C9C569F9D238EE2420C57085A2A2EE6A6687D9708E591C95ACE7AD9CCA484619C23E3B0B5BECD3C993AAECAFE94223F95ADE5BF25127287F95F958952D2353963D412715A3CC4BA1033E5F9C9B11A1BCCAE4CC4891FB691299254F9DB411C289444876BF8B1E939B2A824ADBDAC503E5C2FB64424E6C66B716DB1282546CBB397CF53E76F02719B50C24E1DE611CA27C70DD7221046446A6AC72E0B25A9DA7A31A5B4383C49EBFB425A90A8B5C7A9C2826895DE0662737949B2D6170F29860B52C38FC74B8B13533479E2D979BC09899A7CF0521007382002B080028E6C3013E40171675F6B1FBCD3CC44011E90815C20046E5ACDB047BA7A4602AFC9A00CFC019110C847FCC2D5B3425002F51F47B49AAB1BC851CF96A83DF2C123880B412C2880F70AB59764245A1AF80D6AC4FF88CE87B916C0A19AFBA78E0D35715A8D629897A5376C498C2446106388514467DC0C0FC183F038780D83C313F7C70386B3FDCB9EF088D0457848B84E50126ECF102F967D510F0B4C044A18214A5B73F6E735E30E90D5070FC783213FE4C699B81970C3BD6124361E0A63FB402D479BB9AAFA2FB9FF56C3675DD7DA51DC29286514258CE2F4A5A7AE8BAECF088BAAA79F7748936BF6485F3923335FC6E77CD66901FC8DFDD2125B821DC0CE6027B073D861AC15B0B063581B76113BA2C223ABE837F52A1A8E96A4CE271FF288FF118FA78DA9EAA4DCBDC9BDD7FD8366AE5858AA7A3E02CE4CE96C99385754CC62C327BF90C595F0C78E6179BA7B0400A07A8F681E532F99EAF703C23CFF972E5F09806F17DC6382BF748222000EC1BD6FE0F597CEA1026E21B89F8E55F315B2128D0E575D08F0EDA407779429B0846F2927588F27F00541200C4482092001A4800C301D765904D7B30CCC0273C1225001AAC04AB00ED482CD601BD80DBE03FB412B380C4E809FC10570195C0777E0EAE9014F413F780D0611042121748481982256883DE28A7822FE48081289C4214948069285E422124481CC45BE42AA90D5482DB21569447E400E212790734817721B7980F4222F90F72886D25023D4027540C7A1FE281B8D4553D069682E5A8496A1E5E872B4066D40F7A22DE809F4027A1D55A24FD1010C603A1813B3C6DC307F8C83256099580E26C3E663955835D6803563EDF0FF7C1553627DD83B9C88337016EE0657700C9E8AF3F1227C3EBE0CAFC577E32DF829FC2AFE00EFC73F11E80473822B2190C0254C26E41266112A08D5849D848384D37037F5105E13894426D191E807776306318F3887B88CB891B88F789CD845EC260E90482453922B29989440E2918A4915A40DA4BDA463A42BA41ED25BB20ED98AEC498E22679225E4C5E46AF21EF251F215F263F220459F624F09A424500494D9941594ED9476CA254A0F65906A4075A4065353A879D445D41A6A33F534F52EF5A58E8E8E8D4E80CE241DB1CE429D1A9DEF75CEEA3CD0794733A4B9D038B4A934056D396D17ED38ED36ED259D4E77A087D133E9C5F4E5F446FA49FA7DFA5B5D86EE585DAEAE4077816E9D6E8BEE15DD677A143D7B3DB6DE74BD32BD6ABD037A97F4FAF429FA0EFA1C7D9EFE7CFD3AFD43FA37F5070C18061E0609068506CB0CF6189C337862483274308C341418961B6E333C69D8CDC018B60C0E83CFF88AB19D719AD16344347234E21AE51955197D67D469D46F6C68EC6D9C665C6A5C677CC458C9C4980E4C2EB380B982B99F7983F97E94C528F628E1A8A5A39A475D19F5C664B4499889D0A4D2649FC97593F7A62CD348D37CD355A6ADA6F7CC703317B34966B3CC36999D36EB1B6D343A68347F74E5E8FDA37F3547CD5DCC93CCE7986F33BF683E606169116D21B5D86071D2A2CF926919669967B9D6F2A865AF15C32AC44A6CB5D6EA98D5EF2C63169B55C0AA619D62F55B9B5BC7582BACB75A775A0FDA38DAA4DA2CB6D96773CF966AEB6F9B63BBD6B6C3B6DFCECA6EA2DD5CBB26BB5FED29F6FEF622FBF5F667ECDF38383AA43B7CE3D0EAF0C4D1C491EB58E6D8E478D789EE14EA54E4D4E074CD99E8ECEF9CEFBCD1F9B20BEAE2E32272A973B9E48ABAFABA8A5D37BA768D218C09182319D330E6A61BCD8DED56E2D6E4F6602C736CDCD8C5635BC73E1B67372E73DCAA7167C67D72F7712F70DFEE7EC7C3D06382C7628F768F179E2E9E7CCF3ACF6B5E74AF28AF055E6D5ECFBD5DBD85DE9BBC6FF9307C26FA7CE3D3E1F3D1D7CF57E6DBECDBEB67E797E557EF77D3DFC83FD17F99FFD900424078C08280C301EF027D038B03F707FE19E416941FB427E8C978C7F1C2F1DBC77707DB04F382B7062B43582159215B4294A1D6A1BCD086D08761B66182B09D618FD9CEEC3CF65EF6B370F77059F8C1F0379C40CE3CCEF1082C223AA232A233D2303235B236F27E944D546E5453547FB44FF49CE8E3318498D898553137B9165C3EB791DB3FC16FC2BC09A76269B1C9B1B5B10FE35CE26471ED13D1891326AE997837DE3E5E12DF9A0012B8096B12EE253A261625FE348938297152DDA447491E497393CE2433926724EF497E9D129EB222E54EAA53AA22B5234D2F6D6A5A63DA9BF488F4D5E9CAC9E326CF9B7C21C32C439CD19649CA4CCBDC9939302572CABA293D537DA6564CBD31CD715AE9B473D3CDA6174C3F32436F066FC6812C42567AD69EAC0FBC045E036F209B9B5D9FDDCFE7F0D7F39F0AC2046B05BDC260E16AE1E39CE09CD5394F728373D7E4F68A4245D5A23E31475C2B7E9E1793B739EF4D7E42FEAEFCA182F4827D85E4C2ACC243124349BEE4D44CCB99A533BBA4AED20AA9B228B0685D51BF2C56B6538EC8A7C9DB8A8DE007FB458593E26BC583929092BA92B7B3D2661D28352895945E9CED327BE9ECC76551653BE6E073F8733AE65ACF5D34F7C13CF6BCADF391F9D9F33B16D82E285FD0B3307AE1EE45D445F98B7E59ECBE78F5E2575FA57FD55E6E51BEB0BCFBEBE8AF9B2A742B641537BF09FA66F3127C897849E752AFA51B967EAA14549EAF72AFAAAEFAB08CBFECFCB71EDFD67C3BB43C6779E70ADF159B5612574A56DE5815BA6AF76A83D565ABBBD74C5CD3B296B5B672EDAB7533D69DABF6AEDEBC9EBA5EB15E591357D3B6C16EC3CA0D1F6A45B5D7EBC2EBF6D59BD72FAD7FB351B0F1CAA6B04DCD9B2D36576D7EBF45BCE5D6D6E8AD2D0D0E0DD5DB88DB4AB63DDA9EB6FDCC0EFF1D8D3BCD7656EDFCB84BB24BB93B69F7A946BFC6C63DE67B5634A14D8AA6DEBD53F75EFE2EE2BBB666B7E6ADFB98FBAABE07DF2BBEFFFD87AC1F6EEC8FDDDF71C0FF40F38FF63FD61F641CAC6C415A66B7F4B78A5A956D196D5D87261CEA680F6A3FF8D3D89F761DB63E5C77C4F8C88AA3D4A3E547878E951D1B382E3DDE7722F74477C78C8E3B27279FBC766AD2A9CED3B1A7CFFE1CF5F3C933EC33C7CE069F3D7C2EF0DCA1F3FEE75B2FF85E68B9E873F1E02F3EBF1CECF4ED6CB9E477A9ED72C0E5F6AEF15D47AF845E397135E2EACFD7B8D72E5C8FBFDE7523F5C6AD9B536F2A6F096E3DB95D70FBF9AF25BF0EDE59789770B7F29EFEBDEAFBE6F71BFEE5FCAF7D4A5FE59107110F2E3E4C7E78A79BDFFDF437F96F1F7ACA1FD11F553FB67ADCF8C4F3C9E1DEA8DECBBF4FF9BDE7A9F4E9605FC51F067FD43F737AF6E39F617F5EEC9FDCDFF35CF67CE8C5B297A62F77BDF27ED531903870FF75E1EBC137956F4DDFEE7EE7FFEECCFBF4F78F07677D207DA8F9E8FCB1FD53ECA7BB43854343529E8CA7FE14C0E04073720078B10B007A06008CCB0050A768CE796A413467533502FF096BCE826AF10560C7420054C78184E3006C82C301DEEB8501A0FA544F0903A897D7C8D08A3CC7CB53C34583271EC2DBA1A197160090DA01F8281B1A1ADC3834F4713B4CF63600C78B34E74B9510E1D9604B800A5DF736025FCABF01C3A17B33AF6C79AA0000000970485973000016250000162501495224F00000019D69545874584D4C3A636F6D2E61646F62652E786D7000000000003C783A786D706D65746120786D6C6E733A783D2261646F62653A6E733A6D6574612F2220783A786D70746B3D22584D5020436F726520352E342E30223E0A2020203C7264663A52444620786D6C6E733A7264663D22687474703A2F2F7777772E77332E6F72672F313939392F30322F32322D7264662D73796E7461782D6E7323223E0A2020202020203C7264663A4465736372697074696F6E207264663A61626F75743D22220A202020202020202020202020786D6C6E733A657869663D22687474703A2F2F6E732E61646F62652E636F6D2F657869662F312E302F223E0A2020202020202020203C657869663A506978656C5844696D656E73696F6E3E3135323C2F657869663A506978656C5844696D656E73696F6E3E0A2020202020202020203C657869663A506978656C5944696D656E73696F6E3E3135323C2F657869663A506978656C5944696D656E73696F6E3E0A2020202020203C2F7264663A4465736372697074696F6E3E0A2020203C2F7264663A5244463E0A3C2F783A786D706D6574613E0A599EF9470000001C69444F5400000002000000000000004C000000280000004C0000004C00000D95633DE66D00000D61494441547801EC5D096C14E715FE7CDB8B8DEF0B0C18B0B10D982B10072308502A424950CB51A436A9440221A8511A5AA94D5A4155229286B64434092D84D0A2544AA206549A9496A4A134A64030E126188361C1188CCDE1031B6C83DDF7763D7BCEEC3FBBDED95DCCFF2433B3F39FF3DEC77BEF7FFF31615D44902439601007C224C00CE2ACACD6C201093009044339200166287B65E51260120386724002CC50F6CACA25C07CC0C0859B77B0EB6C03CC376EFB50DABD48696E226616A4B827F4822712605E08F172633BA66D3C82CAABAD406727E0AF004F64186617A4E293C5A3BCE8CDFD9155024CA79CAAAEB5226FCD01A083806504458663465E323E5B3ADA88DA8356A704980ED6D734B661E06F0FA0F356878EDC3DC81217892D7387E107E3B37A504968159500D3218FF1EB0EE22B73938E9C3DCF929C1C831B2B27F5BCA210A941024C20884335CD98BCE1285A9BDB0539FD936C4A88C62EF2C54A06F6F54F8541AE45024C20800DFB6AF0DCDFCE00ED06F95EAEED478563FDB7F3B1ACB4BF6BCA7DF95B024C20B65FEE3C8F55FF3A2FC8E5DFE4153373B1EAB121FEAD3448B5498009182F012660902059024CC0200930018304C9126002064980091824489600133048024CC02041B20498804112600206099225C0040C9200133048902C012660900498804182640930018324C0040C12244B80091824012660902059024CC0200930018304C9126002064980091824489600133048024CC02041B20498804112600206099225C0040C9200133048902C012660503000B6A4B41F362E2814F4ECFE48960013C8291800036D005944EBF2372FBCFF412601168A00E33ED15636848561EB53C331B73843D0CBD04D960013C8665D59355EDC464BA68345715128ED1F8F1DCF142331363258BDF0B95D093001EB769CBA8ED99B8F037703B4265FAD3FA4CC101E8ED7BE35182F4D1FA49623649F498009445351D782316F1D425B738720670092632290111F859D4F17634CBF840034D8F32624C0043CFCA2AA018FAE3F4C4705F8EB9C0041837A92C9542E1A93A13908A86D6AC73F4FDFF0DBD919AE5DCA4D89C32C3A4B23AB6FB46B92DB6F09303796D81FBC7FB80EDFFBA80268BD6B7F182A771A838063976FE13132E957E88016C3FE538487213325069F2E1A8551FDE23D7244024C833DBFD97D113FFDD40CDC0E417039F6D96110D0407DCD5B5B8EBB461F71D0DD7E647C34CE2C1F8FDC9458C71E39DD4B8039B1C3FAE347DBCFE0F75F5ED106573539FDD17140840FA3BAB45C951695476486EF11A0F95CE64EBA8647D01FB5C1574FD43D08484C884263439BA79C7E4F2B1E9080633F9EA059AF04980B6BE66F3989AD15D7803BF75C52BA7F56EC567FAEF76932EDD84E1F6C058E6B1906D58D1AA0ED16D05C6F4DCD180A2465ABE7772DCF400BB0AB989A1C8B5D4BC85466AB9B4A0930072195BE7518FBAA1BB58F09E829B894B686960051A401D5884156B9C73925BA0F3090CE0ED3A3CD9C4B1AFF8B061CDB9F1C8E3923D254DB9200EB66CBE0D7F7C37C9D4E2CECD050016AE04A234DE40BDD220D39708CBAE9EB24CD79FD02FD5D74AFD91B6DE65EDA982734D858FB441E964F19A05ABF0418B1256245193A5BBA7D1F3536A981AB702AF80C096FE93C8DEEFE526E061A495326D014104D07A9925A9B9C3104B599A7B3341E6880B5B4DF43FCCFCB3C1F87A926680257D71BD35571A1E7E1F0D7F7E2D481FD562DA65A80B4E81DF2C32E5388A4BD45350742489B4980A988A8EADA6DE4FD9A847C4FC324721903C0C5D5EEAEBA89696FEF036AABB51DFE883098E2C2D17A85F2D4547231770A116D2601E6221A4B74FE9DA3345AD31829727E83C0A574C5A6C5B20B341DFE698529189B1587B57BC827ABA4D9044FDA2C3947DBDC2A8D1A7495007360ACAEE8BCC1E0E2EED8B4D8F993DA0E3F8DD0F63E371A7D632231E90F07D158E3419B65E6031C020902498075335D57743E00E0523060D3621CE7D270F8076598607EF9114B919F6C3FADADCD78449B3648A93AA057093062B7303ACF220920B8B8399B163B45BE200D1C54894E9EFE80964F2F1C6B5D7478B2B6455D9B4980A9B22F200F85D179EE4580C1A5BCB84D8BC55030552BC26F8A44D7EA294A11CBD54D9B498039F127603F84D179EE4990C0C54D3B6931AD087F74045E9D39082F4FCFE5223672D2666DB45E4D9A481B6F0272238CCE732F82082E8509362DC6517CAD083F65D68ABD59B4D91797289EA711B4551A32E8FA40FA60C2E83C333B04C0C5DD70D262FD8AD41D7EDA69F4CC842C6CFA6E211771A3655B2BF1C73D04B220905F00C62B482AE97B3D65E71A51DD408BD9429856ED3453EFA8C31E62A8A1022E858D362DD6DAA0EDF093A9ACA611654E528C52CC769DB7E504B61DA9B3FD0EE44D8F01B6E63F17F1B3CFCC34114C2A9C23DF9E0417C837F3B5AD10D15C8EDD77D2621E96F470F075D7529A2827DA5C7E056BFF7B11272FD374521065D223808DA08F407DCD9FAF0BE6AE1A4749787BCF6E0933DFB2808F16EF8520B89457B269B1DBF45DA4A113696F64949264BF92168B8E09473B6F42E1F7EAEAA45519E1F6F420DCF90CB0ECD5FB504B7376BD82EE9140CEFCCFFD557A3871ED5EA16F4F6ED2BAFFD59F9BF1BB5D342D64A1E038ECBEF4DE27805934570DCDE8F726E2150AE683F6370A32B8AA6979F35F8F5EC5A6F25A9CAA232BC1980AD43791EC5CE8F19DD700B3F85C3BCEDDBF66518B65FC95DA6B665A964C8BF98204AE53B4CFF24372C6195435B4BDCCB2FEDE1F1F39655319161C5339716812F63E3F4E95EB6EEBC178B418FE8B32DAF04026A557123B2E619A3125235EB9BCBA093CC9BEE1ABAB686DA3858DECCF7A5A26A4B7138A5FD972837C4C1A8025A4EB2DE9D77C5E01EC747D2B0AD77C494C6041F442A23D7D152F95A020DD64E8CBF1A8F03D02D4E6A375247C6A4A1981FBB3D5BBA401CFEEB5D6984813E659C382B064A70BB346A6D3D919EADF1B77D3609B68BBD6920F4F594728FE6446A8D4457ECE3B0B8BB0B88404E267FAE4EB6BF81399BE6D74B58CEC78BD199B04A3883558FD79E026ED44E24D240348C8BC9D2E9044DBEC9E9F9A8B37E953D06AE406B0A09C87A5D633039F79724ABD69B683CCDCD663F57897E251FF3E7D9D844B61903B24747F109B3C0E3FB452C8229626C27947911655ECB6A6246602BC2ECC535EAD3A7C79CE006F69C08AF9E335BF6F2901E62563399CB0F5783D3692A62FBF4051778A4B69EEA1F4B26E4BAC8E3781DC22B0365EB55EB98EF421404A7F327FD4962BB1866C26337C99AC0E13832C8DF247B947FBAD19FCF02FB7D941B339D7CDD48E092BBEFFA80498235BBDD560C685134850F7485371C49437DA36115078AA488DF238F0AA011AD676178F10D09BAD255373096403B547950C903BA419E312D55AB23F6BBD49FDA1DD4FAED4D166ED67C76D20A7106F3C35192FEADDB6B6923E1FFC0A7D46B837931E80191A4E6001F311010C28D63E0A303C319D3778E48ED5367F2CEC2A1A9C316517593599F597F3BF1CCEB84193E2DC07D1F21E0EE9F09F271AF6103E5E3A098F0FD7B9F1F687DB2AB1BE8C3AD08B69D9E41CAC57714A0D0B2774B1B34F0CE5515F13993E06551B0556BD254FA6D2D1E1D75A57C6EDB1B6ABA430949E058A7A005638D563C8C7CD077BFCDDE3F8C7897A6F5FFDBECA3F6B649A6D586D58388105C9FE1403C9E24F114FD96FF186D8249A920994B5F6529E4C25E762879F84AE4A0CC2AB67A93F549F3F0036A8181F3C3B090BC7F5536D8E1FBA016CD2DB87B1F72CD9DE5E4CF9D9261467C6FB3F9CC002E4937078B2BA8184D84CE18A4E2F02D63CFAEB43804AC9A0A0690A6D398FC2E49C789499C9E93FD93D8FEAC954B2D9E3B6FB24594DA0AB0CDB09ECE70E589FF6046091D1141229C20BD30BB06EFE48D7569C7E3F900003055BFD76389B124EE0687A0399BE5BA4A9D8CFD1433CB5C36048A4087C12F93061D1983AB82FE68FCEC437F2935198D1C752CB823F1FC5479F1330AE555B6BF5642AE9D5409B76DD02E5ECF35D3A66052083CB440EBE89DAF6443CE07074F223E93F402AF5332216EF2D28C093E3B5359752ED830930E5ED7DBDB2A6520B27E8A98F859A904A82222DD5158371397DB0604C26BE392C150FE5689FBB1AB67C97F3522391A974EC0BFB7F2DA44D2F9D004694E2E909B9A8A05532224BC5534033F2EC204C3245A164405F4C1A2C187D3AB42D01E6C00CED5B9290DE70826B25B1041A367BE959044A13F2336230AF3813B38AD23065885D78AEC55C7FBF49C7A9BFF03E8D12CF931662F2642AAD39ECFFB2463DBB8F3465069E98F630FEBE782CF404D4F58CB6ED8DA8DF4980A9F3C56AE67C0A2798EC808A8A4776DF28CC1D9189D9747ED68CFC1444B1F9F291FABF5286CB87F6DBC31A9E4CA5D2861296A83F070C7F142DAF4D83293A5C024CE14F40AFBE841394915E1A99BCB8643AB02402F30AD330676406660C4B41126D9CF5171DA4551913D69126521C7EAE58642A95B0C4C022FC6AEEC3583973A8A53B5283F94B2AA27ABC0D27388EF4E269A447CB9AE7E427E13BA3B2C88F4A46FF448D68BBA81F3AD3DD1CFE218F90B98C552FAD8425D8591F598AAE57A7DAF24980D95861C00D9B0D76D2F584133C8CF4584319BDEC47EDED6D0E3F9F6791339CCCB95A2E7AA684250A26E0E367273A45DB25C03478E697C74D144AB84293C35AE1041F477A7EE99B8E4A6C0E7F0C0F1228D4A1453C7D545785F1134B50BEBCC42957A000F67F000000FFFF0D5172BC00000E7249444154ED5D097055D519FE42080924642181100824842D214142A02C490C8B586C159DB12E5871A9D605ABB5B5AD5631A3E208EA8C63B563AD8A5A5B6C51673AD5EA58C5B2CA56C120B204089000610D5920094B20E9F7BFE486FBDEBBF7DDF7C87DEFDDBCDC7F26B9F79E73EE59FEF3DDF3FFE73FFF392FAC85041515BC5682B56535AA9010BCAD2A07E44FA1A8DE407402D0B73F10D60BC3FB45E227A393F1A3AC241465C42BA92C750D7B620570BAD9739D9ACF0311E1D8F74401D2FB4439A57DEA8B7D98FF9F7D4E61AE0FC533D331FFAA0CD7609F9EC3BA24C06A0E02E74EB7022A220629B111B83E3B1957672761C6F03EEC93309F98188CC461BF5EE675B12D2F4F774B6B03CC8D252606746BC16D79C9B836A71F668CE883F89EDD4DCCDCFF59DDFD4129DED9781838EF247CB40BE6C772E365FDF0E1EDD94EF136C09CD861EEC3E4A1F158FB609EB9990628B783B5673168E17A8EC017B44B6C66B80CC061E117E3F9017D333717E307C5B687D9006B6785F9379D1960D3DFD88CE5A5D5DA4C6921B8AA2B81C4C16EF129493D7168DEE4F6701B60EDAC30FFA6B3026C5D451DF2FFFC1D7086CABB169D3F0B94AD03B28A80966ECE2922C3F1EAACA178A820D5116E03CC993DA63E4DCC88C3FA87C6999A6720324BA768AC38D6A85D94CC18CB4B809878E4E6E56273D51902D15D8C2A0ABF0D306D369A16DA3D26029353625038240EE3537B2377400C32127B9A96BFD9192D29398A5B3EDA49D384C6E8A588C6E37B815153D0B0701AA21F5BE15E0595C26F03CC9D3DFE09E9468DB807C5894CC8382B1BD2370AF983E2909FDE1B635208BC813188EEA15298FD530BC35CC3E6AD021A35C0256F2AA2317D34AE193F0279A9B1786BE3111CAEA229C69508B2BB27A460C7F1D386F6CEFC610998314CDF0E281FE41CCEC6C385873AD435ED603ACC700A8E20E8BAF38FB3B5EE9C850573B45BB8AC1C4F7C51A13D73544463DF7420B62F678FECEC662FCC174E8DBDC4078275527A3CD63D385637031B60BAACD18808D268A76B54554463C200A05B906C79FC10DFBE6124EEE2A8A84536C0B4B8E26B981F473B8F4655118DB54780A4345F6B6C6A7A4F4B4A36C04C65B52A3313463B8F46554534C6F6B301A662BB356ECF9CA2524F3DA507678D225A5A9A5BEB15469D4B74187F9287D16E4C4A348626F56A2F5DD7A8AA88469935A653FF898A6B7F271837F608E6CA75B53785804A80D6831D2B7F51314024AF11E27D40B039C0C76B37A673ACC1B86666C2B332DA49FE4DCD8E99ECB0849E58BAAF4EDBA8DADC04ECDBC4D923AF599753A937A10E1DC8C206982BF3D400738D533F87475C049E804EC027200CEFD10A3C1905057802D24092AC370AB1EC5E719168AC3BD7FA1CA4FF36C05C19EF2DC05CDF533FCB08E718F538FA398017CDE720885C759D82747FF3B8642C9993AD59BA9B923F73D1167CB9ED3813FB5917D1AC4E2002C546C4B68553BCD4D7027574AE149D4CFECC202B885C33DAE1431EB346F7C527778DD67CC30D60B72DD981C5EB0FB10F421460146B7326A6E0E1C2546C3C780A2BCBAAB1AABC1687AA09387F814E61BD5545AE52BF4BBC4E1DD907CBEFCFD57CDB0D60BFFDB40C2F7D5511D2007BE48A34BC346B981B43361E381978D029B550446E4A265710A8E37522F2E49DE20630C722E8E77B08B0002BAE8162286785C5F433F7D6D73CA0A0EB4D9BD68091E47DF0D73E7DE90EDF01F6AF2D545CB9112214E94C3D8AAFCBF11A605A2CF01BE84614B6DAE5B40A15C3EAE993ADFDA27CFCDDAC0144DF01B67839ADC3E95ACDECFC61551528BE754A8700A6C5840E834EBC5013C97387BDCDA5043187D4D107FFC8AED60811A7BDE8E510D3877F494197363E016CD186C3B8E74D02EC2C1DD692D868E56B716973E77BA435F2F87E1A51A3F0D6BDD3F0732AFAFE269F40973955BF3ACDACFBAE55DAF1494382BE54E413C0761E6F44E6736CCCCEB5D407B200D10B3AFB8C52468093C780C33B8091F9289D5784917D69300D0269822E8C006A9159BBC6CC5D44E3A19D34A988E948833A1BC01CC6E9C797015BD7001738751F388AC37022DB6E0D79AFC1622F8208B043A54003374B6417A0F9F9E996F9661C0BDA0BE847CF25227762BD1BB95CB47FB37B9412D2D90026F57E71D93E3CB6643D70805FBC502C773C270FA57E40907556912923013F9817AE1F8547A753AC58847417B4A57EB20EBA9B9244EA2E246072A55E5CE8167D2C88E4938854EA99FDFCD7D8BE890BAAF527DA82387C3B944B3648AE56A0DEF4E03CDB404FCFB68D10A2283BC4B986A891FA32388DA2B1FCF14956A83D3CEE1292F5464E48504DBD5128A710F74D4C433FEE2550D3EBDF1C415535F5E520D225014CEA9BF2F4721CD94693453BC882D80AADA2453F8CE52CAA72FBC5D8815C13937326F43C3C057B943C5F3F3C0E05E9C17573F1B84BE81C41B39752442875041EB9E60778E93ADAC85CC80A67895C32C0A42D8E916CEF01EA3065AD3A994B0383FE28B3AFD215CED588A70B71BF3691EE1C73F1897EF6F3A70D46F195E917C30278E771979088C40AEA5D67EBB9801E8DB8DC49A87D668A66EDAE79FB7B7CB6951318AD0982E61BE607FAB454A455BC4327E3692C384BB790535494CFD155D72A24B6A01AAE9D8A9D484D22C6D3C7717D517CD575446654774C498BC50A9D7534757666DFEBEE1272B57951346EFD4D01B2FB476B5621F2A93538773288FD416930EB321F16BB355BC14069F7AEAA46ACDE5B87FD351ADBA1F45E0C40F8B34BCBB9E9945F7C63AD7B694622539CFDA2C271E07713911A1FE9FEBE1F423CEF12A262AFD8BC3C88C64FB75761D65B545F44E794CE0916D146377B7C0AFE711B55130D725B8BD448D32982862E5883BDA59CF58A31D595BC1199DCFBF8B79B323187BE4DFE26DD5D426A9B9707D138E7EF3BF0FE56DAC59C36E11298B25D4D66F901B35BB23CEA8AC5B3B2745746420660028A6B1795E0DF9B68942C5729FD0A5ABC1199BDBAE34EFA36BD3B9B06663F91FE2E217696DAE6A5211A77538264BFFA2D9A0458E709288564C6798C0E0A0D1CC1C56C11C191D861BA68CB534967F655CE58E387507C6B51D70098F0EFC9CF76E3B9FF96023BBED166A791C8E42EEFB4F828BF98323CEE1252DBBC3444E30BCB2AF0FB2FCBA907134CED44005D20D8CA694E6A723155386C668CAFE23BFE2496E3696D37A44630858F1F6D3E8A9BDEA77EB275B512E47C3512997E3265E81A55D5362F0DD198F7CA4694547246A9B6F68B386DA8A189669B73DB94A740018CB3F517EE9C8A47A7A529253B5D431260D2C2D2630DC85AB881B6A4FF5D34C4AA9BEE8DC8D430656C395C8F721A36F79C388D5A271D489D79EBFD698A314953C3BF3DD5A751729020518B36E5950B1C951CA3100DC62AD178519167420E46EDA488C45ACE9EF548CC340EE096EBA530279C4B897FB97F2AEE18DF5F33BF900598D2DAE8E29568DCBD95668CA34A90F3D54864B69932DEBB3913B3DEFD1E87EA9B704280D544505C50F7BA73B63E3FC94CF0FC293C726596C3A0AAADC8338D9E48541728066859DA93B3C2FC4C11C3C7E2E3B9453C3099EBD51A14F20093364FFAC3066CD84AE5BFB24C83050C32149981330524F234E89314854D72C89C2F22516959FF11AD4E89F53AA7202AE9CCB8C6C4E1AAD103F1F903137573EB120093D6DFB3641BDE59BB13CDBB692FD3226F44A6D67B8108F346244A3DB2F279B0710AC60C088C37F2C87ED1B8656C32C494A8475D0660C2803FAEDE8F5F7E4C13C6367A28E89191C8D47BCF2FE15E8A44314D0C1E8B350FE7F15CB378BFD4E45233ED52001326ADDA538D29AF977016409089BF9B1619894CAD77CC0E339A252AE5A564206DE83094CF2B54422C75ED720013EE9F686842D2335F738649A08971528BDA45A6B37B8C5652D3C3C4267694FAA2A759220B0D1B390E774C188A777F9A637A15CCCAB04B024C619EC7E5252551C684D6230294E7405CAB0FB45AE6F5CAEA4E4B7DE6442C9E9D8D5BC7A5E8A5B24478970698F480C7E52549903C1C481828778123B1BEEB59E013686F4A1B85038F4D0ED8E27C471ADEE50126CCF3B8BC241B5F62FDBF00EED4897A001B928329D91958F18BF14EC9ADFC6003ACAD77749797065D460F59FA9C0592B400362A1FCFCE1C8E277F48036A27221B60AACED25C5E1A9C1BF84D156A8059D804A1629DEEAD0D300DD6382D2F05136016374168B0CE2DC806981B4B5A03DA9797C279AA61A0B78571040B4B4CB4BC094287754EC136C09CD8E1FC20CB4B8B36543250FCFA0349CD58CC1303AD6E82F0862336C00CB894BA601D2AF9B32B81A43C6E44D9F4ABCE3353F4C41B1B609EB8C3B860EC3BF4B4CFD0A0BA968BB60166D02536C00C1864106D03CC804136C00C1864106D03CC804136C00C1864106D03CC804136C00C1864106D03CC804136C00C1864106D03CC804136C00C1864106D03CC804157BEF91DBEDAA19C916690D88C68EE2EBA222B095FDD37C68CDC829E870D30832E98BD783B3ED8783870E73DD09BF5463A117EA873988841752D176D03CCA04B1EF8E72EBCBEB25CFF403B83F77D8EA62FFEBD970FC61B3764FAFCAA155FB00166D02B8E5F3EF984DBF3E597D50241E7CFA1F8EA11BA878904A20A66966103CC809B0E80C90F53C4D155593682F893082E396EBDF896421B60FEE4B395F26E07983801A672F74E24DD77E4C7AACC3C6D5B7611C90FBC1FE448C9838D3D9D566325DE7853177B0433E0D21BEB2A71FF5FD7F070129E6F2124A232A227AFFC731CCFD91ADCA1FF4D04570367AA3282A565E34FB717626E7E80379A74A801FA2FDB00D3E78D23E6DBCA5398FACA6A9CFABEEDC46783F41D8DEE9D33014B1F2AC2C4C1B11DCDCA12EFDB00F3A21BC6BFBC019BD6106032CAF89322A3D12777324E3C5DE4CF52029AB70D302FD85D5977164316AC44D316EE06F72375CBC8C17B3F2BC21C9DB3B6FC58B4DFB2B601E6256BCB8ED563F88B1CC576F24F7425B329691066E4E761E95C1EBD1E426403CC87CE3CC4916CFA6B1BB0535CA8E5F702E4270FCDA0D804FC3867003E9BCB630A428C6C805D4287CA119ACBCA6A7894A639BEFA0543E231933FAC1E8A64032C147BD5426DB20166A1CE08C5AAD8000BC55EB5509B6C8059A83342B12AFF07CC11A3FC1225BE430000000049454E44AE426082),(86,'image/png','file',0x89504E470D0A1A0A0000000D494844520000009800000098080600000018C2202100000C48694343504943432050726F66696C65000048899557075C53D71A3F776492B002119011F612654F1921AC08023205172109248C18128288DB52AA60DD22022E9C88C5562B2075A2D65914B775BC2845A5528B03172AEF6440ADFDBDF77EEFE3776EFEF73BDFF7FF06E7DC7B0F007AF53CA9B400D507A050522C4B8A0E674DCEC86491BA0102A8F0CF1658F2F872293B31310E4019FEFDBBBCBE01ADA15C755371FD73FEBF8A814028E7038024429C2D90F30B21FE1100BC9C2F95150340F4877ADB59C552159E0AB1910C2608B154857335B85C85B335B8466D9392C481782F00641A8F27CB0540B70DEA5925FC5CC8A37B0B627789402C01408F0C71085FC413401C03F198C2C2992A0CED8053F6673CB97FE3CC1EE1E4F17247B0A616B59023C47269016FF6FFD98EFF2D85058AE1180E70D044B2982455CDB06FB7F267C6AA300DE23E49767C02C48610BF150BD4F610A35491222655638F9AF3E51CD833C084D85DC08B8885D81CE22849417C9C569F9D238EE2420C57085A2A2EE6A6687D9708E591C95ACE7AD9CCA484619C23E3B0B5BECD3C993AAECAFE94223F95ADE5BF25127287F95F958952D2353963D412715A3CC4BA1033E5F9C9B11A1BCCAE4CC4891FB691299254F9DB411C289444876BF8B1E939B2A824ADBDAC503E5C2FB64424E6C66B716DB1282546CBB397CF53E76F02719B50C24E1DE611CA27C70DD7221046446A6AC72E0B25A9DA7A31A5B4383C49EBFB425A90A8B5C7A9C2826895DE0662737949B2D6170F29860B52C38FC74B8B13533479E2D979BC09899A7CF0521007382002B080028E6C3013E40171675F6B1FBCD3CC44011E90815C20046E5ACDB047BA7A4602AFC9A00CFC019110C847FCC2D5B3425002F51F47B49AAB1BC851CF96A83DF2C123880B412C2880F70AB59764245A1AF80D6AC4FF88CE87B916C0A19AFBA78E0D35715A8D629897A5376C498C2446106388514467DC0C0FC183F038780D83C313F7C70386B3FDCB9EF088D0457848B84E50126ECF102F967D510F0B4C044A18214A5B73F6E735E30E90D5070FC783213FE4C699B81970C3BD6124361E0A63FB402D479BB9AAFA2FB9FF56C3675DD7DA51DC29286514258CE2F4A5A7AE8BAECF088BAAA79F7748936BF6485F3923335FC6E77CD66901FC8DFDD2125B821DC0CE6027B073D861AC15B0B063581B76113BA2C223ABE837F52A1A8E96A4CE271FF288FF118FA78DA9EAA4DCBDC9BDD7FD8366AE5858AA7A3E02CE4CE96C99385754CC62C327BF90C595F0C78E6179BA7B0400A07A8F681E532F99EAF703C23CFF972E5F09806F17DC6382BF748222000EC1BD6FE0F597CEA1026E21B89F8E55F315B2128D0E575D08F0EDA407779429B0846F2927588F27F00541200C4482092001A4800C301D765904D7B30CCC0273C1225001AAC04AB00ED482CD601BD80DBE03FB412B380C4E809FC10570195C0777E0EAE9014F413F780D0611042121748481982256883DE28A7822FE48081289C4214948069285E422124481CC45BE42AA90D5482DB21569447E400E212790734817721B7980F4222F90F72886D25023D4027540C7A1FE281B8D4553D069682E5A8496A1E5E872B4066D40F7A22DE809F4027A1D55A24FD1010C603A1813B3C6DC307F8C83256099580E26C3E663955835D6803563EDF0FF7C1553627DD83B9C88337016EE0657700C9E8AF3F1227C3EBE0CAFC577E32DF829FC2AFE00EFC73F11E80473822B2190C0254C26E41266112A08D5849D848384D37037F5105E13894426D191E807776306318F3887B88CB891B88F789CD845EC260E90482453922B29989440E2918A4915A40DA4BDA463A42BA41ED25BB20ED98AEC498E22679225E4C5E46AF21EF251F215F263F220459F624F09A424500494D9941594ED9476CA254A0F65906A4075A4065353A879D445D41A6A33F534F52EF5A58E8E8E8D4E80CE241DB1CE429D1A9DEF75CEEA3CD0794733A4B9D038B4A934056D396D17ED38ED36ED259D4E77A087D133E9C5F4E5F446FA49FA7DFA5B5D86EE585DAEAE4077816E9D6E8BEE15DD677A143D7B3DB6DE74BD32BD6ABD037A97F4FAF429FA0EFA1C7D9EFE7CFD3AFD43FA37F5070C18061E0609068506CB0CF6189C337862483274308C341418961B6E333C69D8CDC018B60C0E83CFF88AB19D719AD16344347234E21AE51955197D67D469D46F6C68EC6D9C665C6A5C677CC458C9C4980E4C2EB380B982B99F7983F97E94C528F628E1A8A5A39A475D19F5C664B4499889D0A4D2649FC97593F7A62CD348D37CD355A6ADA6F7CC703317B34966B3CC36999D36EB1B6D343A68347F74E5E8FDA37F3547CD5DCC93CCE7986F33BF683E606169116D21B5D86071D2A2CF926919669967B9D6F2A865AF15C32AC44A6CB5D6EA98D5EF2C63169B55C0AA619D62F55B9B5BC7582BACB75A775A0FDA38DAA4DA2CB6D96773CF966AEB6F9B63BBD6B6C3B6DFCECA6EA2DD5CBB26BB5FED29F6FEF622FBF5F667ECDF38383AA43B7CE3D0EAF0C4D1C491EB58E6D8E478D789EE14EA54E4D4E074CD99E8ECEF9CEFBCD1F9B20BEAE2E32272A973B9E48ABAFABA8A5D37BA768D218C09182319D330E6A61BCD8DED56E2D6E4F6602C736CDCD8C5635BC73E1B67372E73DCAA7167C67D72F7712F70DFEE7EC7C3D06382C7628F768F179E2E9E7CCF3ACF6B5E74AF28AF055E6D5ECFBD5DBD85DE9BBC6FF9307C26FA7CE3D3E1F3D1D7CF57E6DBECDBEB67E797E557EF77D3DFC83FD17F99FFD900424078C08280C301EF027D038B03F707FE19E416941FB427E8C978C7F1C2F1DBC77707DB04F382B7062B43582159215B4294A1D6A1BCD086D08761B66182B09D618FD9CEEC3CF65EF6B370F77059F8C1F0379C40CE3CCEF1082C223AA232A233D2303235B236F27E944D546E5453547FB44FF49CE8E3318498D898553137B9165C3EB791DB3FC16FC2BC09A76269B1C9B1B5B10FE35CE26471ED13D1891326AE997837DE3E5E12DF9A0012B8096B12EE253A261625FE348938297152DDA447491E497393CE2433926724EF497E9D129EB222E54EAA53AA22B5234D2F6D6A5A63DA9BF488F4D5E9CAC9E326CF9B7C21C32C439CD19649CA4CCBDC9939302572CABA293D537DA6564CBD31CD715AE9B473D3CDA6174C3F32436F066FC6812C42567AD69EAC0FBC045E036F209B9B5D9FDDCFE7F0D7F39F0AC2046B05BDC260E16AE1E39CE09CD5394F728373D7E4F68A4245D5A23E31475C2B7E9E1793B739EF4D7E42FEAEFCA182F4827D85E4C2ACC243124349BEE4D44CCB99A533BBA4AED20AA9B228B0685D51BF2C56B6538EC8A7C9DB8A8DE007FB458593E26BC583929092BA92B7B3D2661D28352895945E9CED327BE9ECC76551653BE6E073F8733AE65ACF5D34F7C13CF6BCADF391F9D9F33B16D82E285FD0B3307AE1EE45D445F98B7E59ECBE78F5E2575FA57FD55E6E51BEB0BCFBEBE8AF9B2A742B641537BF09FA66F3127C897849E752AFA51B967EAA14549EAF72AFAAAEFAB08CBFECFCB71EDFD67C3BB43C6779E70ADF159B5612574A56DE5815BA6AF76A83D565ABBBD74C5CD3B296B5B672EDAB7533D69DABF6AEDEBC9EBA5EB15E591357D3B6C16EC3CA0D1F6A45B5D7EBC2EBF6D59BD72FAD7FB351B0F1CAA6B04DCD9B2D36576D7EBF45BCE5D6D6E8AD2D0D0E0DD5DB88DB4AB63DDA9EB6FDCC0EFF1D8D3BCD7656EDFCB84BB24BB93B69F7A946BFC6C63DE67B5634A14D8AA6DEBD53F75EFE2EE2BBB666B7E6ADFB98FBAABE07DF2BBEFFFD87AC1F6EEC8FDDDF71C0FF40F38FF63FD61F641CAC6C415A66B7F4B78A5A956D196D5D87261CEA680F6A3FF8D3D89F761DB63E5C77C4F8C88AA3D4A3E547878E951D1B382E3DDE7722F74477C78C8E3B27279FBC766AD2A9CED3B1A7CFFE1CF5F3C933EC33C7CE069F3D7C2EF0DCA1F3FEE75B2FF85E68B9E873F1E02F3EBF1CECF4ED6CB9E477A9ED72C0E5F6AEF15D47AF845E397135E2EACFD7B8D72E5C8FBFDE7523F5C6AD9B536F2A6F096E3DB95D70FBF9AF25BF0EDE59789770B7F29EFEBDEAFBE6F71BFEE5FCAF7D4A5FE59107110F2E3E4C7E78A79BDFFDF437F96F1F7ACA1FD11F553FB67ADCF8C4F3C9E1DEA8DECBBF4FF9BDE7A9F4E9605FC51F067FD43F737AF6E39F617F5EEC9FDCDFF35CF67CE8C5B297A62F77BDF27ED531903870FF75E1EBC137956F4DDFEE7EE7FFEECCFBF4F78F07677D207DA8F9E8FCB1FD53ECA7BB43854343529E8CA7FE14C0E04073720078B10B007A06008CCB0050A768CE796A413467533502FF096BCE826AF10560C7420054C78184E3006C82C301DEEB8501A0FA544F0903A897D7C8D08A3CC7CB53C34583271EC2DBA1A197160090DA01F8281B1A1ADC3834F4713B4CF63600C78B34E74B9510E1D9604B800A5DF736025FCABF01C3A17B33AF6C79AA0000000970485973000016250000162501495224F00000019D69545874584D4C3A636F6D2E61646F62652E786D7000000000003C783A786D706D65746120786D6C6E733A783D2261646F62653A6E733A6D6574612F2220783A786D70746B3D22584D5020436F726520352E342E30223E0A2020203C7264663A52444620786D6C6E733A7264663D22687474703A2F2F7777772E77332E6F72672F313939392F30322F32322D7264662D73796E7461782D6E7323223E0A2020202020203C7264663A4465736372697074696F6E207264663A61626F75743D22220A202020202020202020202020786D6C6E733A657869663D22687474703A2F2F6E732E61646F62652E636F6D2F657869662F312E302F223E0A2020202020202020203C657869663A506978656C5844696D656E73696F6E3E3135323C2F657869663A506978656C5844696D656E73696F6E3E0A2020202020202020203C657869663A506978656C5944696D656E73696F6E3E3135323C2F657869663A506978656C5944696D656E73696F6E3E0A2020202020203C2F7264663A4465736372697074696F6E3E0A2020203C2F7264663A5244463E0A3C2F783A786D706D6574613E0A599EF9470000001C69444F5400000002000000000000004C000000280000004C0000004C000006C672AB3FE800000692494441547801EC9D6B6C14551886DF6DB7DDB22DD02AD0D208B45CAA5C82B61A2D1709922AA87F304608213144838989D244434A6390500D578D11E5071AC30F0882FA438B5C2A5682A2540C15C52250686901A1A5D2D696D27B3DD306B267999DDD9DD3E96E67DF936CBADF993DDFCC79CE93D9B96D8FA34714B0908045041C14CC22B24CDB4B808251044B0950304BF1323905A3039612A06096E2657253825D696CC3A173F5A8BC718B042388407C6C149287BA302A3E064F4FBE37A09E072DD8D4F78EE3F4B51640BBBAD1CD2B1C0151B6D387A21C409C130BD28763DFCBD3A185462560C13497A2DF3CDC279651462E8B0C024E07762E9982A559C986FD0D58B094778FA1E65F7E251AD28CB08519A90938BBF251C35E0724D8A6C355C83B7011E8E8324CC68511462026AA57B08C916E9F1D0F4830C75B3F012D1D3E937041841210C75FAFCF19832D0B27F904E057B093FF342173EB490AE61361642F183BCA8DAAFC6C9F10FC0AF6CD5F7558B8AB0CB8C5AF479F14237981330A3D9BE7FA24E057B00F7EBC84370ACF035DBC24E19362242F10C7615757CF44CAD0585D0A7E055B535489828395BA8D594902EE612E142D9B8AD9E989BA3028982E1656064C202E1A5F89EB61CF4F1FA9DB8482E9626165C00462A3B1EDB94978253B55B70905D3C5C2CA8009887B45EB9F1D8F55F3C6E936A160BA5858190C81D5F3D350B060BC6E130AA68B8595C110A060C1D0E267832640C18246C606C110B0A7600E0726A6B891353A01F78F1C120C8F7EFF6C6D73077EBBDC84EAE676D4D5B745DC7372B6146C624A3CCAF31EEB77595412B6767623655D091AEB5B55D20CBAB6F6136C8813DF2D9B862733EE09BBC198B0F157545CBB1976DB65E506D94EB04CF1B86EE98A87AD64663A77FEBE0BD8F07D95E9F683B1A1ED04CB9E908863AF6585E558E47E5D8E2D472E85E5B659B551B6136CF9CC547CF2C20356F152CA9BBFBF021B0E5D54CA31D81ADB4E30A30E857A7022F1E913A3F1189457F28D3A44C1069E80D17850B07E1E0FEEC164A0144CE6A11C513019210593792847144C4648C1641ECA11059311523099877244C16484144CE6A11C513019210593792847144C46682BC1B4C10D45593B3FFDCE6A29D81D14BD6F6C23582807D6F3426328B7431EDA818B3CFBEFBD560AE64DC444EC099882C9002998CCC35444C16CF6AB22CF01BD6D4428F71C9EDB13CAEDB8CD62A0FF7AF6DF7BDDB6D983691D7BFB608577FF0624F6FC4D20059391DB4A30B96BA1892898CC9D82C93C94230A2623A460320FE58882C9082998CC4339A26032420A26F3508E28988C9082C93C94230A2623A460320FE58882C9082998CC4339A26032420A26F3508E28988C9082C93C94230A2623A460320FE58882C9082998CC4339A26032420A26F3508E28988C9082C93C94230A2623A460320FE568D18E327C595AA39C6730258898E7C1423528571ADBF0E1D1CBD87CF44ADF26B476866A5342B25E0A6611F653579B91B7BF1207CEDDE89B8DAEABDBA23585775A0AD6CFE3D3D5DD83A5BBFEC69EB23A20C2F6567A2829981E1593751BC5FCE5ABF68A47B3A34402CEA1D94B91829994C9BBD98C8F4B5172A90968E7ECBF9E6C2898270D93EF93DFF905B5DAFFBFE7C4BF7711A460772109AE22B1E06731B98298C1C35F11FFBFDF19ED40A7382E9B9C1C8F86B62E8C107523DC3148D25E62F2CEA42131E8ECE9468D981DE4BAF6BAD98EFA5BE2ACD301545F6F85437CAE472C47CBE03913A560FEC430589EB3ED4F149F1107F3BE8ADB8964214DDA7017E667246156DA70CC14AF0457B4AF163EEBB5938763558DE2F51F8ACF37A0A8B2418827CC6BE908EB3D2705F339A4C60BD688DF5916FC500D74E85C7E7089A37C7190BFE9990958F9C458E3440A4B8BCBEB915B588EEAA60E3489EB6DE15828988951D1F626B16B8EA25B7C8DDD555C4ECC1E331445CB1F843B563B9DB4BE7C7BBA0EB97B2FA0A2B625EC26DBA26026C65FDB73E46C3F0568C7475E25336D184A731FF1AA1D9870DCFA12546B928551A1602606E32371EB6745E179DDAFC765D9A3B17DF1641359D59B2C16F73ABF08B37B9D14CCC4B81A3D15F1D28C547CB6283453D92CD9791ABB4F5C33D123EB9A5030136C8D049B23A6113CF2EA4326B2AA3799F6FE71945D6E564FD48F19289809984682415C9A5827CE1CF373D24C6436DFE4A94FFFC021716CA87B566B3EAD724B0A6602A1A160225F62A20B6BE78DC38AC7EF33913DB8268DE2C2EDACADBFE36C432B3AF5CE6A834BD7EF9FA6602690FA134C4B9932220E73D312F1F9D22926D61058931D276AF0E29E337D37D7C59D81702C4682FD0F0000FFFFC1585F260000080D49444154ED9D6B6C145514C74FBBCB6EB76029E551964721422C34988A4F8A017CA0F8C518E38310547C7C9190F8C5180228461231319A680C6A34FA0110217C342155414224140D458BE125E51509EDD6F228C5BEB62D9EB1ADD9CECEFDEF9DED9DB1EE9C49FA983377FEE7DCDFF9F7EEB4DDDDC9BBC11B81EDCD6FCFD286EAB36084FF87DE58329D363C72B3A789B5E71D0D515951841E9B3D965EB83B4E7327DF34E4BAFEB8DA499B0F35D0073517A9B9A39BA88D3F86F186FA91270673EE1C3458288FA8C7F6735910A6E8887C2A898468D5BC382DAD9C40E34645A83816764E9012ED62AD8B2D9DB4EB44337D7CB0818EFED94E94C739DA9329A3F85B2B16C927EAEC191CFF8FF7C460593400196CD5C229B4898D405D8A46B3C90A0B42D4D6CE2B0F3F4094B0D1A68E8EF24A17A569250574A3F706D55FEEA03357DAE914AF56C4E3F24746A837D9CBE651AC566CACA7E68CA7D9130AFF578F28B28229CC870C66FDC43E7F579C566C3F4EFBCF5F234A5AAB996D4553E8BA0AF38245BC2A568C8FD1A78F97D38219C584EA72A56D70B0AC6059C0448D4C057A8157A01D7509DA72B8891AFE4A52D3B52E22EB21D43207AF54642D72D665EEC0476A2DF9D620DEACAF217EE8EB3F27C6ABDF78BEB65B5E594ACFDC514A15A523FBC6F16754D7BF837CFE2695873DB5AC607622FDFBA8910868A2B58B1A5A3B29D19AA406365B7BB29B5AF99AA9871FFD7AD864DDFDD76E61366188AFA9ACAF636223A8880D35991F46AD8F89FC4B4341980DE7B0A1BA1C86FB12423CC4608A16A04622A00A3963615497B1242E85100F319802266A2402AA9033164675194BE25208F110832960A24622A00A3963615497B1242E85100F319802266A2402AA9033164675194BE25208F110832960A24622A00A3963615497B1242E85100F319802266A2402AA9033164675194BE25208F110832960A24622A00A3963615497B1242E85100F319802266A2402AA9033164675194BE25208F110832960A24622A00A3963615497B1242E85100F319802266A2402AA9033164675194BE25208F110832960A24622A00A3963615497B1242E85100F319802266A2402AA9033164675194BE25208F110832960A24622A00A3963615497B1242E85100F319802266A2402AA9033164675194BE25208F110832960A24622A00A3963615497B1242E85100F319802266A2402AA9033164675194BE25208F110832960A24622A00A3963615497B1242E85100F319802266A2402AA9033164675194BE25208F1C8298359F04D6DBBEBAFD281FA2B8E7208A8E30906836230833055524E0DF613BC537E55ADA6E37ECE53B776C4236756303FC123A0BA4DC9769C9FF3D4AD11F11083E9524C198780A60CF3E45B31982758078B3A35D84FF04EF90757E8DD9E9FF3D49D05E291332B9805637DF5195D2619C7ED39DD2217F91929F50D088CC13479680D432B0502AA253E8441A8AE21C80EE954C423A756B02151B29D8C1A8980DA648CEFA2BA8C27D314443CC4600A88A89108A842CE5818D5652C894B21C4430CA680891A89802AE48C85515DC692B814423C72CA60167C539BFC255F9F64200CE6E74F3602AADF96EC46FA394FDD0A118F9C59C1FC048F80EA3625DB717ECE53B746C4430CA64B31651C029A32CC936FC5609E601D2CEAD4603FC13BE51F5CA1777B7ECE5377168847CEAC60160C937FC9DF7FEE1AEDFDFDB2E35BAF22A0BA4DC9769C182C5B722ECEF3A3C15B0F27E8D96DC7D2DFAE9CEBF423BF0A87184C45C660DC8F06FFC04F367CF0B33A7E07697E7355DBF662D524FAE2E959B6A83FBBCBB61EA3EDB58DFE24D3CC82FA91530F919A3CB4861D4D5CA7CA4DBF520FBFA9AF7D5B784B09ED5B799B3DECCBFE9CF77FA6A317AEFB924B3789184C97946D5C64FD7E4A3A188C0AC3B4F1FE325AB378BAED0C6F771FFEBC8EBE3FC54FE3765855BDCD8CD5C560988FF2E83B7BCED3DA5DA7F9FDEED387141747E9AD07A6D12B0BA6A41F341C69E1FB15DDBBE9173A79B583BAAFDB6E2F633857367262B06CA8F59F137FBB861A9BF9DE410EDBC4710574DFF462FA7A7985C35133A12DB5097A6EC709BE5903EB0DB37B140DCC500C3640228BAF1DDDBD145BBDAFEFAE1D4EE7CBDDD6E06FD57291EF641A5BAC934D16DF584357ACDBC4D8EFB23630D68FBBAD0DE41A665F736E059B3F730C2D9E59EC2B66EB56435FD535D1994BFC7099E922DB8BBBADF93A5B77C972CE60EEA62FA3BD262006F39A70C0F5C560013780D7D31783794D38E0FA62B0801BC0EBE98BC1BC261C707D3158C00DE0F5F4C5605E130EB8FE900CF6EEDEF3B4FA1B7ECF07EB2F8DB209013B01BEE7F87B8FCEA0571795D98FFCB39FF15F459B0F35D20AEB9FADFCEF12D984401A815898762E9D454F564E483B6405321AECBB939769C9974788BAC4608E04831E2C08D1C19573E99EB2224712190D76A4819FD9F961EDB07DAA88E3AC24E81B81C2D1514AACADA25111EBF944E95B4683F5F2A557680D3F5D65983E17297D4A12F19340153FE9E0C0AADB9529331ACC3AF3217EF1C3EEE39794227220A004A261DAB6B49C96CD2D5502D03258DF75D86F7C1DD6A3149203C123503A36468DAF57C1896B19CC52B893AFC36ACFB540313918200223F2A9FAA55B6949F95838696D83592A79EB7E246A1B7E2F3A80339483E60984F3E9E57971FAE489F28CDAAE0C66A9CDFBE830FD34B09259BF01C8161C0221A2D1A3A2B46ED1547A8D5FB6A7B3B9369825DAC42F9DAA3E7189EA9BDB7472C8981C21102F8AD27C7E1555E5A491DA33CACA60DAEA3230F004C46081B780B700C460DEF20DBCBA182CF016F0168018CC5BBE8157178305DE02DE02108379CB37F0EA62B0C05BC05B007F039BEEC3CFFAB2B2A10000000049454E44AE426082),(87,'image/png','file',0x89504E470D0A1A0A0000000D494844520000009800000098080600000018C2202100000C48694343504943432050726F66696C65000048899557075C53D71A3F776492B002119011F612654F1921AC08023205172109248C18128288DB52AA60DD22022E9C88C5562B2075A2D65914B775BC2845A5528B03172AEF6440ADFDBDF77EEFE3776EFEF73BDFF7FF06E7DC7B0F007AF53CA9B400D507A050522C4B8A0E674DCEC86491BA0102A8F0CF1658F2F872293B31310E4019FEFDBBBCBE01ADA15C755371FD73FEBF8A814028E7038024429C2D90F30B21FE1100BC9C2F95150340F4877ADB59C552159E0AB1910C2608B154857335B85C85B335B8466D9392C481782F00641A8F27CB0540B70DEA5925FC5CC8A37B0B627789402C01408F0C71085FC413401C03F198C2C2992A0CED8053F6673CB97FE3CC1EE1E4F17247B0A616B59023C47269016FF6FFD98EFF2D85058AE1180E70D044B2982455CDB06FB7F267C6AA300DE23E49767C02C48610BF150BD4F610A35491222655638F9AF3E51CD833C084D85DC08B8885D81CE22849417C9C569F9D238EE2420C57085A2A2EE6A6687D9708E591C95ACE7AD9CCA484619C23E3B0B5BECD3C993AAECAFE94223F95ADE5BF25127287F95F958952D2353963D412715A3CC4BA1033E5F9C9B11A1BCCAE4CC4891FB691299254F9DB411C289444876BF8B1E939B2A824ADBDAC503E5C2FB64424E6C66B716DB1282546CBB397CF53E76F02719B50C24E1DE611CA27C70DD7221046446A6AC72E0B25A9DA7A31A5B4383C49EBFB425A90A8B5C7A9C2826895DE0662737949B2D6170F29860B52C38FC74B8B13533479E2D979BC09899A7CF0521007382002B080028E6C3013E40171675F6B1FBCD3CC44011E90815C20046E5ACDB047BA7A4602AFC9A00CFC019110C847FCC2D5B3425002F51F47B49AAB1BC851CF96A83DF2C123880B412C2880F70AB59764245A1AF80D6AC4FF88CE87B916C0A19AFBA78E0D35715A8D629897A5376C498C2446106388514467DC0C0FC183F038780D83C313F7C70386B3FDCB9EF088D0457848B84E50126ECF102F967D510F0B4C044A18214A5B73F6E735E30E90D5070FC783213FE4C699B81970C3BD6124361E0A63FB402D479BB9AAFA2FB9FF56C3675DD7DA51DC29286514258CE2F4A5A7AE8BAECF088BAAA79F7748936BF6485F3923335FC6E77CD66901FC8DFDD2125B821DC0CE6027B073D861AC15B0B063581B76113BA2C223ABE837F52A1A8E96A4CE271FF288FF118FA78DA9EAA4DCBDC9BDD7FD8366AE5858AA7A3E02CE4CE96C99385754CC62C327BF90C595F0C78E6179BA7B0400A07A8F681E532F99EAF703C23CFF972E5F09806F17DC6382BF748222000EC1BD6FE0F597CEA1026E21B89F8E55F315B2128D0E575D08F0EDA407779429B0846F2927588F27F00541200C4482092001A4800C301D765904D7B30CCC0273C1225001AAC04AB00ED482CD601BD80DBE03FB412B380C4E809FC10570195C0777E0EAE9014F413F780D0611042121748481982256883DE28A7822FE48081289C4214948069285E422124481CC45BE42AA90D5482DB21569447E400E212790734817721B7980F4222F90F72886D25023D4027540C7A1FE281B8D4553D069682E5A8496A1E5E872B4066D40F7A22DE809F4027A1D55A24FD1010C603A1813B3C6DC307F8C83256099580E26C3E663955835D6803563EDF0FF7C1553627DD83B9C88337016EE0657700C9E8AF3F1227C3EBE0CAFC577E32DF829FC2AFE00EFC73F11E80473822B2190C0254C26E41266112A08D5849D848384D37037F5105E13894426D191E807776306318F3887B88CB891B88F789CD845EC260E90482453922B29989440E2918A4915A40DA4BDA463A42BA41ED25BB20ED98AEC498E22679225E4C5E46AF21EF251F215F263F220459F624F09A424500494D9941594ED9476CA254A0F65906A4075A4065353A879D445D41A6A33F534F52EF5A58E8E8E8D4E80CE241DB1CE429D1A9DEF75CEEA3CD0794733A4B9D038B4A934056D396D17ED38ED36ED259D4E77A087D133E9C5F4E5F446FA49FA7DFA5B5D86EE585DAEAE4077816E9D6E8BEE15DD677A143D7B3DB6DE74BD32BD6ABD037A97F4FAF429FA0EFA1C7D9EFE7CFD3AFD43FA37F5070C18061E0609068506CB0CF6189C337862483274308C341418961B6E333C69D8CDC018B60C0E83CFF88AB19D719AD16344347234E21AE51955197D67D469D46F6C68EC6D9C665C6A5C677CC458C9C4980E4C2EB380B982B99F7983F97E94C528F628E1A8A5A39A475D19F5C664B4499889D0A4D2649FC97593F7A62CD348D37CD355A6ADA6F7CC703317B34966B3CC36999D36EB1B6D343A68347F74E5E8FDA37F3547CD5DCC93CCE7986F33BF683E606169116D21B5D86071D2A2CF926919669967B9D6F2A865AF15C32AC44A6CB5D6EA98D5EF2C63169B55C0AA619D62F55B9B5BC7582BACB75A775A0FDA38DAA4DA2CB6D96773CF966AEB6F9B63BBD6B6C3B6DFCECA6EA2DD5CBB26BB5FED29F6FEF622FBF5F667ECDF38383AA43B7CE3D0EAF0C4D1C491EB58E6D8E478D789EE14EA54E4D4E074CD99E8ECEF9CEFBCD1F9B20BEAE2E32272A973B9E48ABAFABA8A5D37BA768D218C09182319D330E6A61BCD8DED56E2D6E4F6602C736CDCD8C5635BC73E1B67372E73DCAA7167C67D72F7712F70DFEE7EC7C3D06382C7628F768F179E2E9E7CCF3ACF6B5E74AF28AF055E6D5ECFBD5DBD85DE9BBC6FF9307C26FA7CE3D3E1F3D1D7CF57E6DBECDBEB67E797E557EF77D3DFC83FD17F99FFD900424078C08280C301EF027D038B03F707FE19E416941FB427E8C978C7F1C2F1DBC77707DB04F382B7062B43582159215B4294A1D6A1BCD086D08761B66182B09D618FD9CEEC3CF65EF6B370F77059F8C1F0379C40CE3CCEF1082C223AA232A233D2303235B236F27E944D546E5453547FB44FF49CE8E3318498D898553137B9165C3EB791DB3FC16FC2BC09A76269B1C9B1B5B10FE35CE26471ED13D1891326AE997837DE3E5E12DF9A0012B8096B12EE253A261625FE348938297152DDA447491E497393CE2433926724EF497E9D129EB222E54EAA53AA22B5234D2F6D6A5A63DA9BF488F4D5E9CAC9E326CF9B7C21C32C439CD19649CA4CCBDC9939302572CABA293D537DA6564CBD31CD715AE9B473D3CDA6174C3F32436F066FC6812C42567AD69EAC0FBC045E036F209B9B5D9FDDCFE7F0D7F39F0AC2046B05BDC260E16AE1E39CE09CD5394F728373D7E4F68A4245D5A23E31475C2B7E9E1793B739EF4D7E42FEAEFCA182F4827D85E4C2ACC243124349BEE4D44CCB99A533BBA4AED20AA9B228B0685D51BF2C56B6538EC8A7C9DB8A8DE007FB458593E26BC583929092BA92B7B3D2661D28352895945E9CED327BE9ECC76551653BE6E073F8733AE65ACF5D34F7C13CF6BCADF391F9D9F33B16D82E285FD0B3307AE1EE45D445F98B7E59ECBE78F5E2575FA57FD55E6E51BEB0BCFBEBE8AF9B2A742B641537BF09FA66F3127C897849E752AFA51B967EAA14549EAF72AFAAAEFAB08CBFECFCB71EDFD67C3BB43C6779E70ADF159B5612574A56DE5815BA6AF76A83D565ABBBD74C5CD3B296B5B672EDAB7533D69DABF6AEDEBC9EBA5EB15E591357D3B6C16EC3CA0D1F6A45B5D7EBC2EBF6D59BD72FAD7FB351B0F1CAA6B04DCD9B2D36576D7EBF45BCE5D6D6E8AD2D0D0E0DD5DB88DB4AB63DDA9EB6FDCC0EFF1D8D3BCD7656EDFCB84BB24BB93B69F7A946BFC6C63DE67B5634A14D8AA6DEBD53F75EFE2EE2BBB666B7E6ADFB98FBAABE07DF2BBEFFFD87AC1F6EEC8FDDDF71C0FF40F38FF63FD61F641CAC6C415A66B7F4B78A5A956D196D5D87261CEA680F6A3FF8D3D89F761DB63E5C77C4F8C88AA3D4A3E547878E951D1B382E3DDE7722F74477C78C8E3B27279FBC766AD2A9CED3B1A7CFFE1CF5F3C933EC33C7CE069F3D7C2EF0DCA1F3FEE75B2FF85E68B9E873F1E02F3EBF1CECF4ED6CB9E477A9ED72C0E5F6AEF15D47AF845E397135E2EACFD7B8D72E5C8FBFDE7523F5C6AD9B536F2A6F096E3DB95D70FBF9AF25BF0EDE59789770B7F29EFEBDEAFBE6F71BFEE5FCAF7D4A5FE59107110F2E3E4C7E78A79BDFFDF437F96F1F7ACA1FD11F553FB67ADCF8C4F3C9E1DEA8DECBBF4FF9BDE7A9F4E9605FC51F067FD43F737AF6E39F617F5EEC9FDCDFF35CF67CE8C5B297A62F77BDF27ED531903870FF75E1EBC137956F4DDFEE7EE7FFEECCFBF4F78F07677D207DA8F9E8FCB1FD53ECA7BB43854343529E8CA7FE14C0E04073720078B10B007A06008CCB0050A768CE796A413467533502FF096BCE826AF10560C7420054C78184E3006C82C301DEEB8501A0FA544F0903A897D7C8D08A3CC7CB53C34583271EC2DBA1A197160090DA01F8281B1A1ADC3834F4713B4CF63600C78B34E74B9510E1D9604B800A5DF736025FCABF01C3A17B33AF6C79AA0000000970485973000016250000162501495224F00000019D69545874584D4C3A636F6D2E61646F62652E786D7000000000003C783A786D706D65746120786D6C6E733A783D2261646F62653A6E733A6D6574612F2220783A786D70746B3D22584D5020436F726520352E342E30223E0A2020203C7264663A52444620786D6C6E733A7264663D22687474703A2F2F7777772E77332E6F72672F313939392F30322F32322D7264662D73796E7461782D6E7323223E0A2020202020203C7264663A4465736372697074696F6E207264663A61626F75743D22220A202020202020202020202020786D6C6E733A657869663D22687474703A2F2F6E732E61646F62652E636F6D2F657869662F312E302F223E0A2020202020202020203C657869663A506978656C5844696D656E73696F6E3E3135323C2F657869663A506978656C5844696D656E73696F6E3E0A2020202020202020203C657869663A506978656C5944696D656E73696F6E3E3135323C2F657869663A506978656C5944696D656E73696F6E3E0A2020202020203C2F7264663A4465736372697074696F6E3E0A2020203C2F7264663A5244463E0A3C2F783A786D706D6574613E0A599EF9470000001C69444F5400000002000000000000004C000000280000004C0000004C000025885D66241E00002554494441547801EC5D09784D57D75E6622E69920E6799E67FAF753D5EAA45A3A50355363AB5AA54A159F2A4AA9B1860EA65629FDAAAD1243829845CC24228921E6104390FF7D77B2AF734FEEB9B91969643D4F72EF3DC33EFBECB3CE5A6BAFF5AEB5D34581248DD246209946205D1A8325D3C8A635AB46208DC1D218215947208DC1927578D31A4F63B0341E48D6114863B0641DDEB4C6D318CC8207EE3D8892EDA7AFC99F472FCBFED09B72E0FC4D397D3352E4F6BDE833B2669492D93349F542D9A566D1ECF24C857CD2B0644EC9903E9D458B4FE6E63406333DF793172364864FA84CF53D2B5164A878503A30DCA0FA45A45FE3A25226BF5B3CCE4CBD87A63158CCB3BD79F7BE7CFA67804CF63A2302E945CA9223B374AF55509A97CA2D950AB949919C592447960C6A5FF89DFB72F6FA1D397C3E4236075C95397B2F4864F85DB54F20C586B42C2E639E2925D933471F1FBDE3C9FB9FC66078E66BFC2F4AD75F8EC9A52BB74532A6972E750AC95BB50B49ABB2795C5679F7C1941B4F5C911FF69C9745BBCE89DC8F927C79B2CA82F6E5A55D95FC4F1E67C5DCF113CD6091608277971F911FA00E49CDCAE591B91D2A48850289536F47C322A4C78AA3B2E5F815D5EE5B509BDFBD5651326578F2ECB32796C16EDF7B202F2F3C28EB20BD683B2D78A99C74AE5358D225110F3000B778F739E9BAEAB8B2E59EAD9A5F5676A92A5921219F247A22198CF653DB7907642B545AA17C59657BDFDAE299376BACE77E074CF8C7914BB2F9D435D916745D765F8890C85B9845421295CA93459A95C825CF57CE27AD2BE4955C98553AA2804BB7A4D1B77BE5FCA5DBD2142AF77FDDABDBEC3847C7A7B66D4F1C83D1986F32638FEC0F0A975285DD646BEFDA52345766BBE7BA3B385C666F0B95B9FBCE8B44C4B825EC8E30FDC8945E7A410DBE0FC3BE9C83D963E8B5BBD2E4DB3D128809418D1239C4BB5FED27C6F87FA2188C6AABD38FFEB26CF779A95CCC5DBC7AD79202EE996CDC1272ED8E7CB0F6A42CA5911E43B4CBDA54C823F58AE7944A05B34B3EA8D3BBF71F48E0E5DBB215B3C7DF8F5C8694BB2C02692750AF1D6A15926950B78531033552D88D4869396BAF1C0AB9211DEB16969FDEA89C64EAD8789DC7EDFB13C56033BC83E5BD9F8F49B69C9925E083FA52288609E89518FF4FA08CF83B50E42E18255B46F9B44571791752A924668271D10530CF94CD4132616B88085528CE9FFB6239E986F38D36DD79B8314A7EE92B77F039A34379E9DBD823AEA6FFF5FB9F1806DB011BAAE1B4DDCAC7E50515D5A24C6EF5F06EC01EEBF8C321F9FD60989240DD1A1695F16DCBD84936579FF2F5DBF7E5C3B52764B637180DD40AB6D9CF9DAB4A5EB787F699D7C92BD26AC65EA1AF6CC7803A52BF444E579BFF571EF74430D8554895D25FEE902B57EEC817CF9796E1FFE7A91E56F0D53BD27ADE7E390CB5950746FBBA77AA25C903DF80C943A7A587E5020C7B4F386837F5AA2525D0BEA62FD6435AFE7E4A5DF3D4D006921B122FB5D213C160EFFD7A4C666C0E96A72BE5933F7BD4A0F09023176E4A6D48925BD7EF4A150F77F9BB474D78EAEDEDA6C43C74CE54DB7DE7279B8E5D16374C22BC7BD640CC32876A922AF999B9FB65FDE14BF25E730F99FE72F9C45CEAB13E37D53398DFD91B527DD24EE55A081ADE488AE7CE22573033AC3E75A70487DD92D695F3CB2F9DAB887B4C0828299F16DD1C6FFE74487E411849D0BE6FBF5A6AB2C06B04419A961CBF4D79FC0F7C504FAA15714FCA4B3F366DA56A06E3ACB1E9CCBDE20395F5699B52321AB141A2249E997B4036C0BFD5A84C1ED9D4A766B27AD829ADFAAD3C2AB33001A0243B3EB8BECD2DF2E9BA53F2F99F81CA3FB6B96F2DBB09C163C32189EC48AA66B0E5FB2EC8EB8B0E4A6E48AD908F1B895BE6F43268F571F91A01ED5CD876ECFDFA52D0E0A648E4585A9E4E466FBFF8A0FC8AFE54871F6CFB7B75241B7C671198B1168514BB065B70F93B55A5438D82966DFC5B77A45A06A37A2AFCC536B98A87F713546027F8A796E1017704C331A0BDA37FED2431E85D7DF074F0D6FE7A971C03B6EC3504D297BE554549AC1F111C7FEB7B7F65F09F850ACF92CA4249A996C1E66E0F959ECB8E484D8000F70CAC2BB722C170E3B649389CA9735EAF283DE08E4869A273B6D464D883C0994D7DA59C0C6C565C28DDC878FB4E5F97B91D2B49F7064552BA5BC97ABD54C960B47B4A4DD82E41881DFEDAAD9ABC54B5808CFE2B403EFB23401AC2FFE5033F98D1019AAC236C6AFC1F202C9E865D2859330825163DFEBFFA85C92B9871962CE826A73E6AA866B9A6D3FEB53F532583AD3E78515E9A7F408A15C82641B0BDCEC115516C9C8FF2D2EF185C374555A323CE78E3C743B204E1A837EA15961F11322296AC245E8810CC6A572318FE422AC28FA54A06AB3F6D8FEC449C7026B05D7D1A179377E0F45CB4E3AC7480EDB3FCED2A8E9E798A6E63F0BB18D435829AB265406D690AC4EC4C9F60E9B7E298D42F9D5BD98729DAA164BC58AA633006A09B81C188F1BA39AA891C0DBB29B5E807837735002AC9112C2719C7D7B2E971887D7EB2F6945442D0DD6F483DB9732F4ADCC7782BECD85684909A94CA6579EEBF6A074B07A4267A65A15F940CFA270A3E26755B1D161F54BF07AF3EFE58DDE66DC0690B8FF5517DC38444F56DE41F27D56FDE436AA15425C1E8A1CFFBE91615D00E19D55419F245477B0BA76AA74736B18B073E0E5260293CFC9DE01FA314F3874FEE2C6DC5D15B1175482F974737953C8620F9E3D0DF04F521B5BC29BC8F19DE679404786AD63E755B5A22349BB1E7B1BCCDBB082B6419B945F5D93BE0AAEA63AB6FF7AADF33BD831FCB3EC7B753C926C1887D3A73F5B6DC80214B48CC8D3B0F24FCCE3DF59BB077F72C191574383BBCEB8C03BA23BD8B9F457366959C98C22784EA4CDD257BE04FFA1E86FC9B70ACE6FBDC5B212816BE5959BA00E4F738D2F03F4EC9F8BF0215087109FAF93DC0909D7FF0973A9E396517FC770921C28642AF63EC39EE31E37F13510306E06FE019C08BA3C63B079E817B9687E35F3C77561B462E21D775744E92301891A0DE01D7647748B8EC01F4650B20C704D52598806F2F07788B276ED813803F425D4AE07B69E0E7AB147277A83A98C95371DC761554BE39A6991C381B2E8DA602FF05A6BD31A6E9630B5156416FBC089C8484412D3284E4FE29D42498E1E8F08652DE4186D365980287CEDF9053800305E125661B8148B90BC4F7E3F86ECB3E4FC003602E68338F1C521B6ABB4EB11C6AB2512CD743A8517C9B4C3083D133BE6067A82CDC7541B904EC2E0C11552C7F36A9068831B14E6E18340E1CFFDC3265508EC4EB18C0EB48C3BF86B72DFAEF9E5CBE1529C76187D0D3ED8C3261101A2065BF0AB056550A6797CAF8FEC39E73B270FB59E90C14E9A24E956C3147FDDB597B8F7ADFB348406176D3F87665E4A3A74ACADB4B0EAB54BAAE8836BC09D78AFFB91B60A808F1C7DF0E9430B025F85A751C33E872801EE5CD964925A3E48246E05F4EBCB839F1C2D1111D11795F4537F81C23F047CC9C1F204C21176FC166B56FB81EDC28EFD42D285DEB1555CFD07EAFF35FF166303A05A76D0D9661EB4FDB6E942881B7E12D6F5832176027D915769D81E58412E376A7F14606F1ADC41FBF07E2CD3C0229B5EFDC4DF5765BB5BD01901826CCE6C5949F00C3E6E5F3CA0F6038C2741E473A8358E90B0BFD54A8A82024F4F9118D8580C5FF23EAD58AC02435F162558474F3847427AC3B5AD26755DF13934DCE00FC61309ADFD99BAA36C7F740FA46C06F47E28B3DF1E992D2BFA987CB09C9F162B05348C17A0DF6C1EEC0EBEA82CFC0E33C0C99342D007B2188CF5562C22B93206E45DE9348302C21340CF22A9B00B6981BFEACDA63EC8E2AD91F6F32DF6CBED57EE722642754467548CDBD83EAA9736B4CD929079039A4087D7BBA623EE90D89402FF9A34E80BD8BFB6736F92CC44BD70336A425069116FB07D75312A616F06A07204DEAC124A886ECA76869ED8ECFEC42956515EA52D2897617FE68F332E89F118399097FD932655450F0F8DC3FDBDB0498F77FBDCEC89FE83389F6E17204EB4BE7CBA67E3BFBE73283ED857D557FD63EB907C660CCEC470466E3720692710E8111769D0917A682F9E28FB98571161541DE613ED4812805A9531C83591E8C531580BCAA18E88A50BBAE24AF7260D6034D3A1B0F7125627D4CE52765043C6700D4680F0495D9564A1251B473115198864C728EA322DC6BFBEA05A46783A2F234A4ADD58B65EC279386D9D641BC580701A83C06463C8397EE246CB02B343162EED5788EF13B9DD075F00CEBC3D6AA83BFBAC5732833838CE88C6867BF89A8C8693C438EA36FEF9A520B769A337289C1A8A23C27F9AA1CC1E7A00A5700FE427BCA1151C26C3E7515F6D9595904780C8D55870489950EA2BE006C83DCF8C498C965D864576193393552310615C06CCD3D7329066F8CB7A96C3E37CB379AD7BE089B6EF1AEB3F20D982D000F455303846528D55E030E2B312A5DB7E7E8932A67F9FE0B4A5AEDC0B8682A0D15D7AF6111E95CB788E4C703B7228EE7894B11E203ADC107BC39F09A1C055369A9E7F03CD85AB931AE79F149F4CF553C83308C6B149F0507DA11E119BC83422F5DEB159166B0B9AC24246DB60E8BFDA39364E0A73BFD4103A7FEC538198C365783E9BB955A6C03F5B2E6DD6A4AE49AFB48B5C778DAF84D675416B3DECF0220CD9039531F6F093368080DA6E19FD9499D06AA9050BC9174739C868DB23F345C769EB9219B82A19A1D24C23299751F540B1F06550B936AFBB7282EAF83711A8111F58BC9FDDB83AEC91C30DAC23D607EA811457818DDE0D6E806A9D610D9DA5683ABEF29AE4F5E671B6A8B7D0749357F2F9277F9D290A0FABBC268EF01C6325E87D2761B186719187131FE3C61A0F37E4835A1EA793FB1080FB785474E40B0DDA506B0FE2529ED31D32E0A891FD7D82A831E4CEA8B4C2B5F68972DF854855F622EC26CF7E118BF3E48AB73A44EA999986FC089495D84B4B6BF57DBD2268B93C11623EADF05D17F66DD9C04B73AF22EAF3D7451FAAD3EA1E031EC630EDC646FF89DE87BE22C2FA9880F8ED274D799EBB213EA7622B2AF39E3E4F5AE7FD60436D94DA9FADF1D7697E3BE776A168CC56CF4092DC5C39F096623164B13D53FB3B4BB40B29833BEF531569F0C622F82A49C0DC6A21AD1444C5A5F48CA8E60625DFEC9C8540B21E989533352C4C4964A4BE4FCCC5BEDA35A1BDAA8A8D4532A2DA732E613FB2218AFC7B16355A059F8D37D2981B198F162599447885D1D8851933293A233B516C31E7B1B15891C915306A38198F5A34D4AA72F00ACE41DC04B8C44E9361499D0533606A9CD1E80C77CDDAEACBC0849971295FE4602D33E1698F6EE28F836B7434599B6E58C0C5C795CF2A3CE44A76A059434201C599315B37170E78329BEC1E0DA5C0050C52D6113B5AF961FF753C072164A1FD46AFF3059098890176C3EADBA38E3EA8FF17A172A47BF64CE988A10EECE90B8D3A10148C1786168CC7747F59FF97891463EE32963DA94D6B7926C9F7CA6AB219906AE39A1926278A1214F959089CF9589F54C17EC3C27EF22A985B53A6E4F68E1108DEB94C13E4341B6D1EB02540D8763C8DF331A81F4167346A96616B8C024F87006342DEE50A426D76854865DC89CC6B548097B0E29692F406CAF81413F1B88D59E90187CA02C83B9141282AA272E66A39A67B1937930C439CBD385E8D87FC60BDBA3428EC66AFD86FDBF80A9787D1B611CB8BF3B24601BCC5AA95E5C61AA8E90B074F1509597FEEF766527EEFFB0BE54873941EDD00E492A2C75E08F6CF494228EC5B4AD67E48335279580A1C7600522245A02B31F5495E5916F4ABBF6B3674BC9A8D6A56275CF92C1E82DCEF7193CCA30EA3601BFDE1C06B126CE62EA02E6EB1F7C43C162BC609719F7EBE392F35379C0E1EB12F8DB6E7DD15C4DC3338E44A01BFD3EF149C358252CE3CB6C9C189089568189D61C852B01C6BA43825DD50E19DC2FC5301F0DF6F83295B15D8D65DBF85E2D6909F70F8D6AB74F36ABE71004F8514AFBF3369DBC2AAD16F8A9993FF34719BE32CEE2B9BFE5377BE0244380FEB3D8017A4B069BE415244361579173D7016569A4BE2B8FC9B75B82853A7A53AF9A8F0463A5EB4C3C0F55C88987B6BFA86AAE7CDAC4A9A11E5F66E30BB501506732DB524A3650478C0B99EA291447E1802786A98C63DB1648DC3F781DD4127B1D928DF4FC7C3F356BFBE6D5F2D2AF49CAD7B36009AA9673F62B1BBB6F330F99F14A796397551AE05F90B45FC25EFBA06509BB7D960CD6085CB91DDCB9A647753B238FFEACBA5F01C0078E3D08A09CB62FEC5A4D811FED911DB412AA4F1711A1B479112117D683D800FF8CABE48CD9B4E3D395B6EC1CBB3841DB5446F5E74A3B0351B06E1AECB0316D4BCBC8FF78AA53F4CBD41E6E04D6BA7814A45E603E77BC6CBBDEAFA7FC67BA1F5A8D33CFD40792D78E1CC12F0886930F3646C9FB1BA222E0333012817B04F4110AF3A8E8C183A828B751D13017BFB3E1AA1B933705A97EF5587E2441DD8A84753B7F47A86A83F7C7BF1A937D5D6E8BC7EAF3F8C9B6D8667C89301D9EDFE9077FDBA90742C3D536DE33EFFD5191863F0DF9CD1EBC79F30EF805BC429E21EF18C9A1046329EFB25F6C8F6558D24D50E0731FE53339F471031573B4E3D614FAC1905599B1C0B4C317747F6C73651CEBFA131330D9188680B1AB4443F50740648623EBE82C03BDA022881C8C83C1FA16A6DEC6898DB33693AA1D16127E0A7148A3F4A494CD30027618ECCB53231A4929174234CEFA9AD07D8CCA5499B043CDD22F20666A749354C1848BB5CF4EA27F76212423B7E9EF9B4F5E516F4CEB39FBF526F579F1C65DDB9B64B723857F2CF03DABFAD166EEC3FEA19888DAB67CDF79977A43E9C2768AC4C0962935F89DDB122279F44513DB2E1CCCEA3EE4232F3B69A5EF6FE1CEB3FA528FE4536B8E4B3723EDAEFF9FD9FB54BFC93B4682F73B36799D8866B0F68BECB1E1887BA9464A8EDB16FBA414DCD275E961D58F09FF04DAAE8A59ADDA86C0AC6D9BA32F0965802B1191515F6E3CADAE4166E4776EB3A2845E872A508679A9EBA00EBFAD7914C853DBDE5D76D8B6ED517C298167CFFB07D0C0EEF23A17C23CFE0E552443080DA6EC8A3583D433B50A45DDE5C8D094F3C99845BA16C79BE13E6916E33EA9868CE983087B6C47DE63030745DD12AAC20E02B1F13566CCF3E0848DE5AA808BA43BA2150331B3AA5AD8DDDC4DF53B21D7AD8E7BF1C3BD6857051BDA823866F3E97B62992D0E2F9A8C1B2BA242E3D150A0583E6AA002E4FA522C28C399A4EF90BAB60A42DCE790C15898AD3892258C76000FA66FA8C0882DAA046504D0978F82943DF291977AD897E0FFD2D503CB4DDC21278061DA3BB49EAD0E97EE1F6D879730EB3C8EFDA4B86C2C7AB3392B9D02C6D2B5EE795E4BCC5007362DC6AF32754B88AAFDA57EE01F6BB90E06A3D1D1EA288AE188D1CA013BB70AEE0802268DD409A139D689FDF6B50AD2BB51F4F5A092243FC69E7EBFFB135ADAE2ABC6F392FB3B6DF06CA3B62AB472D8D86676417A3D8BD61108DD17870CA61EE2302F05E37D30BE859D31A763632170AAC53756A72F9A984FED60255C24F2F366B6A63C90C8CACCE8C3987C68180E0784A88E6EBF1CB5491F86BCAC8C77C6D7E6EE089189601E5BF0170FB407E292945266970C253AA5DB5CC41FB57463986A2898B04783620EE3B69AD1BA32C44242FBDFBD5A1128868761B83198708C42998381C0DA4D45AD574D19E0487E0098CF69F8F98C1513F5FEE4FE240ECF03B151BA60AEC2E9AB89E39CFE638414F1E50198DF68FC3B64309E580FF54C77011E627C60DCDE06BE2686875675AB2E2FC2D198D2B40EA19C6767EF573526B6218AAF492358034636568E5F263CF4FCF9A84AD1E7315D809498F94A0587B01C476A908CF22198AA7BFDA20E19455F979F64CC79BEA160CC60B98802278A62D4E7A066C5633126F713C6D3078CBF1831505227A8DA39AF5650892FBA0A10A1516B515B435343A848427ED6C1CFF70CA4694AD32AA05B5F86D397A89A3F0CCE7722602B8FDFA190153B91346C4776969AE1C7D8BF039431376EFD43439ABB47C42487F6FDE5A8E1E894FBAAFD5DDD4CC66EA698F42FCEC200EF89D2C6A80CDDA87C52E61EDE831E5CE51716D57C66749A180D57FEF1F7AF7E17A2B83FBEC47378AEB9CD166873F5C130876DCEA3EF0D7DE4B5D967F67DC3F1CBEA77FD69BBEDBA40039FC74D81CFEF51105E08757DB30FF48BF5D1BCC24F33594A30557A72A2AF2A7FB477505D1B53EAED2CD54D3BCC0A78683B2189BFF4C41A40737D4264D24B65E5FD160FC312E986C34F84C4858908577CF8BF532A76C750D65A14763396A7BC0650231EAA7C8020FE439C56B41A1CD0AC98A5B11EDFDBA0549C06556B549FACA833099516BB03BD6A5C19E400B059EDB0AC0DAB0131423200F534E8CD2728F1E4B006B64BEBF05D0FEC9F83BA1B294994B8D9617F110CEA37ACBEDD3869CC9A793BFB67C96050A75270AC8F12F966C34DABCFEF60CF186D8794B8611DAB5B01C67915F0164DE9066FD05FD5272BD7CC6E1FAD72B881696D53379F9159BE9C0D46030009AC1B0A35D80D6A30B92A3D13DC371FEAF34BA84F2E27A308E8D13E405CD0AED30B6F9955BA3A0E2F71D4B8E6D1E7E0FFCF40847400239A55A7ED8064FC42F06437643B31C3C817055B3469BB8C092BE73EB177BEF2184B06E34EED1D9FF2723919D4BC3837295A081C108DD4C42487EAB6E2FBD9045E6ED65CFD1BB5558961D7646330049EB9B299667C020B4720B9751A1EB086DF3066F6614B0F6907209D79C66733C2971D563095F39848382BB3C95251BD561DB3318FD5248233D33598C64FF40A966D48A250047CCEC0E61EF239705E1A0663C358C5DC58D494A7F42DCADFC09BB5FE769FAAE9BA05D95329493AA9D99CC43C052FED905F8F4B3FDCC7370EAA653B6530AD0E097B3EFB49231BD64B4148282EF1761A7D352971C3DA0766F6B7504CDF422096D37E2EF94209BC026F7C573C7C957605AC5547ACA6361433B3DA0E12153463194346BC9FB270257863B12C2B264301131B73E9FB8FCB0DB20709345F7A9D91A5588D8D00450221E7E3257EB57A413503A35B85B99188EAD9A0D36C5BFB27099B39885A1629453A7C65368B086D2FFC858F4A0F74A41ED93FA70CC6033454C45CDE71C286D3F231C068E5B15E350B77B81AB3639B89A122A8BB7A0E3143ABAC67B64D587577D86AAC434FAA8A7C807998A13972C0AA03F04FDB11FC9D3973A43C9FE79AACBB9213B3BDCC96CE4D2E21538818B4745132BB72A06CBBEA2E3F85E596BB77A3933874AE80BE86F993AB8F745B7144E1EAB88F75FCE7C1B6B25ABE4667AF938143F1C2A704F1C523B0933E44739C579729D5902947FD8993C1D4122CF0EAD35E39836A813A098070EA32706ED2F7341D38A5F75208A7941ECE46A6BD39525D5443D391143C18AB68283B0B5935DF60650F3A2BCDAAD03C185AC5BE532C4C1AE5BE21E9215AC2EF679421474AA8438DAA8A1BC85C4D66EE51CE5D0FB73B32AA54883AEE0156C422A32D0C29E0F03CB5D1F08F7DFE765B88F447AD30954D0500E354F499E369EE33EB7D14465981F4F001DE37F8000DCD25F9578EE700AC064C38FCC9610D6D092504DC78A042365733715635324E06638F5B42EF73C50AB351FF3B24C4F300A211D51086E26ECED2AF92E2CE99A9D398F52640B7BF6C698701A73AEF8CA2BF3A81E36580F5660218675EF5CCAA1F9AC1E656C18336500FFFD2EA9799C134F23457D6BB32CAF39CE4C88045B062C81963EA63CC9F2CDD4420E72AA875526D248A2CEA58D16EB646E063B6A15E6ABFCFA03AD20830EBE42415B9612546F8F97E072CBD2D24AC266DF433BAB1D109FECE2506D33A98B6D869C4A08CA9E93A06C53A0ADF010B9F1CC481FD0486FA642697C06631820A2949C7FC1D28E3FE39AD8C72DA33DF431DC6D7096CCD60C099A35E57D4A45676B7A68F9F5C312816738D0E2C8C7A1B9963CDB8EC1AB0F841676667AC08A7327B80E91F8154FD114F7BDA5E2694A6928D47915C029B7248AB12F2C5B3A5ED20CC16CD266873574C7458EFC38C6AE68CD713D95B8C76E8520D56177089C17832F3E0D622A1C2BCB6CE314CFF2BC05F46A4E312A02D3B0275999444A9D5E9A7E86C620EEAFB18D4B18641D531305EB357936232F1F9B2092AFFA419C62CC1FA1E2F2E91B4A9989101756626F3F1A3038A49704496382707E6768CBFCDABB61963C27CD9382BFE2AE665639ADD92372A25B934D3C5F1605CCB5124A018ABFC68EF423BC0D57F035CDD19B9CC602A008E4AC8B46DBC110E688C84564DCCC2E9819472964A3A8C68BA8E05EAFD09F9344B2DAB81D48CA18BE926E45A3C47B76366987DE16E32E75C3E898CCC08E909263350E16C77E4F3D2D1B697DEAC55AA231B511FE3EAA7AE37CBE3CD2ADAFCE225A5346359824A9377A9ACFC79281CD30D3E3B4DCC2E6F8A446C2611077FDC50A5D6E97D8E3E5D66309EAC0D3E2E51770429547A550ABA04DE5E72487E847F8CD3FAFD28409298547CF3E099A596F1463463981F80F198B8BEDB668338D0CC60719D6BDEAF194C6F4F2CA339BBBFE49066F4D8D740763C91296F81B1BE078369E2F508D76152B1AB13BB783118673C888FA92A821FB7F6947150559A5872A91A7C51CC9133774C1F13D7A7AB52CBD88EB307603CCEEABBD56CD0EAF8B8B68F3C554CCEDDCA623B2C2E3F9AED408B2FAEDC9FF9854CA834330A0A86A9FC50BEC028283EFEDF4999F0F769E560F71D50D725C850BC188C63C0B8590D9605076DEC5B53E5EEA91FF8A730DB5C2A056F814E7ED5FBE2FA340F92516A513D3F8DF515B3664C67E778649BAE3C00FA7298C7C91A0F664FBBB3D960148CBE63B0A70EDEC8268722B249F0DD8CF2E05E7A6560A7CF705F4A66BE27B5DC23A476CE9B5208DF8DC499A436F675D22C99B955CCBADDFAD8C8AF5A39F5215ADD9FF2DB012E44D79107E0334921CD66C35DD27B39A04D507FFE30758C3835B552EFCC7DAADBF1597E30DE0CC62B68272B31590170B2F20635E91AA364EFD530007526B4DE6FFE8C4B6A3168DC14F01C9D956D5685560FC0781D1DDAD2DB8C9EF64CEF6F549B8DB3C17BB0B5BC2EE790D59773CA6D385AE3264876F8CE5E2D7845F2647AC86846770555A5F69B19DB735492C1B8DFEAFEF47662B3B6F6AA617367985F5457A5994AFBC3448E131973AD09BEE025BFF25558345D85D1D84767DF13C46014A52FA12ADF6F07C214DA82D555B43DC68BE975103903E17A8C5659DFE6C1304A2DB6C332502D803F530BAD730328BE0C46E95562FC76953154DAFD36A450069BA73DBAC5E8FFDAF60A807A9B0E2769F89D68C66214E0E9B2B981E6BD87CA3CD7E5042AFED055521AC560EA22E4940DF7B808E3A0FA08A936A4F879A9943D26A88DA6CD3699F69B1D08CFA69CB164F62018CB569110CD4856F7AD7A8FA0F826E0B3F438C7579AA9EC6CB83FE809D0EB6AEAB1A11B88D59528FD5F04B8E05784E28C80427D9CD56782188C8D712A5D1D36170DBE7751F5653E02CC9AC8807D57462FC24988CA1E30A0B150595C528BE7B32EC2206496B3981A6F6C758C03D26AA0CDDB755FB4F462F8677A3904BC41F4B42F0DCB65934E7A36E883ED0B42E166C1F55B20903E01F516D623B03EF2AF4005FF51279BFF015E33026972AC374B888DF24F950CB53199D126CB9FF58E0CF73CAFFC66F4F8F73FEEA198DD99148B8BC15E40F13ABEE82C40F235A04AFD511F443380F9057624CD5858B03653FFF13CFB00DD3103016B7D3E6FF55D38AF17A0021167F15C914407E5CDC360F53BC10CC60695CD8530128BCCCD027EBC570C7E9CFB2038A4238AA3ACC07A88AC34E30F8847B9FC6EAA6E9633BF16D10F5C5B8859DBA401A85335F985B2923146959919C9EA01A893F1AF383CD15C3A9921A026B9C3F5E6589F9B1177FC3E14085D3C28224B3BD62C24AF621D47263290697A0283D519C1F2AA9825930E6296B518C1EA39C0A69121E98C7CB1725EE98BF58604926C6299103B7519EB82D8E07D358792625CB42B1891104764757F7AFB3DD870437E3B11CDDC6880D9DF0B5EAF64630467D28C3ECC2A98B4B1DA22D771E21A9674F7699A059BAC0F6D32B89FFC914C63B4C9F431717D268AC1D8B85E55960F860BAEB7364079196D6F0B15F70F60CED95054ED4548058D2070E4D7A2BDF5DC8218E01D0CCD2528D3A91DB77A40E3CB60FABCD95502547CD1D18004431D8E3E89E48AF4E90151AE2E6D700F6D010D267311E7F40BEAD773C12A47445F557B2469302647262B8FA4D8E980B0D40733F700533BA39350C71330EB6484E4E2A78D1D1EAAFB1FD77D2F41ADB337961E517E4A022D7FEF5AD56697B161B3347B1D0CB5EAD81595C0C120FBEFB86F63E1BABF102DE0C2F5D42089598D37D10CC6CEEBE92B671F3E98591A6364745FB4F876AFAD7030A581D9D6621BD10304672D66A01CA0FF75AD6687657775A0D99691F479C66D5A25721BD5F1703CE48BB7B3D8CA888F5D1F282311306780FF082631718111092AAC0023984C3602EB828F0583A12C8E8C2D77C636BBE4C4612124E48EEB90800F3013359039B9C3B0CB7296ACEFCBC878CE5E50B6699666DCC60A859B7AD7B27347F8A0DA62133C333E8B8FFE5352C6B72DC343134449C2607C483D003B61A13406BE0FC0E632C294590AEA59548D098BB8AB8A071B1990BEB5C110F1BAF09A59C4EBBB7234A0DC67B55D9F6784E1E86DFCD446FDD188AC3229A0A8B231084F0E45D019D87865F06EEDEFFAAA67CAEB8EA40C4E6CBA403A70F9C0570A5D9467F35F57975D720E45592E99A420D01E5D6A1400FCB9A29DF430F6D3EAFEACB65B9918466406A5198BF9BAA1AF5BFAD4B64B6A516E28DA6478662CEC3707194F469BCCD83757BE270983F14264940EB059B8F039D5E1418493EC6A1438E80DDFA8D7718E3652A7BD544EC1541CDD90D5805A6D777039B5491FAF196C0E668C3B610BE9D243A350746F0CF0FA3D11D79C0D5B2C3ED40B594C73BC4384EA67196C4FCE5A3F86C14FEA75AC843C40B8C90C948CAB7DDD5FA3A4E23956DBB98F2FFC744C9206C64C9238115886E271C6BA5E3CCE4CAC4952054B21729596578046E1DA9A46C6341FEFCAEF2463305E8C535AAE5AC1683F6D97BDFDEB5AE64E32D58B524D555E364DB31D75DC6A40ADB63B6A83DBF4F19AC1869DF440756B14DD45A67A0D64AC6BC46C42D66CD4B1C3D228B77E0A118D0C98B9CE829A246977859951D44E27FF747FCDE7596D37366574F37029E93F606759A97BD697AD357D9752F344ABAC833D6DB4C98CEDC6E7FBFF030000FFFF2B2E15F90000272249444154ED5D077815C5163EF4DE6B2809BDD7D0AB7405B1201D11119122A82020022245AA802055A42B0252044145A5232DA1F79A004980D0438750F2FE7F6EE6B2D9DC9672032F70BE2FD9BD5B666767CF9C7ECE240803482CC29DD0C7526CDC4E09B874578AE64C2D477A57B4D97AA5497BC4D73F449D3BD4B79214CF9ECAE675FA60829EEBD56ED8F83AFA90DADA3B1EE122C30F7DFD8CE2FEEAE84747F3883C492821236B4ABAE4892541BF4D22F71F5B7F1B6E75BA1B72EF9164E8BF5904EDC8FD4722099FC88CA267D47D1F1DCEA7B6E6FE3B6B54F7D77C9FBDE3E6F60E05DF9692A37DD5E1E2B952CBA15EB6BF478589BB65D7E91BE29535A51CEE554152254D646E2A5ABF13B803C18A8CF595A0CBF7A47CDE74B2F3D372363B567AFC4E3910704B9D6B5D3EBB4C78ABA0644D9DC4E6B53C686F40ED1DB7D790BEDE8A60C7BC441E2792E0A1D5255B9AA49280080244D10867AF1D5BC72321582220589133EAD2678160976E3F941EBF9F9485BB82551F4A79A691FD3D2BD8EABA14C3373B7AEEB67802C18E3CAF08F6E0D113796DE601D978FC9A64CB945CF67E5A5E3CD22695EB771F498D697BE470D06D3937B8BAE4489754421F87C9B71BCECAC07FF001705F4220D7BAF625A456FE0C36074023467467F2A32761327FF745F960C111D5BE46B011673CE4F49D14F25B8792D2A46416293B6197EC3B7B5356772E2DAF15C964B32FF60EFE7DECAA349CBE5F0A7AA49693176E4BC6E4A1323A7F90BA5C2398BEF7E237351C4E287D5D74DF7BA3DF75A93BF7903C019249928432AC411EE953DB4B92264A20E76E3C90FA33F62B84BA36BCA664489958CEDF0895B29376C9A5ABF7A576E18CB2BA6329499638A1EE46B4B7B146C11EE30336FFF9B02CDF77495200A90E8172E5CB9442EE3D7C22B57ED8676587993326976D5DCB48C1CC2955A74F5FBD271F2E392E1B80949230818C7FAB807C5623B7244810F19DA23BD01AB1FAFF7B5A2E5CB9A71ACD9EE2817C93EF9CDADF1A925AE69ECB2A550B6490ADDDCACAA42D41F2E9B2138ABD6FEBE62DE95380DDB900A45E55A7EC511FAD41B1CCF2EF912B522F7388B4CC86F7020CF4CF29C1F792595B2AE0914AB67EECED14C9A2FADE147826FC17289FFF7E0AAC3F4C21CBACE685252FBE05E1C4E5BB520DDFE3CAB5FBEA77A57CE965439732920248E877E5AE149FB8471EDC0A952665B2CA92F78A4B227C939840AC20185FAAE39263327BFB7911CC8603DDBDA52466313F6E13CCA23F0E5E16499648CD94EBD71F4812B022DF2EA5A54C8E34AAEF44CEAFFEF697516BCEAADF6D2B7AC89C964524B1E1E5A23AD07A50CA8015EF0F67C549933E94365942A44AFADB92502CA2E7A3B004D2ED642E79F23089CCC780BE032A56EEFB5D0A51CA78A595D51F9692ECE8AF2308C6076938EB80A27C8520775E00D5B8052AF155FE73E295FC41845B6F3D4E2C43CE64971BF79FB6591AAC6B9F1DD61595F77E08AED061F13199EF7B413DF3CBFA5E32BC617ECE5B057BCFDD928A40AE47E85F860CC9146791078FA531DE7905B80791E920286FA9C97B44C0753EAC924366342F1269B2477821273F6205C1FAFDE567410E0886DB3E2E2355BCD24904A44B95448E7CEA2D9EE993CB9B730EC97AB0120AC29B3E2A25353183342CD97F495A9085853E91374B659125ED4A2892CEF3511968DD1EB7B9466C97739007F3A5BE2F7DBD2E5811CB78CDF13BC965ECD91C980489E5E067DE9206DB5AD3F7C9998B7745C0529A95CA2AEF7A675514D92B437275EBD9EBF7C51FD4F7973D9764E9814B90E3C2244FB694D2021FEBDBB567A5489ABBD2CBD322FB189FC57D22D97701D924E8EE538A6666FDFA1E57DF9BE249F39F0ECB2A4E667C87C56D8A4AF3D2597533B2C92F446ACDDCAF1498BA60FDBF7F50420242EE4BB1EF774742A6ED676F48D5A97BD57720928E6C94DFDA4E5477628C608BC1125BCE3BA43EC4BF9D4A4BFD4219551F0682220DA37C9534A16CFFB8AC5406D211287BB5F9E5B02CDB8B8F021EBFB86DB10803E11B70532AE1E37206D52B9A49567E5052916F57075A3DC4F06FEECE602577917A4D2A186413C178F9CACBE965D5A58C9218B2E03EB0C65CE993C957ABFD65F256B052F4D9210009BB57CB294D31296A4F43DF31BB06E50D945CC921FFD8812792403E01E50C0D4D2273DA1493F615B2DBBCD295F7A618F2C6EC83B28E13171CC4A77319A9E899D6DA9E9AB8F331718184CDCA66935FDE2D669DB83B804C55C29169E0AB7964E86B166DF75F882CAF424EE3BB2F06753322ABB5611776628460472EDE91E2DFED22D6C80F2D0A4BE72A39D523A76C0D92EE4B4F2899EA4F088B8D802846204BEC0A3967C6368B1CF4453D2F19D1309F95DFEF3B7F4BCAE1435140AD0ED98802679A2F37A926CC33DDDE07D0CF239BF61CB943C95FED735E966AE92D9AAB3EAFB7A4B88B2F6592B5573011C0CE17B52A2A2D218790FDCDDF1D2C6B4E86880FFA75834233201D10B112587CFD82E9A56DB9EC72E1E603290FF6C33EB7C971456A67B8A99BB6B9DD1A9206B25F16F1C89C4202FA558E200E186FB0F77EFAF8AD51AF484328565B4E5D57936357D7B2523A476AD504C7B9DF5FFE32669D45F4E8844930F59D42D671D6CFF9EBE855791D6D50669BD2BC907C5C35973AF5C3F673D275F171351E877B969762D91C9B92747BC66DB411EC266C452521DFD0DED501BC7A568B22AADDDF40A29BCE3988592C0E67263FA85118AD03B24DA132236620E1E8A53B521E33EB2EB41B9A3B68A3214415C178CF532A160A2A764EB643B05F70391DA8C75339E8BB2201923AE123F91308F63B281998B2BC051633AA515E2992D5FEC0E29BC88C1DE7A4CB4A08D518933A9942A415047B2A29648523CE64932BF79FB2423E274DA2478A7ADDC7F31D512FF65D2392BDF72E9727ADEC3E7353524233DF054E5134BCAFD7C0019AFD74C8A9F2C46710F418E1B56519B806655142875F8FC99C1DE7957DECE0E715203E44CD3E162D042372BC3DF7A0AC3C70592808EF80504F95961A61BE3130EA41701CF5467EE95BC74B75D2D1BFF59879F5A00884DD79A84C1BFF7428659D81D46A2A4DDD275721EF68B037D0E6E3FA7A6E49C592F4DAA00E9155922D99211D4C0A83F204AB8F7F04668BF1A02EF210C80EC1B72ED87EEBB259A562EE34E209198CEF7FE6FA3D5977F2BA4CF7B90093C41DE2A334CA7C4DDE8612A191CB2CCCF3997C4E3B20E0A4B31696F8705C6DBBD48BD73B43305E43CDDC07C845AD9DB0FFFC6D6930FB8032392480FC4BF34F6D700267307AFD59F972959FA258A7BFA82479D02E65BB4A93762B4589136EF9FB25A224F4470BC146A123FDD011CA2BA76119A6BCC28F5875F25ED9793A44F1F9C5A046665383BD17A4C0FC3A06847632CA65E3819C9FC25441ED2730E40164843D4A50E7FD6644B2F701CCCFD2D7F138D9D2880679C1DAB209677A35B47F0A4892191ADF48687E845058F7FFBE9A56565D8112827D47903A59A874035B2C90F2BE502B9D7B3EB3F8800512B43982FBFA39DC27B483B63CAF7551CB0F3BFF75BFEDBD77AE2C29A058794B6E7C0352D3893051F42492003168B9FFAB43694C8AA714D4CE63D4614E9CE63F1F52F27145285FDB60B6A16619846FE035CE57B1FF91F8365FBA4038F473A28C6007A0C6961EBB53DDBF011AA3368C7EB3E68C7C0D7E4FF5D7BF4F2597ED47BA231454BB2C3D2E3F85ABD8AF806ACCC7E01379290751FB0C7DFC38923A6FEF03E876F596E68A2BB0550DAB6F412CA3098416EF6C03FF53976A03ACBE8F8876E0760AF1B9914A02C0D2AE855A58784650C2FCA0463560F22892EA3E0818BE0E60617046597FD5A2191783C9624397B2565B179FD318C2B83FB4B7B6A5A16D362E6015B6F5F3CC5B7BEFC7F7A1C2B401023D3D10448277171E95CD272C76B7F72B79C8B4A6859582646ED3D16FDAF3F28DF1119A93BE793D9F7C552F8FBA9C86DBDAE0268403BD2B283394FAE1E45F94108C426379F8AC68E9EED7208F12CCD9BED2FCA8EE620A6C02BB349A1E9C3C3FD2E96560BBCD60CB11B04C819173018C84ADA1F9D8037B1FC0DEF5F68EEB76CC0866EF7A7BC73B9FF0844D2DB16CEB514E996BEC5DE7EA71DD2F330533DEFFCB9E8BD21693932E2EB2C4A5B0216A19CA789DABFBCAA401A33159902FDEA3426E8B46AACD51DE108B767E56DE6A5F73D46E94104C5BB969EF39062736E52E3AB7B5EF31A63613DD5152AC76988D6BA0DD10A85AFFD8ACB032D4EA6BF4D6950FA0AF75B4D5EDC414C168B4A5F2E04C7877D417E339DD2F5B0846F6DE1988B574EF45750B3D08F35A15716A1836B66F6FFFCB3FFD6434EC7964C1FCD6747EDF07DB2D0219FB2C14BB49CD0AC13463D136EDB5C1E32E23184970EE513B9449622BDC4055F358EC5A1FFF7642A6FD1724B446EF84EF31096C42B1019407A6433BEBBAE224052249932E992C05CB6C003F9911F407988E59DBBE8287539663BCD7B8AFDB312398D9C563BC87FBD38B9F8E605B73D5FC606EC7FC9BEC6FEECE0BD2195A1CC18C60B4533559784469D934AC4E7BBB8074AE9CD365B9D7FC3CF36F7A05CA4FDCA50212BAD6C8A5CC1BBC662BB4F9EA10FAF9CC20985772E2BB380297118C863CBA7CBAD7CC25939A14526DD2929D7F04900E38751C213785B258FC8B8E1E18D57327A149B68291700FD832A11B9E3F06B20B7D6704A32B281DE4B5C1B53DA513063A250CBC51017B086676529BDB34DBD65C35A09ADBD1BFEF6232FD888935784380DCC0A426185D493CDFE78F533215939A4076B508C66AEDDB550763E9DF71F82D8B8CF251ADF9F7AF6CF567765F7E42A66C0E923760CA5889200147E012826D8029A1CE94BD4A1D3E0344D2B142EF838D5128FFA86A4EF911B292BB801AEA88B56764103D03D8A7B77F3D1CB4049EFB15DE84C1384F4D9040ED76682D4FE906129E36B96B761B8D604418A3AF522398998268BB91D94340041B7DD643FC6F27979C602F41FDABA83E39FB47BBE2E4AD81327063A0250202371484437C48FD3CCA8AAE95923A30E6EAC080A1AFE5957E75BD1C9A399C3DD7D9F98FE0639EB9EDBC5069980BE333E136CC507946FB28F3D17A689A8E4C202E21582D58D537413B990D97C607E12E0D7AE50B13BBA1C6060EA8A2B43D679D8DE9F95D8137A5023D07807B636AC19DF9944A01CF64D5E12B3268CD69AB739BFECE4E30457C84C129972BAD43F661A48446A778E7C379D5F3CC0846C4367A08889416036E7AAB9DCD48795423A67F14037607DD9419B0A5FD88502215A4886B78DF1068BB6F14CF1C4190A60C94A2CF46D5CACECFCB4BF970E1DBD46CACFEA499C873D836F0684462F4AB64A594B341583E0481A985C9CE680C7BE014C17CE01BAC3C7E9732827236EA99D4E697232A908D2C6B7238CBB4F790D83C9E04E6044603E8004173DBFC68EB4E5E932188CCA0FB444361B84FBA56F690F7CA7958BD05FA1CB74418C68B19C37A8CE7CD08C6739A8A19AFE3BED1CEA6C7CB78CD5568C83FC3FDF40310EB388CA21AE8161B04E772DD82196D4E062A3F1E5F6F51D128A108908C2BE806399B2CB90D88CB2F203204CA68B9466E57C65C1FB8918CBE4F63BF9C2258E35907E5CF43976506C863475002022DEC05287B81825C18583556B41663A71CEDE7467404A3658F412628EC44E63B1C7C07D4E1BC4C84C39B9E02055042E894EE542987D483AD8DC65C2368441B084AC8E710EC51225E5B1EA13D3A1C882CD1969D8D6D90C2AE0517F811FDA129463BD06956F80C1FAE23FAE32C6CFC18DC674547FAA8A8D3B310B0E30A2EDC0C951CDF808A3D7E22A730EEF9C363F966C085D4094A08C37D56D991C51C22988A0DFAD65732C13D72016C506B8823E13CEDFF875F04BE1C572FAB599979D6A8E3E7EFA8A041ADE1EA3E5123FB1D9364FA8E0BB2EE384C1FF8D884423952C91FF0BBB94340B63CC1F29F8A4A63F8674FA07F0A80D4750B67922EA0A86F96C81249F3A5A6D61EB24F2A2832C63831CD4DE89EDBDBA3BCF1116EDF6FBFE8A8CC03C5355AF239AE39866F57B2D8C1BE15A544768B93DDD8198708A6B585F14D0A4A8F9AB9ADF795435831B5BA1508C67BAB4466EBF1B8D8D142EEBF888AD5A1417CAE16D2B9DF147EC38E70C39042995954002CD4B37DCFCB90BF4FF35265CCFD136E2D73C487E564CCFFFF095B5E6344FAD2084A1804C1BC43C51C91DC37A486A4703321DBA850A6F0471B59B30AA18190CFC0807508E98E4B588109DA04DC8CCEF55D30B26A18BF19D1B3CB4F2AEDDE96A86417C128CB648570C7D0DAA0C1D5ACF60E25070CDA82F82F185911CF1D557380EE5874B74D117BF61BB4C68508466C0544D29060C0661543A67F739B0C2E94EE8AFD78448A88A026D41642EAEF0872A49965083EFC00B845621A22AC9F4FAFC7706ABE44648C251DC5747DA536452390EDCD0465980C36CE50E50800F61936AC86F5D0421854DB20A890136829DE3F2E8106F5D403E04E039B0C1E624990E1F319DF9F6BF056C98A1C8CE0015523C98E76114CB3473339FE117C97C6BFD7A0E1304E2BAE41BB2B8CC171EC43BED13BE474F05D151CE70B6D7392AFE18301817AC13E361C3167C64406CA45C3206B0D5A0D24005011980A6A5DC785C80375839D7F8CB2E80603B112E0F1ECA1782E7D7A46E73FA314FA23A0F13BD8BB34CBE684F8A46276A9008D97419CF990CAE707B390061DC46974D3E97371B16542CF3FD0D469D4EE541911C0E1A0C5169B6C92696BB600031F263DD685C1FE14E174A725C7D4F151EB221E8F70911B7F2CDC73513DFFCDD907223CA5E2C4DDEAF8FA93D7D4F1872021C8F2096B36EF903ACE77E1DF1CDF0B613C678455872F876518B2C57A1D82EFC28E5FBA63BCC4A57D50A330DEAB9FC536D9B611F86CF6415FC32DFBC8BEEA7E410B56E72BE19D8CF0C62C4BDB8BF65E341E8EB3FD91F8E6EC6F67E0801186AFB5E00AB766B04BC17422E651D83E8C0177759196C5987A2648BCEB6DDF09ADB13BB6B72A8A16F6379A02CE43F1D0A0B55D33EBE4F96D676EC8FB70A06B43AC2D3302A339C66E0C90AFE17F63842ED9665344B4F68721D33B671AFD189BDBDD41B7642442989681752B6A0437CA373037F47AC5D3EA71D0DAA9D10CC2509E7908D4342B258B104EDE1AC18266EDCC0302753032A38EE09BE8C0429B1D72D3C1F970AABF07799231FD6B0D322083438B41BBB595076B13C1C83A12F5DDA88CA84F46BE1281B4EBBCC18D889A7825BF252CC54DEF63B3597EA8247D372959E036C285B557E17344948E07BBA1103DF8D5BC91EEB5F5816D211A55F201605D73E007D4A6041A13FBD7F1947A06FB1465D4B5B0B70D5F17A08CD0EA8130817C007F285931F34109AE3E575D1CFE6FD03FA7652864B7CFF1CC716F1450472933AAB07198861E8E7E2592F262BCDF5DFB2A6407317F744FED3668B11C8B84CC88C7CE9351B522E08B4D04538EED215BC55626B0CEC8DE8398A0B24E66B6BB5EB438B2908F200B790B9CEED5104E4DA0A0FC1154696702B0AB1F9C63306E53804C602A1E3E2EA104225ABF840B8A301249C32A40923F20B8F740D8382916E3D708AE3E475D6CFAA7159999500A3E84364CD88240CE1AC859648CD9613BE5184CCDC4FACF3D487B2B8758404778615408D9019B08A6E2BB60BD7F1582FCDF26419E798E2BA079FD890C2277A9F6CE46A6EBB2E3F2C39673D2BF411E452D783DD96035C4A4D1B6751C018FCEC055046056FA946D41326453A0F22018DB657EE72078329824C1EC6882ABED1ADB31EF17FAD64785611B63CAA8108CFCF78C18231BCCF7B9FBB732B9FCB85F25E5FE86D06923BC3AE3804A36F6850B4BC78FA9F366A18CBF379EBAAE84B9A6F30E463ADD67D529756ECAD6C048E7E2EAC0F28397541F8A8DF1B13EF2FADD87EA98F4DE10F6C824C45B2FB2B1A3856E8F61DB2CF74388E5BE5919B80BABE2D4AD416139876F53E7B97F0FFE120DAEB6A3AFB7B7653BD26BBDEA0BDF494351BC2B05EC1507232A0DFA7C5C6C276F09547DF8E28F53911EF7CEDC83EADC26BFEB11CED9A460FFA1EA4D4D54BF6100DB3F488E350223175A4185360B7AC66BDCBD7F03956BD2D326836F1138A89A952DA5853D8619D566C5C495FE90F2FC84222174E06AB0E722D2E78D5BADAAEB63B3C0DEDAA1A88BD9D0ABCFDBDB6A8199A1472178378272384364A15FEB066C8FAE4688D87B46748F6B056F11A81753FA8CD000948D01A29B3FF1961A86646A9B08A67C8DC377D8E4F7D4B652C2E18A7413D9DFA7A294428980670115218F30C1642AC284BA225C88500F1A2E934FA392280ABC92ED60AFBF82EDCFC5E421826AB0256BE873E6AD964DF5710648B6C7476809036B1504679A7D9EFA3AF356273233E9780DC410C254B0E86E4B4E0813317CF0019F053053A90C645F46A8DC85A155C7E3E9BE68B9D8EFAB2AD6EC269EB38960340226EF07CB38B482BBD022CD8DF55E754AC6AD0F50F14A2790DEF42C406B5A462ADB0BFDFA0EFD321B61CDFD738454A41CED8014AD801CCC46D788412D6E165C4C3D7E3BA99A9BF04E4108E039AC9679B6C92CE94540D29F80AC3A5890174705D9B431B51734C8B1E11AA4A60EF63464F3FBB9E3B7760FF6AEEBA9023E8DCF6010642A6A9118ACFBA8B3663466DB4430DE5C05053076A09EC12AB0C8C660954630C6253D2B9B0C0B797833BB897901E12EAB796071ED1146F43610643972018D101DA4E2FDD42699203C0E41773A5ECBDA2E92527A417BEC81143BAD3DF25C4C90ED6D2851745FCD437A3F59ACD5458349BFB74F056BC1186B1FE26047B36D3ECA1C87C7637FA092D01B10F2ABA0F4D6B6EE6579C80A76118C46C73E2801644B93E4DD1FFC7A54E6223A8109190CD98D2D1F9EB5674E76687BF118BE4D2EA29ED54A68BA0CCE53D9309818DA211B5DA462DB3B026EC80484059365298C417F58EAA837B446C2589CF309AFD0C899DB0214AF27CE55F24C17C10E145564D39462135821B3B356C235F3165C34D96958463C9ED1DDA43AE2E67FD43918B2CEC4920FE01E9A0D379119B4063906A5B77A879B71F43576118C192B990643D682CCA55F56DFC42DCF7B23168A1926CD61D19F869A0799E09C8D4BD0C65596199A098BB88A21679C1AE09357724792A9ECB13FDD6766A6FF8440C099A0843A164C234FEF5AB923AADFB869277C9E6311E26C444266E17404E569877A15BA26976EDF15649B047308E138E2AE98E3F0213C102C8B6534BAEAF6DCBD65606457041B2E81059F99647B90D4A3CD31FAD97A52B3C8DD351417349FB78B606C60302CCA0C6B31A6A9E986B93D83488B32C83051F20684BFE1F52C091799DD88688CE6A09D8EB15123502C8E557828E3DC44C4C72DC84969C38BA4E87E3A432A0EE262B0A439BB2E2AA541DFC75A0F1F03513EAD9E5B654DEBE3B6B6D4F2266E0994298888B8074F80060AE5ED11B2DD022CDB3CF91C211BEF675113465EA4C224677D0E56CDE95F9D1432AD8A1E7556B34CF7213ADB2B1813269E0C580B473C34768EE1BE4FCAA95202C6F628AB33659165AE0637CC2B83902D6F068708A6847DA8FE4C82B52760325981C5E326212E48F9E1128854C6C036459C58DD8219D42CD4EE1CF3C31DFD66BB81C880E61F7D7D3E2822B71914C3283CEBFB8DE6049A0BCEE223BF674350D7D713217E3BC8BA5E57640BD91CBF36013EC436C8B86E0FC462444554D93ED9092329E6810A2ED88FA855FA340960A1D53126CD4A6546426CD648086B44B69F81EC5E7033E94043B3F9C3D2206A5CE0A3D7444C7E25C4EF97CB65A999912B5DF268993028E731C7827D5F76E88AECE0987048D0EF4F90B2360C259D6C994634014264A43C8066C9F29C66708860BC586714D1F9BB028549EC0518B2E4D218B08B0507AF441286490D4A21CCB630E408566749084182B204BB93102F4199879429082682B3F80BA0A920DC3D63EE30D5E49A9CC5B9534B250C7005ECB3B09D33D9844E7256FE598C70E5838186124E1814062E52A06E8249119DC910A98F38C08FB61C1F8B8A070309B55F93D79684CBA905C2B6997DEDAC2412C78685E276926A6382F906DE96CDD88FA470E84E607C3D41D1BDF0970B7FA4741C9B27C062E20CDB432C89A2F6C7E1383F80685B4521F5FDDC628CDB94CC2C7D2016E82A94C6D3DC570188486564A31B20D8EB1212E6EB9C22186FD0752758ED6F2C8A5FF4ACE949E4B609A47A6B30A0BF6206EFC0809C625C3B8E451930501CA43C409ED2883A2022B1BA4D0120AABD671B9F41AAE00B417D19910A48CF32535600A56A522C9334C5076E8C2DCB97BB136818FEE3C85550CCCBB282D9EA9AB2E1A1ACEADC12FD78071FB422140457DFED1410C317138588B71FE97A6780849C9C7627A6A31784265E00B263654CD896A0E09C70465383F1568EEBF8CD01D29B055610326DAC5F61BC4EEFBB8460C4FA016083F48511583077014A34EA7292EAA09D7FEC1055FD1397EFC82908D144401EE32C525BFE03644BC31997547282F493D447B50E95F9F166C3276598B6887F6F0ECAC10134DBF6CCF7BBEB370DD59C804B806CF311864C195243540CBBFA1EF3967268D08DFB720E631E04D9EDE22D8BE1989C82C84BEEC12D11A800CA3D15CA924A99585C416CCADC6D161C95ED288442A02F98ECD311F77009C1F44BA838A5A54865E7A0800A742C9F4D65C35404E63B7A88BE3F2EB74C466055692A00CB615362685154DD36EEEE2FDD53D4C2DE444951B2A9A824EABABB6FBA7D12171F708259C81598094548515F4CD685CD8A440859D7D79BB7514230DE4CAD8B42FD0F0849D6A43E6FF694D2197150B540D9E83A72277520053C05C4390696C778F623D8F28F157F088FBFABA366A82EE3692B084E5DF81CFD63EA1BAB14EAF29524EAF911024EED8C21EBC5C046F9C7C0CF22D81684F9C296401D5BAF442ACB325D087A90E9888B6328BA0210952E08E926D5326BC5F69E1D6504D30D9114FFB22758A6C04673C8283483D61602C255445CB93762973CC0FA32A54A8C64D72442F345266C294893453EC4483281D3F2F7446DAFDC255947622D84FE60D43D555B24DA3210F0C4B57B72016C5649ABBA23A6AD5E408183940A0E62E6436EFDEC69B116D3E5CFFCA72A268292585C88E2F6D7D5D4E45C0D7F6A23F855ED02C6D803D5070B654CA1021BB3E35E0AF3D9D35A84FA6C6930D62993AA34C32448CE61BAA1FAC37D64915440AEDE7D2834479060D0A67901AC740F62EC7C91697E8208152EBAB00F8C83EB065BE3BBDED9A32CBA441BC18C2FCF40B435C7AFC976981236C21F67CB9460BC3E46FB18244F68A3C531938BE28FC9B79CD54C669DB8293042410EEDAF64460FEBC03F8FF016F225598AD46806D285663E8316474DD342AD41B1614A380C6A1D000A6E4480D87E2F9A406AC10F5B052690FA88E6751632EEE8F9B18260E607705912BA5AA8E95C04F5B9086AC46DF0ED5009C4FE2DB0B944984989216C2655B38A55D0F11BFB59C1DF49F5382B59B98F33336B6ACB96FEBE7C98B53A01D8F85C3E233B6D768073A0045CAE8633340BC35CC8560D19C9C6FB9EE5BE3143FE32427348E1551AD8D06DCA86138C631C033390E2FB839A53792285BF8471E59663104C6A0F6A74095489321E22D6142E8662FF11582F7FA781809F9B638B71CD163ECEDC5243AF0C4D9663176B10213AECFFFC870E7A1BFC8FBFF54D9801C3403D44C15A8F3D2F3B5D965AFAC6AD86417FFBABFEDA0AF6D4D7FC3F6DDD42C1620DFBA3D8102B56D74599A9F4A074575033839678239508421692B38269517C64B42F27F5619D0D52573FF48B15A2E909C88C1A102138E7AC2C52B41F1CC737C62B04A34AED898A2F74542FFFB0A4BC0DBB174157026A09BFE0A2B6C5E378886D3FAE25D2BF16C389CCA50C17C08C42580EA3F03BB08ED3F87AE6CBCACF9DE9C7F69B383E1AAF108CAFCA32DE9F212890EAFD1ED450A07D8E32614E201EADDC5B0C99488E87C67D67758610B3911882C314374E8EB2132C0B774D6C5A483E81633B3E40BC43309A27D281CD3C84C0BB168B13D0E14ED0B5FDA972EF434E5F541DD9B1F5B1C906E96560CA9B71B10AFA2BEBA3D01FCB075C077B77A72D31B6DEC59576E21D82F1A5B9D069DF957E52132EA14DA8C243A081363FD2C1B8F29AB9B682BA208EFE4DC7FA3F5DB0FE0FE3C6FCFA56B61A4C6B62D99CFF10CDF02D82F6FA9882F6E2A86B6E794CBC443095053D14E609A8EADB51E75DAFF4A6167D42F60B8D9A1721E3B8336ECDD6D7A2D9241B2A7573C1ACBF907ADF1029F804B57CDE84DDC2B0975BA05EE60A3CB6DAFA7F39162F118C833F142BDCB26A8E39E4BB11160E5D8D301A268B30A998325A5C0038A35A158D2BE1364458D05FA8ADA64157AD19DA289F0CAC9F471F8E17DB788B606A8176967D44E1B73560932C4647A031322FA23019796A2B86DC5D5F750C721CBE408E0363E3FCB1BE9336A032B2A201D798440209652F57977076573F63BBDD788B601CA8EFA15132CD8C75B6B85A85F600A8C462D8CB083BE0A76418B23B412DFA893C4EC27F08CEAB9E37BDDAA745BEF0581FE54CFE1E69705C002CBE41BC4630BA4A8A815A71B93D7319509D35C5CA7C87B15EB6BBE431CA5D45BFC3425C88A51A8BD538582045832E3FC97AF84730019EB77022DDCF986CE33582716074C921B2A04BB0396581804FA0DDA9094A20300791156BB660493C73468CBA3006FF18A5501D4B051E4594027335593044CB7C9721E86745CC1A439F1D851CC7E0F1CFC5ADF11EC138CA5CF99585755BC16ABE30DC6ACEE30C3962BD0596206034E9662C471C5BE1D30C93AE01D303E3FF2B8025AE87D668D40E5B23417811E2F59957BAA4DDF3E15DE098C436BC1008A6FC7E58FA84D4C2BC0A9A11C9189CF86FC7D231A6642CF9547FC63E154448E46245686308B8750107E40204A206AB312B3CB63FF0B36EEF8540300EB25A87926B8923D8F1188AE719177130221997275E8DD8B1E82ED3C264DC4648FFA7CC650BB9D4620AE376A968E06558BC2026EB3A3E6BE471E5F92F0C827130F4922845217371210363E60C91AC3552E4B9AA09B3A726A3DA745714964340864B403BD73454C1E98E9AF1CCB6791D8EF68528A960A45CACE9E18D35062893C5F5123C2EBD841B2E7AA1108CEE22AED8CB106FAEBBF373EB62111088823F4D1B3D51EF954842E17F3C2ADC98D7A8347F072E90D013957D58D693C83901EE1E66846B819ED71301DFC3FA8E0B90FDCDBCC89D70BA1B11DCDC667CF9FD4221183F9A5AE3126603BA9158CC83352DCC548A6CEEBD45C7AC0B557171F5D6D0025F836B273FE2B6087EC80D40E97159082D54D76A659DFDF95871D6CC5E895C1D516362CE8EF3AA0480DFE71522D4D0520DC6D37F2F1C82F13BB21441F96930B402C9B8D6E5742CD76CA436BC8648B104C8D3FB2FBFA7855078C206D0713DB6517EB5AEA3195949153B21D58F6B2E323773173455A6FABF28F04222183FAE11C93A2063662AAA03D962590CAFD982C5A95820650D22664F5EBFAF70A3201608AB8F343D1636A90EEDD356F80F5932979C66759C1711B938502F2C82F1E58D48C6EAD44B10ED1A5B25419957D80C51ABF422BCA8C8F5C2231807E050F06D6901ED919A1D7C3532B6713E87B537788F23206B35D66EA0C6BA18DAA4ADA5EE1CB5135FCEBDD0144C7F44AE7B3818E13D23B98C0C3084CEF1AFB1840C2B291B976DD6D7DBDAD204C10ADC43B196A63F1642A5E6D0BF9E97AA99E5CE2C6C5B7D799E8EBD4430C3D76051BB362863AE1084C71133DF12B15BB550D78282796E54FAD1E1340C07D2B5CB369C0A91C52875A92BDB104117A08CB9BBA3340C5D7F6E775F2298E9D390C531BB67F4C6C008150F4D97D9FC49CB7D5F6463374136B6599BB479C30B70F0258239F8C8F461FE7E1875CE501261274C1BFE08567C18BE726D124467E44382460550B6CA7094BF553C4BBCF6293A182687A75E2298C3E1797932A623F012C1623A822FEF7738022F11CCE1F0BC3C19D311788960311DC197F73B1C81FF0144C3CAA62D387ABA0000000049454E44AE426082);
/*!40000 ALTER TABLE `adm_files` ENABLE KEYS */;
UNLOCK TABLES;

--
-- Table structure for table `adm_integrate_template`
--

DROP TABLE IF EXISTS `adm_integrate_template`;
/*!40101 SET @saved_cs_client     = @@character_set_client */;
 SET character_set_client = utf8mb4 ;
CREATE TABLE `adm_integrate_template` (
  `id_adm_integrate_template` int(11) NOT NULL AUTO_INCREMENT,
  `ci_type_id` int(11) NOT NULL,
  `name` varchar(64) DEFAULT NULL,
  `des` varchar(128) DEFAULT NULL,
  PRIMARY KEY (`id_adm_integrate_template`)
) ENGINE=InnoDB AUTO_INCREMENT=9 DEFAULT CHARSET=utf8;
/*!40101 SET character_set_client = @saved_cs_client */;

--
-- Dumping data for table `adm_integrate_template`
--

LOCK TABLES `adm_integrate_template` WRITE;
/*!40000 ALTER TABLE `adm_integrate_template` DISABLE KEYS */;
INSERT INTO `adm_integrate_template` (`id_adm_integrate_template`, `ci_type_id`, `name`, `des`) VALUES (8,46,'应用系统-子系统-单元-实例-资源实例','应用系统-子系统-单元-实例-资源实例');
/*!40000 ALTER TABLE `adm_integrate_template` ENABLE KEYS */;
UNLOCK TABLES;

--
-- Table structure for table `adm_integrate_template_alias`
--

DROP TABLE IF EXISTS `adm_integrate_template_alias`;
/*!40101 SET @saved_cs_client     = @@character_set_client */;
 SET character_set_client = utf8mb4 ;
CREATE TABLE `adm_integrate_template_alias` (
  `id_alias` int(11) NOT NULL AUTO_INCREMENT,
  `id_adm_ci_type` int(11) DEFAULT NULL,
  `id_adm_integrate_template` int(11) DEFAULT NULL,
  `alias` varchar(500) DEFAULT NULL,
  PRIMARY KEY (`id_alias`),
  KEY `fk_adm_integrate_template_alias_template_1` (`id_adm_integrate_template`),
  KEY `fk_adm_integrate_template_alias_adm_ci_type_1` (`id_adm_ci_type`),
  CONSTRAINT `fk_adm_integrate_template_alias_adm_ci_type_1` FOREIGN KEY (`id_adm_ci_type`) REFERENCES `adm_ci_type` (`id_adm_ci_type`),
  CONSTRAINT `fk_adm_integrate_template_alias_adm_integrate_template_1` FOREIGN KEY (`id_adm_integrate_template`) REFERENCES `adm_integrate_template` (`id_adm_integrate_template`)
) ENGINE=InnoDB AUTO_INCREMENT=39 DEFAULT CHARSET=utf8;
/*!40101 SET character_set_client = @saved_cs_client */;

--
-- Dumping data for table `adm_integrate_template_alias`
--

LOCK TABLES `adm_integrate_template_alias` WRITE;
/*!40000 ALTER TABLE `adm_integrate_template_alias` DISABLE KEYS */;
INSERT INTO `adm_integrate_template_alias` (`id_alias`, `id_adm_ci_type`, `id_adm_integrate_template`, `alias`) VALUES (28,46,8,'应用系统'),(29,47,8,'2-1-子系统-应用系统'),(30,48,8,'3-1-单元-子系统'),(31,50,8,'4-1-应用实例-单元'),(32,32,8,'5-1-主机资源实例-使用'),(33,51,8,'4-2-数据库实例-单元'),(34,33,8,'5-2-数据库资源实例-使用'),(35,52,8,'4-3-缓存实例-单元'),(36,34,8,'5-3-缓存资源实例-使用'),(37,53,8,'4-4-负载均衡实例-单元'),(38,35,8,'5-4-负载均衡资源实例-使用');
/*!40000 ALTER TABLE `adm_integrate_template_alias` ENABLE KEYS */;
UNLOCK TABLES;

--
-- Table structure for table `adm_integrate_template_alias_attr`
--

DROP TABLE IF EXISTS `adm_integrate_template_alias_attr`;
/*!40101 SET @saved_cs_client     = @@character_set_client */;
 SET character_set_client = utf8mb4 ;
CREATE TABLE `adm_integrate_template_alias_attr` (
  `id_attr` int(11) NOT NULL AUTO_INCREMENT,
  `id_alias` int(11) DEFAULT NULL,
  `id_ci_type_attr` int(11) DEFAULT NULL,
  `is_condition` varchar(2) DEFAULT NULL COMMENT '是否是查询条件',
  `is_displayed` varchar(2) DEFAULT NULL COMMENT '是否展示',
  `mapping_name` varchar(200) DEFAULT NULL COMMENT '属性英文别名',
  `filter` varchar(200) DEFAULT NULL COMMENT '过滤条件',
  `key_name` varchar(500) DEFAULT NULL COMMENT '唯一值',
  `seq_no` int(11) DEFAULT NULL COMMENT '展示排序序号（越小优先级越高）',
  `cn_alias` varchar(64) DEFAULT NULL COMMENT '属性中文别名',
  `sys_attr` varchar(64) DEFAULT NULL COMMENT '系统属性（guid,created_user,created_date,updated_user,updated_date）',
  PRIMARY KEY (`id_attr`),
  KEY `fk_adm_integrate_template_alias_attr_1` (`id_alias`),
  KEY `fk_adm_integrate_template_alias_attr_2` (`id_ci_type_attr`),
  CONSTRAINT `fk_adm_integrate_template_alias_attr_1` FOREIGN KEY (`id_alias`) REFERENCES `adm_integrate_template_alias` (`id_alias`),
  CONSTRAINT `fk_adm_integrate_template_alias_attr_2` FOREIGN KEY (`id_ci_type_attr`) REFERENCES `adm_ci_type_attr` (`id_adm_ci_type_attr`)
) ENGINE=InnoDB AUTO_INCREMENT=50 DEFAULT CHARSET=utf8;
/*!40101 SET character_set_client = @saved_cs_client */;

--
-- Dumping data for table `adm_integrate_template_alias_attr`
--

LOCK TABLES `adm_integrate_template_alias_attr` WRITE;
/*!40000 ALTER TABLE `adm_integrate_template_alias_attr` DISABLE KEYS */;
INSERT INTO `adm_integrate_template_alias_attr` (`id_attr`, `id_alias`, `id_ci_type_attr`, `is_condition`, `is_displayed`, `mapping_name`, `filter`, `key_name`, `seq_no`, `cn_alias`, `sys_attr`) VALUES (35,28,848,'1','1','唯一名称',NULL,'appSystem$keyName',1,NULL,NULL),(36,29,865,'1','1','唯一名称',NULL,'appSystem-subsys$keyName',1,NULL,NULL),(37,30,882,'1','1','唯一名称',NULL,'appSystem-subsys-unit$keyName',1,NULL,NULL),(38,31,922,'1','1','唯一名称',NULL,'appSystem-subsys-unit-appInstance$keyName',1,NULL,NULL),(39,32,534,'1','1','唯一名称',NULL,'appSystem-subsys-unit-appInstance-hostResourceInstance$keyName',1,NULL,NULL),(40,32,546,'1','1','IP地址',NULL,'appSystem-subsys-unit-appInstance-hostResourceInstance$ipAddress',1,NULL,NULL),(41,33,952,'1','1','唯一名称',NULL,'appSystem-subsys-unit-rdbInstance$keyName',1,NULL,NULL),(42,34,569,'1','1','唯一名称',NULL,'appSystem-subsys-unit-rdbInstance-rdbResourceInstance$keyName',1,NULL,NULL),(43,34,581,'1','1','IP地址',NULL,'appSystem-subsys-unit-rdbInstance-rdbResourceInstance$ipAddress',1,NULL,NULL),(44,35,980,'1','1','唯一名称',NULL,'appSystem-subsys-unit-cacheInstance$keyName',1,NULL,NULL),(45,36,604,'1','1','唯一名称',NULL,'appSystem-subsys-unit-cacheInstance-cacheResourceInstance$keyName',1,NULL,NULL),(46,36,616,'1','1','IP地址',NULL,'appSystem-subsys-unit-cacheInstance-cacheResourceInstance$ipAddress',1,NULL,NULL),(47,37,999,'1','1','唯一名称',NULL,'appSystem-subsys-unit-lbInstance$keyName',1,NULL,NULL),(48,38,639,'1','1','唯一名称',NULL,'appSystem-subsys-unit-lbInstance-lbResourceInstance$keyName',1,NULL,NULL),(49,38,649,'1','1','IP地址',NULL,'appSystem-subsys-unit-lbInstance-lbResourceInstance$ipAddress',1,NULL,NULL);
/*!40000 ALTER TABLE `adm_integrate_template_alias_attr` ENABLE KEYS */;
UNLOCK TABLES;

--
-- Table structure for table `adm_integrate_template_relation`
--

DROP TABLE IF EXISTS `adm_integrate_template_relation`;
/*!40101 SET @saved_cs_client     = @@character_set_client */;
 SET character_set_client = utf8mb4 ;
CREATE TABLE `adm_integrate_template_relation` (
  `id_relation` int(11) NOT NULL AUTO_INCREMENT,
  `child_alias_id` int(11) DEFAULT NULL,
  `child_ref_attr_id` int(11) DEFAULT NULL,
  `parent_alias_id` int(11) DEFAULT NULL,
  `is_refered_from_parent` int(1) NOT NULL,
  PRIMARY KEY (`id_relation`),
  KEY `fk_adm_integrate_template_relation_alias_2` (`parent_alias_id`),
  KEY `fk_adm_integrate_template_relation_alias_1` (`child_alias_id`),
  KEY `fk_adm_integrate_template_relation_attr_1` (`child_ref_attr_id`),
  CONSTRAINT `fk_adm_integrate_template_relation_alias_1` FOREIGN KEY (`child_alias_id`) REFERENCES `adm_integrate_template_alias` (`id_alias`),
  CONSTRAINT `fk_adm_integrate_template_relation_alias_2` FOREIGN KEY (`parent_alias_id`) REFERENCES `adm_integrate_template_alias` (`id_alias`),
  CONSTRAINT `fk_adm_integrate_template_relation_attr_1` FOREIGN KEY (`child_ref_attr_id`) REFERENCES `adm_ci_type_attr` (`id_adm_ci_type_attr`)
) ENGINE=InnoDB AUTO_INCREMENT=32 DEFAULT CHARSET=utf8;
/*!40101 SET character_set_client = @saved_cs_client */;

--
-- Dumping data for table `adm_integrate_template_relation`
--

LOCK TABLES `adm_integrate_template_relation` WRITE;
/*!40000 ALTER TABLE `adm_integrate_template_relation` DISABLE KEYS */;
INSERT INTO `adm_integrate_template_relation` (`id_relation`, `child_alias_id`, `child_ref_attr_id`, `parent_alias_id`, `is_refered_from_parent`) VALUES (22,29,869,28,0),(23,30,886,29,0),(24,31,926,30,0),(25,33,956,30,0),(26,35,984,30,0),(27,37,1003,30,0),(28,32,927,31,1),(29,34,957,33,1),(30,36,985,35,1),(31,38,1004,37,1);
/*!40000 ALTER TABLE `adm_integrate_template_relation` ENABLE KEYS */;
UNLOCK TABLES;

--
-- Table structure for table `adm_log`
--

DROP TABLE IF EXISTS `adm_log`;
/*!40101 SET @saved_cs_client     = @@character_set_client */;
 SET character_set_client = utf8mb4 ;
CREATE TABLE `adm_log` (
  `id_log` int(11) NOT NULL AUTO_INCREMENT,
  `log_cat` varchar(50) DEFAULT NULL,
  `id_adm_user` varchar(20) DEFAULT NULL,
  `operation` varchar(50) DEFAULT NULL,
  `log_content` longtext,
  `created_at` varchar(19) DEFAULT NULL,
  `guid` varchar(15) DEFAULT NULL,
  `updated_by` varchar(64) DEFAULT NULL,
  `updated_date` varchar(64) DEFAULT NULL,
  `created_by` varchar(64) DEFAULT NULL,
  `created_date` varchar(64) DEFAULT NULL,
  `ci_type_instance_guid` varchar(64) DEFAULT NULL,
  `remark` varchar(1000) DEFAULT NULL COMMENT '标注',
  `ci_type_name` varchar(100) DEFAULT NULL COMMENT 'ci类型名称',
  `ci_name` varchar(100) DEFAULT NULL COMMENT '操作ci名称',
  `status` int(2) DEFAULT '0',
  `ci_type_id` int(10) DEFAULT NULL COMMENT 'ci类型id',
  `request_url` varchar(500) DEFAULT NULL,
  `client_host` varchar(20) DEFAULT NULL,
  PRIMARY KEY (`id_log`),
  KEY `idx_created_at` (`created_at`),
  KEY `idx_ci_guid` (`ci_type_instance_guid`),
  KEY `NewIndex1` (`log_cat`),
  KEY `NewIndex2` (`ci_type_name`),
  KEY `NewIndex3` (`ci_name`)
) ENGINE=InnoDB AUTO_INCREMENT=66 DEFAULT CHARSET=utf8;
/*!40101 SET character_set_client = @saved_cs_client */;

--
-- Dumping data for table `adm_log`
--

--
-- Table structure for table `adm_menu`
--

DROP TABLE IF EXISTS `adm_menu`;
/*!40101 SET @saved_cs_client     = @@character_set_client */;
 SET character_set_client = utf8mb4 ;
CREATE TABLE `adm_menu` (
  `id_adm_menu` int(11) NOT NULL AUTO_INCREMENT,
  `name` varchar(255) DEFAULT NULL COMMENT '菜单名称',
  `other_name` varchar(255) DEFAULT NULL COMMENT '菜单别名',
  `url` varchar(255) DEFAULT NULL COMMENT 'url',
  `seq_no` int(11) DEFAULT NULL COMMENT '排序序号',
  `remark` varchar(255) DEFAULT NULL COMMENT '备注',
  `parent_id_adm_menu` int(11) DEFAULT NULL COMMENT '父菜单ID',
  `class_path` varchar(100) DEFAULT NULL COMMENT '目录对应的图标class',
  `is_active` int(1) DEFAULT '0' COMMENT '0正常，1禁用',
  PRIMARY KEY (`id_adm_menu`),
  KEY `fk_adm_menu_adm_menu_1` (`parent_id_adm_menu`)
) ENGINE=InnoDB AUTO_INCREMENT=25 DEFAULT CHARSET=utf8;
/*!40101 SET character_set_client = @saved_cs_client */;

--
-- Dumping data for table `adm_menu`
--

LOCK TABLES `adm_menu` WRITE;
/*!40000 ALTER TABLE `adm_menu` DISABLE KEYS */;
INSERT INTO `adm_menu` (`id_adm_menu`, `name`, `other_name`, `url`, `seq_no`, `remark`, `parent_id_adm_menu`, `class_path`, `is_active`) VALUES (1,'DATA_QUERY','数据查询',NULL,1,NULL,NULL,NULL,0),(2,'DATA_MANAGEMENT','数据管理',NULL,2,NULL,NULL,NULL,0),(4,'VIEW_MANAGEMENT','视图管理',NULL,4,NULL,NULL,NULL,0),(5,'ADMIN','系统',NULL,5,NULL,NULL,NULL,0),(6,'DESIGNING_CI_DATA_ENQUIRY','CI数据查询',NULL,6,NULL,1,NULL,0),(7,'DESIGNING_CI_INTEGRATED_QUERY_EXECUTION','CI数据综合查询',NULL,7,NULL,1,NULL,0),(8,'CMDB_DESIGNING_ENUM_ENQUIRY','枚举数据查询',NULL,8,NULL,1,NULL,0),(9,'DESIGNING_CI_DATA_MANAGEMENT','CI数据管理',NULL,9,NULL,2,NULL,0),(10,'DESIGNING_CI_INTEGRATED_QUERY_MANAGEMENT','CI综合查询管理',NULL,10,NULL,2,NULL,0),(11,'CMDB_DESIGNING_ENUM_MANAGEMENT','枚举数据管理',NULL,11,NULL,2,NULL,0),(16,'IDC_PLANNING_DESIGN','IDC规划设计',NULL,16,NULL,4,NULL,0),(17,'IDC_RESOURCE_PLANNING','IDC资源规划',NULL,17,NULL,4,NULL,0),(18,'APPLICATION_ARCHITECTURE_DESIGN','应用架构设计',NULL,18,NULL,4,NULL,0),(19,'APPLICATION_DEPLOYMENT_DESIGN','应用部署设计',NULL,19,NULL,4,NULL,0),(20,'ADMIN_CMDB_MODEL_MANAGEMENT','CMDB模型管理',NULL,20,NULL,5,NULL,0),(21,'ADMIN_PERMISSION_MANAGEMENT','系统权限管理',NULL,21,NULL,5,NULL,0),(22,'CMDB_ADMIN_BASE_DATA_MANAGEMENT','基础数据管理',NULL,22,NULL,5,NULL,0),(23,'ADMIN_QUERY_LOG','日志查询',NULL,23,NULL,5,NULL,0),(24,'ADMIN_USER_PASSWORD_MANAGEMENT','用户密码管理',NULL,24,NULL,5,NULL,0);
/*!40000 ALTER TABLE `adm_menu` ENABLE KEYS */;
UNLOCK TABLES;

--
-- Table structure for table `adm_role`
--

DROP TABLE IF EXISTS `adm_role`;
/*!40101 SET @saved_cs_client     = @@character_set_client */;
 SET character_set_client = utf8mb4 ;
CREATE TABLE `adm_role` (
  `id_adm_role` int(11) NOT NULL AUTO_INCREMENT COMMENT 'id_adm_role',
  `role_name` varchar(32) DEFAULT NULL COMMENT '角色名称',
  `description` varchar(255) DEFAULT NULL COMMENT '描述',
  `id_adm_tenement` int(11) DEFAULT NULL COMMENT 'id_adm_tenement',
  `parent_id_adm_role` int(11) DEFAULT NULL COMMENT '父角色ID',
  `role_type` varchar(32) DEFAULT NULL COMMENT '角色类型（平台管理、租户管理、CI管理、数据使用）',
  `is_system` int(1) DEFAULT '0' COMMENT '是否系统数据',
  PRIMARY KEY (`id_adm_role`),
  KEY `fk_adm_role_adm_tenement_1` (`id_adm_tenement`),
  KEY `fk_adm_role_adm_role_1` (`parent_id_adm_role`),
  CONSTRAINT `fk_adm_role_adm_role_1` FOREIGN KEY (`parent_id_adm_role`) REFERENCES `adm_role` (`id_adm_role`),
  CONSTRAINT `fk_adm_role_adm_tenement_1` FOREIGN KEY (`id_adm_tenement`) REFERENCES `adm_tenement` (`id_adm_tenement`)
) ENGINE=InnoDB AUTO_INCREMENT=16 DEFAULT CHARSET=utf8;
/*!40101 SET character_set_client = @saved_cs_client */;

--
-- Dumping data for table `adm_role`
--

LOCK TABLES `adm_role` WRITE;
/*!40000 ALTER TABLE `adm_role` DISABLE KEYS */;
INSERT INTO `adm_role` (`id_adm_role`, `role_name`, `description`, `id_adm_tenement`, `parent_id_adm_role`, `role_type`, `is_system`) VALUES (1,'SUPER_ADMIN','超级管理员',NULL,NULL,'ADMIN',1),(13,'SUB_SYSTEM',NULL,NULL,NULL,NULL,NULL);
/*!40000 ALTER TABLE `adm_role` ENABLE KEYS */;
UNLOCK TABLES;

--
-- Table structure for table `adm_role_ci_type`
--

DROP TABLE IF EXISTS `adm_role_ci_type`;
/*!40101 SET @saved_cs_client     = @@character_set_client */;
 SET character_set_client = utf8mb4 ;
CREATE TABLE `adm_role_ci_type` (
  `id_adm_role_ci_type` int(11) NOT NULL AUTO_INCREMENT COMMENT 'id_adm_role_ci_type',
  `id_adm_role` int(11) NOT NULL COMMENT 'id_adm_role',
  `id_adm_ci_type` int(11) NOT NULL COMMENT 'id_adm_ci_type',
  `ci_type_name` varchar(100) DEFAULT NULL,
  `creation_permission` varchar(1) NOT NULL DEFAULT 'N',
  `removal_permission` varchar(1) NOT NULL DEFAULT 'N',
  `modification_permission` varchar(1) NOT NULL DEFAULT 'N',
  `enquiry_permission` varchar(1) NOT NULL DEFAULT 'N',
  `execution_permission` varchar(1) NOT NULL DEFAULT 'N',
  `grant_permission` varchar(1) NOT NULL DEFAULT 'N',
  PRIMARY KEY (`id_adm_role_ci_type`),
  UNIQUE KEY `role_citype_unique` (`id_adm_role`,`id_adm_ci_type`),
  KEY `fk_adm_role_ci_type_adm_role_1` (`id_adm_role`),
  KEY `FK_adm_role_ci_type_adm_ci_type` (`id_adm_ci_type`),
  CONSTRAINT `fk_adm_role_ci_type_adm_citype_1` FOREIGN KEY (`id_adm_ci_type`) REFERENCES `adm_ci_type` (`id_adm_ci_type`) ON DELETE CASCADE,
  CONSTRAINT `fk_adm_role_ci_type_adm_role_1` FOREIGN KEY (`id_adm_role`) REFERENCES `adm_role` (`id_adm_role`) ON DELETE CASCADE
) ENGINE=InnoDB AUTO_INCREMENT=749 DEFAULT CHARSET=utf8;
/*!40101 SET character_set_client = @saved_cs_client */;

--
-- Dumping data for table `adm_role_ci_type`
--

LOCK TABLES `adm_role_ci_type` WRITE;
/*!40000 ALTER TABLE `adm_role_ci_type` DISABLE KEYS */;
INSERT INTO `adm_role_ci_type` (`id_adm_role_ci_type`, `id_adm_role`, `id_adm_ci_type`, `ci_type_name`, `creation_permission`, `removal_permission`, `modification_permission`, `enquiry_permission`, `execution_permission`, `grant_permission`) VALUES (1,1,1,'管理角色','Y','Y','Y','Y','Y','N'),(2,1,2,'单元类型','Y','Y','Y','Y','Y','N'),(3,1,3,'部署环境','Y','Y','Y','Y','Y','N'),(4,1,4,'法人','Y','Y','Y','Y','Y','N'),(5,1,5,'应用域','Y','Y','Y','Y','Y','N'),(6,1,6,'云厂商','Y','Y','Y','Y','Y','N'),(7,1,7,'集群类型','Y','Y','Y','Y','Y','N'),(8,1,8,'集群节点类型','Y','Y','Y','Y','Y','N'),(9,1,9,'资源实例类型','Y','Y','Y','Y','Y','N'),(10,1,10,'资源实例规格','Y','Y','Y','Y','Y','N'),(11,1,11,'资源实例系统','Y','Y','Y','Y','Y','N'),(12,1,12,'数据中心设计','Y','Y','Y','Y','Y','N'),(13,1,13,'网段设计','Y','Y','Y','Y','Y','N'),(14,1,14,'网络区域设计','Y','Y','Y','Y','Y','N'),(15,1,15,'默认安全策略设计','Y','Y','Y','Y','Y','N'),(16,1,16,'网络区域连接设计','Y','Y','Y','Y','Y','N'),(18,1,18,'业务区域设计','Y','Y','Y','Y','Y','N'),(19,1,19,'资源集合设计','Y','Y','Y','Y','Y','N'),(20,1,20,'资源集合路由设计','Y','Y','Y','Y','Y','N'),(21,1,21,'资源集合调用设计','Y','Y','Y','Y','Y','N'),(22,1,22,'数据中心','Y','Y','Y','Y','Y','N'),(23,1,23,'网段','Y','Y','Y','Y','Y','N'),(24,1,24,'网络区域','Y','Y','Y','Y','Y','N'),(25,1,25,'默认安全策略','Y','Y','Y','Y','Y','N'),(26,1,26,'网络区域连接','Y','Y','Y','Y','Y','N'),(28,1,28,'业务区域','Y','Y','Y','Y','Y','N'),(29,1,29,'资源集合','Y','Y','Y','Y','Y','N'),(30,1,30,'资源集合路由','Y','Y','Y','Y','Y','N'),(31,1,31,'IP地址','Y','Y','Y','Y','Y','N'),(32,1,32,'主机资源实例','Y','Y','Y','Y','Y','N'),(33,1,33,'数据库资源实例','Y','Y','Y','Y','Y','N'),(34,1,34,'缓存资源实例','Y','Y','Y','Y','Y','N'),(35,1,35,'负载均衡资源实例','Y','Y','Y','Y','Y','N'),(36,1,36,'块存储','Y','Y','Y','Y','Y','N'),(37,1,37,'应用系统设计','Y','Y','Y','Y','Y','N'),(38,1,38,'子系统设计','N','N','N','N','N','N'),(39,1,39,'单元设计','Y','Y','Y','Y','Y','N'),(40,1,40,'调用设计','Y','Y','Y','Y','Y','N'),(41,1,41,'服务设计','Y','Y','Y','Y','Y','N'),(42,1,42,'服务调用设计','Y','Y','Y','Y','Y','N'),(43,1,43,'服务调用时序设计','Y','Y','Y','Y','Y','N'),(44,1,44,'差异化配置','Y','Y','Y','Y','Y','N'),(45,1,45,'部署物料包','Y','Y','Y','Y','Y','N'),(46,1,46,'应用系统','Y','Y','Y','Y','Y','N'),(47,1,47,'子系统','Y','Y','Y','Y','Y','N'),(48,1,48,'单元','Y','Y','Y','Y','Y','N'),(49,1,49,'调用','Y','Y','Y','Y','Y','N'),(50,1,50,'应用实例','Y','Y','Y','Y','Y','N'),(51,1,51,'数据库实例','Y','Y','Y','Y','Y','N'),(52,1,52,'缓存实例','Y','Y','Y','Y','Y','N'),(53,1,53,'负载均衡实例','Y','Y','Y','Y','Y','N'),(54,1,54,'节点类型','Y','Y','Y','Y','Y','N'),(523,1,62,'存储类型','Y','Y','Y','Y','Y','N'),(524,1,63,'计费模型','Y','Y','Y','Y','Y','N'),(525,1,64,'静态差异化值','Y','Y','Y','Y','Y','N'),(584,13,1,'管理角色','Y','Y','Y','Y','Y','Y'),(585,13,2,'单元类型','Y','Y','Y','Y','Y','Y'),(586,13,3,'部署环境','Y','Y','Y','Y','Y','Y'),(587,13,4,'法人','Y','Y','Y','Y','Y','Y'),(588,13,5,'应用域','Y','Y','Y','Y','Y','Y'),(589,13,6,'云厂商','Y','Y','Y','Y','Y','Y'),(590,13,7,'集群类型','Y','Y','Y','Y','Y','Y'),(591,13,8,'集群节点类型','Y','Y','Y','Y','Y','Y'),(592,13,9,'资源实例类型','Y','Y','Y','Y','Y','Y'),(593,13,10,'资源实例规格','Y','Y','Y','Y','Y','Y'),(594,13,11,'资源实例系统','Y','Y','Y','Y','Y','Y'),(595,13,12,'数据中心设计','Y','Y','Y','Y','Y','Y'),(596,13,13,'网段设计','Y','Y','Y','Y','Y','Y'),(597,13,14,'网络区域设计','Y','Y','Y','Y','Y','Y'),(598,13,15,'默认安全策略设计','Y','Y','Y','Y','Y','Y'),(599,13,16,'网络连接设计','Y','Y','Y','Y','Y','Y'),(600,13,18,'业务区域设计','Y','Y','Y','Y','Y','Y'),(601,13,19,'资源集合设计','Y','Y','Y','Y','Y','Y'),(602,13,20,'路由设计','Y','Y','Y','Y','Y','Y'),(603,13,21,'资源集合调用设计','Y','Y','Y','Y','Y','Y'),(604,13,22,'数据中心','Y','Y','Y','Y','Y','Y'),(605,13,23,'网段','Y','Y','Y','Y','Y','Y'),(606,13,24,'网络区域','Y','Y','Y','Y','Y','Y'),(607,13,25,'默认安全策略','Y','Y','Y','Y','Y','Y'),(608,13,26,'网络连接','Y','Y','Y','Y','Y','Y'),(609,13,28,'业务区域','Y','Y','Y','Y','Y','Y'),(610,13,29,'资源集合','Y','Y','Y','Y','Y','Y'),(611,13,30,'路由','Y','Y','Y','Y','Y','Y'),(612,13,31,'IP地址','Y','Y','Y','Y','Y','Y'),(613,13,32,'主机资源实例','Y','Y','Y','Y','Y','Y'),(614,13,33,'数据库资源实例','Y','Y','Y','Y','Y','Y'),(615,13,34,'缓存资源实例','Y','Y','Y','Y','Y','Y'),(616,13,35,'负载均衡资源实例','Y','Y','Y','Y','Y','Y'),(617,13,36,'块存储','Y','Y','Y','Y','Y','Y'),(618,13,37,'应用系统设计','Y','Y','Y','Y','Y','Y'),(619,13,38,'子系统设计','Y','Y','Y','Y','Y','Y'),(620,13,39,'单元设计','Y','Y','Y','Y','Y','Y'),(621,13,40,'调用设计','Y','Y','Y','Y','Y','Y'),(622,13,41,'服务设计','Y','Y','Y','Y','Y','Y'),(623,13,42,'服务调用设计','Y','Y','Y','Y','Y','Y'),(624,13,43,'服务调用时序设计','Y','Y','Y','Y','Y','Y'),(625,13,44,'差异化配置','Y','Y','Y','Y','Y','Y'),(626,13,45,'部署物料包','Y','Y','Y','Y','Y','Y'),(627,13,46,'应用系统','Y','Y','Y','Y','Y','Y'),(628,13,47,'子系统','Y','Y','Y','Y','Y','Y'),(629,13,48,'单元','Y','Y','Y','Y','Y','Y'),(630,13,49,'调用','Y','Y','Y','Y','Y','Y'),(631,13,50,'应用实例','Y','Y','Y','Y','Y','Y'),(632,13,51,'数据库实例','Y','Y','Y','Y','Y','Y'),(633,13,52,'缓存实例','Y','Y','Y','Y','Y','Y'),(634,13,53,'负载均衡实例','Y','Y','Y','Y','Y','Y'),(635,13,54,'网络连接类型','Y','Y','Y','Y','Y','Y'),(636,13,62,'存储类型','Y','Y','Y','Y','Y','Y'),(637,13,63,'计费模式','Y','Y','Y','Y','Y','Y'),(638,13,64,'静态差异化值','Y','Y','Y','Y','Y','Y');
/*!40000 ALTER TABLE `adm_role_ci_type` ENABLE KEYS */;
UNLOCK TABLES;

--
-- Table structure for table `adm_role_ci_type_ctrl_attr`
--

DROP TABLE IF EXISTS `adm_role_ci_type_ctrl_attr`;
/*!40101 SET @saved_cs_client     = @@character_set_client */;
 SET character_set_client = utf8mb4 ;
CREATE TABLE `adm_role_ci_type_ctrl_attr` (
  `id_adm_role_ci_type_ctrl_attr` int(11) NOT NULL AUTO_INCREMENT COMMENT 'id_adm_role_ci_type_ctrl_attr',
  `id_adm_role_ci_type` int(11) NOT NULL COMMENT 'id_adm_role_ci_type',
  `creation_permission` varchar(1) NOT NULL DEFAULT 'N',
  `removal_permission` varchar(1) NOT NULL DEFAULT 'N',
  `modification_permission` varchar(1) NOT NULL DEFAULT 'N',
  `enquiry_permission` varchar(1) NOT NULL DEFAULT 'N',
  `execution_permission` varchar(1) NOT NULL DEFAULT 'N',
  `grant_permission` varchar(1) NOT NULL DEFAULT 'N',
  PRIMARY KEY (`id_adm_role_ci_type_ctrl_attr`),
  KEY `fk_adm_role_ci_type_attribute_adm_role_ci_type_1` (`id_adm_role_ci_type`),
  CONSTRAINT `fk_adm_role_ci_type_attribute_adm_role_ci_type_1` FOREIGN KEY (`id_adm_role_ci_type`) REFERENCES `adm_role_ci_type` (`id_adm_role_ci_type`) ON DELETE CASCADE
) ENGINE=InnoDB AUTO_INCREMENT=3 DEFAULT CHARSET=utf8;
/*!40101 SET character_set_client = @saved_cs_client */;

--
-- Dumping data for table `adm_role_ci_type_ctrl_attr`
--

LOCK TABLES `adm_role_ci_type_ctrl_attr` WRITE;
/*!40000 ALTER TABLE `adm_role_ci_type_ctrl_attr` DISABLE KEYS */;
INSERT INTO `adm_role_ci_type_ctrl_attr` (`id_adm_role_ci_type_ctrl_attr`, `id_adm_role_ci_type`, `creation_permission`, `removal_permission`, `modification_permission`, `enquiry_permission`, `execution_permission`, `grant_permission`) VALUES (2,38,'Y','Y','Y','Y','Y','N');
/*!40000 ALTER TABLE `adm_role_ci_type_ctrl_attr` ENABLE KEYS */;
UNLOCK TABLES;

--
-- Table structure for table `adm_role_ci_type_ctrl_attr_condition`
--

DROP TABLE IF EXISTS `adm_role_ci_type_ctrl_attr_condition`;
/*!40101 SET @saved_cs_client     = @@character_set_client */;
 SET character_set_client = utf8mb4 ;
CREATE TABLE `adm_role_ci_type_ctrl_attr_condition` (
  `id_adm_role_ci_type_ctrl_attr_condition` int(11) NOT NULL AUTO_INCREMENT,
  `id_adm_role_ci_type_ctrl_attr` int(11) NOT NULL,
  `id_adm_ci_type_attr` int(11) NOT NULL,
  `ci_type_attr_name` varchar(100) DEFAULT NULL,
  `condition_value` varchar(1000) DEFAULT NULL,
  `condition_value_type` varchar(100) DEFAULT NULL,
  PRIMARY KEY (`id_adm_role_ci_type_ctrl_attr_condition`),
  UNIQUE KEY `role_citype_ctrlattr_cond_unique` (`id_adm_role_ci_type_ctrl_attr`,`id_adm_ci_type_attr`),
  KEY `fk_adm_role_ci_type_attr_adm_role_ci_type_attr_1` (`id_adm_role_ci_type_ctrl_attr`),
  KEY `fk_adm_role_ci_type_attr_adm_ci_type_attr_1` (`id_adm_ci_type_attr`),
  CONSTRAINT `fk_adm_role_ci_type_attr_adm_ci_type_attr_1` FOREIGN KEY (`id_adm_ci_type_attr`) REFERENCES `adm_ci_type_attr` (`id_adm_ci_type_attr`) ON DELETE CASCADE,
  CONSTRAINT `fk_adm_role_ci_type_attr_adm_role_ci_type_attr_1` FOREIGN KEY (`id_adm_role_ci_type_ctrl_attr`) REFERENCES `adm_role_ci_type_ctrl_attr` (`id_adm_role_ci_type_ctrl_attr`) ON DELETE CASCADE
) ENGINE=InnoDB AUTO_INCREMENT=3 DEFAULT CHARSET=utf8;
/*!40101 SET character_set_client = @saved_cs_client */;

--
-- Dumping data for table `adm_role_ci_type_ctrl_attr_condition`
--

LOCK TABLES `adm_role_ci_type_ctrl_attr_condition` WRITE;
/*!40000 ALTER TABLE `adm_role_ci_type_ctrl_attr_condition` DISABLE KEYS */;
INSERT INTO `adm_role_ci_type_ctrl_attr_condition` (`id_adm_role_ci_type_ctrl_attr_condition`, `id_adm_role_ci_type_ctrl_attr`, `id_adm_ci_type_attr`, `ci_type_attr_name`, `condition_value`, `condition_value_type`) VALUES (2,2,709,'应用系统设计',NULL,'Expression');
/*!40000 ALTER TABLE `adm_role_ci_type_ctrl_attr_condition` ENABLE KEYS */;
UNLOCK TABLES;

--
-- Table structure for table `adm_role_ci_type_ctrl_attr_expression`
--

DROP TABLE IF EXISTS `adm_role_ci_type_ctrl_attr_expression`;
/*!40101 SET @saved_cs_client     = @@character_set_client */;
 SET character_set_client = utf8mb4 ;
CREATE TABLE `adm_role_ci_type_ctrl_attr_expression` (
  `id_adm_role_ci_type_ctrl_attr_expression` int(11) NOT NULL AUTO_INCREMENT,
  `id_adm_role_ci_type_ctrl_attr_condition` int(11) DEFAULT NULL,
  `expression` varchar(500) DEFAULT NULL,
  PRIMARY KEY (`id_adm_role_ci_type_ctrl_attr_expression`),
  KEY `id_adm_role_ci_type_attr_condition` (`id_adm_role_ci_type_ctrl_attr_condition`),
  CONSTRAINT `id_adm_role_ci_type_attr_condition` FOREIGN KEY (`id_adm_role_ci_type_ctrl_attr_condition`) REFERENCES `adm_role_ci_type_ctrl_attr_condition` (`id_adm_role_ci_type_ctrl_attr_condition`)
) ENGINE=InnoDB AUTO_INCREMENT=2 DEFAULT CHARSET=utf8;
/*!40101 SET character_set_client = @saved_cs_client */;

--
-- Dumping data for table `adm_role_ci_type_ctrl_attr_expression`
--

LOCK TABLES `adm_role_ci_type_ctrl_attr_expression` WRITE;
/*!40000 ALTER TABLE `adm_role_ci_type_ctrl_attr_expression` DISABLE KEYS */;
INSERT INTO `adm_role_ci_type_ctrl_attr_expression` (`id_adm_role_ci_type_ctrl_attr_expression`, `id_adm_role_ci_type_ctrl_attr_condition`, `expression`) VALUES (1,2,'app_system_design:[guid].application_domain>application_domain[{code eq \'ADc\'}]');
/*!40000 ALTER TABLE `adm_role_ci_type_ctrl_attr_expression` ENABLE KEYS */;
UNLOCK TABLES;

--
-- Table structure for table `adm_role_ci_type_ctrl_attr_select`
--

DROP TABLE IF EXISTS `adm_role_ci_type_ctrl_attr_select`;
/*!40101 SET @saved_cs_client     = @@character_set_client */;
 SET character_set_client = utf8mb4 ;
CREATE TABLE `adm_role_ci_type_ctrl_attr_select` (
  `id_adm_role_ci_type_ctrl_attr_select` int(11) NOT NULL AUTO_INCREMENT,
  `id_adm_role_ci_type_ctrl_attr_condition` int(11) NOT NULL,
  `id_adm_basekey` int(11) DEFAULT NULL,
  PRIMARY KEY (`id_adm_role_ci_type_ctrl_attr_select`),
  KEY `id_adm_role_ci_type_ctrl_attr_condition` (`id_adm_role_ci_type_ctrl_attr_condition`),
  KEY `id_adm_basekey_code` (`id_adm_basekey`),
  CONSTRAINT `id_adm_basekey_code` FOREIGN KEY (`id_adm_basekey`) REFERENCES `adm_basekey_code` (`id_adm_basekey`),
  CONSTRAINT `id_adm_role_ci_type_ctrl_attr_condition` FOREIGN KEY (`id_adm_role_ci_type_ctrl_attr_condition`) REFERENCES `adm_role_ci_type_ctrl_attr_condition` (`id_adm_role_ci_type_ctrl_attr_condition`)
) ENGINE=InnoDB DEFAULT CHARSET=utf8;
/*!40101 SET character_set_client = @saved_cs_client */;

--
-- Dumping data for table `adm_role_ci_type_ctrl_attr_select`
--

LOCK TABLES `adm_role_ci_type_ctrl_attr_select` WRITE;
/*!40000 ALTER TABLE `adm_role_ci_type_ctrl_attr_select` DISABLE KEYS */;
/*!40000 ALTER TABLE `adm_role_ci_type_ctrl_attr_select` ENABLE KEYS */;
UNLOCK TABLES;

--
-- Table structure for table `adm_role_menu`
--

DROP TABLE IF EXISTS `adm_role_menu`;
/*!40101 SET @saved_cs_client     = @@character_set_client */;
 SET character_set_client = utf8mb4 ;
CREATE TABLE `adm_role_menu` (
  `id_adm_role_menu` int(11) NOT NULL AUTO_INCREMENT COMMENT 'id_adm_role_menu',
  `id_adm_role` int(11) DEFAULT NULL COMMENT 'id_adm_role',
  `id_adm_menu` int(11) DEFAULT NULL COMMENT 'id_adm_menu',
  `is_system` int(1) DEFAULT '0' COMMENT '是否系统数据',
  PRIMARY KEY (`id_adm_role_menu`),
  UNIQUE KEY `role_menu_unique` (`id_adm_role`,`id_adm_menu`),
  KEY `fk_adm_role_menu_adm_role_1` (`id_adm_role`),
  KEY `fk_adm_role_menu_adm_menu_1` (`id_adm_menu`),
  CONSTRAINT `fk_adm_role_menu_adm_menu_1` FOREIGN KEY (`id_adm_menu`) REFERENCES `adm_menu` (`id_adm_menu`) ON DELETE CASCADE,
  CONSTRAINT `fk_adm_role_menu_adm_role_1` FOREIGN KEY (`id_adm_role`) REFERENCES `adm_role` (`id_adm_role`) ON DELETE CASCADE
) ENGINE=InnoDB AUTO_INCREMENT=64 DEFAULT CHARSET=utf8;
/*!40101 SET character_set_client = @saved_cs_client */;

--
-- Dumping data for table `adm_role_menu`
--

LOCK TABLES `adm_role_menu` WRITE;
/*!40000 ALTER TABLE `adm_role_menu` DISABLE KEYS */;
INSERT INTO `adm_role_menu` (`id_adm_role_menu`, `id_adm_role`, `id_adm_menu`, `is_system`) VALUES (1,1,1,0),(2,1,2,0),(5,1,5,1),(6,1,6,0),(7,1,7,0),(8,1,8,0),(9,1,9,0),(10,1,10,0),(11,1,11,0),(16,1,16,0),(17,1,17,0),(18,1,18,0),(19,1,19,0),(20,1,20,0),(21,1,21,1),(22,1,22,0),(23,1,23,0),(24,1,24,0),(44,9,6,0),(45,9,7,0),(46,9,8,0),(47,9,9,0),(48,9,10,0),(49,9,11,0),(50,6,16,0),(51,6,17,0),(52,6,18,0),(53,6,19,0),(54,6,6,0),(55,6,7,0),(56,6,8,0),(57,6,9,0),(58,6,10,0),(59,6,11,0),(61,6,22,0),(62,6,20,0),(63,6,23,0);
/*!40000 ALTER TABLE `adm_role_menu` ENABLE KEYS */;
UNLOCK TABLES;

--
-- Table structure for table `adm_role_user`
--

DROP TABLE IF EXISTS `adm_role_user`;
/*!40101 SET @saved_cs_client     = @@character_set_client */;
 SET character_set_client = utf8mb4 ;
CREATE TABLE `adm_role_user` (
  `id_adm_role_user` int(11) NOT NULL AUTO_INCREMENT COMMENT 'id_adm_role_user',
  `id_adm_role` int(11) DEFAULT NULL COMMENT 'id_adm_role',
  `id_adm_user` int(11) DEFAULT NULL COMMENT 'id_adm_user',
  `is_system` int(1) DEFAULT '0' COMMENT '是否系统数据',
  PRIMARY KEY (`id_adm_role_user`),
  KEY `fk_adm_role_user_adm_role_1` (`id_adm_role`),
  KEY `fk_adm_role_user_adm_user_1` (`id_adm_user`),
  CONSTRAINT `fk_adm_role_user_adm_role_1` FOREIGN KEY (`id_adm_role`) REFERENCES `adm_role` (`id_adm_role`),
  CONSTRAINT `fk_adm_role_user_adm_user_1` FOREIGN KEY (`id_adm_user`) REFERENCES `adm_user` (`id_adm_user`)
) ENGINE=InnoDB AUTO_INCREMENT=5 DEFAULT CHARSET=utf8;
/*!40101 SET character_set_client = @saved_cs_client */;

--
-- Dumping data for table `adm_role_user`
--

LOCK TABLES `adm_role_user` WRITE;
/*!40000 ALTER TABLE `adm_role_user` DISABLE KEYS */;
INSERT INTO `adm_role_user` (`id_adm_role_user`, `id_adm_role`, `id_adm_user`, `is_system`) VALUES (1,1,1,1);
/*!40000 ALTER TABLE `adm_role_user` ENABLE KEYS */;
UNLOCK TABLES;

--
-- Table structure for table `adm_sequence`
--

DROP TABLE IF EXISTS `adm_sequence`;
/*!40101 SET @saved_cs_client     = @@character_set_client */;
 SET character_set_client = utf8mb4 ;
CREATE TABLE `adm_sequence` (
  `id_adm_sequence` int(10) NOT NULL AUTO_INCREMENT COMMENT 'id_adm_sequence',
  `seq_name` varchar(64) NOT NULL COMMENT '序列名称',
  `current_val` int(11) DEFAULT NULL COMMENT '当前值',
  `increment_val` int(11) DEFAULT NULL COMMENT '步长',
  `length_limitation` int(11) DEFAULT NULL COMMENT '位数限制',
  `left_zero_padding` varchar(1) DEFAULT NULL COMMENT '是否补零，y为是，n为否',
  PRIMARY KEY (`id_adm_sequence`),
  UNIQUE KEY `seq_name_index` (`seq_name`)
) ENGINE=InnoDB AUTO_INCREMENT=58 DEFAULT CHARSET=utf8;
/*!40101 SET character_set_client = @saved_cs_client */;

--
-- Dumping data for table `adm_sequence`
--

LOCK TABLES `adm_sequence` WRITE;
/*!40000 ALTER TABLE `adm_sequence` DISABLE KEYS */;
INSERT INTO `adm_sequence` (`id_adm_sequence`, `seq_name`, `current_val`, `increment_val`, `length_limitation`, `left_zero_padding`) VALUES (1,'manage_role',1,1,8,'N'),(2,'data_center_design',2,1,8,'N'),(3,'network_segment_design',46,1,8,'N'),(4,'network_zone_design',15,1,8,'N'),(5,'application_domain',3,1,8,'N'),(6,'business_zone_design',11,1,8,'N'),(7,'unit_type',12,1,8,'N'),(8,'resource_set_design',48,1,8,'N'),(9,'resource_set_invoke_design',27,1,8,'N'),(10,'network_link_design',27,1,8,'N'),(11,'default_security_policy_design',70,1,8,'N'),(14,'cloud_vendor',6,1,8,'N'),(15,'deploy_environment',3,1,8,'N'),(16,'data_center',18,1,8,'N'),(17,'network_segment',109,1,8,'N'),(18,'network_zone',25,1,8,'N'),(19,'business_zone',19,1,8,'N'),(20,'cluster_type',25,1,8,'N'),(21,'cluster_node_type',15,1,8,'N'),(22,'resource_set',136,1,8,'N'),(23,'ip_address',61,1,8,'N'),(24,'resource_instance_type',38,1,8,'N'),(25,'resource_instance_system',35,1,8,'N'),(26,'resource_instance_spec',56,1,8,'N'),(27,'host_resource_instance',23,1,8,'N'),(28,'network_link_type',15,1,8,'N'),(29,'rdb_resource_instance',8,1,8,'N'),(30,'lb_resource_instance',16,1,8,'N'),(31,'app_system_design',8,1,8,'N'),(32,'subsys_design',8,1,8,'N'),(33,'unit_design',19,1,8,'N'),(34,'invoke_design',17,1,8,'N'),(35,'service_design',7,1,8,'N'),(36,'service_invoke_design',6,1,8,'N'),(37,'legal_person',1,1,8,'N'),(38,'app_system',7,1,8,'N'),(39,'subsys',9,1,8,'N'),(40,'unit',25,1,8,'N'),(41,'app_instance',15,1,8,'N'),(42,'network_link',39,1,8,'N'),(43,'route_design',27,1,8,'N'),(44,'route',66,1,8,'N'),(45,'default_security_policy',136,1,8,'N'),(46,'rdb_instance',5,1,8,'N'),(47,'lb_instance',14,1,8,'N'),(48,'invoke',17,1,8,'N'),(49,'deploy_package',4,1,8,'N'),(50,'diff_configuration',13,1,8,'N'),(51,'cache_resource_instance',6,1,8,'N'),(52,'block_storage',5,1,8,'N'),(53,'service_invoke_seq_design',3,1,8,'N'),(54,'cache_instance',5,1,8,'N'),(55,'charge_type',6,1,8,'N'),(56,'storage_type',44,1,8,'N'),(57,'static_diff_conf_value',2,1,8,'N');
/*!40000 ALTER TABLE `adm_sequence` ENABLE KEYS */;
UNLOCK TABLES;

--
-- Table structure for table `adm_state_transition`
--

DROP TABLE IF EXISTS `adm_state_transition`;
/*!40101 SET @saved_cs_client     = @@character_set_client */;
 SET character_set_client = utf8mb4 ;
CREATE TABLE `adm_state_transition` (
  `id_adm_state_transition` int(11) NOT NULL,
  `current_state` int(11) DEFAULT NULL,
  `current_state_is_confirmed` tinyint(4) DEFAULT NULL,
  `target_state` int(11) DEFAULT NULL,
  `target_state_is_confirmed` tinyint(4) DEFAULT NULL,
  `operation` int(11) DEFAULT NULL,
  `action` int(11) DEFAULT NULL,
  `status` varchar(45) DEFAULT NULL,
  PRIMARY KEY (`id_adm_state_transition`),
  KEY `fk_adm_state_transition_current_state_idx` (`current_state`),
  KEY `fk_adm_state_transition_target_state_idx` (`target_state`),
  KEY `fk_adm_state_transition_operation_idx` (`operation`),
  KEY `fk_adm_state_transition_action_idx` (`action`),
  CONSTRAINT `fk_adm_state_transition_action` FOREIGN KEY (`action`) REFERENCES `adm_basekey_code` (`id_adm_basekey`),
  CONSTRAINT `fk_adm_state_transition_current_state` FOREIGN KEY (`current_state`) REFERENCES `adm_basekey_code` (`id_adm_basekey`),
  CONSTRAINT `fk_adm_state_transition_operation` FOREIGN KEY (`operation`) REFERENCES `adm_basekey_code` (`id_adm_basekey`),
  CONSTRAINT `fk_adm_state_transition_target_state` FOREIGN KEY (`target_state`) REFERENCES `adm_basekey_code` (`id_adm_basekey`)
) ENGINE=InnoDB DEFAULT CHARSET=utf8;
/*!40101 SET character_set_client = @saved_cs_client */;

--
-- Dumping data for table `adm_state_transition`
--

LOCK TABLES `adm_state_transition` WRITE;
/*!40000 ALTER TABLE `adm_state_transition` DISABLE KEYS */;
INSERT INTO `adm_state_transition` (`id_adm_state_transition`, `current_state`, `current_state_is_confirmed`, `target_state`, `target_state_is_confirmed`, `operation`, `action`, `status`) VALUES (1,37,0,NULL,NULL,48,54,'active'),(2,NULL,NULL,37,0,45,52,'active'),(3,37,0,37,0,46,56,'active'),(4,37,0,37,1,49,57,'active'),(5,37,1,38,0,46,53,'active'),(6,38,0,37,1,47,55,'active'),(7,37,1,39,0,48,53,'active'),(8,39,0,37,1,47,55,'active'),(9,38,0,38,0,46,56,'active'),(10,38,0,38,1,49,57,'active'),(11,38,1,38,0,46,53,'active'),(12,38,0,38,1,47,55,'active'),(13,38,1,39,0,48,53,'active'),(14,39,0,38,1,47,55,'active'),(15,39,0,39,1,49,57,'active'),(16,40,0,NULL,NULL,48,54,'active'),(17,NULL,NULL,40,0,45,52,'active'),(18,40,0,40,0,46,56,'active'),(19,40,0,40,1,49,57,'active'),(20,40,1,41,0,50,53,'active'),(21,41,0,40,1,47,55,'active'),(22,41,0,41,1,49,57,'active'),(23,40,1,43,0,51,53,'active'),(24,43,0,40,1,47,55,'active'),(25,43,0,43,1,49,57,'active'),(26,41,1,43,0,51,53,'active'),(27,43,0,41,1,47,55,'active'),(28,43,1,41,0,50,53,'active'),(29,41,0,43,1,47,55,'active'),(30,41,1,42,0,46,53,'active'),(31,42,0,41,1,47,55,'active'),(32,43,1,42,0,46,53,'active'),(33,42,0,43,1,47,55,'active'),(34,42,0,42,0,46,56,'active'),(35,42,0,42,1,49,57,'active'),(36,42,1,43,0,51,53,'active'),(37,43,0,42,1,47,55,'active'),(38,42,1,41,0,50,53,'active'),(39,41,0,42,1,47,55,'active'),(40,43,1,44,0,48,53,'active'),(41,44,0,43,1,47,55,'active'),(42,44,0,44,1,49,57,'active'),(43,34,0,NULL,NULL,48,54,'active'),(44,NULL,NULL,34,0,45,52,'active'),(45,34,0,34,0,46,56,'active'),(46,34,0,34,1,49,57,'active'),(47,34,1,35,0,46,53,'active'),(48,35,0,34,1,47,55,'active'),(49,34,1,36,0,48,53,'active'),(50,36,0,34,1,47,55,'active'),(51,35,0,35,0,46,56,'active'),(52,35,0,35,1,49,57,'active'),(53,35,1,35,0,46,53,'active'),(54,35,0,35,1,47,55,'active'),(55,35,1,36,0,48,53,'active'),(56,36,0,35,1,47,55,'active'),(57,36,0,36,1,49,57,'active'),(58,40,1,42,0,46,53,'active'),(59,42,0,40,1,47,55,'active');
/*!40000 ALTER TABLE `adm_state_transition` ENABLE KEYS */;
UNLOCK TABLES;

--
-- Table structure for table `adm_tenement`
--

DROP TABLE IF EXISTS `adm_tenement`;
/*!40101 SET @saved_cs_client     = @@character_set_client */;
 SET character_set_client = utf8mb4 ;
CREATE TABLE `adm_tenement` (
  `id_adm_tenement` int(11) NOT NULL AUTO_INCREMENT,
  `name` varchar(32) DEFAULT NULL COMMENT '名称',
  `description` varchar(255) DEFAULT NULL COMMENT '描述',
  `en_short_name` varchar(32) DEFAULT NULL COMMENT '英文简称',
  PRIMARY KEY (`id_adm_tenement`)
) ENGINE=InnoDB DEFAULT CHARSET=utf8;
/*!40101 SET character_set_client = @saved_cs_client */;

--
-- Dumping data for table `adm_tenement`
--

LOCK TABLES `adm_tenement` WRITE;
/*!40000 ALTER TABLE `adm_tenement` DISABLE KEYS */;
/*!40000 ALTER TABLE `adm_tenement` ENABLE KEYS */;
UNLOCK TABLES;

--
-- Table structure for table `adm_user`
--

DROP TABLE IF EXISTS `adm_user`;
/*!40101 SET @saved_cs_client     = @@character_set_client */;
 SET character_set_client = utf8mb4 ;
CREATE TABLE `adm_user` (
  `id_adm_user` int(11) NOT NULL AUTO_INCREMENT COMMENT 'id_adm_user',
  `name` varchar(64) DEFAULT NULL COMMENT '名称',
  `code` varchar(100) DEFAULT NULL COMMENT '编码（接口类用户使用）',
  `encrypted_password` varchar(100) DEFAULT NULL COMMENT '加密的密码',
  `description` varchar(255) DEFAULT NULL COMMENT '描述',
  `id_adm_tenement` int(11) DEFAULT NULL COMMENT 'id_adm_tenement',
  `action_flag` tinyint(1) DEFAULT '0' COMMENT '用户操作Flag',
  `is_system` int(1) DEFAULT '0' COMMENT '是否系统数据',
  PRIMARY KEY (`id_adm_user`),
  UNIQUE KEY `adm_user_code` (`code`),
  KEY `fk_adm_user_adm_tenement_1` (`id_adm_tenement`),
  CONSTRAINT `fk_adm_user_adm_tenement_1` FOREIGN KEY (`id_adm_tenement`) REFERENCES `adm_tenement` (`id_adm_tenement`)
) ENGINE=InnoDB AUTO_INCREMENT=5 DEFAULT CHARSET=utf8;
/*!40101 SET character_set_client = @saved_cs_client */;

--
-- Dumping data for table `adm_user`
--

LOCK TABLES `adm_user` WRITE;
/*!40000 ALTER TABLE `adm_user` DISABLE KEYS */;
INSERT INTO `adm_user` (`id_adm_user`, `name`, `code`, `encrypted_password`, `description`, `id_adm_tenement`, `action_flag`, `is_system`) VALUES (1,'admin','admin','$2a$10$Gh3WDwZ8kFpxbmo/h.oywuN.LuYwgrlx53ZeG.mz7P4eKgct7IYZm','admin',NULL,0,1);
/*!40000 ALTER TABLE `adm_user` ENABLE KEYS */;
UNLOCK TABLES;

--
-- Table structure for table `app_instance`
--

DROP TABLE IF EXISTS `app_instance`;
/*!40101 SET @saved_cs_client     = @@character_set_client */;
 SET character_set_client = utf8mb4 ;
CREATE TABLE `app_instance` (
  `guid` varchar(15) NOT NULL COMMENT '全局唯一ID',
  `p_guid` varchar(15) DEFAULT NULL COMMENT '前一版本数据的guid',
  `r_guid` varchar(15) DEFAULT NULL COMMENT '原始数据guid',
  `updated_by` varchar(50) DEFAULT NULL COMMENT '更新用户',
  `updated_date` datetime DEFAULT NULL COMMENT '更新日期',
  `created_by` varchar(50) DEFAULT NULL COMMENT '创建用户',
  `created_date` datetime DEFAULT NULL COMMENT '创建日期',
  `state` int(15) DEFAULT NULL COMMENT '状态',
  `key_name` varchar(1000) DEFAULT NULL COMMENT '唯一名称',
  `fixed_date` varchar(19) DEFAULT NULL COMMENT '确认日期',
  `code` varchar(1000) DEFAULT NULL COMMENT '编码',
  `description` varchar(1000) DEFAULT NULL COMMENT '描述说明',
  `cpu` varchar(200) DEFAULT NULL COMMENT '1 | 2 | 4 | 6 | 8',
  `deploy_package` varchar(15) DEFAULT NULL COMMENT '部署包',
  `deploy_package_url` varchar(200) DEFAULT NULL COMMENT '部署包路径',
  `deploy_script` varchar(200) DEFAULT NULL,
  `deploy_user` varchar(200) DEFAULT NULL COMMENT '部署用户',
  `deploy_user_password` varchar(200) DEFAULT NULL COMMENT '部署用户密码',
  `host_resource_instance` varchar(15) DEFAULT NULL COMMENT '主机资源实例',
  `memory` varchar(200) DEFAULT NULL COMMENT '1 | 2 | 4 | 6 | 8 | 12 | 16',
  `monitor_key_name` varchar(200) DEFAULT NULL,
  `monitor_port` varchar(200) DEFAULT NULL COMMENT '10000-29999之间的一个数字',
  `port` varchar(200) DEFAULT NULL COMMENT '10000-19999之间的一个数字',
  `port_conflict` varchar(200) DEFAULT NULL COMMENT '端口冲突检测',
  `start_script` varchar(200) DEFAULT NULL,
  `state_code` varchar(50) DEFAULT NULL COMMENT '状态编码',
  `stop_script` varchar(200) DEFAULT NULL,
  `storage` varchar(200) DEFAULT NULL COMMENT '10 | 20 | 40 | 80 | 120 | 200',
  `unit` varchar(15) DEFAULT NULL COMMENT '单元',
  `variable_values` varchar(4000) DEFAULT NULL COMMENT '差异配置值',
  `name` varchar(200) DEFAULT NULL COMMENT '名称',
  `app_log_files` varchar(200) DEFAULT NULL COMMENT '用于监控获取业务指标数据',
  `rw_dir` varchar(200) DEFAULT NULL COMMENT '非部署目录下的需授权读写目录',
  `rw_file` varchar(200) DEFAULT NULL COMMENT '非部署目录下的需授权读写文件',
  PRIMARY KEY (`guid`)
) ENGINE=InnoDB DEFAULT CHARSET=utf8;
/*!40101 SET character_set_client = @saved_cs_client */;

--
-- Dumping data for table `app_instance`
--

LOCK TABLES `app_instance` WRITE;
/*!40000 ALTER TABLE `app_instance` DISABLE KEYS */;
INSERT INTO `app_instance` (`guid`, `p_guid`, `r_guid`, `updated_by`, `updated_date`, `created_by`, `created_date`, `state`, `key_name`, `fixed_date`, `code`, `description`, `cpu`, `deploy_package`, `deploy_package_url`, `deploy_script`, `deploy_user`, `deploy_user_password`, `host_resource_instance`, `memory`, `monitor_key_name`, `monitor_port`, `port`, `port_conflict`, `start_script`, `state_code`, `stop_script`, `storage`, `unit`, `variable_values`, `name`, `app_log_files`, `rw_dir`, `rw_file`) VALUES ('0050_0000000002',NULL,'0050_0000000002','umadmin','2020-05-11 17:13:42','umadmin','2020-05-08 17:42:07',40,'democoreapp1_IP3423:10001',NULL,'democoreapp1_IP3423:10001','','1','','','/data/PRD_DEMO_CORE_APP/','javadeploy','Abcd1234','0032_0000000010','2','IP3423:20001','20001','10001','IP3423:10001','/data/PRD_DEMO_CORE_APP/','created','/data/PRD_DEMO_CORE_APP/','10','0048_0000000002','=','democoreapp1','','',''),('0050_0000000003',NULL,'0050_0000000003','umadmin','2020-05-11 17:13:42','umadmin','2020-05-08 17:42:08',40,'democoreapp2_IP3425:10001',NULL,'democoreapp2_IP3425:10001','','1','','','/data/PRD_DEMO_CORE_APP/','javadeploy','Abcd1234','0032_0000000011','2','IP3425:20001','20001','10001','IP3425:10001','/data/PRD_DEMO_CORE_APP/','created','/data/PRD_DEMO_CORE_APP/','10','0048_0000000002','=','democoreapp2','','',''),('0050_0000000008',NULL,'0050_0000000008','umadmin','2020-05-23 00:12:23','umadmin','2020-05-20 16:55:55',40,'demonginx01_IP3489:10001',NULL,'demonginx01_IP3489:10001','','1','','','/data/PRD_aDEMO_PROXY_NGINX/','root','','0032_0000000016','1','IP3489:20001','20001','10001','IP3489:10001','/data/PRD_aDEMO_PROXY_NGINX/','created','/data/PRD_aDEMO_PROXY_NGINX/','20','0048_0000000017','=','demonginx01','','',''),('0050_0000000009',NULL,'0050_0000000009','umadmin','2020-05-23 00:12:23','umadmin','2020-05-20 16:55:57',40,'demonginx02_IP3486:10001',NULL,'demonginx02_IP3486:10001','','1','','','/data/PRD_aDEMO_PROXY_NGINX/','root','','0032_0000000017','1','IP3486:20001','20001','10001','IP3486:10001','/data/PRD_aDEMO_PROXY_NGINX/','created','/data/PRD_aDEMO_PROXY_NGINX/','20','0048_0000000017','=','demonginx02','','',''),('0050_0000000010',NULL,'0050_0000000010','umadmin','2020-05-23 00:12:23','umadmin','2020-05-20 16:55:58',40,'demoapp01_IP6437:10001',NULL,'demoapp01_IP6437:10001','','1','','','/data/PRD_aDEMO_CORE_APP/','javadeploy','Abcd1234','0032_0000000014','2','IP6437:20001','20001','10001','IP6437:10001','/data/PRD_aDEMO_CORE_APP/','created','/data/PRD_aDEMO_CORE_APP/','20','0048_0000000016','=','demoapp01','','',''),('0050_0000000011',NULL,'0050_0000000011','umadmin','2020-05-23 00:12:23','umadmin','2020-05-20 16:55:59',40,'demoapp02_IP6442:10001',NULL,'demoapp02_IP6442:10001','','1','','','/data/PRD_aDEMO_CORE_APP/','javadeploy','Abcd1234','0032_0000000015','2','IP6442:20001','20001','10001','IP6442:10001','/data/PRD_aDEMO_CORE_APP/','created','/data/PRD_aDEMO_CORE_APP/','20','0048_0000000016','=','demoapp02','','',''),('0050_0000000012',NULL,'0050_0000000012','umadmin','2020-05-23 00:30:44','umadmin','2020-05-23 00:30:43',40,'demoapp02_IP6496:10001',NULL,'demoapp02_IP6496:10001','','1','','','/data/PRD_TaDEMO_CORE_APP/','javadeploy','Abcd1234','0032_0000000022','2','IP6496:20001','20001','10001','IP6496:10001','/data/PRD_TaDEMO_CORE_APP/','created','/data/PRD_TaDEMO_CORE_APP/','20','0048_0000000021','=','demoapp02','','',''),('0050_0000000013',NULL,'0050_0000000013','umadmin','2020-05-23 00:30:46','umadmin','2020-05-23 00:30:44',40,'demoapp01_IP6436:10001',NULL,'demoapp01_IP6436:10001','','1','','','/data/PRD_TaDEMO_CORE_APP/','javadeploy','Abcd1234','0032_0000000023','2','IP6436:20001','20001','10001','IP6436:10001','/data/PRD_TaDEMO_CORE_APP/','created','/data/PRD_TaDEMO_CORE_APP/','20','0048_0000000021','=','demoapp01','','',''),('0050_0000000014',NULL,'0050_0000000014','umadmin','2020-05-23 00:30:47','umadmin','2020-05-23 00:30:46',40,'demonginx02_IP3467:10001',NULL,'demonginx02_IP3467:10001','','1','','','/data/PRD_TaDEMO_PROXY_NGINX/','root','','0032_0000000020','1','IP3467:20001','20001','10001','IP3467:10001','/data/PRD_TaDEMO_PROXY_NGINX/','created','/data/PRD_TaDEMO_PROXY_NGINX/','20','0048_0000000020','=','demonginx02','','',''),('0050_0000000015',NULL,'0050_0000000015','umadmin','2020-05-23 00:30:48','umadmin','2020-05-23 00:30:47',40,'demonginx01_IP3424:10001',NULL,'demonginx01_IP3424:10001','','1','','','/data/PRD_TaDEMO_PROXY_NGINX/','root','','0032_0000000021','1','IP3424:20001','20001','10001','IP3424:10001','/data/PRD_TaDEMO_PROXY_NGINX/','created','/data/PRD_TaDEMO_PROXY_NGINX/','20','0048_0000000020','=','demonginx01','','','');
/*!40000 ALTER TABLE `app_instance` ENABLE KEYS */;
UNLOCK TABLES;

--
-- Table structure for table `app_system`
--

DROP TABLE IF EXISTS `app_system`;
/*!40101 SET @saved_cs_client     = @@character_set_client */;
 SET character_set_client = utf8mb4 ;
CREATE TABLE `app_system` (
  `guid` varchar(15) NOT NULL COMMENT '全局唯一ID',
  `p_guid` varchar(15) DEFAULT NULL COMMENT '前一版本数据的guid',
  `r_guid` varchar(15) DEFAULT NULL COMMENT '原始数据guid',
  `updated_by` varchar(50) DEFAULT NULL COMMENT '更新用户',
  `updated_date` datetime DEFAULT NULL COMMENT '更新日期',
  `created_by` varchar(50) DEFAULT NULL COMMENT '创建用户',
  `created_date` datetime DEFAULT NULL COMMENT '创建日期',
  `state` int(15) DEFAULT NULL COMMENT '状态',
  `key_name` varchar(1000) DEFAULT NULL COMMENT '唯一名称',
  `fixed_date` varchar(19) DEFAULT NULL COMMENT '确认日期',
  `code` varchar(1000) DEFAULT NULL COMMENT '编码',
  `description` varchar(1000) DEFAULT NULL COMMENT '描述说明',
  `deploy_environment` varchar(15) DEFAULT NULL COMMENT '部署环境',
  `legal_person` varchar(15) DEFAULT NULL COMMENT '法人',
  `state_code` varchar(50) DEFAULT NULL COMMENT '状态编码',
  `app_system_design` varchar(15) DEFAULT NULL COMMENT '应用系统设计',
  PRIMARY KEY (`guid`)
) ENGINE=InnoDB DEFAULT CHARSET=utf8;
/*!40101 SET character_set_client = @saved_cs_client */;

--
-- Dumping data for table `app_system`
--

LOCK TABLES `app_system` WRITE;
/*!40000 ALTER TABLE `app_system` DISABLE KEYS */;
INSERT INTO `app_system` (`guid`, `p_guid`, `r_guid`, `updated_by`, `updated_date`, `created_by`, `created_date`, `state`, `key_name`, `fixed_date`, `code`, `description`, `deploy_environment`, `legal_person`, `state_code`, `app_system_design`) VALUES ('0046_0000000002',NULL,'0046_0000000002','umadmin','2020-05-20 15:33:51','umadmin','2020-05-07 17:27:38',37,'DR_DEMO',NULL,'DEMO','','0003_0000000002','0004_0000000001','created','0037_0000000002'),('0046_0000000003',NULL,'0046_0000000003','umadmin','2020-05-20 15:33:51','umadmin','2020-05-07 17:28:00',37,'PRD_DEMO',NULL,'DEMO','','0003_0000000001','0004_0000000001','created','0037_0000000002'),('0046_0000000005',NULL,'0046_0000000005','umadmin','2020-05-23 00:05:56','umadmin','2020-05-20 16:05:58',37,'PRD_AaDEMO',NULL,'AaDEMO','','0003_0000000001','','created','0037_0000000007'),('0046_0000000007',NULL,'0046_0000000007','umadmin','2020-05-23 00:06:28','umadmin','2020-05-23 00:06:14',37,'PRD_TaDEMO',NULL,'TaDEMO','','0003_0000000001','','created','0037_0000000007');
/*!40000 ALTER TABLE `app_system` ENABLE KEYS */;
UNLOCK TABLES;

--
-- Table structure for table `app_system$data_center`
--

DROP TABLE IF EXISTS `app_system$data_center`;
/*!40101 SET @saved_cs_client     = @@character_set_client */;
 SET character_set_client = utf8mb4 ;
CREATE TABLE `app_system$data_center` (
  `id` int(11) NOT NULL AUTO_INCREMENT,
  `from_guid` varchar(15) COLLATE utf8mb4_unicode_ci NOT NULL,
  `to_guid` varchar(15) COLLATE utf8mb4_unicode_ci NOT NULL,
  `seq_no` int(5) DEFAULT '0',
  PRIMARY KEY (`id`)
) ENGINE=InnoDB AUTO_INCREMENT=11 DEFAULT CHARSET=utf8mb4 COLLATE=utf8mb4_unicode_ci;
/*!40101 SET character_set_client = @saved_cs_client */;

--
-- Dumping data for table `app_system$data_center`
--

LOCK TABLES `app_system$data_center` WRITE;
/*!40000 ALTER TABLE `app_system$data_center` DISABLE KEYS */;
INSERT INTO `app_system$data_center` (`id`, `from_guid`, `to_guid`, `seq_no`) VALUES (2,'0046_0000000003','0022_0000000001',1),(3,'0046_0000000002','0022_0000000002',1),(8,'0046_0000000005','0022_0000000009',1),(10,'0046_0000000007','0022_0000000016',1);
/*!40000 ALTER TABLE `app_system$data_center` ENABLE KEYS */;
UNLOCK TABLES;

--
-- Table structure for table `app_system_design`
--

DROP TABLE IF EXISTS `app_system_design`;
/*!40101 SET @saved_cs_client     = @@character_set_client */;
 SET character_set_client = utf8mb4 ;
CREATE TABLE `app_system_design` (
  `guid` varchar(15) NOT NULL COMMENT '全局唯一ID',
  `p_guid` varchar(15) DEFAULT NULL COMMENT '前一版本数据的guid',
  `r_guid` varchar(15) DEFAULT NULL COMMENT '原始数据guid',
  `updated_by` varchar(50) DEFAULT NULL COMMENT '更新用户',
  `updated_date` datetime DEFAULT NULL COMMENT '更新日期',
  `created_by` varchar(50) DEFAULT NULL COMMENT '创建用户',
  `created_date` datetime DEFAULT NULL COMMENT '创建日期',
  `state` int(15) DEFAULT NULL COMMENT '状态',
  `key_name` varchar(1000) DEFAULT NULL COMMENT '唯一名称',
  `fixed_date` varchar(19) DEFAULT NULL COMMENT '确认日期',
  `code` varchar(1000) DEFAULT NULL COMMENT '编码',
  `description` varchar(1000) DEFAULT NULL COMMENT '描述说明',
  `application_domain` varchar(15) DEFAULT NULL COMMENT '应用域',
  `app_system_design_id` varchar(200) DEFAULT NULL COMMENT '4-6位数字',
  `data_center_design` varchar(15) DEFAULT NULL COMMENT '数据中心设计',
  `name` varchar(200) DEFAULT NULL COMMENT '名称',
  `state_code` varchar(50) DEFAULT NULL COMMENT '状态编码',
  PRIMARY KEY (`guid`)
) ENGINE=InnoDB DEFAULT CHARSET=utf8;
/*!40101 SET character_set_client = @saved_cs_client */;

--
-- Dumping data for table `app_system_design`
--

LOCK TABLES `app_system_design` WRITE;
/*!40000 ALTER TABLE `app_system_design` DISABLE KEYS */;
INSERT INTO `app_system_design` (`guid`, `p_guid`, `r_guid`, `updated_by`, `updated_date`, `created_by`, `created_date`, `state`, `key_name`, `fixed_date`, `code`, `description`, `application_domain`, `app_system_design_id`, `data_center_design`, `name`, `state_code`) VALUES ('0037_0000000002','0037_0000000008','0037_0000000002','umadmin','2020-05-20 15:33:51','umadmin','2020-05-07 17:26:12',35,'DEMO',NULL,'DEMO','','0005_0000000002','1234','0012_0000000001','演示系统','update'),('0037_0000000003',NULL,'0037_0000000002','umadmin','2020-05-08 14:53:43','umadmin','2020-05-07 17:26:12',34,'DEMO','2020-05-08 14:53:43','DEMO','','0005_0000000002','1234','0012_0000000001','演示系统','new'),('0037_0000000004',NULL,'0037_0000000004','umadmin','2020-05-08 17:26:34','umadmin','2020-05-08 17:26:34',34,'UM',NULL,'UM','','0005_0000000002','2446','0012_0000000001','用户管理','new'),('0037_0000000006',NULL,'0037_0000000006','umadmin','2020-05-20 16:04:55','umadmin','2020-05-20 15:32:45',34,'aUM',NULL,'aUM','','0005_0000000002','2445','0012_0000000002','用户管理_通用','new'),('0037_0000000007',NULL,'0037_0000000007','umadmin','2020-05-20 17:11:12','umadmin','2020-05-20 15:32:45',34,'aDEMO','2020-05-20 17:11:11','aDEMO','','0005_0000000002','1232','0012_0000000002','演示系统_通用','new'),('0037_0000000008','0037_0000000003','0037_0000000002','umadmin','2020-05-20 15:33:39','umadmin','2020-05-07 17:26:12',35,'DEMO','2020-05-08 17:34:28','DEMO','','0005_0000000002','1234','0012_0000000001','演示系统','update');
/*!40000 ALTER TABLE `app_system_design` ENABLE KEYS */;
UNLOCK TABLES;

--
-- Table structure for table `application_domain`
--

DROP TABLE IF EXISTS `application_domain`;
/*!40101 SET @saved_cs_client     = @@character_set_client */;
 SET character_set_client = utf8mb4 ;
CREATE TABLE `application_domain` (
  `guid` varchar(15) NOT NULL COMMENT '全局唯一ID',
  `p_guid` varchar(15) DEFAULT NULL COMMENT '前一版本数据的guid',
  `r_guid` varchar(15) DEFAULT NULL COMMENT '原始数据guid',
  `updated_by` varchar(50) DEFAULT NULL COMMENT '更新用户',
  `updated_date` datetime DEFAULT NULL COMMENT '更新日期',
  `created_by` varchar(50) DEFAULT NULL COMMENT '创建用户',
  `created_date` datetime DEFAULT NULL COMMENT '创建日期',
  `state` int(15) DEFAULT NULL COMMENT '状态',
  `key_name` varchar(1000) DEFAULT NULL COMMENT '唯一名称',
  `fixed_date` varchar(19) DEFAULT NULL COMMENT '确认日期',
  `code` varchar(1000) DEFAULT NULL COMMENT '编码',
  `description` varchar(1000) DEFAULT NULL COMMENT '描述说明',
  `name` varchar(200) DEFAULT NULL COMMENT '名称',
  `state_code` varchar(50) DEFAULT NULL COMMENT '状态编码',
  PRIMARY KEY (`guid`)
) ENGINE=InnoDB DEFAULT CHARSET=utf8;
/*!40101 SET character_set_client = @saved_cs_client */;

--
-- Dumping data for table `application_domain`
--

LOCK TABLES `application_domain` WRITE;
/*!40000 ALTER TABLE `application_domain` DISABLE KEYS */;
INSERT INTO `application_domain` (`guid`, `p_guid`, `r_guid`, `updated_by`, `updated_date`, `created_by`, `created_date`, `state`, `key_name`, `fixed_date`, `code`, `description`, `name`, `state_code`) VALUES ('0005_0000000001',NULL,'0005_0000000001','umadmin','2020-04-18 17:57:55','umadmin','2020-04-11 22:08:41',34,'管理应用域',NULL,'ADm','管理服务','管理应用域','new'),('0005_0000000002',NULL,'0005_0000000002','umadmin','2020-04-18 17:58:28','umadmin','2020-04-11 22:09:00',34,'公共应用域',NULL,'ADc','公共服务','公共应用域','new'),('0005_0000000003',NULL,'0005_0000000003','umadmin','2020-04-18 17:56:57','umadmin','2020-04-18 17:56:57',34,'业务应用域',NULL,'ADb','业务应用','业务应用域','new');
/*!40000 ALTER TABLE `application_domain` ENABLE KEYS */;
UNLOCK TABLES;

--
-- Table structure for table `block_storage`
--

DROP TABLE IF EXISTS `block_storage`;
/*!40101 SET @saved_cs_client     = @@character_set_client */;
 SET character_set_client = utf8mb4 ;
CREATE TABLE `block_storage` (
  `guid` varchar(15) NOT NULL COMMENT '全局唯一ID',
  `p_guid` varchar(15) DEFAULT NULL COMMENT '前一版本数据的guid',
  `r_guid` varchar(15) DEFAULT NULL COMMENT '原始数据guid',
  `updated_by` varchar(50) DEFAULT NULL COMMENT '更新用户',
  `updated_date` datetime DEFAULT NULL COMMENT '更新日期',
  `created_by` varchar(50) DEFAULT NULL COMMENT '创建用户',
  `created_date` datetime DEFAULT NULL COMMENT '创建日期',
  `state` int(15) DEFAULT NULL COMMENT '状态',
  `key_name` varchar(1000) DEFAULT NULL COMMENT '唯一名称',
  `fixed_date` varchar(19) DEFAULT NULL COMMENT '确认日期',
  `code` varchar(1000) DEFAULT NULL COMMENT '编码',
  `description` varchar(1000) DEFAULT NULL COMMENT '描述说明',
  `asset_id` varchar(200) DEFAULT NULL COMMENT '资产ID',
  `billing_cycle` varchar(200) DEFAULT NULL COMMENT '计费周期(月)',
  `storage_type` varchar(200) DEFAULT NULL COMMENT '存储类型',
  `charge_type` varchar(15) DEFAULT NULL COMMENT '计费模式',
  `disk_size` varchar(200) DEFAULT NULL COMMENT '50的倍数',
  `end_date` varchar(200) DEFAULT NULL COMMENT '截止时间，包年包月时必须给出',
  `file_system` varchar(200) DEFAULT NULL COMMENT 'EXT | EXT4',
  `host_resource_instance` varchar(15) DEFAULT NULL COMMENT '主机资源实例',
  `mount_point` varchar(200) DEFAULT NULL COMMENT '/加字母开头的3-12位字符串',
  `name` varchar(200) DEFAULT NULL COMMENT '名称',
  `state_code` varchar(50) DEFAULT NULL COMMENT '状态编码',
  PRIMARY KEY (`guid`)
) ENGINE=InnoDB DEFAULT CHARSET=utf8;
/*!40101 SET character_set_client = @saved_cs_client */;

--
-- Dumping data for table `block_storage`
--

LOCK TABLES `block_storage` WRITE;
/*!40000 ALTER TABLE `block_storage` DISABLE KEYS */;
INSERT INTO `block_storage` (`guid`, `p_guid`, `r_guid`, `updated_by`, `updated_date`, `created_by`, `created_date`, `state`, `key_name`, `fixed_date`, `code`, `description`, `asset_id`, `billing_cycle`, `storage_type`, `charge_type`, `disk_size`, `end_date`, `file_system`, `host_resource_instance`, `mount_point`, `name`, `state_code`) VALUES ('0036_0000000004',NULL,'0036_0000000004','umadmin','2020-05-20 15:16:00','umadmin','2020-05-20 15:16:00',37,'ALI_SE5_PRD_SF__JAVA1__apphost01_test',NULL,'test','','','','0062_0000000042','0063_0000000005','50','','EXT4','0032_0000000014','/testvol','testvol','created'),('0036_0000000005',NULL,'0036_0000000005','umadmin','2020-05-22 23:54:00','umadmin','2020-05-22 23:54:00',37,'TX_BJ_PRD_SF__JAVA1__apphost01_test',NULL,'test','','','','0062_0000000014','0063_0000000004','50','','EXT4','0032_0000000023','/testvol','testvol','created');
/*!40000 ALTER TABLE `block_storage` ENABLE KEYS */;
UNLOCK TABLES;

--
-- Table structure for table `business_zone`
--

DROP TABLE IF EXISTS `business_zone`;
/*!40101 SET @saved_cs_client     = @@character_set_client */;
 SET character_set_client = utf8mb4 ;
CREATE TABLE `business_zone` (
  `guid` varchar(15) NOT NULL COMMENT '全局唯一ID',
  `p_guid` varchar(15) DEFAULT NULL COMMENT '前一版本数据的guid',
  `r_guid` varchar(15) DEFAULT NULL COMMENT '原始数据guid',
  `updated_by` varchar(50) DEFAULT NULL COMMENT '更新用户',
  `updated_date` datetime DEFAULT NULL COMMENT '更新日期',
  `created_by` varchar(50) DEFAULT NULL COMMENT '创建用户',
  `created_date` datetime DEFAULT NULL COMMENT '创建日期',
  `state` int(15) DEFAULT NULL COMMENT '状态',
  `key_name` varchar(1000) DEFAULT NULL COMMENT '唯一名称',
  `fixed_date` varchar(19) DEFAULT NULL COMMENT '确认日期',
  `code` varchar(1000) DEFAULT NULL COMMENT '编码',
  `description` varchar(1000) DEFAULT NULL COMMENT '描述说明',
  `business_zone_design` varchar(15) DEFAULT NULL COMMENT '业务区域设计',
  `business_zone_type` varchar(200) DEFAULT NULL COMMENT 'GROUP | NODE',
  `logic_business_zone` varchar(15) DEFAULT NULL COMMENT '逻辑业务区域',
  `name` varchar(200) DEFAULT NULL COMMENT '名称',
  `state_code` varchar(50) DEFAULT NULL COMMENT '状态编码',
  `legal_person` varchar(15) DEFAULT NULL COMMENT '法人',
  PRIMARY KEY (`guid`)
) ENGINE=InnoDB DEFAULT CHARSET=utf8;
/*!40101 SET character_set_client = @saved_cs_client */;

--
-- Dumping data for table `business_zone`
--

LOCK TABLES `business_zone` WRITE;
/*!40000 ALTER TABLE `business_zone` DISABLE KEYS */;
INSERT INTO `business_zone` (`guid`, `p_guid`, `r_guid`, `updated_by`, `updated_date`, `created_by`, `created_date`, `state`, `key_name`, `fixed_date`, `code`, `description`, `business_zone_design`, `business_zone_type`, `logic_business_zone`, `name`, `state_code`, `legal_person`) VALUES ('0028_0000000002',NULL,'0028_0000000002','umadmin','2020-05-20 09:13:36','umadmin','2020-04-28 23:46:13',37,'110',NULL,'110','','0018_0000000003','GROUP','','客户账务','created','0004_0000000001'),('0028_0000000003',NULL,'0028_0000000003','umadmin','2020-05-20 09:13:35','umadmin','2020-04-28 23:46:14',37,'1A0',NULL,'1A0','','0018_0000000002','GROUP','','公共服务','created','0004_0000000001'),('0028_0000000004',NULL,'0028_0000000004','umadmin','2020-05-20 09:13:35','umadmin','2020-04-28 23:46:16',37,'1D0',NULL,'1D0','','0018_0000000004','GROUP','','互联接入','created','0004_0000000001'),('0028_0000000005',NULL,'0028_0000000005','umadmin','2020-05-20 09:13:35','umadmin','2020-04-28 23:46:17',37,'1E0',NULL,'1E0','','0018_0000000005','GROUP','','伙伴对接','created','0004_0000000001'),('0028_0000000006',NULL,'0028_0000000006','umadmin','2020-05-20 09:13:34','umadmin','2020-04-28 23:46:18',37,'1M0',NULL,'1M0','','0018_0000000006','GROUP','','运维管理','created','0004_0000000001'),('0028_0000000007',NULL,'0028_0000000007','umadmin','2020-05-20 09:13:34','umadmin','2020-04-28 23:46:19',37,'1Q0',NULL,'1Q0','','0018_0000000007','GROUP','','后台管理','created','0004_0000000001'),('0028_0000000008',NULL,'0028_0000000008','umadmin','2020-05-20 09:13:33','umadmin','2020-04-28 23:53:27',37,'111',NULL,'111','','0018_0000000003','NODE','0028_0000000002','客户账务','created','0004_0000000001'),('0028_0000000009',NULL,'0028_0000000009','umadmin','2020-05-20 09:13:19','umadmin','2020-04-28 23:53:28',37,'112',NULL,'112','','0018_0000000003','NODE','0028_0000000002','客户账务','created','0004_0000000001'),('0028_0000000010',NULL,'0028_0000000010','umadmin','2020-05-20 09:13:20','umadmin','2020-04-28 23:53:28',37,'1A1',NULL,'1A1','','0018_0000000002','NODE','0028_0000000003','公共服务','created','0004_0000000001'),('0028_0000000011',NULL,'0028_0000000011','umadmin','2020-05-20 09:13:33','umadmin','2020-04-28 23:53:28',37,'1A2',NULL,'1A2','','0018_0000000002','NODE','0028_0000000003','公共服务','created','0004_0000000001'),('0028_0000000012',NULL,'0028_0000000012','umadmin','2020-05-20 09:13:18','umadmin','2020-04-28 23:53:29',37,'1D1',NULL,'1D1','','0018_0000000004','NODE','0028_0000000004','外网对接','created','0004_0000000001'),('0028_0000000013',NULL,'0028_0000000013','umadmin','2020-05-20 09:13:18','umadmin','2020-04-28 23:53:29',37,'1D2',NULL,'1D2','','0018_0000000004','NODE','0028_0000000004','外网对接','created','0004_0000000001'),('0028_0000000014',NULL,'0028_0000000014','umadmin','2020-05-20 09:13:19','umadmin','2020-04-28 23:53:29',37,'1M1',NULL,'1M1','','0018_0000000006','NODE','0028_0000000006','运维管理','created','0004_0000000001'),('0028_0000000015',NULL,'0028_0000000015','umadmin','2020-05-20 09:13:17','umadmin','2020-04-28 23:53:30',37,'1M2',NULL,'1M2','','0018_0000000006','NODE','0028_0000000006','运维管理','created','0004_0000000001'),('0028_0000000016',NULL,'0028_0000000016','umadmin','2020-05-20 09:13:17','umadmin','2020-04-28 23:53:30',37,'1Q1',NULL,'1Q1','','0018_0000000007','NODE','0028_0000000007','后台管理','created','0004_0000000001'),('0028_0000000017',NULL,'0028_0000000017','umadmin','2020-05-20 09:13:17','umadmin','2020-04-28 23:53:30',37,'1Q2',NULL,'1Q2','','0018_0000000007','NODE','0028_0000000007','后台管理','created','0004_0000000001'),('0028_0000000018',NULL,'0028_0000000018','umadmin','2020-05-20 09:13:16','umadmin','2020-04-28 23:53:31',37,'1E1',NULL,'1E1','','0018_0000000005','NODE','0028_0000000005','伙伴对接','created','0004_0000000001'),('0028_0000000019',NULL,'0028_0000000019','umadmin','2020-05-20 09:13:16','umadmin','2020-04-28 23:53:31',37,'1E2',NULL,'1E2','','0018_0000000005','NODE','0028_0000000005','伙伴对接','created','0004_0000000001');
/*!40000 ALTER TABLE `business_zone` ENABLE KEYS */;
UNLOCK TABLES;

--
-- Table structure for table `business_zone_design`
--

DROP TABLE IF EXISTS `business_zone_design`;
/*!40101 SET @saved_cs_client     = @@character_set_client */;
 SET character_set_client = utf8mb4 ;
CREATE TABLE `business_zone_design` (
  `guid` varchar(15) NOT NULL COMMENT '全局唯一ID',
  `p_guid` varchar(15) DEFAULT NULL COMMENT '前一版本数据的guid',
  `r_guid` varchar(15) DEFAULT NULL COMMENT '原始数据guid',
  `updated_by` varchar(50) DEFAULT NULL COMMENT '更新用户',
  `updated_date` datetime DEFAULT NULL COMMENT '更新日期',
  `created_by` varchar(50) DEFAULT NULL COMMENT '创建用户',
  `created_date` datetime DEFAULT NULL COMMENT '创建日期',
  `state` int(15) DEFAULT NULL COMMENT '状态',
  `key_name` varchar(1000) DEFAULT NULL COMMENT '唯一名称',
  `fixed_date` varchar(19) DEFAULT NULL COMMENT '确认日期',
  `code` varchar(1000) DEFAULT NULL COMMENT '编码',
  `description` varchar(1000) DEFAULT NULL COMMENT '描述说明',
  `state_code` varchar(50) DEFAULT NULL COMMENT '状态编码',
  PRIMARY KEY (`guid`)
) ENGINE=InnoDB DEFAULT CHARSET=utf8;
/*!40101 SET character_set_client = @saved_cs_client */;

--
-- Dumping data for table `business_zone_design`
--

LOCK TABLES `business_zone_design` WRITE;
/*!40000 ALTER TABLE `business_zone_design` DISABLE KEYS */;
INSERT INTO `business_zone_design` (`guid`, `p_guid`, `r_guid`, `updated_by`, `updated_date`, `created_by`, `created_date`, `state`, `key_name`, `fixed_date`, `code`, `description`, `state_code`) VALUES ('0018_0000000002',NULL,'0018_0000000002','umadmin','2020-05-20 09:14:30','umadmin','2020-04-28 20:58:23',34,'ADM',NULL,'ADM','基础服务','new'),('0018_0000000003',NULL,'0018_0000000003','umadmin','2020-05-20 09:14:30','umadmin','2020-04-28 20:58:23',34,'DCN',NULL,'DCN','业务服务','new'),('0018_0000000004',NULL,'0018_0000000004','umadmin','2020-05-20 09:14:30','umadmin','2020-04-28 20:58:23',34,'DMZ',NULL,'DMZ','外连服务','new'),('0018_0000000005',NULL,'0018_0000000005','umadmin','2020-05-20 09:14:30','umadmin','2020-04-28 20:58:23',34,'ECN',NULL,'ECN','伙伴服务','new'),('0018_0000000006',NULL,'0018_0000000006','umadmin','2020-05-20 09:14:29','umadmin','2020-04-28 20:58:24',34,'MT',NULL,'MT','科技运维服务','new'),('0018_0000000007',NULL,'0018_0000000007','umadmin','2020-05-20 09:14:29','umadmin','2020-04-28 20:58:24',34,'QZ',NULL,'QZ','业务运营服务','new'),('0018_0000000008',NULL,'0018_0000000008','umadmin','2020-05-20 09:14:29','umadmin','2020-04-28 20:58:24',34,'ALL',NULL,'ALL','互联网','new'),('0018_0000000009',NULL,'0018_0000000009','umadmin','2020-05-20 09:14:29','umadmin','2020-04-28 20:58:25',34,'OPS',NULL,'OPS','运维客户端','new'),('0018_0000000010',NULL,'0018_0000000010','umadmin','2020-05-20 09:14:29','umadmin','2020-04-28 20:59:27',34,'ANY',NULL,'ANY','合作伙伴','new'),('0018_0000000011',NULL,'0018_0000000011','umadmin','2020-05-20 09:14:29','umadmin','2020-04-28 20:59:27',34,'BAC',NULL,'BAC','业务管理客户端','new');
/*!40000 ALTER TABLE `business_zone_design` ENABLE KEYS */;
UNLOCK TABLES;

--
-- Table structure for table `cache_instance`
--

DROP TABLE IF EXISTS `cache_instance`;
/*!40101 SET @saved_cs_client     = @@character_set_client */;
 SET character_set_client = utf8mb4 ;
CREATE TABLE `cache_instance` (
  `guid` varchar(15) NOT NULL COMMENT '全局唯一ID',
  `p_guid` varchar(15) DEFAULT NULL COMMENT '前一版本数据的guid',
  `r_guid` varchar(15) DEFAULT NULL COMMENT '原始数据guid',
  `updated_by` varchar(50) DEFAULT NULL COMMENT '更新用户',
  `updated_date` datetime DEFAULT NULL COMMENT '更新日期',
  `created_by` varchar(50) DEFAULT NULL COMMENT '创建用户',
  `created_date` datetime DEFAULT NULL COMMENT '创建日期',
  `state` int(15) DEFAULT NULL COMMENT '状态',
  `key_name` varchar(1000) DEFAULT NULL COMMENT '唯一名称',
  `fixed_date` varchar(19) DEFAULT NULL COMMENT '确认日期',
  `code` varchar(1000) DEFAULT NULL COMMENT '编码',
  `description` varchar(1000) DEFAULT NULL COMMENT '描述说明',
  `cache_resource_instance` varchar(15) DEFAULT NULL COMMENT '缓存资源实例',
  `memory` varchar(200) DEFAULT NULL COMMENT '内存(GB)',
  `port` varchar(200) DEFAULT NULL COMMENT '5000-9999的一个数字',
  `state_code` varchar(50) DEFAULT NULL COMMENT '状态编码',
  `unit` varchar(15) DEFAULT NULL COMMENT '单元',
  `name` varchar(200) DEFAULT NULL COMMENT '名称',
  PRIMARY KEY (`guid`)
) ENGINE=InnoDB DEFAULT CHARSET=utf8;
/*!40101 SET character_set_client = @saved_cs_client */;

--
-- Dumping data for table `cache_instance`
--

LOCK TABLES `cache_instance` WRITE;
/*!40000 ALTER TABLE `cache_instance` DISABLE KEYS */;
INSERT INTO `cache_instance` (`guid`, `p_guid`, `r_guid`, `updated_by`, `updated_date`, `created_by`, `created_date`, `state`, `key_name`, `fixed_date`, `code`, `description`, `cache_resource_instance`, `memory`, `port`, `state_code`, `unit`, `name`) VALUES ('0052_0000000002',NULL,'0052_0000000002','umadmin','2020-05-08 17:43:49','umadmin','2020-05-08 17:43:48',37,'democorecache_IP9756:6379',NULL,'democorecache_IP9756:6379','','0034_0000000003','2','6379','created','0048_0000000004','democorecache'),('0052_0000000004',NULL,'0052_0000000004','umadmin','2020-05-23 00:28:50','umadmin','2020-05-20 16:58:01',37,'ademocore_IP3285:6379',NULL,'ademocore_IP3285:6379','','0034_0000000004','2','6379','created','0048_0000000013','ademocore'),('0052_0000000005',NULL,'0052_0000000005','umadmin','2020-05-23 00:28:50','umadmin','2020-05-23 00:27:30',37,'ademocore_IP3268:6379',NULL,'ademocore_IP3268:6379','','0034_0000000006','2','6379','created','0048_0000000023','ademocore');
/*!40000 ALTER TABLE `cache_instance` ENABLE KEYS */;
UNLOCK TABLES;

--
-- Table structure for table `cache_resource_instance`
--

DROP TABLE IF EXISTS `cache_resource_instance`;
/*!40101 SET @saved_cs_client     = @@character_set_client */;
 SET character_set_client = utf8mb4 ;
CREATE TABLE `cache_resource_instance` (
  `guid` varchar(15) NOT NULL COMMENT '全局唯一ID',
  `p_guid` varchar(15) DEFAULT NULL COMMENT '前一版本数据的guid',
  `r_guid` varchar(15) DEFAULT NULL COMMENT '原始数据guid',
  `updated_by` varchar(50) DEFAULT NULL COMMENT '更新用户',
  `updated_date` datetime DEFAULT NULL COMMENT '更新日期',
  `created_by` varchar(50) DEFAULT NULL COMMENT '创建用户',
  `created_date` datetime DEFAULT NULL COMMENT '创建日期',
  `state` int(15) DEFAULT NULL COMMENT '状态',
  `key_name` varchar(1000) DEFAULT NULL COMMENT '唯一名称',
  `fixed_date` varchar(19) DEFAULT NULL COMMENT '确认日期',
  `code` varchar(1000) DEFAULT NULL COMMENT '编码',
  `description` varchar(1000) DEFAULT NULL COMMENT '描述说明',
  `asset_id` varchar(200) DEFAULT NULL COMMENT '资产ID',
  `backup_asset_id` varchar(200) DEFAULT NULL,
  `billing_cycle` varchar(200) DEFAULT NULL COMMENT '1 | 2 | 3',
  `charge_type` varchar(15) DEFAULT NULL COMMENT '计费模式',
  `cluster_node_type` varchar(15) DEFAULT NULL COMMENT '集群节点类型',
  `end_date` varchar(200) DEFAULT NULL COMMENT '截止时间，包年包月时必须给出',
  `ip_address` varchar(200) DEFAULT NULL COMMENT '待创建资源,填写IP+4位随机数字',
  `login_port` varchar(200) DEFAULT NULL COMMENT '6379',
  `master_resource_instance` varchar(15) DEFAULT NULL COMMENT '主资源实例',
  `memory` varchar(200) DEFAULT NULL COMMENT '内存(GB)',
  `monitor_key_name` varchar(200) DEFAULT NULL,
  `monitor_port` varchar(200) DEFAULT NULL COMMENT '5000-9999的一个数字，一般与登录端口一致',
  `name` varchar(200) DEFAULT NULL COMMENT '名称',
  `resource_instance_spec` varchar(15) DEFAULT NULL COMMENT '资源实例规格',
  `resource_instance_type` varchar(15) DEFAULT NULL COMMENT '资源实例类型',
  `resource_set` varchar(15) DEFAULT NULL COMMENT '资源集合',
  `state_code` varchar(50) DEFAULT NULL COMMENT '状态编码',
  `user_name` varchar(200) DEFAULT NULL COMMENT '用户名',
  `user_password` varchar(200) DEFAULT NULL COMMENT '用户密码',
  `resource_instance_system` varchar(15) DEFAULT NULL COMMENT '资源实例系统',
  `network_segment` varchar(15) DEFAULT NULL COMMENT '网段',
  PRIMARY KEY (`guid`)
) ENGINE=InnoDB DEFAULT CHARSET=utf8;
/*!40101 SET character_set_client = @saved_cs_client */;

--
-- Dumping data for table `cache_resource_instance`
--

LOCK TABLES `cache_resource_instance` WRITE;
/*!40000 ALTER TABLE `cache_resource_instance` DISABLE KEYS */;
INSERT INTO `cache_resource_instance` (`guid`, `p_guid`, `r_guid`, `updated_by`, `updated_date`, `created_by`, `created_date`, `state`, `key_name`, `fixed_date`, `code`, `description`, `asset_id`, `backup_asset_id`, `billing_cycle`, `charge_type`, `cluster_node_type`, `end_date`, `ip_address`, `login_port`, `master_resource_instance`, `memory`, `monitor_key_name`, `monitor_port`, `name`, `resource_instance_spec`, `resource_instance_type`, `resource_set`, `state_code`, `user_name`, `user_password`, `resource_instance_system`, `network_segment`) VALUES ('0034_0000000003',NULL,'0034_0000000003','umadmin','2020-05-08 17:06:12','umadmin','2020-05-08 17:06:11',40,'TX_GZ_PRD_SF_1A1_REDIS1__admredis1',NULL,'admredis1_IP9756','','','','','0063_0000000004','0008_0000000005','','IP9756','6379','','','IP9756:6379','6379','admredis1','0010_0000000050','0009_0000000026','0029_0000000054','created','root','Abcd1234','0011_0000000028','0023_0000000057'),('0034_0000000004',NULL,'0034_0000000004','umadmin','2020-05-21 14:59:09','umadmin','2020-05-20 15:13:30',40,'ALI_HZ_PRD_SF__REDIS1__redis01',NULL,'redis01_IP3285','','','','','0063_0000000005','0008_0000000015','','IP3285','6379','','','IP3285:6379','6379','redis01','0010_0000000050','0009_0000000028','0029_0000000102','created','root','Abcd1234','0011_0000000031','0023_0000000066'),('0034_0000000006',NULL,'0034_0000000006','umadmin','2020-05-22 19:49:08','umadmin','2020-05-22 19:49:07',40,'TX_BJ_PRD_SF__REDIS1__redis01',NULL,'redis01_IP3268','','','','','0063_0000000004','0008_0000000005','','IP3268','6379','','','IP3268:6379','6379','redis01','0010_0000000050','0009_0000000026','0029_0000000134','created','root','Abcd1234','0011_0000000028','0023_0000000102');
/*!40000 ALTER TABLE `cache_resource_instance` ENABLE KEYS */;
UNLOCK TABLES;

--
-- Table structure for table `charge_type`
--

DROP TABLE IF EXISTS `charge_type`;
/*!40101 SET @saved_cs_client     = @@character_set_client */;
 SET character_set_client = utf8mb4 ;
CREATE TABLE `charge_type` (
  `guid` varchar(15) NOT NULL COMMENT '全局唯一ID',
  `p_guid` varchar(15) DEFAULT NULL COMMENT '前一版本数据的guid',
  `r_guid` varchar(15) DEFAULT NULL COMMENT '原始数据guid',
  `updated_by` varchar(50) DEFAULT NULL COMMENT '更新用户',
  `updated_date` datetime DEFAULT NULL COMMENT '更新日期',
  `created_by` varchar(50) DEFAULT NULL COMMENT '创建用户',
  `created_date` datetime DEFAULT NULL COMMENT '创建日期',
  `state` int(15) DEFAULT NULL COMMENT '状态',
  `key_name` varchar(1000) DEFAULT NULL COMMENT '唯一名称',
  `state_code` varchar(50) DEFAULT NULL COMMENT '状态编码',
  `fixed_date` varchar(19) DEFAULT NULL COMMENT '确认日期',
  `code` varchar(1000) DEFAULT NULL COMMENT '编码',
  `cloud_vendor` varchar(15) DEFAULT NULL COMMENT '云厂商',
  `description` varchar(1000) DEFAULT NULL COMMENT '描述说明',
  `name` varchar(200) DEFAULT NULL COMMENT '名称',
  PRIMARY KEY (`guid`)
) ENGINE=InnoDB DEFAULT CHARSET=utf8;
/*!40101 SET character_set_client = @saved_cs_client */;

--
-- Dumping data for table `charge_type`
--

LOCK TABLES `charge_type` WRITE;
/*!40000 ALTER TABLE `charge_type` DISABLE KEYS */;
INSERT INTO `charge_type` (`guid`, `p_guid`, `r_guid`, `updated_by`, `updated_date`, `created_by`, `created_date`, `state`, `key_name`, `state_code`, `fixed_date`, `code`, `cloud_vendor`, `description`, `name`) VALUES ('0063_0000000001',NULL,'0063_0000000001','umadmin','2020-04-29 16:10:16','umadmin','2020-04-11 23:47:23',34,'包月付费','new',NULL,'prePaid','0006_0000000001','','包月付费'),('0063_0000000002',NULL,'0063_0000000002','umadmin','2020-04-29 16:10:16','umadmin','2020-04-11 23:47:47',34,'按量付费','new',NULL,'postPaid','0006_0000000001','','按量付费'),('0063_0000000003',NULL,'0063_0000000003','umadmin','2020-04-29 16:10:16','umadmin','2020-04-18 16:06:34',34,'包月付费','new',NULL,'PREPAID','0006_0000000002','','包月付费'),('0063_0000000004',NULL,'0063_0000000004','umadmin','2020-04-29 16:10:16','umadmin','2020-04-18 16:07:03',34,'按量付费','new',NULL,'POSTPAID_BY_HOUR','0006_0000000002','','按量付费'),('0063_0000000005',NULL,'0063_0000000005','umadmin','2020-05-20 15:06:38','umadmin','2020-05-20 15:06:37',34,'按量付费','new',NULL,'PostPaid','0006_0000000004','','按量付费'),('0063_0000000006',NULL,'0063_0000000006','umadmin','2020-05-20 15:06:38','umadmin','2020-05-20 15:06:38',34,'包月付费','new',NULL,'PrePaid','0006_0000000004','','包月付费');
/*!40000 ALTER TABLE `charge_type` ENABLE KEYS */;
UNLOCK TABLES;

--
-- Table structure for table `cloud_vendor`
--

DROP TABLE IF EXISTS `cloud_vendor`;
/*!40101 SET @saved_cs_client     = @@character_set_client */;
 SET character_set_client = utf8mb4 ;
CREATE TABLE `cloud_vendor` (
  `guid` varchar(15) NOT NULL COMMENT '全局唯一ID',
  `p_guid` varchar(15) DEFAULT NULL COMMENT '前一版本数据的guid',
  `r_guid` varchar(15) DEFAULT NULL COMMENT '原始数据guid',
  `updated_by` varchar(50) DEFAULT NULL COMMENT '更新用户',
  `updated_date` datetime DEFAULT NULL COMMENT '更新日期',
  `created_by` varchar(50) DEFAULT NULL COMMENT '创建用户',
  `created_date` datetime DEFAULT NULL COMMENT '创建日期',
  `state` int(15) DEFAULT NULL COMMENT '状态',
  `key_name` varchar(1000) DEFAULT NULL COMMENT '唯一名称',
  `fixed_date` varchar(19) DEFAULT NULL COMMENT '确认日期',
  `code` varchar(1000) DEFAULT NULL COMMENT '编码',
  `description` varchar(1000) DEFAULT NULL COMMENT '描述说明',
  `name` varchar(200) DEFAULT NULL COMMENT '名称',
  `state_code` varchar(50) DEFAULT NULL COMMENT '状态编码',
  PRIMARY KEY (`guid`)
) ENGINE=InnoDB DEFAULT CHARSET=utf8;
/*!40101 SET character_set_client = @saved_cs_client */;

--
-- Dumping data for table `cloud_vendor`
--

LOCK TABLES `cloud_vendor` WRITE;
/*!40000 ALTER TABLE `cloud_vendor` DISABLE KEYS */;
INSERT INTO `cloud_vendor` (`guid`, `p_guid`, `r_guid`, `updated_by`, `updated_date`, `created_by`, `created_date`, `state`, `key_name`, `fixed_date`, `code`, `description`, `name`, `state_code`) VALUES ('0006_0000000001',NULL,'0006_0000000001','umadmin','2020-05-20 11:58:04','umadmin','2020-04-11 22:12:23',34,'华为云',NULL,'HW','华为云','华为云','new'),('0006_0000000002',NULL,'0006_0000000002','umadmin','2020-05-20 11:58:03','umadmin','2020-04-11 22:12:45',34,'腾讯云',NULL,'TX','腾讯云','腾讯云','new'),('0006_0000000003',NULL,'0006_0000000003','umadmin','2020-05-20 11:58:02','umadmin','2020-04-18 14:36:36',34,'云外部',NULL,'OC','云外部','云外部','new'),('0006_0000000004',NULL,'0006_0000000004','umadmin','2020-05-20 11:58:02','umadmin','2020-04-23 12:16:31',34,'阿里云',NULL,'ALI','阿里云','阿里云','new'),('0006_0000000005',NULL,'0006_0000000005','umadmin','2020-05-20 11:58:02','umadmin','2020-04-23 12:17:45',34,'亚马逊云',NULL,'AWS','亚马逊云','亚马逊云','new'),('0006_0000000006',NULL,'0006_0000000006','umadmin','2020-05-20 11:58:02','umadmin','2020-04-23 12:18:49',34,'微软云',NULL,'AZ','微软云','微软云','new');
/*!40000 ALTER TABLE `cloud_vendor` ENABLE KEYS */;
UNLOCK TABLES;

--
-- Table structure for table `cluster_node_type`
--

DROP TABLE IF EXISTS `cluster_node_type`;
/*!40101 SET @saved_cs_client     = @@character_set_client */;
 SET character_set_client = utf8mb4 ;
CREATE TABLE `cluster_node_type` (
  `guid` varchar(15) NOT NULL COMMENT '全局唯一ID',
  `p_guid` varchar(15) DEFAULT NULL COMMENT '前一版本数据的guid',
  `r_guid` varchar(15) DEFAULT NULL COMMENT '原始数据guid',
  `updated_by` varchar(50) DEFAULT NULL COMMENT '更新用户',
  `updated_date` datetime DEFAULT NULL COMMENT '更新日期',
  `created_by` varchar(50) DEFAULT NULL COMMENT '创建用户',
  `created_date` datetime DEFAULT NULL COMMENT '创建日期',
  `state` int(15) DEFAULT NULL COMMENT '状态',
  `key_name` varchar(1000) DEFAULT NULL COMMENT '唯一名称',
  `fixed_date` varchar(19) DEFAULT NULL COMMENT '确认日期',
  `code` varchar(1000) DEFAULT NULL COMMENT '编码',
  `description` varchar(1000) DEFAULT NULL COMMENT '描述说明',
  `cluster_type` varchar(15) DEFAULT NULL COMMENT '集群类型',
  `name` varchar(200) DEFAULT NULL COMMENT '名称',
  `state_code` varchar(50) DEFAULT NULL COMMENT '状态编码',
  PRIMARY KEY (`guid`)
) ENGINE=InnoDB DEFAULT CHARSET=utf8;
/*!40101 SET character_set_client = @saved_cs_client */;

--
-- Dumping data for table `cluster_node_type`
--

LOCK TABLES `cluster_node_type` WRITE;
/*!40000 ALTER TABLE `cluster_node_type` DISABLE KEYS */;
INSERT INTO `cluster_node_type` (`guid`, `p_guid`, `r_guid`, `updated_by`, `updated_date`, `created_by`, `created_date`, `state`, `key_name`, `fixed_date`, `code`, `description`, `cluster_type`, `name`, `state_code`) VALUES ('0008_0000000001',NULL,'0008_0000000001','umadmin','2020-04-29 18:44:49','umadmin','2020-04-11 23:57:10',34,'NODE_负载均衡',NULL,'node','','0007_0000000001','NODE','new'),('0008_0000000002',NULL,'0008_0000000002','umadmin','2020-04-29 18:44:49','umadmin','2020-04-11 23:57:56',34,'主节点_MYSQL主备',NULL,'master','','0007_0000000002','主节点','new'),('0008_0000000003',NULL,'0008_0000000003','umadmin','2020-04-29 18:44:49','umadmin','2020-04-11 23:58:21',34,'NODE_节点多活',NULL,'node','','0007_0000000003','NODE','new'),('0008_0000000004',NULL,'0008_0000000004','umadmin','2020-04-29 18:44:49','umadmin','2020-04-13 00:17:07',34,'主节点_REDIS主备',NULL,'master','','0007_0000000005','主节点','new'),('0008_0000000005',NULL,'0008_0000000005','umadmin','2020-04-29 18:44:49','umadmin','2020-04-18 17:47:21',34,'主节点_REDIS主备',NULL,'master','','0007_0000000009','主节点','new'),('0008_0000000006',NULL,'0008_0000000006','umadmin','2020-04-29 18:44:48','umadmin','2020-04-18 17:47:22',34,'NODE_节点多活',NULL,'node','','0007_0000000012','NODE','new'),('0008_0000000007',NULL,'0008_0000000007','umadmin','2020-04-29 18:44:48','umadmin','2020-04-18 17:47:22',34,'主节点_MYSQL主备',NULL,'master','','0007_0000000008','主节点','new'),('0008_0000000008',NULL,'0008_0000000008','umadmin','2020-04-29 18:44:48','umadmin','2020-04-18 17:47:22',34,'NODE_负载均衡',NULL,'node','','0007_0000000007','NODE','new'),('0008_0000000009',NULL,'0008_0000000009','umadmin','2020-04-29 18:44:48','umadmin','2020-04-24 18:18:32',34,'NODE_BDP集群',NULL,'bdpnode','','0007_0000000015','NODE','new'),('0008_0000000010',NULL,'0008_0000000010','umadmin','2020-04-29 18:44:48','umadmin','2020-04-24 18:18:45',34,'NODE_BDP集群',NULL,'bdpnode','','0007_0000000016','NODE','new'),('0008_0000000011',NULL,'0008_0000000011','umadmin','2020-05-20 14:25:39','umadmin','2020-05-20 14:25:39',34,'NODE_BDP集群',NULL,'bdpnode','','0007_0000000019','NODE','new'),('0008_0000000012',NULL,'0008_0000000012','umadmin','2020-05-20 14:25:39','umadmin','2020-05-20 14:25:39',34,'NODE_节点多活',NULL,'node','','0007_0000000020','NODE','new'),('0008_0000000013',NULL,'0008_0000000013','umadmin','2020-05-20 14:25:39','umadmin','2020-05-20 14:25:39',34,'主节点_MYSQL主备',NULL,'master','','0007_0000000024','主节点','new'),('0008_0000000014',NULL,'0008_0000000014','umadmin','2020-05-20 14:25:39','umadmin','2020-05-20 14:25:39',34,'NODE_负载均衡',NULL,'node','','0007_0000000025','NODE','new'),('0008_0000000015',NULL,'0008_0000000015','umadmin','2020-05-20 14:25:39','umadmin','2020-05-20 14:25:39',34,'主节点_REDIS主备',NULL,'master','','0007_0000000023','主节点','new');
/*!40000 ALTER TABLE `cluster_node_type` ENABLE KEYS */;
UNLOCK TABLES;

--
-- Table structure for table `cluster_type`
--

DROP TABLE IF EXISTS `cluster_type`;
/*!40101 SET @saved_cs_client     = @@character_set_client */;
 SET character_set_client = utf8mb4 ;
CREATE TABLE `cluster_type` (
  `guid` varchar(15) NOT NULL COMMENT '全局唯一ID',
  `p_guid` varchar(15) DEFAULT NULL COMMENT '前一版本数据的guid',
  `r_guid` varchar(15) DEFAULT NULL COMMENT '原始数据guid',
  `updated_by` varchar(50) DEFAULT NULL COMMENT '更新用户',
  `updated_date` datetime DEFAULT NULL COMMENT '更新日期',
  `created_by` varchar(50) DEFAULT NULL COMMENT '创建用户',
  `created_date` datetime DEFAULT NULL COMMENT '创建日期',
  `state` int(15) DEFAULT NULL COMMENT '状态',
  `key_name` varchar(1000) DEFAULT NULL COMMENT '唯一名称',
  `fixed_date` varchar(19) DEFAULT NULL COMMENT '确认日期',
  `code` varchar(1000) DEFAULT NULL COMMENT '编码',
  `description` varchar(1000) DEFAULT NULL COMMENT '描述说明',
  `cloud_vendor` varchar(15) DEFAULT NULL COMMENT '云厂商',
  `name` varchar(200) DEFAULT NULL COMMENT '名称',
  `state_code` varchar(50) DEFAULT NULL COMMENT '状态编码',
  PRIMARY KEY (`guid`)
) ENGINE=InnoDB DEFAULT CHARSET=utf8;
/*!40101 SET character_set_client = @saved_cs_client */;

--
-- Dumping data for table `cluster_type`
--

LOCK TABLES `cluster_type` WRITE;
/*!40000 ALTER TABLE `cluster_type` DISABLE KEYS */;
INSERT INTO `cluster_type` (`guid`, `p_guid`, `r_guid`, `updated_by`, `updated_date`, `created_by`, `created_date`, `state`, `key_name`, `fixed_date`, `code`, `description`, `cloud_vendor`, `name`, `state_code`) VALUES ('0007_0000000001',NULL,'0007_0000000001','umadmin','2020-05-20 11:58:03','umadmin','2020-04-11 23:55:10',34,'负载均衡_华为云',NULL,'LB','','0006_0000000001','负载均衡','new'),('0007_0000000002',NULL,'0007_0000000002','umadmin','2020-05-20 11:58:03','umadmin','2020-04-11 23:55:31',34,'MYSQL主备_华为云',NULL,'true','','0006_0000000001','MYSQL主备','new'),('0007_0000000003',NULL,'0007_0000000003','umadmin','2020-05-20 11:58:03','umadmin','2020-04-11 23:56:20',34,'节点多活_华为云',NULL,'MN','','0006_0000000001','节点多活','new'),('0007_0000000004',NULL,'0007_0000000004','umadmin','2020-05-20 11:58:03','umadmin','2020-04-12 15:43:58',34,'MYSQL单机_华为云',NULL,'false','','0006_0000000001','MYSQL单机','new'),('0007_0000000005',NULL,'0007_0000000005','umadmin','2020-05-20 11:58:03','umadmin','2020-04-13 00:15:52',34,'REDIS主备_华为云',NULL,'ha','','0006_0000000001','REDIS主备','new'),('0007_0000000006',NULL,'0007_0000000006','umadmin','2020-05-20 11:58:03','umadmin','2020-04-13 00:16:17',34,'REDIS单机_华为云',NULL,'single','','0006_0000000001','REDIS单机','new'),('0007_0000000007',NULL,'0007_0000000007','umadmin','2020-05-20 11:58:02','umadmin','2020-04-18 14:46:50',34,'负载均衡_腾讯云',NULL,'LB','','0006_0000000002','负载均衡','new'),('0007_0000000008',NULL,'0007_0000000008','umadmin','2020-05-20 11:58:02','umadmin','2020-04-18 14:47:48',34,'MYSQL主备_腾讯云',NULL,'masterslave','','0006_0000000002','MYSQL主备','new'),('0007_0000000009',NULL,'0007_0000000009','umadmin','2020-05-20 11:58:02','umadmin','2020-04-18 14:48:27',34,'REDIS主备_腾讯云',NULL,'redisha','','0006_0000000002','REDIS主备','new'),('0007_0000000010',NULL,'0007_0000000010','umadmin','2020-05-20 11:58:02','umadmin','2020-04-18 14:48:57',34,'REDIS单机_腾讯云',NULL,'single','','0006_0000000002','REDIS单机','new'),('0007_0000000011',NULL,'0007_0000000011','umadmin','2020-05-20 11:58:02','umadmin','2020-04-18 14:49:24',34,'MYSQL单机_腾讯云',NULL,'single','','0006_0000000002','MYSQL单机','new'),('0007_0000000012',NULL,'0007_0000000012','umadmin','2020-05-20 11:58:02','umadmin','2020-04-18 14:50:33',34,'节点多活_腾讯云',NULL,'MN','','0006_0000000002','节点多活','new'),('0007_0000000015',NULL,'0007_0000000015','umadmin','2020-05-20 11:58:02','umadmin','2020-04-24 18:17:47',34,'BDP集群_腾讯云',NULL,'bdpcluster','','0006_0000000002','BDP集群','new'),('0007_0000000016',NULL,'0007_0000000016','umadmin','2020-05-20 11:58:03','umadmin','2020-04-24 18:17:58',34,'BDP集群_华为云',NULL,'bdpcluster','','0006_0000000001','BDP集群','new'),('0007_0000000017',NULL,'0007_0000000017','umadmin','2020-05-20 11:58:02','umadmin','2020-04-29 15:33:48',34,'REDIS集群_腾讯云',NULL,'rediscluster','','0006_0000000002','REDIS集群','new'),('0007_0000000018',NULL,'0007_0000000018','umadmin','2020-05-20 12:38:57','umadmin','2020-05-20 12:38:57',34,'REDIS集群_阿里云',NULL,'rediscluster','','0006_0000000004','REDIS集群','new'),('0007_0000000019',NULL,'0007_0000000019','umadmin','2020-05-20 12:38:57','umadmin','2020-05-20 12:38:57',34,'BDP集群_阿里云',NULL,'bdpcluster','','0006_0000000004','BDP集群','new'),('0007_0000000020',NULL,'0007_0000000020','umadmin','2020-05-20 12:38:57','umadmin','2020-05-20 12:38:57',34,'节点多活_阿里云',NULL,'MN','','0006_0000000004','节点多活','new'),('0007_0000000021',NULL,'0007_0000000021','umadmin','2020-05-20 12:38:57','umadmin','2020-05-20 12:38:57',34,'MYSQL单机_阿里云',NULL,'single','','0006_0000000004','MYSQL单机','new'),('0007_0000000022',NULL,'0007_0000000022','umadmin','2020-05-20 12:38:58','umadmin','2020-05-20 12:38:57',34,'REDIS单机_阿里云',NULL,'single','','0006_0000000004','REDIS单机','new'),('0007_0000000023',NULL,'0007_0000000023','umadmin','2020-05-20 12:38:58','umadmin','2020-05-20 12:38:58',34,'REDIS主备_阿里云',NULL,'redisha','','0006_0000000004','REDIS主备','new'),('0007_0000000024',NULL,'0007_0000000024','umadmin','2020-05-20 12:38:58','umadmin','2020-05-20 12:38:58',34,'MYSQL主备_阿里云',NULL,'masterslave','','0006_0000000004','MYSQL主备','new'),('0007_0000000025',NULL,'0007_0000000025','umadmin','2020-05-20 12:38:58','umadmin','2020-05-20 12:38:58',34,'负载均衡_阿里云',NULL,'LB','','0006_0000000004','负载均衡','new');
/*!40000 ALTER TABLE `cluster_type` ENABLE KEYS */;
UNLOCK TABLES;

--
-- Table structure for table `cluster_type$unit_type`
--

DROP TABLE IF EXISTS `cluster_type$unit_type`;
/*!40101 SET @saved_cs_client     = @@character_set_client */;
 SET character_set_client = utf8mb4 ;
CREATE TABLE `cluster_type$unit_type` (
  `id` int(11) NOT NULL AUTO_INCREMENT,
  `from_guid` varchar(15) COLLATE utf8mb4_unicode_ci NOT NULL,
  `to_guid` varchar(15) COLLATE utf8mb4_unicode_ci NOT NULL,
  `seq_no` int(5) DEFAULT '0',
  PRIMARY KEY (`id`)
) ENGINE=InnoDB AUTO_INCREMENT=138 DEFAULT CHARSET=utf8mb4 COLLATE=utf8mb4_unicode_ci;
/*!40101 SET character_set_client = @saved_cs_client */;

--
-- Dumping data for table `cluster_type$unit_type`
--

LOCK TABLES `cluster_type$unit_type` WRITE;
/*!40000 ALTER TABLE `cluster_type$unit_type` DISABLE KEYS */;
INSERT INTO `cluster_type$unit_type` (`id`, `from_guid`, `to_guid`, `seq_no`) VALUES (3,'0007_0000000014','0002_0000000002',1),(4,'0007_0000000013','0002_0000000002',1),(91,'0007_0000000005','0002_0000000003',1),(92,'0007_0000000004','0002_0000000002',1),(93,'0007_0000000003','0002_0000000006',2),(94,'0007_0000000003','0002_0000000010',3),(95,'0007_0000000003','0002_0000000009',1),(96,'0007_0000000003','0002_0000000005',5),(97,'0007_0000000003','0002_0000000004',4),(98,'0007_0000000002','0002_0000000002',1),(99,'0007_0000000001','0002_0000000011',2),(100,'0007_0000000001','0002_0000000010',3),(101,'0007_0000000001','0002_0000000005',5),(102,'0007_0000000001','0002_0000000001',4),(103,'0007_0000000001','0002_0000000012',1),(104,'0007_0000000017','0002_0000000003',1),(105,'0007_0000000016','0002_0000000008',1),(106,'0007_0000000015','0002_0000000008',1),(107,'0007_0000000012','0002_0000000006',2),(108,'0007_0000000012','0002_0000000005',5),(109,'0007_0000000012','0002_0000000009',1),(110,'0007_0000000012','0002_0000000010',3),(111,'0007_0000000012','0002_0000000004',4),(112,'0007_0000000011','0002_0000000002',1),(113,'0007_0000000010','0002_0000000003',1),(114,'0007_0000000009','0002_0000000003',1),(115,'0007_0000000008','0002_0000000002',1),(116,'0007_0000000007','0002_0000000011',2),(117,'0007_0000000007','0002_0000000012',1),(118,'0007_0000000007','0002_0000000005',5),(119,'0007_0000000007','0002_0000000010',3),(120,'0007_0000000007','0002_0000000001',4),(121,'0007_0000000006','0002_0000000003',1),(122,'0007_0000000018','0002_0000000003',1),(123,'0007_0000000019','0002_0000000008',1),(124,'0007_0000000020','0002_0000000005',5),(125,'0007_0000000020','0002_0000000009',1),(126,'0007_0000000020','0002_0000000010',3),(127,'0007_0000000020','0002_0000000004',4),(128,'0007_0000000020','0002_0000000006',2),(129,'0007_0000000021','0002_0000000002',1),(130,'0007_0000000022','0002_0000000003',1),(131,'0007_0000000023','0002_0000000003',1),(132,'0007_0000000024','0002_0000000002',1),(133,'0007_0000000025','0002_0000000001',4),(134,'0007_0000000025','0002_0000000005',5),(135,'0007_0000000025','0002_0000000010',3),(136,'0007_0000000025','0002_0000000012',1),(137,'0007_0000000025','0002_0000000011',2);
/*!40000 ALTER TABLE `cluster_type$unit_type` ENABLE KEYS */;
UNLOCK TABLES;

--
-- Table structure for table `data_center`
--

DROP TABLE IF EXISTS `data_center`;
/*!40101 SET @saved_cs_client     = @@character_set_client */;
 SET character_set_client = utf8mb4 ;
CREATE TABLE `data_center` (
  `guid` varchar(15) NOT NULL COMMENT '全局唯一ID',
  `p_guid` varchar(15) DEFAULT NULL COMMENT '前一版本数据的guid',
  `r_guid` varchar(15) DEFAULT NULL COMMENT '原始数据guid',
  `updated_by` varchar(50) DEFAULT NULL COMMENT '更新用户',
  `updated_date` datetime DEFAULT NULL COMMENT '更新日期',
  `created_by` varchar(50) DEFAULT NULL COMMENT '创建用户',
  `created_date` datetime DEFAULT NULL COMMENT '创建日期',
  `state` int(15) DEFAULT NULL COMMENT '状态',
  `key_name` varchar(1000) DEFAULT NULL COMMENT '唯一名称',
  `fixed_date` varchar(19) DEFAULT NULL COMMENT '确认日期',
  `code` varchar(1000) DEFAULT NULL COMMENT '编码',
  `description` varchar(1000) DEFAULT NULL COMMENT '描述说明',
  `cloud_uid` varchar(200) DEFAULT NULL COMMENT '云用户ID',
  `cloud_vendor` varchar(15) DEFAULT NULL COMMENT '云厂商',
  `data_center_design` varchar(15) DEFAULT NULL COMMENT '数据中心设计',
  `data_center_type` varchar(200) DEFAULT NULL COMMENT 'REGION | ZONE |ENTERPRISE',
  `location` varchar(200) DEFAULT NULL COMMENT '位置',
  `name` varchar(200) DEFAULT NULL COMMENT '名称',
  `regional_data_center` varchar(15) DEFAULT NULL COMMENT '地域数据中心',
  `state_code` varchar(50) DEFAULT NULL COMMENT '状态编码',
  `available_zone` varchar(200) DEFAULT NULL COMMENT '可用区',
  `region` varchar(200) DEFAULT NULL COMMENT '地域',
  `cen_asset_id` varchar(200) DEFAULT NULL COMMENT '云企业网资产ID',
  PRIMARY KEY (`guid`)
) ENGINE=InnoDB DEFAULT CHARSET=utf8;
/*!40101 SET character_set_client = @saved_cs_client */;

--
-- Dumping data for table `data_center`
--

LOCK TABLES `data_center` WRITE;
/*!40000 ALTER TABLE `data_center` DISABLE KEYS */;
INSERT INTO `data_center` (`guid`, `p_guid`, `r_guid`, `updated_by`, `updated_date`, `created_by`, `created_date`, `state`, `key_name`, `fixed_date`, `code`, `description`, `cloud_uid`, `cloud_vendor`, `data_center_design`, `data_center_type`, `location`, `name`, `regional_data_center`, `state_code`, `available_zone`, `region`, `cen_asset_id`) VALUES ('0022_0000000001',NULL,'0022_0000000001','umadmin','2020-05-08 00:18:32','umadmin','2020-04-12 03:52:22',37,'TX_GZ_PRD',NULL,'TX_GZ_PRD','','','0006_0000000002','0012_0000000001','REGION','Region=','生产数据中心','','created','','GZ',NULL),('0022_0000000002',NULL,'0022_0000000002','umadmin','2020-05-08 00:18:27','umadmin','2020-04-12 03:53:02',37,'TX_CD_DR',NULL,'TX_CD_DR','','','0006_0000000002','0012_0000000001','REGION','Region=','容灾数据中心','','created','','CD',NULL),('0022_0000000003',NULL,'0022_0000000003','umadmin','2020-05-08 00:18:19','umadmin','2020-04-12 03:54:07',37,'TX_GZ_PRD1',NULL,'TX_GZ_PRD1','','','0006_0000000002','0012_0000000001','ZONE','Region=;AvailableZone=','生产数据中心1','0022_0000000001','created','','GZ',NULL),('0022_0000000004',NULL,'0022_0000000004','umadmin','2020-05-08 00:18:16','umadmin','2020-04-12 03:54:56',37,'TX_CD_DR1',NULL,'TX_CD_DR1','','','0006_0000000002','0012_0000000001','ZONE','Region=;AvailableZone=','容灾数据中心1','0022_0000000002','created','','CD',NULL),('0022_0000000005',NULL,'0022_0000000005','umadmin','2020-05-08 00:18:18','umadmin','2020-04-12 03:54:56',37,'TX_GZ_PRD2',NULL,'TX_GZ_PRD2','','','0006_0000000002','0012_0000000001','ZONE','Region=;AvailableZone=','生产数据中心2','0022_0000000001','created','','GZ',NULL),('0022_0000000006',NULL,'0022_0000000006','umadmin','2020-04-28 21:56:28','umadmin','2020-04-13 18:49:27',37,'ODC',NULL,'ODC','','','0006_0000000003','0012_0000000001','REGION','null','数据中心外部','','created','null','ALL',NULL),('0022_0000000009',NULL,'0022_0000000009','umadmin','2020-05-22 10:48:27','umadmin','2020-05-20 11:56:13',37,'ALI_HZ_PRD',NULL,'ALI_HZ_PRD','','','0006_0000000004','0012_0000000002','REGION','regionId=cn-hangzhou;regionGroup=cn-hangzhou-MAZ10','阿里云杭州生产数据中心','','created','','cn-hangzhou',NULL),('0022_0000000010',NULL,'0022_0000000010','umadmin','2020-05-22 18:05:10','umadmin','2020-05-20 11:59:27',37,'ALI_HZ_PRD2',NULL,'ALI_HZ_PRD2','','','0006_0000000004','0012_0000000002','ZONE','regionId=cn-hangzhou;regionGroup=cn-hangzhou-MAZ10','阿里云杭州生产数据中心2','0022_0000000009','created','cn-hangzhou-i','cn-hangzhou',NULL),('0022_0000000011',NULL,'0022_0000000011','umadmin','2020-05-21 14:57:33','umadmin','2020-05-20 11:59:27',37,'ALI_HZ_PRD1',NULL,'ALI_HZ_PRD1','','','0006_0000000004','0012_0000000002','ZONE','regionId=cn-hangzhou;regionGroup=cn-hangzhou-MAZ10','阿里云杭州生产数据中心1','0022_0000000009','created','cn-hangzhou-h','cn-hangzhou',NULL),('0022_0000000016',NULL,'0022_0000000016','umadmin','2020-05-23 13:20:37','umadmin','2020-05-22 17:59:23',37,'TX_BJ_PRD',NULL,'TX_BJ_PRD','','','0006_0000000002','0012_0000000002','REGION','Region=ap-beijing','腾讯云北京生产数据中心','','created','','ap-beijing',''),('0022_0000000017',NULL,'0022_0000000017','umadmin','2020-05-22 19:32:47','umadmin','2020-05-22 18:04:02',37,'TX_BJ_PRD2',NULL,'TX_BJ_PRD2','','','0006_0000000002','0012_0000000002','ZONE','Region=ap-beijing;AvailableZone=ap-beijing-5','腾讯云北京生产数据中心2','0022_0000000016','created','ap-beijing-5','ap-beijing',NULL),('0022_0000000018',NULL,'0022_0000000018','umadmin','2020-05-22 19:32:48','umadmin','2020-05-22 18:04:02',37,'TX_BJ_PRD1',NULL,'TX_BJ_PRD1','','','0006_0000000002','0012_0000000002','ZONE','Region=ap-beijing;AvailableZone=ap-beijing-4','腾讯云北京生产数据中心1','0022_0000000016','created','ap-beijing-4','ap-beijing',NULL);
/*!40000 ALTER TABLE `data_center` ENABLE KEYS */;
UNLOCK TABLES;

--
-- Table structure for table `data_center$deploy_environment`
--

DROP TABLE IF EXISTS `data_center$deploy_environment`;
/*!40101 SET @saved_cs_client     = @@character_set_client */;
 SET character_set_client = utf8mb4 ;
CREATE TABLE `data_center$deploy_environment` (
  `id` int(11) NOT NULL AUTO_INCREMENT,
  `from_guid` varchar(15) COLLATE utf8mb4_unicode_ci NOT NULL,
  `to_guid` varchar(15) COLLATE utf8mb4_unicode_ci NOT NULL,
  `seq_no` int(5) DEFAULT '0',
  PRIMARY KEY (`id`)
) ENGINE=InnoDB AUTO_INCREMENT=48 DEFAULT CHARSET=utf8mb4 COLLATE=utf8mb4_unicode_ci;
/*!40101 SET character_set_client = @saved_cs_client */;

--
-- Dumping data for table `data_center$deploy_environment`
--

LOCK TABLES `data_center$deploy_environment` WRITE;
/*!40000 ALTER TABLE `data_center$deploy_environment` DISABLE KEYS */;
INSERT INTO `data_center$deploy_environment` (`id`, `from_guid`, `to_guid`, `seq_no`) VALUES (8,'0022_0000000006','0003_0000000002',2),(9,'0022_0000000006','0003_0000000001',1),(18,'0022_0000000004','0003_0000000002',1),(19,'0022_0000000005','0003_0000000001',1),(20,'0022_0000000003','0003_0000000001',1),(21,'0022_0000000002','0003_0000000002',1),(22,'0022_0000000001','0003_0000000001',1),(34,'0022_0000000011','0003_0000000001',1),(36,'0022_0000000009','0003_0000000001',1),(44,'0022_0000000010','0003_0000000001',1),(45,'0022_0000000017','0003_0000000001',1),(46,'0022_0000000018','0003_0000000001',1),(47,'0022_0000000016','0003_0000000001',1);
/*!40000 ALTER TABLE `data_center$deploy_environment` ENABLE KEYS */;
UNLOCK TABLES;

--
-- Table structure for table `data_center_design`
--

DROP TABLE IF EXISTS `data_center_design`;
/*!40101 SET @saved_cs_client     = @@character_set_client */;
 SET character_set_client = utf8mb4 ;
CREATE TABLE `data_center_design` (
  `guid` varchar(15) NOT NULL COMMENT '全局唯一ID',
  `p_guid` varchar(15) DEFAULT NULL COMMENT '前一版本数据的guid',
  `r_guid` varchar(15) DEFAULT NULL COMMENT '原始数据guid',
  `updated_by` varchar(50) DEFAULT NULL COMMENT '更新用户',
  `updated_date` datetime DEFAULT NULL COMMENT '更新日期',
  `created_by` varchar(50) DEFAULT NULL COMMENT '创建用户',
  `created_date` datetime DEFAULT NULL COMMENT '创建日期',
  `state` int(15) DEFAULT NULL COMMENT '状态',
  `key_name` varchar(1000) DEFAULT NULL COMMENT '唯一名称',
  `fixed_date` varchar(19) DEFAULT NULL COMMENT '确认日期',
  `code` varchar(1000) DEFAULT NULL COMMENT '编码',
  `description` varchar(1000) DEFAULT NULL COMMENT '描述说明',
  `name` varchar(200) DEFAULT NULL COMMENT '名称',
  `state_code` varchar(50) DEFAULT NULL COMMENT '状态编码',
  PRIMARY KEY (`guid`)
) ENGINE=InnoDB DEFAULT CHARSET=utf8;
/*!40101 SET character_set_client = @saved_cs_client */;

--
-- Dumping data for table `data_center_design`
--

LOCK TABLES `data_center_design` WRITE;
/*!40000 ALTER TABLE `data_center_design` DISABLE KEYS */;
INSERT INTO `data_center_design` (`guid`, `p_guid`, `r_guid`, `updated_by`, `updated_date`, `created_by`, `created_date`, `state`, `key_name`, `fixed_date`, `code`, `description`, `name`, `state_code`) VALUES ('0012_0000000001',NULL,'0012_0000000001','umadmin','2020-05-20 10:04:58','umadmin','2020-04-12 00:00:02',34,'PCD',NULL,'PCD','公有云机房','公有云机房-微众分布式架构','new'),('0012_0000000002',NULL,'0012_0000000002','umadmin','2020-05-20 10:05:43','umadmin','2020-05-20 10:05:43',34,'DC',NULL,'DC','公有云机房-通用版','公有云机房-通用版','new');
/*!40000 ALTER TABLE `data_center_design` ENABLE KEYS */;
UNLOCK TABLES;

--
-- Table structure for table `default_security_policy`
--

DROP TABLE IF EXISTS `default_security_policy`;
/*!40101 SET @saved_cs_client     = @@character_set_client */;
 SET character_set_client = utf8mb4 ;
CREATE TABLE `default_security_policy` (
  `guid` varchar(15) NOT NULL COMMENT '全局唯一ID',
  `p_guid` varchar(15) DEFAULT NULL COMMENT '前一版本数据的guid',
  `r_guid` varchar(15) DEFAULT NULL COMMENT '原始数据guid',
  `updated_by` varchar(50) DEFAULT NULL COMMENT '更新用户',
  `updated_date` datetime DEFAULT NULL COMMENT '更新日期',
  `created_by` varchar(50) DEFAULT NULL COMMENT '创建用户',
  `created_date` datetime DEFAULT NULL COMMENT '创建日期',
  `state` int(15) DEFAULT NULL COMMENT '状态',
  `key_name` varchar(1000) DEFAULT NULL COMMENT '唯一名称',
  `fixed_date` varchar(19) DEFAULT NULL COMMENT '确认日期',
  `code` varchar(1000) DEFAULT NULL COMMENT '编码',
  `description` varchar(1000) DEFAULT NULL COMMENT '描述说明',
  `default_security_policy_design` varchar(15) DEFAULT NULL COMMENT '默认安全策略设计',
  `policy_network_segment` varchar(15) DEFAULT NULL COMMENT '策略网段',
  `owner_network_segment` varchar(15) DEFAULT NULL COMMENT '属主网段',
  `port` varchar(200) DEFAULT NULL COMMENT '端口',
  `protocol` varchar(200) DEFAULT NULL COMMENT '协议',
  `security_policy_action` varchar(200) DEFAULT NULL COMMENT '安全规则行为',
  `security_policy_type` varchar(200) DEFAULT NULL COMMENT '安全规则类型',
  `state_code` varchar(50) DEFAULT NULL COMMENT '状态编码',
  `security_policy_asset_id` varchar(200) DEFAULT NULL COMMENT '安全策略资产ID',
  PRIMARY KEY (`guid`)
) ENGINE=InnoDB DEFAULT CHARSET=utf8;
/*!40101 SET character_set_client = @saved_cs_client */;

--
-- Dumping data for table `default_security_policy`
--

LOCK TABLES `default_security_policy` WRITE;
/*!40000 ALTER TABLE `default_security_policy` DISABLE KEYS */;
INSERT INTO `default_security_policy` (`guid`, `p_guid`, `r_guid`, `updated_by`, `updated_date`, `created_by`, `created_date`, `state`, `key_name`, `fixed_date`, `code`, `description`, `default_security_policy_design`, `policy_network_segment`, `owner_network_segment`, `port`, `protocol`, `security_policy_action`, `security_policy_type`, `state_code`, `security_policy_asset_id`) VALUES ('0025_0000000003',NULL,'0025_0000000003','umadmin','2020-05-23 23:13:30','umadmin','2020-04-28 22:16:53',37,'HW_SG_PRD_SF__ingress_1-65535__HW_SG_PRD_SF',NULL,'ingress_1-65535','','0015_0000000003','0023_0000000003','0023_0000000003','1-65535','TCP','ACCEPT','ingress','created',''),('0025_0000000004',NULL,'0025_0000000004','umadmin','2020-05-23 23:13:29','umadmin','2020-04-28 22:16:53',37,'HW_SG_PRD_DMZ__ingress_1-65535__HW_SG_PRD_DMZ',NULL,'ingress_1-65535','','0015_0000000004','0023_0000000004','0023_0000000004','1-65535','TCP','ACCEPT','ingress','created',''),('0025_0000000005',NULL,'0025_0000000005','umadmin','2020-05-23 23:13:29','umadmin','2020-04-28 22:16:53',37,'HW_SG_PRD_ECN__egress_1-65535__HW_SG_PRD_ECN',NULL,'egress_1-65535','','0015_0000000007','0023_0000000005','0023_0000000005','1-65535','TCP','ACCEPT','egress','created',''),('0025_0000000006',NULL,'0025_0000000006','umadmin','2020-05-23 23:13:28','umadmin','2020-04-28 22:16:54',37,'HW_SG_PRD_ECN__ingress_1-65535__HW_SG_PRD_ECN',NULL,'ingress_1-65535','','0015_0000000006','0023_0000000005','0023_0000000005','1-65535','TCP','ACCEPT','ingress','created',''),('0025_0000000007',NULL,'0025_0000000007','umadmin','2020-05-23 23:13:27','umadmin','2020-04-28 22:16:54',37,'HW_SG_PRD_DMZ__egress_1-65535__HW_SG_PRD_DMZ',NULL,'egress_1-65535','','0015_0000000005','0023_0000000004','0023_0000000004','1-65535','TCP','ACCEPT','egress','created',''),('0025_0000000008',NULL,'0025_0000000008','umadmin','2020-05-23 23:13:27','umadmin','2020-04-28 22:16:54',37,'HW_SG_PRD_MGMT__egress_1-65535__HW_SG_PRD_MGMT',NULL,'egress_1-65535','','0015_0000000009','0023_0000000006','0023_0000000006','1-65535','TCP','ACCEPT','egress','created',''),('0025_0000000009',NULL,'0025_0000000009','umadmin','2020-05-23 23:13:26','umadmin','2020-04-28 22:16:55',37,'HW_SG_PRD_MGMT__ingress_1-65535__HW_SG_PRD_MGMT',NULL,'ingress_1-65535','','0015_0000000008','0023_0000000006','0023_0000000006','1-65535','TCP','ACCEPT','ingress','created',''),('0025_0000000010',NULL,'0025_0000000010','umadmin','2020-05-23 23:13:25','umadmin','2020-04-28 22:16:55',37,'HW_SG_PRD_QZ__egress_1-65535__HW_SG_PRD_QZ',NULL,'egress_1-65535','','0015_0000000011','0023_0000000007','0023_0000000007','1-65535','TCP','ACCEPT','egress','created',''),('0025_0000000011',NULL,'0025_0000000011','umadmin','2020-05-23 23:13:15','umadmin','2020-04-28 22:16:56',37,'HW_SG_PRD_QZ__ingress_1-65535__HW_SG_PRD_QZ',NULL,'ingress_1-65535','','0015_0000000010','0023_0000000007','0023_0000000007','1-65535','TCP','ACCEPT','ingress','created',''),('0025_0000000012',NULL,'0025_0000000012','umadmin','2020-05-23 23:13:15','umadmin','2020-04-28 22:19:10',37,'HW_SG_PRD_SF__ingress_10000-19999__HW_SG_PRD_ECN',NULL,'ingress_10000-19999','','0015_0000000013','0023_0000000005','0023_0000000003','10000-19999','TCP','ACCEPT','ingress','created',''),('0025_0000000013',NULL,'0025_0000000013','umadmin','2020-05-23 23:13:14','umadmin','2020-04-28 22:19:10',37,'HW_SG_PRD_SF__ingress_10000-19999__HW_SG_PRD_DMZ',NULL,'ingress_10000-19999','','0015_0000000012','0023_0000000004','0023_0000000003','10000-19999','TCP','ACCEPT','ingress','created',''),('0025_0000000014',NULL,'0025_0000000014','umadmin','2020-05-23 23:13:14','umadmin','2020-04-28 22:19:11',37,'HW_SG_PRD_SF__ingress_80-443__HW_SG_PRD_QZ',NULL,'ingress_80-443','','0015_0000000015','0023_0000000007','0023_0000000003','80-443','TCP','ACCEPT','ingress','created',''),('0025_0000000015',NULL,'0025_0000000015','umadmin','2020-05-23 23:13:13','umadmin','2020-04-28 22:19:11',37,'HW_SG_PRD_SF__ingress_1-65535__HW_SG_PRD1_MGMT_APP01',NULL,'ingress_1-65535','','0015_0000000014','0023_0000000020','0023_0000000003','1-65535','TCP','ACCEPT','ingress','created',''),('0025_0000000016',NULL,'0025_0000000016','umadmin','2020-05-23 23:13:13','umadmin','2020-04-28 22:19:11',37,'HW_SG_PRD_SF__ingress_1-65535__HW_SG_PRD2_MGMT_APP01',NULL,'ingress_1-65535','','0015_0000000014','0023_0000000021','0023_0000000003','1-65535','TCP','ACCEPT','ingress','created',''),('0025_0000000017',NULL,'0025_0000000017','umadmin','2020-05-23 23:13:12','umadmin','2020-04-28 22:19:12',37,'HW_SG_PRD_DMZ__ingress_1-65535__HW_SG_PRD1_MGMT_APP01',NULL,'ingress_1-65535','','0015_0000000016','0023_0000000020','0023_0000000004','1-65535','TCP','ACCEPT','ingress','created',''),('0025_0000000018',NULL,'0025_0000000018','umadmin','2020-05-23 23:13:12','umadmin','2020-04-28 22:19:12',37,'HW_SG_PRD_DMZ__ingress_1-65535__HW_SG_PRD2_MGMT_APP01',NULL,'ingress_1-65535','','0015_0000000016','0023_0000000021','0023_0000000004','1-65535','TCP','ACCEPT','ingress','created',''),('0025_0000000019',NULL,'0025_0000000019','umadmin','2020-05-23 23:13:12','umadmin','2020-04-28 22:19:12',37,'HW_SG_PRD_ECN__ingress_1-65535__HW_SG_PRD1_MGMT_APP01',NULL,'ingress_1-65535','','0015_0000000017','0023_0000000020','0023_0000000005','1-65535','TCP','ACCEPT','ingress','created',''),('0025_0000000020',NULL,'0025_0000000020','umadmin','2020-05-23 23:13:12','umadmin','2020-04-28 22:19:13',37,'HW_SG_PRD_ECN__ingress_1-65535__HW_SG_PRD2_MGMT_APP01',NULL,'ingress_1-65535','','0015_0000000017','0023_0000000021','0023_0000000005','1-65535','TCP','ACCEPT','ingress','created',''),('0025_0000000021',NULL,'0025_0000000021','umadmin','2020-05-23 23:13:10','umadmin','2020-04-28 22:19:13',37,'HW_SG_PRD_MGMT__egress_1-65535__HW_SG_PRD_ECN',NULL,'egress_1-65535','','0015_0000000022','0023_0000000005','0023_0000000006','1-65535','TCP','ACCEPT','egress','created',''),('0025_0000000022',NULL,'0025_0000000022','umadmin','2020-05-23 23:12:57','umadmin','2020-04-28 22:36:56',37,'HW_SG_PRD_MGMT__egress_1-65535__HW_SG_PRD_DMZ',NULL,'egress_1-65535','','0015_0000000021','0023_0000000004','0023_0000000006','1-65535','TCP','ACCEPT','egress','created',''),('0025_0000000023',NULL,'0025_0000000023','umadmin','2020-05-23 23:12:57','umadmin','2020-04-28 22:36:56',37,'HW_SG_PRD_MGMT__egress_1-65535__HW_SG_PRD_SF',NULL,'egress_1-65535','','0015_0000000020','0023_0000000003','0023_0000000006','1-65535','TCP','ACCEPT','egress','created',''),('0025_0000000028',NULL,'0025_0000000028','umadmin','2020-05-23 23:12:57','umadmin','2020-04-28 23:05:47',37,'TX_SG_DR_MGMT__egress_1-65535__TX_SG_DR_DMZ',NULL,'egress_1-65535','','0015_0000000021','0023_0000000041','0023_0000000040','1-65535','TCP','ACCEPT','egress','created',''),('0025_0000000029',NULL,'0025_0000000029','umadmin','2020-05-23 23:12:57','umadmin','2020-04-28 23:05:48',37,'TX_SG_DR_MGMT__egress_1-65535__TX_SG_DR_SF',NULL,'egress_1-65535','','0015_0000000020','0023_0000000043','0023_0000000040','1-65535','TCP','ACCEPT','egress','created',''),('0025_0000000030',NULL,'0025_0000000030','umadmin','2020-05-23 23:13:12','umadmin','2020-04-28 23:05:48',37,'TX_SG_DR_ECN__ingress_1-65535__TX_SG_DR1_MGMT_APP01',NULL,'ingress_1-65535','','0015_0000000017','0023_0000000049','0023_0000000042','1-65535','TCP','ACCEPT','ingress','created',''),('0025_0000000031',NULL,'0025_0000000031','umadmin','2020-05-23 23:13:10','umadmin','2020-04-28 23:05:48',37,'TX_SG_DR_MGMT__egress_1-65535__TX_SG_DR_ECN',NULL,'egress_1-65535','','0015_0000000022','0023_0000000042','0023_0000000040','1-65535','TCP','ACCEPT','egress','created',''),('0025_0000000032',NULL,'0025_0000000032','umadmin','2020-05-23 23:13:12','umadmin','2020-04-28 23:05:49',37,'TX_SG_DR_DMZ__ingress_1-65535__TX_SG_DR1_MGMT_APP01',NULL,'ingress_1-65535','','0015_0000000016','0023_0000000049','0023_0000000041','1-65535','TCP','ACCEPT','ingress','created',''),('0025_0000000034',NULL,'0025_0000000034','umadmin','2020-05-23 23:13:30','umadmin','2020-04-28 23:05:49',37,'TX_SG_DR_SF__ingress_1-65535__HW_SG_PRD_SF',NULL,'ingress_1-65535','','0015_0000000003','0023_0000000003','0023_0000000043','1-65535','TCP','ACCEPT','ingress','created',''),('0025_0000000035',NULL,'0025_0000000035','umadmin','2020-05-23 23:13:14','umadmin','2020-04-28 23:05:50',37,'TX_SG_DR_SF__ingress_80-443__TX_SG_DR_QZ',NULL,'ingress_80-443','','0015_0000000015','0023_0000000039','0023_0000000043','80-443','TCP','ACCEPT','ingress','created',''),('0025_0000000036',NULL,'0025_0000000036','umadmin','2020-05-23 23:13:13','umadmin','2020-04-28 23:05:50',37,'TX_SG_DR_SF__ingress_1-65535__TX_SG_DR1_MGMT_APP01',NULL,'ingress_1-65535','','0015_0000000014','0023_0000000049','0023_0000000043','1-65535','TCP','ACCEPT','ingress','created',''),('0025_0000000038',NULL,'0025_0000000038','umadmin','2020-05-23 23:13:15','umadmin','2020-04-28 23:05:51',37,'TX_SG_DR_SF__ingress_10000-19999__TX_SG_DR_ECN',NULL,'ingress_10000-19999','','0015_0000000013','0023_0000000042','0023_0000000043','10000-19999','TCP','ACCEPT','ingress','created',''),('0025_0000000039',NULL,'0025_0000000039','umadmin','2020-05-23 23:13:14','umadmin','2020-04-28 23:05:51',37,'TX_SG_DR_SF__ingress_10000-19999__TX_SG_DR_DMZ',NULL,'ingress_10000-19999','','0015_0000000012','0023_0000000041','0023_0000000043','10000-19999','TCP','ACCEPT','ingress','created',''),('0025_0000000040',NULL,'0025_0000000040','umadmin','2020-05-23 23:13:15','umadmin','2020-04-28 23:05:51',37,'TX_SG_DR_QZ__ingress_1-65535__TX_SG_DR_QZ',NULL,'ingress_1-65535','','0015_0000000010','0023_0000000039','0023_0000000039','1-65535','TCP','ACCEPT','ingress','created',''),('0025_0000000041',NULL,'0025_0000000041','umadmin','2020-05-23 23:13:26','umadmin','2020-04-28 23:05:52',37,'TX_SG_DR_MGMT__ingress_1-65535__TX_SG_DR_MGMT',NULL,'ingress_1-65535','','0015_0000000008','0023_0000000040','0023_0000000040','1-65535','TCP','ACCEPT','ingress','created',''),('0025_0000000042',NULL,'0025_0000000042','umadmin','2020-05-23 23:13:25','umadmin','2020-04-28 23:05:52',37,'TX_SG_DR_QZ__egress_1-65535__TX_SG_DR_QZ',NULL,'egress_1-65535','','0015_0000000011','0023_0000000039','0023_0000000039','1-65535','TCP','ACCEPT','egress','created',''),('0025_0000000043',NULL,'0025_0000000043','umadmin','2020-05-23 23:13:28','umadmin','2020-04-28 23:05:53',37,'TX_SG_DR_ECN__ingress_1-65535__TX_SG_DR_ECN',NULL,'ingress_1-65535','','0015_0000000006','0023_0000000042','0023_0000000042','1-65535','TCP','ACCEPT','ingress','created',''),('0025_0000000044',NULL,'0025_0000000044','umadmin','2020-05-23 23:13:27','umadmin','2020-04-28 23:05:53',37,'TX_SG_DR_DMZ__egress_1-65535__TX_SG_DR_DMZ',NULL,'egress_1-65535','','0015_0000000005','0023_0000000041','0023_0000000041','1-65535','TCP','ACCEPT','egress','created',''),('0025_0000000045',NULL,'0025_0000000045','umadmin','2020-05-23 23:13:27','umadmin','2020-04-28 23:05:53',37,'TX_SG_DR_MGMT__egress_1-65535__TX_SG_DR_MGMT',NULL,'egress_1-65535','','0015_0000000009','0023_0000000040','0023_0000000040','1-65535','TCP','ACCEPT','egress','created',''),('0025_0000000046',NULL,'0025_0000000046','umadmin','2020-05-23 23:13:30','umadmin','2020-04-28 23:05:54',37,'TX_SG_DR_SF__ingress_1-65535__TX_SG_DR_SF',NULL,'ingress_1-65535','','0015_0000000003','0023_0000000043','0023_0000000043','1-65535','TCP','ACCEPT','ingress','created',''),('0025_0000000047',NULL,'0025_0000000047','umadmin','2020-05-23 23:13:29','umadmin','2020-04-28 23:05:54',37,'TX_SG_DR_DMZ__ingress_1-65535__TX_SG_DR_DMZ',NULL,'ingress_1-65535','','0015_0000000004','0023_0000000041','0023_0000000041','1-65535','TCP','ACCEPT','ingress','created',''),('0025_0000000048',NULL,'0025_0000000048','umadmin','2020-05-23 23:13:29','umadmin','2020-04-28 23:05:54',37,'TX_SG_DR_ECN__egress_1-65535__TX_SG_DR_ECN',NULL,'egress_1-65535','','0015_0000000007','0023_0000000042','0023_0000000042','1-65535','TCP','ACCEPT','egress','created',''),('0025_0000000050',NULL,'0025_0000000050','umadmin','2020-05-23 23:13:30','umadmin','2020-04-28 23:07:28',37,'HW_SG_PRD_SF__ingress_1-65535__TX_SG_DR_SF',NULL,'ingress_1-65535','','0015_0000000003','0023_0000000043','0023_0000000003','1-65535','TCP','ACCEPT','ingress','created',''),('0025_0000000051',NULL,'0025_0000000051','umadmin','2020-05-23 23:13:26','umadmin','2020-04-28 23:07:28',37,'HW_SG_PRD_MGMT__ingress_1-65535__TX_SG_DR_MGMT',NULL,'ingress_1-65535','','0015_0000000008','0023_0000000040','0023_0000000006','1-65535','TCP','ACCEPT','ingress','created',''),('0025_0000000052',NULL,'0025_0000000052','umadmin','2020-05-23 23:13:26','umadmin','2020-04-28 23:07:29',37,'TX_SG_DR_MGMT__ingress_1-65535__HW_SG_PRD_MGMT',NULL,'ingress_1-65535','','0015_0000000008','0023_0000000006','0023_0000000040','1-65535','TCP','ACCEPT','ingress','created',''),('0025_0000000053',NULL,'0025_0000000053','umadmin','2020-05-23 23:13:27','umadmin','2020-04-28 23:07:29',37,'HW_SG_PRD_MGMT__egress_1-65535__TX_SG_DR_MGMT',NULL,'egress_1-65535','','0015_0000000009','0023_0000000040','0023_0000000006','1-65535','TCP','ACCEPT','egress','created',''),('0025_0000000054',NULL,'0025_0000000054','umadmin','2020-05-23 23:13:27','umadmin','2020-04-28 23:07:30',37,'TX_SG_DR_MGMT__egress_1-65535__HW_SG_PRD_MGMT',NULL,'egress_1-65535','','0015_0000000009','0023_0000000006','0023_0000000040','1-65535','TCP','ACCEPT','egress','created',''),('0025_0000000055',NULL,'0025_0000000055','umadmin','2020-05-23 23:12:54','umadmin','2020-05-08 10:46:29',37,'TX_GZ_PRD_MGMT__ingress_4000-9999__TX_GZ_PRD_SF',NULL,'ingress_4000-9999','','0015_0000000028','0023_0000000003','0023_0000000006','4000-9999','TCP','ACCEPT','ingress','created',''),('0025_0000000056',NULL,'0025_0000000056','umadmin','2020-05-23 23:12:54','umadmin','2020-05-08 10:46:29',37,'TX_GZ_PRD_MGMT__ingress_4000-9999__TX_GZ_PRD_ECN',NULL,'ingress_4000-9999','','0015_0000000030','0023_0000000005','0023_0000000006','4000-9999','TCP','ACCEPT','ingress','created',''),('0025_0000000057',NULL,'0025_0000000057','umadmin','2020-05-23 23:12:53','umadmin','2020-05-08 10:46:30',37,'TX_GZ_PRD_MGMT__ingress_4000-9999__TX_GZ_PRD_DMZ',NULL,'ingress_4000-9999','','0015_0000000029','0023_0000000004','0023_0000000006','4000-9999','TCP','ACCEPT','ingress','created',''),('0025_0000000058',NULL,'0025_0000000058','umadmin','2020-05-23 23:12:55','umadmin','2020-05-08 10:47:21',37,'TX_GZ_PRD_SF__egress_4000-9999__TX_GZ_PRD1_MGMT_APP01',NULL,'egress_4000-9999','','0015_0000000027','0023_0000000020','0023_0000000003','4000-9999','TCP','ACCEPT','egress','created',''),('0025_0000000059',NULL,'0025_0000000059','umadmin','2020-05-23 23:12:55','umadmin','2020-05-08 10:47:21',37,'TX_GZ_PRD_SF__egress_4000-9999__TX_GZ_PRD2_MGMT_APP01',NULL,'egress_4000-9999','','0015_0000000027','0023_0000000021','0023_0000000003','4000-9999','TCP','ACCEPT','egress','created',''),('0025_0000000060',NULL,'0025_0000000060','umadmin','2020-05-23 23:12:55','umadmin','2020-05-08 10:47:22',37,'TX_GZ_PRD_ECN__egress_4000-9999__TX_GZ_PRD1_MGMT_APP01',NULL,'egress_4000-9999','','0015_0000000026','0023_0000000020','0023_0000000005','4000-9999','TCP','ACCEPT','egress','created',''),('0025_0000000061',NULL,'0025_0000000061','umadmin','2020-05-23 23:12:55','umadmin','2020-05-08 10:47:22',37,'TX_GZ_PRD_ECN__egress_4000-9999__TX_GZ_PRD2_MGMT_APP01',NULL,'egress_4000-9999','','0015_0000000026','0023_0000000021','0023_0000000005','4000-9999','TCP','ACCEPT','egress','created',''),('0025_0000000062',NULL,'0025_0000000062','umadmin','2020-05-23 23:12:56','umadmin','2020-05-08 10:47:22',37,'TX_GZ_PRD_DMZ__egress_4000-9999__TX_GZ_PRD1_MGMT_APP01',NULL,'egress_4000-9999','','0015_0000000025','0023_0000000020','0023_0000000004','4000-9999','TCP','ACCEPT','egress','created',''),('0025_0000000063',NULL,'0025_0000000063','umadmin','2020-05-23 23:12:56','umadmin','2020-05-08 10:47:23',37,'TX_GZ_PRD_DMZ__egress_4000-9999__TX_GZ_PRD2_MGMT_APP01',NULL,'egress_4000-9999','','0015_0000000025','0023_0000000021','0023_0000000004','4000-9999','TCP','ACCEPT','egress','created',''),('0025_0000000064',NULL,'0025_0000000064','umadmin','2020-05-22 12:39:01','umadmin','2020-05-20 14:09:29',37,'ALI_HZ_PRD_MGMT__ingress_443__ALI_HZ_PRD_TON_CLIENT',NULL,'ingress_443','','0015_0000000054','0023_0000000086','0023_0000000064','443','TCP','ACCEPT','ingress','created',''),('0025_0000000065',NULL,'0025_0000000065','umadmin','2020-05-22 12:39:00','umadmin','2020-05-20 14:09:30',37,'ALI_HZ_PRD1_DMZ_PROXY__egress_80-443__ALI_HZ_PRD_WAN_ALL',NULL,'egress_80-443','','0015_0000000053','0023_0000000085','0023_0000000078','80-443','TCP','ACCEPT','egress','created',''),('0025_0000000066',NULL,'0025_0000000066','umadmin','2020-05-22 12:39:01','umadmin','2020-05-20 14:09:30',37,'ALI_HZ_PRD2_DMZ_PROXY__egress_80-443__ALI_HZ_PRD_WAN_ALL',NULL,'egress_80-443','','0015_0000000053','0023_0000000085','0023_0000000079','80-443','TCP','ACCEPT','egress','created',''),('0025_0000000067',NULL,'0025_0000000067','umadmin','2020-05-22 12:39:01','umadmin','2020-05-20 14:09:30',37,'ALI_HZ_PRD_MGMT__egress_1-65534__ALI_HZ_PRD_SF',NULL,'egress_1-65534','','0015_0000000051','0023_0000000063','0023_0000000064','1-65534','TCP','ACCEPT','egress','created',''),('0025_0000000068',NULL,'0025_0000000068','umadmin','2020-05-22 12:39:00','umadmin','2020-05-20 14:09:31',37,'ALI_HZ_PRD_MGMT__egress_1-65534__ALI_HZ_PRD_DMZ',NULL,'egress_1-65534','','0015_0000000052','0023_0000000065','0023_0000000064','1-65534','TCP','ACCEPT','egress','created',''),('0025_0000000069',NULL,'0025_0000000069','umadmin','2020-05-22 12:39:00','umadmin','2020-05-20 14:09:31',37,'ALI_HZ_PRD_MGMT__ingress_4000-9999__ALI_HZ_PRD_SF',NULL,'ingress_4000-9999','','0015_0000000049','0023_0000000063','0023_0000000064','4000-9999','TCP','ACCEPT','ingress','created',''),('0025_0000000070',NULL,'0025_0000000070','umadmin','2020-05-22 12:39:00','umadmin','2020-05-20 14:09:31',37,'ALI_HZ_PRD_MGMT__ingress_4000-9999__ALI_HZ_PRD_DMZ',NULL,'ingress_4000-9999','','0015_0000000050','0023_0000000065','0023_0000000064','4000-9999','TCP','ACCEPT','ingress','created',''),('0025_0000000071',NULL,'0025_0000000071','umadmin','2020-05-22 12:38:59','umadmin','2020-05-20 14:09:32',37,'ALI_HZ_PRD_SF__egress_4000-9999__ALI_HZ_PRD1_MGMT_APP',NULL,'egress_4000-9999','','0015_0000000047','0023_0000000072','0023_0000000063','4000-9999','TCP','ACCEPT','egress','created',''),('0025_0000000072',NULL,'0025_0000000072','umadmin','2020-05-22 12:38:59','umadmin','2020-05-20 14:09:32',37,'ALI_HZ_PRD_SF__egress_4000-9999__ALI_HZ_PRD2_MGMT_APP',NULL,'egress_4000-9999','','0015_0000000047','0023_0000000073','0023_0000000063','4000-9999','TCP','ACCEPT','egress','created',''),('0025_0000000073',NULL,'0025_0000000073','umadmin','2020-05-22 12:38:59','umadmin','2020-05-20 14:09:32',37,'ALI_HZ_PRD_DMZ__egress_4000-9999__ALI_HZ_PRD1_MGMT_APP',NULL,'egress_4000-9999','','0015_0000000048','0023_0000000072','0023_0000000065','4000-9999','TCP','ACCEPT','egress','created',''),('0025_0000000074',NULL,'0025_0000000074','umadmin','2020-05-22 12:39:00','umadmin','2020-05-20 14:09:32',37,'ALI_HZ_PRD_DMZ__egress_4000-9999__ALI_HZ_PRD2_MGMT_APP',NULL,'egress_4000-9999','','0015_0000000048','0023_0000000073','0023_0000000065','4000-9999','TCP','ACCEPT','egress','created',''),('0025_0000000075',NULL,'0025_0000000075','umadmin','2020-05-22 12:38:58','umadmin','2020-05-20 14:09:33',37,'ALI_HZ_PRD_SF__ingress_1-65535__ALI_HZ_PRD1_MGMT_APP',NULL,'ingress_1-65535','','0015_0000000045','0023_0000000072','0023_0000000063','1-65535','TCP','ACCEPT','ingress','created',''),('0025_0000000076',NULL,'0025_0000000076','umadmin','2020-05-22 12:38:58','umadmin','2020-05-20 14:09:33',37,'ALI_HZ_PRD_SF__ingress_1-65535__ALI_HZ_PRD2_MGMT_APP',NULL,'ingress_1-65535','','0015_0000000045','0023_0000000073','0023_0000000063','1-65535','TCP','ACCEPT','ingress','created',''),('0025_0000000077',NULL,'0025_0000000077','umadmin','2020-05-22 12:38:59','umadmin','2020-05-20 14:09:33',37,'ALI_HZ_PRD_DMZ__ingress_1-65535__ALI_HZ_PRD1_MGMT_APP',NULL,'ingress_1-65535','','0015_0000000046','0023_0000000072','0023_0000000065','1-65535','TCP','ACCEPT','ingress','created',''),('0025_0000000078',NULL,'0025_0000000078','umadmin','2020-05-22 12:38:58','umadmin','2020-05-20 14:09:34',37,'ALI_HZ_PRD_DMZ__ingress_1-65535__ALI_HZ_PRD2_MGMT_APP',NULL,'ingress_1-65535','','0015_0000000046','0023_0000000073','0023_0000000065','1-65535','TCP','ACCEPT','ingress','created',''),('0025_0000000079',NULL,'0025_0000000079','umadmin','2020-05-22 12:38:58','umadmin','2020-05-20 14:09:34',37,'ALI_HZ_PRD_SF__ingress_10000-19999__ALI_HZ_PRD_DMZ',NULL,'ingress_10000-19999','','0015_0000000043','0023_0000000065','0023_0000000063','10000-19999','TCP','ACCEPT','ingress','created',''),('0025_0000000080',NULL,'0025_0000000080','umadmin','2020-05-22 12:38:58','umadmin','2020-05-20 14:09:34',37,'ALI_HZ_PRD_DMZ__ingress_10000-19999__ALI_HZ_PRD_SF',NULL,'ingress_10000-19999','','0015_0000000044','0023_0000000063','0023_0000000065','10000-19999','TCP','ACCEPT','ingress','created',''),('0025_0000000081',NULL,'0025_0000000081','umadmin','2020-05-22 12:38:57','umadmin','2020-05-20 14:09:35',37,'ALI_HZ_PRD_MGMT__egress_1-65535__ALI_HZ_PRD_MGMT',NULL,'egress_1-65535','','0015_0000000042','0023_0000000064','0023_0000000064','1-65535','TCP','ACCEPT','egress','created',''),('0025_0000000082',NULL,'0025_0000000082','umadmin','2020-05-22 12:38:57','umadmin','2020-05-20 14:09:35',37,'ALI_HZ_PRD_MGMT__ingress_1-65535__ALI_HZ_PRD_MGMT',NULL,'ingress_1-65535','','0015_0000000041','0023_0000000064','0023_0000000064','1-65535','TCP','ACCEPT','ingress','created',''),('0025_0000000083',NULL,'0025_0000000083','umadmin','2020-05-22 18:37:18','umadmin','2020-05-20 14:09:35',37,'ALI_HZ_PRD_DMZ__egress_1-65535__ALI_HZ_PRD1_DMZ_PROXY',NULL,'egress_3128','','0015_0000000040','0023_0000000078','0023_0000000065','3128','TCP','ACCEPT','egress','created',''),('0025_0000000084',NULL,'0025_0000000084','umadmin','2020-05-22 12:38:57','umadmin','2020-05-20 14:10:27',37,'ALI_HZ_PRD_DMZ__ingress_1-65535__ALI_HZ_PRD_DMZ',NULL,'ingress_1-65535','','0015_0000000039','0023_0000000065','0023_0000000065','1-65535','TCP','ACCEPT','ingress','created',''),('0025_0000000086',NULL,'0025_0000000086','umadmin','2020-05-22 12:38:56','umadmin','2020-05-20 14:10:28',37,'ALI_HZ_PRD_SF__ingress_1-65535__ALI_HZ_PRD_SF',NULL,'ingress_1-65535','','0015_0000000037','0023_0000000063','0023_0000000063','1-65535','TCP','ACCEPT','ingress','created',''),('0025_0000000087',NULL,'0025_0000000087','umadmin','2020-05-22 18:37:18','umadmin','2020-05-22 18:35:43',37,'ALI_HZ_PRD_DMZ__egress_1-65535__ALI_HZ_PRD2_DMZ_PROXY',NULL,'egress_3128','','0015_0000000040','0023_0000000079','0023_0000000065','3128','TCP','ACCEPT','egress','created',''),('0025_0000000088',NULL,'0025_0000000088','umadmin','2020-05-22 19:20:51','umadmin','2020-05-22 19:20:51',37,'TX_BJ_PRD2_DMZ_PROXY__egress_80-443__TX_BJ_PRD_WAN_ALL',NULL,'egress_80-443','','0015_0000000053','0023_0000000095','0023_0000000104','80-443','TCP','ACCEPT','egress','created',''),('0025_0000000089',NULL,'0025_0000000089','umadmin','2020-05-22 19:20:52','umadmin','2020-05-22 19:20:51',37,'TX_BJ_PRD_MGMT__egress_1-65534__TX_BJ_PRD_SF',NULL,'egress_1-65534','','0015_0000000051','0023_0000000090','0023_0000000088','1-65534','TCP','ACCEPT','egress','created',''),('0025_0000000090',NULL,'0025_0000000090','umadmin','2020-05-22 19:20:52','umadmin','2020-05-22 19:20:52',37,'TX_BJ_PRD_MGMT__ingress_443__TX_BJ_PRD_TON_CLIENT',NULL,'ingress_443','','0015_0000000054','0023_0000000094','0023_0000000088','443','TCP','ACCEPT','ingress','created',''),('0025_0000000091',NULL,'0025_0000000091','umadmin','2020-05-22 19:22:05','umadmin','2020-05-22 19:22:05',37,'TX_BJ_PRD_SF__ingress_1-65535__TX_BJ_PRD2_MGMT_APP',NULL,'ingress_1-65535','','0015_0000000045','0023_0000000105','0023_0000000090','1-65535','TCP','ACCEPT','ingress','created',''),('0025_0000000092',NULL,'0025_0000000092','umadmin','2020-05-22 19:22:06','umadmin','2020-05-22 19:22:05',37,'TX_BJ_PRD_DMZ__ingress_1-65535__TX_BJ_PRD1_MGMT_APP',NULL,'ingress_1-65535','','0015_0000000046','0023_0000000099','0023_0000000089','1-65535','TCP','ACCEPT','ingress','created',''),('0025_0000000093',NULL,'0025_0000000093','umadmin','2020-05-22 19:22:06','umadmin','2020-05-22 19:22:06',37,'TX_BJ_PRD_SF__egress_4000-9999__TX_BJ_PRD1_MGMT_APP',NULL,'egress_4000-9999','','0015_0000000047','0023_0000000099','0023_0000000090','4000-9999','TCP','ACCEPT','egress','created',''),('0025_0000000094',NULL,'0025_0000000094','umadmin','2020-05-22 19:22:06','umadmin','2020-05-22 19:22:06',37,'TX_BJ_PRD_SF__egress_4000-9999__TX_BJ_PRD2_MGMT_APP',NULL,'egress_4000-9999','','0015_0000000047','0023_0000000105','0023_0000000090','4000-9999','TCP','ACCEPT','egress','created',''),('0025_0000000095',NULL,'0025_0000000095','umadmin','2020-05-22 19:22:07','umadmin','2020-05-22 19:22:06',37,'TX_BJ_PRD_DMZ__egress_4000-9999__TX_BJ_PRD1_MGMT_APP',NULL,'egress_4000-9999','','0015_0000000048','0023_0000000099','0023_0000000089','4000-9999','TCP','ACCEPT','egress','created',''),('0025_0000000096',NULL,'0025_0000000096','umadmin','2020-05-22 19:22:07','umadmin','2020-05-22 19:22:07',37,'TX_BJ_PRD_DMZ__egress_4000-9999__TX_BJ_PRD2_MGMT_APP',NULL,'egress_4000-9999','','0015_0000000048','0023_0000000105','0023_0000000089','4000-9999','TCP','ACCEPT','egress','created',''),('0025_0000000097',NULL,'0025_0000000097','umadmin','2020-05-22 19:22:07','umadmin','2020-05-22 19:22:07',37,'TX_BJ_PRD_MGMT__egress_1-65534__TX_BJ_PRD_DMZ',NULL,'egress_1-65534','','0015_0000000052','0023_0000000089','0023_0000000088','1-65534','TCP','ACCEPT','egress','created',''),('0025_0000000098',NULL,'0025_0000000098','umadmin','2020-05-22 19:22:08','umadmin','2020-05-22 19:22:07',37,'TX_BJ_PRD_MGMT__ingress_4000-9999__TX_BJ_PRD_SF',NULL,'ingress_4000-9999','','0015_0000000049','0023_0000000090','0023_0000000088','4000-9999','TCP','ACCEPT','ingress','created',''),('0025_0000000099',NULL,'0025_0000000099','umadmin','2020-05-22 19:22:08','umadmin','2020-05-22 19:22:08',37,'TX_BJ_PRD_MGMT__ingress_4000-9999__TX_BJ_PRD_DMZ',NULL,'ingress_4000-9999','','0015_0000000050','0023_0000000089','0023_0000000088','4000-9999','TCP','ACCEPT','ingress','created',''),('0025_0000000100',NULL,'0025_0000000100','umadmin','2020-05-22 19:22:08','umadmin','2020-05-22 19:22:08',37,'TX_BJ_PRD1_DMZ_PROXY__egress_80-443__TX_BJ_PRD_WAN_ALL',NULL,'egress_80-443','','0015_0000000053','0023_0000000095','0023_0000000097','80-443','TCP','ACCEPT','egress','created',''),('0025_0000000101',NULL,'0025_0000000101','umadmin','2020-05-22 19:23:25','umadmin','2020-05-22 19:23:24',37,'TX_BJ_PRD_DMZ__egress_3128__TX_BJ_PRD2_DMZ_PROXY',NULL,'egress_3128','','0015_0000000040','0023_0000000104','0023_0000000089','3128','TCP','ACCEPT','egress','created',''),('0025_0000000102',NULL,'0025_0000000102','umadmin','2020-05-22 19:23:25','umadmin','2020-05-22 19:23:25',37,'TX_BJ_PRD_SF__ingress_1-65535__TX_BJ_PRD_SF',NULL,'ingress_1-65535','','0015_0000000037','0023_0000000090','0023_0000000090','1-65535','TCP','ACCEPT','ingress','created',''),('0025_0000000103',NULL,'0025_0000000103','umadmin','2020-05-22 19:23:25','umadmin','2020-05-22 19:23:25',37,'TX_BJ_PRD_DMZ__ingress_1-65535__TX_BJ_PRD_DMZ',NULL,'ingress_1-65535','','0015_0000000039','0023_0000000089','0023_0000000089','1-65535','TCP','ACCEPT','ingress','created',''),('0025_0000000104',NULL,'0025_0000000104','umadmin','2020-05-22 19:23:25','umadmin','2020-05-22 19:23:25',37,'TX_BJ_PRD_MGMT__egress_1-65535__TX_BJ_PRD_MGMT',NULL,'egress_1-65535','','0015_0000000042','0023_0000000088','0023_0000000088','1-65535','TCP','ACCEPT','egress','created',''),('0025_0000000105',NULL,'0025_0000000105','umadmin','2020-05-22 19:23:26','umadmin','2020-05-22 19:23:26',37,'TX_BJ_PRD_MGMT__ingress_1-65535__TX_BJ_PRD_MGMT',NULL,'ingress_1-65535','','0015_0000000041','0023_0000000088','0023_0000000088','1-65535','TCP','ACCEPT','ingress','created',''),('0025_0000000106',NULL,'0025_0000000106','umadmin','2020-05-22 19:23:26','umadmin','2020-05-22 19:23:26',37,'TX_BJ_PRD_DMZ__egress_3128__TX_BJ_PRD1_DMZ_PROXY',NULL,'egress_3128','','0015_0000000040','0023_0000000097','0023_0000000089','3128','TCP','ACCEPT','egress','created',''),('0025_0000000107',NULL,'0025_0000000107','umadmin','2020-05-22 19:23:26','umadmin','2020-05-22 19:23:26',37,'TX_BJ_PRD_DMZ__ingress_1-65535__TX_BJ_PRD2_MGMT_APP',NULL,'ingress_1-65535','','0015_0000000046','0023_0000000105','0023_0000000089','1-65535','TCP','ACCEPT','ingress','created',''),('0025_0000000108',NULL,'0025_0000000108','umadmin','2020-05-22 19:23:27','umadmin','2020-05-22 19:23:26',37,'TX_BJ_PRD_SF__ingress_10000-19999__TX_BJ_PRD_DMZ',NULL,'ingress_10000-19999','','0015_0000000043','0023_0000000089','0023_0000000090','10000-19999','TCP','ACCEPT','ingress','created',''),('0025_0000000109',NULL,'0025_0000000109','umadmin','2020-05-22 19:23:27','umadmin','2020-05-22 19:23:27',37,'TX_BJ_PRD_DMZ__ingress_10000-19999__TX_BJ_PRD_SF',NULL,'ingress_10000-19999','','0015_0000000044','0023_0000000090','0023_0000000089','10000-19999','TCP','ACCEPT','ingress','created',''),('0025_0000000110',NULL,'0025_0000000110','umadmin','2020-05-22 19:23:27','umadmin','2020-05-22 19:23:27',37,'TX_BJ_PRD_SF__ingress_1-65535__TX_BJ_PRD1_MGMT_APP',NULL,'ingress_1-65535','','0015_0000000045','0023_0000000099','0023_0000000090','1-65535','TCP','ACCEPT','ingress','created',''),('0025_0000000111',NULL,'0025_0000000111','umadmin','2020-05-23 23:12:52','umadmin','2020-05-23 19:04:10',37,'TX_GZ_PRD1_DMZ_PROXY01__egress_80-443__ODC_WAN_ALL',NULL,'egress_80-443','','0015_0000000056','0023_0000000037','0023_0000000012','80-443','TCP','ACCEPT','egress','created',''),('0025_0000000112',NULL,'0025_0000000112','umadmin','2020-05-23 23:12:52','umadmin','2020-05-23 19:04:10',37,'TX_GZ_PRD2_DMZ_PROXY01__egress_80-443__ODC_WAN_ALL',NULL,'egress_80-443','','0015_0000000056','0023_0000000037','0023_0000000013','80-443','TCP','ACCEPT','egress','created',''),('0025_0000000113',NULL,'0025_0000000113','umadmin','2020-05-23 23:12:52','umadmin','2020-05-23 19:04:11',37,'TX_CD_DR1_DMZ_PROXY01__egress_80-443__ODC_WAN_ALL',NULL,'egress_80-443','','0015_0000000056','0023_0000000037','0023_0000000053','80-443','TCP','ACCEPT','egress','created',''),('0025_0000000114',NULL,'0025_0000000114','umadmin','2020-05-23 23:12:53','umadmin','2020-05-23 19:04:11',37,'TX_GZ_PRD1_MGMT_PROXY01__egress_80-443__ODC_WAN_ALL',NULL,'egress_80-443','','0015_0000000057','0023_0000000037','0023_0000000024','80-443','TCP','ACCEPT','egress','created',''),('0025_0000000115',NULL,'0025_0000000115','umadmin','2020-05-23 23:12:53','umadmin','2020-05-23 19:04:11',37,'TX_GZ_PRD2_MGMT_PROXY01__egress_80-443__ODC_WAN_ALL',NULL,'egress_80-443','','0015_0000000057','0023_0000000037','0023_0000000025','80-443','TCP','ACCEPT','egress','created',''),('0025_0000000116',NULL,'0025_0000000116','umadmin','2020-05-23 23:12:53','umadmin','2020-05-23 19:04:12',37,'TX_CD_DR1_MGMT_PROXY01__egress_80-443__ODC_WAN_ALL',NULL,'egress_80-443','','0015_0000000057','0023_0000000037','0023_0000000047','80-443','TCP','ACCEPT','egress','created',''),('0025_0000000117',NULL,'0025_0000000117','umadmin','2020-05-23 23:10:06','umadmin','2020-05-23 23:10:05',37,'TX_BJ_PRD_DMZ__ingress_10000-19999__TX_BJ_PRD_WAN_ALL',NULL,'ingress_10000-19999','','0015_0000000055','0023_0000000095','0023_0000000089','10000-19999','TCP','ACCEPT','ingress','created',''),('0025_0000000118',NULL,'0025_0000000118','umadmin','2020-05-23 23:10:35','umadmin','2020-05-23 23:10:35',37,'ALI_HZ_PRD_DMZ__ingress_10000-19999__ALI_HZ_PRD_WAN_ALL',NULL,'ingress_10000-19999','','0015_0000000055','0023_0000000085','0023_0000000065','10000-19999','TCP','ACCEPT','ingress','created',''),('0025_0000000119',NULL,'0025_0000000119','umadmin','2020-05-23 23:17:22','umadmin','2020-05-23 23:17:22',37,'TX_GZ_PRD_DMZ__ingress_10000-19999__ODC_WAN_ALL',NULL,'ingress_10000-19999','','0015_0000000058','0023_0000000037','0023_0000000004','10000-19999','TCP','ACCEPT','ingress','created',''),('0025_0000000120',NULL,'0025_0000000120','umadmin','2020-05-23 23:17:22','umadmin','2020-05-23 23:17:22',37,'TX_CD_DR_DMZ__ingress_10000-19999__ODC_WAN_ALL',NULL,'ingress_10000-19999','','0015_0000000058','0023_0000000037','0023_0000000041','10000-19999','TCP','ACCEPT','ingress','created',''),('0025_0000000121',NULL,'0025_0000000121','umadmin','2020-05-25 13:14:18','umadmin','2020-05-25 13:14:18',37,'TX_BJ_PRD_DMZ__ingress_-1__TX_BJ_PRD1_MGMT_APP',NULL,'ingress_-1','','0015_0000000066','0023_0000000099','0023_0000000089','-1','ICMP','ACCEPT','ingress','created',''),('0025_0000000122',NULL,'0025_0000000122','umadmin','2020-05-25 13:14:19','umadmin','2020-05-25 13:14:18',37,'TX_BJ_PRD_DMZ__ingress_-1__TX_BJ_PRD2_MGMT_APP',NULL,'ingress_-1','','0015_0000000066','0023_0000000105','0023_0000000089','-1','ICMP','ACCEPT','ingress','created',''),('0025_0000000123',NULL,'0025_0000000123','umadmin','2020-05-25 13:14:19','umadmin','2020-05-25 13:14:19',37,'TX_BJ_PRD_SF__ingress_-1__TX_BJ_PRD1_MGMT_APP',NULL,'ingress_-1','','0015_0000000065','0023_0000000099','0023_0000000090','-1','ICMP','ACCEPT','ingress','created',''),('0025_0000000124',NULL,'0025_0000000124','umadmin','2020-05-25 13:14:19','umadmin','2020-05-25 13:14:19',37,'TX_BJ_PRD_SF__ingress_-1__TX_BJ_PRD2_MGMT_APP',NULL,'ingress_-1','','0015_0000000065','0023_0000000105','0023_0000000090','-1','ICMP','ACCEPT','ingress','created',''),('0025_0000000125',NULL,'0025_0000000125','umadmin','2020-05-25 13:14:20','umadmin','2020-05-25 13:14:20',37,'TX_BJ_PRD_MGMT__ingress_-1__TX_BJ_PRD_MGMT',NULL,'ingress_-1','','0015_0000000067','0023_0000000088','0023_0000000088','-1','ICMP','ACCEPT','ingress','created',''),('0025_0000000126',NULL,'0025_0000000126','umadmin','2020-05-25 13:14:20','umadmin','2020-05-25 13:14:20',37,'TX_BJ_PRD_MGMT__egress_-1__TX_BJ_PRD_SF',NULL,'egress_-1','','0015_0000000068','0023_0000000090','0023_0000000088','-1','ICMP','ACCEPT','egress','created',''),('0025_0000000127',NULL,'0025_0000000127','umadmin','2020-05-25 13:14:41','umadmin','2020-05-25 13:14:41',37,'TX_BJ_PRD_MGMT__egress_-1__TX_BJ_PRD_MGMT',NULL,'egress_-1','','0015_0000000070','0023_0000000088','0023_0000000088','-1','ICMP','ACCEPT','egress','created',''),('0025_0000000128',NULL,'0025_0000000128','umadmin','2020-05-25 13:14:41','umadmin','2020-05-25 13:14:41',37,'TX_BJ_PRD_MGMT__egress_-1__TX_BJ_PRD_DMZ',NULL,'egress_-1','','0015_0000000069','0023_0000000089','0023_0000000088','-1','ICMP','ACCEPT','egress','created',''),('0025_0000000129',NULL,'0025_0000000129','umadmin','2020-05-25 13:17:14','umadmin','2020-05-25 13:17:14',37,'ALI_HZ_PRD_DMZ__ingress_-1__ALI_HZ_PRD1_MGMT_APP',NULL,'ingress_-1','','0015_0000000066','0023_0000000072','0023_0000000065','-1','ICMP','ACCEPT','ingress','created',''),('0025_0000000130',NULL,'0025_0000000130','umadmin','2020-05-25 13:17:15','umadmin','2020-05-25 13:17:14',37,'ALI_HZ_PRD_DMZ__ingress_-1__ALI_HZ_PRD2_MGMT_APP',NULL,'ingress_-1','','0015_0000000066','0023_0000000073','0023_0000000065','-1','ICMP','ACCEPT','ingress','created',''),('0025_0000000131',NULL,'0025_0000000131','umadmin','2020-05-25 13:17:15','umadmin','2020-05-25 13:17:15',37,'ALI_HZ_PRD_SF__ingress_-1__ALI_HZ_PRD1_MGMT_APP',NULL,'ingress_-1','','0015_0000000065','0023_0000000072','0023_0000000063','-1','ICMP','ACCEPT','ingress','created',''),('0025_0000000132',NULL,'0025_0000000132','umadmin','2020-05-25 13:17:15','umadmin','2020-05-25 13:17:15',37,'ALI_HZ_PRD_SF__ingress_-1__ALI_HZ_PRD2_MGMT_APP',NULL,'ingress_-1','','0015_0000000065','0023_0000000073','0023_0000000063','-1','ICMP','ACCEPT','ingress','created',''),('0025_0000000133',NULL,'0025_0000000133','umadmin','2020-05-25 13:17:16','umadmin','2020-05-25 13:17:15',37,'ALI_HZ_PRD_MGMT__ingress_-1__ALI_HZ_PRD_MGMT',NULL,'ingress_-1','','0015_0000000067','0023_0000000064','0023_0000000064','-1','ICMP','ACCEPT','ingress','created',''),('0025_0000000134',NULL,'0025_0000000134','umadmin','2020-05-25 13:17:16','umadmin','2020-05-25 13:17:16',37,'ALI_HZ_PRD_MGMT__egress_-1__ALI_HZ_PRD_SF',NULL,'egress_-1','','0015_0000000068','0023_0000000063','0023_0000000064','-1','ICMP','ACCEPT','egress','created',''),('0025_0000000135',NULL,'0025_0000000135','umadmin','2020-05-25 13:17:16','umadmin','2020-05-25 13:17:16',37,'ALI_HZ_PRD_MGMT__egress_-1__ALI_HZ_PRD_MGMT',NULL,'egress_-1','','0015_0000000070','0023_0000000064','0023_0000000064','-1','ICMP','ACCEPT','egress','created',''),('0025_0000000136',NULL,'0025_0000000136','umadmin','2020-05-25 13:17:17','umadmin','2020-05-25 13:17:16',37,'ALI_HZ_PRD_MGMT__egress_-1__ALI_HZ_PRD_DMZ',NULL,'egress_-1','','0015_0000000069','0023_0000000065','0023_0000000064','-1','ICMP','ACCEPT','egress','created','');
/*!40000 ALTER TABLE `default_security_policy` ENABLE KEYS */;
UNLOCK TABLES;

--
-- Table structure for table `default_security_policy_design`
--

DROP TABLE IF EXISTS `default_security_policy_design`;
/*!40101 SET @saved_cs_client     = @@character_set_client */;
 SET character_set_client = utf8mb4 ;
CREATE TABLE `default_security_policy_design` (
  `guid` varchar(15) NOT NULL COMMENT '全局唯一ID',
  `p_guid` varchar(15) DEFAULT NULL COMMENT '前一版本数据的guid',
  `r_guid` varchar(15) DEFAULT NULL COMMENT '原始数据guid',
  `updated_by` varchar(50) DEFAULT NULL COMMENT '更新用户',
  `updated_date` datetime DEFAULT NULL COMMENT '更新日期',
  `created_by` varchar(50) DEFAULT NULL COMMENT '创建用户',
  `created_date` datetime DEFAULT NULL COMMENT '创建日期',
  `state` int(15) DEFAULT NULL COMMENT '状态',
  `key_name` varchar(1000) DEFAULT NULL COMMENT '唯一名称',
  `fixed_date` varchar(19) DEFAULT NULL COMMENT '确认日期',
  `code` varchar(1000) DEFAULT NULL COMMENT '编码',
  `description` varchar(1000) DEFAULT NULL COMMENT '描述说明',
  `policy_network_segment_design` varchar(15) DEFAULT NULL COMMENT '策略网段设计',
  `owner_network_segment_design` varchar(15) DEFAULT NULL COMMENT '属主网段设计',
  `port` varchar(200) DEFAULT NULL COMMENT '数字或数字段，数字段位N1-N2格式',
  `protocol` varchar(200) DEFAULT NULL COMMENT 'TCP | UDP | ICMP',
  `security_policy_action` varchar(200) DEFAULT NULL COMMENT 'ACCEPT',
  `security_policy_type` varchar(200) DEFAULT NULL COMMENT 'ingress | egress',
  `state_code` varchar(50) DEFAULT NULL COMMENT '状态编码',
  PRIMARY KEY (`guid`)
) ENGINE=InnoDB DEFAULT CHARSET=utf8;
/*!40101 SET character_set_client = @saved_cs_client */;

--
-- Dumping data for table `default_security_policy_design`
--

LOCK TABLES `default_security_policy_design` WRITE;
/*!40000 ALTER TABLE `default_security_policy_design` DISABLE KEYS */;
INSERT INTO `default_security_policy_design` (`guid`, `p_guid`, `r_guid`, `updated_by`, `updated_date`, `created_by`, `created_date`, `state`, `key_name`, `fixed_date`, `code`, `description`, `policy_network_segment_design`, `owner_network_segment_design`, `port`, `protocol`, `security_policy_action`, `security_policy_type`, `state_code`) VALUES ('0015_0000000003',NULL,'0015_0000000003','umadmin','2020-05-23 23:13:30','umadmin','2020-04-28 21:28:46',34,'PCD_SF__ingress_1-65535__PCD_SF',NULL,'ingress_1-65535','区域内部互联','0013_0000000003','0013_0000000003','1-65535','TCP','ACCEPT','ingress','new'),('0015_0000000004',NULL,'0015_0000000004','umadmin','2020-05-23 23:13:29','umadmin','2020-04-28 21:29:47',34,'PCD_DMZ__ingress_1-65535__PCD_DMZ',NULL,'ingress_1-65535','区域内部互联','0013_0000000004','0013_0000000004','1-65535','TCP','ACCEPT','ingress','new'),('0015_0000000005',NULL,'0015_0000000005','umadmin','2020-05-23 23:13:27','umadmin','2020-04-28 21:29:48',34,'PCD_DMZ__egress_1-65535__PCD_DMZ',NULL,'egress_1-65535','区域内部互联','0013_0000000004','0013_0000000004','1-65535','TCP','ACCEPT','egress','new'),('0015_0000000006',NULL,'0015_0000000006','umadmin','2020-05-23 23:13:28','umadmin','2020-04-28 21:29:48',34,'PCD_ECN__ingress_1-65535__PCD_ECN',NULL,'ingress_1-65535','区域内部互联','0013_0000000005','0013_0000000005','1-65535','TCP','ACCEPT','ingress','new'),('0015_0000000007',NULL,'0015_0000000007','umadmin','2020-05-23 23:13:29','umadmin','2020-04-28 21:29:48',34,'PCD_ECN__egress_1-65535__PCD_ECN',NULL,'egress_1-65535','区域内部互联','0013_0000000005','0013_0000000005','1-65535','TCP','ACCEPT','egress','new'),('0015_0000000008',NULL,'0015_0000000008','umadmin','2020-05-23 23:13:26','umadmin','2020-04-28 21:29:49',34,'PCD_MGMT__ingress_1-65535__PCD_MGMT',NULL,'ingress_1-65535','区域内部互联','0013_0000000006','0013_0000000006','1-65535','TCP','ACCEPT','ingress','new'),('0015_0000000009',NULL,'0015_0000000009','umadmin','2020-05-23 23:13:27','umadmin','2020-04-28 21:29:49',34,'PCD_MGMT__egress_1-65535__PCD_MGMT',NULL,'egress_1-65535','区域内部互联','0013_0000000006','0013_0000000006','1-65535','TCP','ACCEPT','egress','new'),('0015_0000000010',NULL,'0015_0000000010','umadmin','2020-05-23 23:13:15','umadmin','2020-04-28 21:29:50',34,'PCD_QZ__ingress_1-65535__PCD_QZ',NULL,'ingress_1-65535','区域内部互联','0013_0000000007','0013_0000000007','1-65535','TCP','ACCEPT','ingress','new'),('0015_0000000011',NULL,'0015_0000000011','umadmin','2020-05-23 23:13:25','umadmin','2020-04-28 21:29:50',34,'PCD_QZ__egress_1-65535__PCD_QZ',NULL,'egress_1-65535','区域内部互联','0013_0000000007','0013_0000000007','1-65535','TCP','ACCEPT','egress','new'),('0015_0000000012',NULL,'0015_0000000012','umadmin','2020-05-23 23:13:14','umadmin','2020-04-28 21:34:07',34,'PCD_SF__ingress_10000-19999__PCD_DMZ',NULL,'ingress_10000-19999','面向DMZ开放10000-19999','0013_0000000004','0013_0000000003','10000-19999','TCP','ACCEPT','ingress','new'),('0015_0000000013',NULL,'0015_0000000013','umadmin','2020-05-23 23:13:15','umadmin','2020-04-28 21:34:07',34,'PCD_SF__ingress_10000-19999__PCD_ECN',NULL,'ingress_10000-19999','面向ECN开放10000-19999','0013_0000000005','0013_0000000003','10000-19999','TCP','ACCEPT','ingress','new'),('0015_0000000014',NULL,'0015_0000000014','umadmin','2020-05-23 23:13:13','umadmin','2020-04-28 21:34:08',34,'PCD_SF__ingress_1-65535__PCD_MGMT_APP',NULL,'ingress_1-65535','面向MGMT开放1-65535','0013_0000000022','0013_0000000003','1-65535','TCP','ACCEPT','ingress','new'),('0015_0000000015',NULL,'0015_0000000015','umadmin','2020-05-23 23:13:14','umadmin','2020-04-28 21:34:08',34,'PCD_SF__ingress_80-443__PCD_QZ',NULL,'ingress_80-443','面向QZ开放80-443','0013_0000000007','0013_0000000003','80-443','TCP','ACCEPT','ingress','new'),('0015_0000000016',NULL,'0015_0000000016','umadmin','2020-05-23 23:13:12','umadmin','2020-04-28 21:35:31',34,'PCD_DMZ__ingress_1-65535__PCD_MGMT_APP',NULL,'ingress_1-65535','面向MGMT_APP开放1-65535','0013_0000000022','0013_0000000004','1-65535','TCP','ACCEPT','ingress','new'),('0015_0000000017',NULL,'0015_0000000017','umadmin','2020-05-23 23:13:12','umadmin','2020-04-28 21:35:41',34,'PCD_ECN__ingress_1-65535__PCD_MGMT_APP',NULL,'ingress_1-65535','面向MGMT_APP开放1-65535','0013_0000000022','0013_0000000005','1-65535','TCP','ACCEPT','ingress','new'),('0015_0000000018',NULL,'0015_0000000018','umadmin','2020-05-23 23:13:11','umadmin','2020-04-28 21:36:59',34,'PCD_ECN__ingress_10000-19999__PCD_SF_APP',NULL,'ingress_10000-19999','面向SF_APP开放10000-19999','0013_0000000014','0013_0000000005','10000-19999','TCP','ACCEPT','ingress','new'),('0015_0000000019',NULL,'0015_0000000019','umadmin','2020-05-23 23:13:11','umadmin','2020-04-28 21:36:59',34,'PCD_DMZ__ingress_10000-19999__PCD_SF_APP',NULL,'ingress_10000-19999','面向SF_APP开放10000-19999','0013_0000000014','0013_0000000004','10000-19999','TCP','ACCEPT','ingress','new'),('0015_0000000020',NULL,'0015_0000000020','umadmin','2020-05-23 23:12:57','umadmin','2020-04-28 21:38:48',34,'PCD_MGMT__egress_1-65535__PCD_SF',NULL,'egress_1-65535','运维监控','0013_0000000003','0013_0000000006','1-65535','TCP','ACCEPT','egress','new'),('0015_0000000021',NULL,'0015_0000000021','umadmin','2020-05-23 23:12:57','umadmin','2020-04-28 21:38:48',34,'PCD_MGMT__egress_1-65535__PCD_DMZ',NULL,'egress_1-65535','运维监控','0013_0000000004','0013_0000000006','1-65535','TCP','ACCEPT','egress','new'),('0015_0000000022',NULL,'0015_0000000022','umadmin','2020-05-23 23:13:10','umadmin','2020-04-28 21:38:48',34,'PCD_MGMT__egress_1-65535__PCD_ECN',NULL,'egress_1-65535','运维监控','0013_0000000005','0013_0000000006','1-65535','TCP','ACCEPT','egress','new'),('0015_0000000025',NULL,'0015_0000000025','umadmin','2020-05-23 23:12:56','umadmin','2020-05-08 00:45:52',34,'PCD_DMZ__egress_4000-9999__PCD_MGMT_APP',NULL,'egress_4000-9999','saltstack agent','0013_0000000022','0013_0000000004','4000-9999','TCP','ACCEPT','egress','new'),('0015_0000000026',NULL,'0015_0000000026','umadmin','2020-05-23 23:12:55','umadmin','2020-05-08 00:46:28',34,'PCD_ECN__egress_4000-9999__PCD_MGMT_APP',NULL,'egress_4000-9999','saltstack agent','0013_0000000022','0013_0000000005','4000-9999','TCP','ACCEPT','egress','new'),('0015_0000000027',NULL,'0015_0000000027','umadmin','2020-05-23 23:12:55','umadmin','2020-05-08 00:47:46',34,'PCD_SF__egress_4000-9999__PCD_MGMT_APP',NULL,'egress_4000-9999','saltstack agent','0013_0000000022','0013_0000000003','4000-9999','TCP','ACCEPT','egress','new'),('0015_0000000028',NULL,'0015_0000000028','umadmin','2020-05-23 23:12:54','umadmin','2020-05-08 00:51:54',34,'PCD_MGMT__ingress_4000-9999__PCD_SF',NULL,'ingress_4000-9999','saltstack agent','0013_0000000003','0013_0000000006','4000-9999','TCP','ACCEPT','ingress','new'),('0015_0000000029',NULL,'0015_0000000029','umadmin','2020-05-23 23:12:53','umadmin','2020-05-08 00:51:55',34,'PCD_MGMT__ingress_4000-9999__PCD_DMZ',NULL,'ingress_4000-9999','saltstack agent','0013_0000000004','0013_0000000006','4000-9999','TCP','ACCEPT','ingress','new'),('0015_0000000030',NULL,'0015_0000000030','umadmin','2020-05-23 23:12:54','umadmin','2020-05-08 00:51:55',34,'PCD_MGMT__ingress_4000-9999__PCD_ECN',NULL,'ingress_4000-9999','saltstack agent','0013_0000000005','0013_0000000006','4000-9999','TCP','ACCEPT','ingress','new'),('0015_0000000037',NULL,'0015_0000000037','umadmin','2020-05-20 11:34:27','umadmin','2020-05-20 11:34:24',34,'DC_SF__ingress_1-65535__DC_SF',NULL,'ingress_1-65535','网络区域内部互联','0013_0000000032','0013_0000000032','1-65535','TCP','ACCEPT','ingress','new'),('0015_0000000039',NULL,'0015_0000000039','umadmin','2020-05-20 11:34:32','umadmin','2020-05-20 11:34:30',34,'DC_DMZ__ingress_1-65535__DC_DMZ',NULL,'ingress_1-65535','网络区域内部互联','0013_0000000034','0013_0000000034','1-65535','TCP','ACCEPT','ingress','new'),('0015_0000000040',NULL,'0015_0000000040','umadmin','2020-05-22 18:37:18','umadmin','2020-05-20 11:34:33',34,'DC_DMZ__egress_3128__DC_DMZ_PROXY',NULL,'egress_3128','访问SQUID代理','0013_0000000039','0013_0000000034','3128','TCP','ACCEPT','egress','new'),('0015_0000000041',NULL,'0015_0000000041','umadmin','2020-05-20 11:34:38','umadmin','2020-05-20 11:34:35',34,'DC_MGMT__ingress_1-65535__DC_MGMT',NULL,'ingress_1-65535','网络区域内部互联','0013_0000000033','0013_0000000033','1-65535','TCP','ACCEPT','ingress','new'),('0015_0000000042',NULL,'0015_0000000042','umadmin','2020-05-20 11:34:41','umadmin','2020-05-20 11:34:38',34,'DC_MGMT__egress_1-65535__DC_MGMT',NULL,'egress_1-65535','网络区域内部互联','0013_0000000033','0013_0000000033','1-65535','TCP','ACCEPT','egress','new'),('0015_0000000043',NULL,'0015_0000000043','umadmin','2020-05-20 11:36:35','umadmin','2020-05-20 11:36:35',34,'DC_SF__ingress_10000-19999__DC_DMZ',NULL,'ingress_10000-19999','','0013_0000000034','0013_0000000032','10000-19999','TCP','ACCEPT','ingress','new'),('0015_0000000044',NULL,'0015_0000000044','umadmin','2020-05-20 11:36:36','umadmin','2020-05-20 11:36:35',34,'DC_DMZ__ingress_10000-19999__DC_SF',NULL,'ingress_10000-19999','','0013_0000000032','0013_0000000034','10000-19999','TCP','ACCEPT','ingress','new'),('0015_0000000045',NULL,'0015_0000000045','umadmin','2020-05-20 11:36:36','umadmin','2020-05-20 11:36:36',34,'DC_SF__ingress_1-65535__DC_MGMT_APP',NULL,'ingress_1-65535','','0013_0000000042','0013_0000000032','1-65535','TCP','ACCEPT','ingress','new'),('0015_0000000046',NULL,'0015_0000000046','umadmin','2020-05-20 11:36:37','umadmin','2020-05-20 11:36:36',34,'DC_DMZ__ingress_1-65535__DC_MGMT_APP',NULL,'ingress_1-65535','','0013_0000000042','0013_0000000034','1-65535','TCP','ACCEPT','ingress','new'),('0015_0000000047',NULL,'0015_0000000047','umadmin','2020-05-20 11:37:13','umadmin','2020-05-20 11:37:13',34,'DC_SF__egress_4000-9999__DC_MGMT_APP',NULL,'egress_4000-9999','','0013_0000000042','0013_0000000032','4000-9999','TCP','ACCEPT','egress','new'),('0015_0000000048',NULL,'0015_0000000048','umadmin','2020-05-20 11:37:13','umadmin','2020-05-20 11:37:13',34,'DC_DMZ__egress_4000-9999__DC_MGMT_APP',NULL,'egress_4000-9999','','0013_0000000042','0013_0000000034','4000-9999','TCP','ACCEPT','egress','new'),('0015_0000000049',NULL,'0015_0000000049','umadmin','2020-05-20 11:38:59','umadmin','2020-05-20 11:38:59',34,'DC_MGMT__ingress_4000-9999__DC_SF',NULL,'ingress_4000-9999','','0013_0000000032','0013_0000000033','4000-9999','TCP','ACCEPT','ingress','new'),('0015_0000000050',NULL,'0015_0000000050','umadmin','2020-05-20 11:39:00','umadmin','2020-05-20 11:38:59',34,'DC_MGMT__ingress_4000-9999__DC_DMZ',NULL,'ingress_4000-9999','','0013_0000000034','0013_0000000033','4000-9999','TCP','ACCEPT','ingress','new'),('0015_0000000051',NULL,'0015_0000000051','umadmin','2020-05-20 11:39:00','umadmin','2020-05-20 11:39:00',34,'DC_MGMT__egress_1-65534__DC_SF',NULL,'egress_1-65534','','0013_0000000032','0013_0000000033','1-65534','TCP','ACCEPT','egress','new'),('0015_0000000052',NULL,'0015_0000000052','umadmin','2020-05-20 11:39:01','umadmin','2020-05-20 11:39:00',34,'DC_MGMT__egress_1-65534__DC_DMZ',NULL,'egress_1-65534','','0013_0000000034','0013_0000000033','1-65534','TCP','ACCEPT','egress','new'),('0015_0000000053',NULL,'0015_0000000053','umadmin','2020-05-20 11:41:52','umadmin','2020-05-20 11:39:41',34,'DC_DMZ_PROXY__egress_80-443__DC_WAN_ALL',NULL,'egress_80-443','','0013_0000000044','0013_0000000039','80-443','TCP','ACCEPT','egress','new'),('0015_0000000054',NULL,'0015_0000000054','umadmin','2020-05-20 11:42:58','umadmin','2020-05-20 11:42:38',34,'DC_MGMT__ingress_443__DC_TON_CLIENT',NULL,'ingress_443','','0013_0000000045','0013_0000000033','443','TCP','ACCEPT','ingress','new'),('0015_0000000055',NULL,'0015_0000000055','umadmin','2020-05-22 18:28:50','umadmin','2020-05-22 18:28:49',34,'DC_DMZ__ingress_10000-19999__DC_WAN_ALL',NULL,'ingress_10000-19999','','0013_0000000044','0013_0000000034','10000-19999','TCP','ACCEPT','ingress','new'),('0015_0000000056',NULL,'0015_0000000056','umadmin','2020-05-23 23:12:52','umadmin','2020-05-23 18:59:43',34,'PCD_DMZ_PROXY__egress_80-443__PCD_WAN_ALL',NULL,'egress_80-443','','0013_0000000026','0013_0000000016','80-443','TCP','ACCEPT','egress','new'),('0015_0000000057',NULL,'0015_0000000057','umadmin','2020-05-23 23:12:53','umadmin','2020-05-23 18:59:43',34,'PCD_MGMT_PROXY__egress_80-443__PCD_WAN_ALL',NULL,'egress_80-443','','0013_0000000026','0013_0000000019','80-443','TCP','ACCEPT','egress','new'),('0015_0000000058',NULL,'0015_0000000058','umadmin','2020-05-23 23:15:36','umadmin','2020-05-23 23:15:35',34,'PCD_DMZ__ingress_10000-19999__PCD_WAN_ALL',NULL,'ingress_10000-19999','','0013_0000000026','0013_0000000004','10000-19999','TCP','ACCEPT','ingress','new'),('0015_0000000065',NULL,'0015_0000000065','umadmin','2020-05-25 13:10:22','umadmin','2020-05-25 12:55:28',34,'DC_SF__ingress_-1__DC_MGMT_APP',NULL,'ingress_-1','','0013_0000000042','0013_0000000032','-1','ICMP','ACCEPT','ingress','new'),('0015_0000000066',NULL,'0015_0000000066','umadmin','2020-05-25 13:10:22','umadmin','2020-05-25 12:55:28',34,'DC_DMZ__ingress_-1__DC_MGMT_APP',NULL,'ingress_-1','','0013_0000000042','0013_0000000034','-1','ICMP','ACCEPT','ingress','new'),('0015_0000000067',NULL,'0015_0000000067','umadmin','2020-05-25 13:10:21','umadmin','2020-05-25 12:55:29',34,'DC_MGMT__ingress_-1__DC_MGMT',NULL,'ingress_-1','网络区域内部互联','0013_0000000033','0013_0000000033','-1','ICMP','ACCEPT','ingress','new'),('0015_0000000068',NULL,'0015_0000000068','umadmin','2020-05-25 13:12:31','umadmin','2020-05-25 13:12:31',34,'DC_MGMT__egress_-1__DC_SF',NULL,'egress_-1','','0013_0000000032','0013_0000000033','-1','ICMP','ACCEPT','egress','new'),('0015_0000000069',NULL,'0015_0000000069','umadmin','2020-05-25 13:12:32','umadmin','2020-05-25 13:12:32',34,'DC_MGMT__egress_-1__DC_DMZ',NULL,'egress_-1','','0013_0000000034','0013_0000000033','-1','ICMP','ACCEPT','egress','new'),('0015_0000000070',NULL,'0015_0000000070','umadmin','2020-05-25 13:12:33','umadmin','2020-05-25 13:12:32',34,'DC_MGMT__egress_-1__DC_MGMT',NULL,'egress_-1','网络区域内部互联','0013_0000000033','0013_0000000033','-1','ICMP','ACCEPT','egress','new');
/*!40000 ALTER TABLE `default_security_policy_design` ENABLE KEYS */;
UNLOCK TABLES;

--
-- Table structure for table `deploy_environment`
--

DROP TABLE IF EXISTS `deploy_environment`;
/*!40101 SET @saved_cs_client     = @@character_set_client */;
 SET character_set_client = utf8mb4 ;
CREATE TABLE `deploy_environment` (
  `guid` varchar(15) NOT NULL COMMENT '全局唯一ID',
  `p_guid` varchar(15) DEFAULT NULL COMMENT '前一版本数据的guid',
  `r_guid` varchar(15) DEFAULT NULL COMMENT '原始数据guid',
  `updated_by` varchar(50) DEFAULT NULL COMMENT '更新用户',
  `updated_date` datetime DEFAULT NULL COMMENT '更新日期',
  `created_by` varchar(50) DEFAULT NULL COMMENT '创建用户',
  `created_date` datetime DEFAULT NULL COMMENT '创建日期',
  `state` int(15) DEFAULT NULL COMMENT '状态',
  `key_name` varchar(1000) DEFAULT NULL COMMENT '唯一名称',
  `fixed_date` varchar(19) DEFAULT NULL COMMENT '确认日期',
  `code` varchar(1000) DEFAULT NULL COMMENT '编码',
  `description` varchar(1000) DEFAULT NULL COMMENT '描述说明',
  `name` varchar(200) DEFAULT NULL COMMENT '名称',
  `state_code` varchar(50) DEFAULT NULL COMMENT '状态编码',
  PRIMARY KEY (`guid`)
) ENGINE=InnoDB DEFAULT CHARSET=utf8;
/*!40101 SET character_set_client = @saved_cs_client */;

--
-- Dumping data for table `deploy_environment`
--

LOCK TABLES `deploy_environment` WRITE;
/*!40000 ALTER TABLE `deploy_environment` DISABLE KEYS */;
INSERT INTO `deploy_environment` (`guid`, `p_guid`, `r_guid`, `updated_by`, `updated_date`, `created_by`, `created_date`, `state`, `key_name`, `fixed_date`, `code`, `description`, `name`, `state_code`) VALUES ('0003_0000000001',NULL,'0003_0000000001','umadmin','2020-04-11 21:55:55','umadmin','2020-04-11 21:55:54',34,'生产环境',NULL,'PRD','生产环境','生产环境','new'),('0003_0000000002',NULL,'0003_0000000002','umadmin','2020-04-11 21:56:10','umadmin','2020-04-11 21:56:10',34,'容灾环境',NULL,'DR','容灾环境','容灾环境','new'),('0003_0000000003',NULL,'0003_0000000003','umadmin','2020-05-22 19:35:45','umadmin','2020-05-22 19:35:30',34,'验收环境',NULL,'STG','验收环境','验收环境','new');
/*!40000 ALTER TABLE `deploy_environment` ENABLE KEYS */;
UNLOCK TABLES;

--
-- Table structure for table `deploy_package`
--

DROP TABLE IF EXISTS `deploy_package`;
/*!40101 SET @saved_cs_client     = @@character_set_client */;
 SET character_set_client = utf8mb4 ;
CREATE TABLE `deploy_package` (
  `guid` varchar(15) NOT NULL COMMENT '全局唯一ID',
  `p_guid` varchar(15) DEFAULT NULL COMMENT '前一版本数据的guid',
  `r_guid` varchar(15) DEFAULT NULL COMMENT '原始数据guid',
  `updated_by` varchar(50) DEFAULT NULL COMMENT '更新用户',
  `updated_date` datetime DEFAULT NULL COMMENT '更新日期',
  `created_by` varchar(50) DEFAULT NULL COMMENT '创建用户',
  `created_date` datetime DEFAULT NULL COMMENT '创建日期',
  `state` int(15) DEFAULT NULL COMMENT '状态',
  `key_name` varchar(1000) DEFAULT NULL COMMENT '唯一名称',
  `fixed_date` varchar(19) DEFAULT NULL COMMENT '确认日期',
  `code` varchar(1000) DEFAULT NULL COMMENT '编码',
  `description` varchar(1000) DEFAULT NULL COMMENT '描述说明',
  `deploy_file_path` varchar(200) DEFAULT NULL COMMENT '执行部署脚本文件',
  `deploy_package_url` varchar(200) DEFAULT NULL COMMENT '存储路径',
  `diff_conf_file` varchar(4096) DEFAULT NULL COMMENT '差异配置文件',
  `is_decompression` varchar(200) DEFAULT NULL COMMENT '是否解压',
  `md5_value` varchar(200) DEFAULT NULL COMMENT 'MD5值',
  `name` varchar(200) DEFAULT NULL COMMENT '包名称',
  `start_file_path` varchar(200) DEFAULT NULL COMMENT '启动脚步文件',
  `state_code` varchar(50) DEFAULT NULL COMMENT '状态编码',
  `stop_file_path` varchar(200) DEFAULT NULL COMMENT '停止脚步文件',
  `unit_design` varchar(15) DEFAULT NULL COMMENT '单元设计',
  `upload_time` datetime DEFAULT NULL COMMENT '上传时间',
  `upload_user` varchar(200) DEFAULT NULL COMMENT '上传人',
  PRIMARY KEY (`guid`)
) ENGINE=InnoDB DEFAULT CHARSET=utf8;
/*!40101 SET character_set_client = @saved_cs_client */;

--
-- Dumping data for table `deploy_package`
--

LOCK TABLES `deploy_package` WRITE;
/*!40000 ALTER TABLE `deploy_package` DISABLE KEYS */;
/*!40000 ALTER TABLE `deploy_package` ENABLE KEYS */;
UNLOCK TABLES;

--
-- Table structure for table `deploy_package$diff_conf_variable`
--

DROP TABLE IF EXISTS `deploy_package$diff_conf_variable`;
/*!40101 SET @saved_cs_client     = @@character_set_client */;
 SET character_set_client = utf8mb4 ;
CREATE TABLE `deploy_package$diff_conf_variable` (
  `id` int(11) NOT NULL AUTO_INCREMENT,
  `from_guid` varchar(15) COLLATE utf8mb4_unicode_ci NOT NULL,
  `to_guid` varchar(15) COLLATE utf8mb4_unicode_ci NOT NULL,
  `seq_no` int(5) DEFAULT '0',
  PRIMARY KEY (`id`)
) ENGINE=InnoDB AUTO_INCREMENT=7 DEFAULT CHARSET=utf8mb4 COLLATE=utf8mb4_unicode_ci;
/*!40101 SET character_set_client = @saved_cs_client */;

--
-- Dumping data for table `deploy_package$diff_conf_variable`
--

LOCK TABLES `deploy_package$diff_conf_variable` WRITE;
/*!40000 ALTER TABLE `deploy_package$diff_conf_variable` DISABLE KEYS */;
/*!40000 ALTER TABLE `deploy_package$diff_conf_variable` ENABLE KEYS */;
UNLOCK TABLES;

--
-- Table structure for table `diff_configuration`
--

DROP TABLE IF EXISTS `diff_configuration`;
/*!40101 SET @saved_cs_client     = @@character_set_client */;
 SET character_set_client = utf8mb4 ;
CREATE TABLE `diff_configuration` (
  `guid` varchar(15) NOT NULL COMMENT '全局唯一ID',
  `p_guid` varchar(15) DEFAULT NULL COMMENT '前一版本数据的guid',
  `r_guid` varchar(15) DEFAULT NULL COMMENT '原始数据guid',
  `updated_by` varchar(50) DEFAULT NULL COMMENT '更新用户',
  `updated_date` datetime DEFAULT NULL COMMENT '更新日期',
  `created_by` varchar(50) DEFAULT NULL COMMENT '创建用户',
  `created_date` datetime DEFAULT NULL COMMENT '创建日期',
  `state` int(15) DEFAULT NULL COMMENT '状态',
  `key_name` varchar(1000) DEFAULT NULL COMMENT '唯一名称',
  `fixed_date` varchar(19) DEFAULT NULL COMMENT '确认日期',
  `code` varchar(1000) DEFAULT NULL COMMENT '编码',
  `description` varchar(1000) DEFAULT NULL COMMENT '描述说明',
  `state_code` varchar(50) DEFAULT NULL COMMENT '状态编码',
  `variable_name` varchar(200) DEFAULT NULL COMMENT '变量名',
  `variable_value` varchar(6000) DEFAULT NULL COMMENT '变量值',
  PRIMARY KEY (`guid`)
) ENGINE=InnoDB DEFAULT CHARSET=utf8;
/*!40101 SET character_set_client = @saved_cs_client */;

--
-- Dumping data for table `diff_configuration`
--

LOCK TABLES `diff_configuration` WRITE;
/*!40000 ALTER TABLE `diff_configuration` DISABLE KEYS */;
INSERT INTO `diff_configuration` (`guid`, `p_guid`, `r_guid`, `updated_by`, `updated_date`, `created_by`, `created_date`, `state`, `key_name`, `fixed_date`, `code`, `description`, `state_code`, `variable_name`, `variable_value`) VALUES ('0044_0000000001',NULL,'0044_0000000001','SYS_PLATFORM','2020-05-11 16:39:04','SYS_PLATFORM','2020-04-19 20:54:31',34,'jmx_hostname',NULL,'jmx_hostname',NULL,'new','jmx_hostname','[{\"type\":\"rule\",\"value\":\"[{\\\"ciTypeId\\\":50},{\\\"ciTypeId\\\":32,\\\"parentRs\\\":{\\\"attrId\\\":927,\\\"isReferedFromParent\\\":1}},{\\\"ciTypeId\\\":32,\\\"parentRs\\\":{\\\"attrId\\\":546,\\\"isReferedFromParent\\\":1}}]\"}]'),('0044_0000000002',NULL,'0044_0000000002','SYS_PLATFORM','2020-05-11 16:39:12','SYS_PLATFORM','2020-04-19 20:54:31',34,'jmx_port',NULL,'jmx_port',NULL,'new','jmx_port','[{\"type\":\"rule\",\"value\":\"[{\\\"ciTypeId\\\":50},{\\\"ciTypeId\\\":50,\\\"parentRs\\\":{\\\"attrId\\\":929,\\\"isReferedFromParent\\\":1}}]\"}]'),('0044_0000000003',NULL,'0044_0000000003','SYS_PLATFORM','2020-05-11 16:39:19','SYS_PLATFORM','2020-04-19 20:54:31',34,'port',NULL,'port',NULL,'new','port','[{\"type\":\"rule\",\"value\":\"[{\\\"ciTypeId\\\":50},{\\\"ciTypeId\\\":50,\\\"parentRs\\\":{\\\"attrId\\\":928,\\\"isReferedFromParent\\\":1}}]\"}]'),('0044_0000000004',NULL,'0044_0000000004','SYS_PLATFORM','2020-05-11 16:40:28','SYS_PLATFORM','2020-04-19 20:54:31',34,'db_host_ip',NULL,'db_host_ip',NULL,'new','db_host_ip','[{\"type\":\"rule\",\"value\":\"[{\\\"ciTypeId\\\":50},{\\\"ciTypeId\\\":48,\\\"parentRs\\\":{\\\"attrId\\\":926,\\\"isReferedFromParent\\\":1}},{\\\"ciTypeId\\\":49,\\\"parentRs\\\":{\\\"attrId\\\":908,\\\"isReferedFromParent\\\":0}},{\\\"ciTypeId\\\":48,\\\"parentRs\\\":{\\\"attrId\\\":910,\\\"isReferedFromParent\\\":1},\\\"filters\\\":[{\\\"name\\\":\\\"code\\\",\\\"operator\\\":\\\"eq\\\",\\\"type\\\":\\\"value\\\",\\\"value\\\":\\\"DB\\\"}]},{\\\"ciTypeId\\\":51,\\\"parentRs\\\":{\\\"attrId\\\":956,\\\"isReferedFromParent\\\":0}},{\\\"ciTypeId\\\":33,\\\"parentRs\\\":{\\\"attrId\\\":957,\\\"isReferedFromParent\\\":1}},{\\\"ciTypeId\\\":33,\\\"parentRs\\\":{\\\"attrId\\\":581,\\\"isReferedFromParent\\\":1}}]\"}]'),('0044_0000000005',NULL,'0044_0000000005','SYS_PLATFORM','2020-05-11 16:41:02','SYS_PLATFORM','2020-04-19 20:54:31',34,'db_host_port',NULL,'db_host_port',NULL,'new','db_host_port','[{\"type\":\"rule\",\"value\":\"[{\\\"ciTypeId\\\":50},{\\\"ciTypeId\\\":48,\\\"parentRs\\\":{\\\"attrId\\\":926,\\\"isReferedFromParent\\\":1}},{\\\"ciTypeId\\\":49,\\\"parentRs\\\":{\\\"attrId\\\":908,\\\"isReferedFromParent\\\":0}},{\\\"ciTypeId\\\":48,\\\"parentRs\\\":{\\\"attrId\\\":910,\\\"isReferedFromParent\\\":1},\\\"filters\\\":[{\\\"name\\\":\\\"code\\\",\\\"operator\\\":\\\"eq\\\",\\\"type\\\":\\\"value\\\",\\\"value\\\":\\\"DB\\\"}]},{\\\"ciTypeId\\\":51,\\\"parentRs\\\":{\\\"attrId\\\":956,\\\"isReferedFromParent\\\":0}},{\\\"ciTypeId\\\":51,\\\"parentRs\\\":{\\\"attrId\\\":958,\\\"isReferedFromParent\\\":1}}]\"}]'),('0044_0000000006',NULL,'0044_0000000006','SYS_PLATFORM','2020-05-11 16:41:17','SYS_PLATFORM','2020-04-19 20:54:31',34,'db_name',NULL,'db_name',NULL,'new','db_name','[{\"type\":\"rule\",\"value\":\"[{\\\"ciTypeId\\\":50},{\\\"ciTypeId\\\":48,\\\"parentRs\\\":{\\\"attrId\\\":926,\\\"isReferedFromParent\\\":1}},{\\\"ciTypeId\\\":49,\\\"parentRs\\\":{\\\"attrId\\\":908,\\\"isReferedFromParent\\\":0}},{\\\"ciTypeId\\\":48,\\\"parentRs\\\":{\\\"attrId\\\":910,\\\"isReferedFromParent\\\":1},\\\"filters\\\":[{\\\"name\\\":\\\"code\\\",\\\"operator\\\":\\\"eq\\\",\\\"type\\\":\\\"value\\\",\\\"value\\\":\\\"DB\\\"}]},{\\\"ciTypeId\\\":51,\\\"parentRs\\\":{\\\"attrId\\\":956,\\\"isReferedFromParent\\\":0}},{\\\"ciTypeId\\\":51,\\\"parentRs\\\":{\\\"attrId\\\":1057,\\\"isReferedFromParent\\\":1}}]\"}]'),('0044_0000000007',NULL,'0044_0000000007','SYS_PLATFORM','2020-05-11 16:41:33','SYS_PLATFORM','2020-04-19 20:54:32',34,'db_username',NULL,'db_username',NULL,'new','db_username','[{\"type\":\"rule\",\"value\":\"[{\\\"ciTypeId\\\":50},{\\\"ciTypeId\\\":48,\\\"parentRs\\\":{\\\"attrId\\\":926,\\\"isReferedFromParent\\\":1}},{\\\"ciTypeId\\\":49,\\\"parentRs\\\":{\\\"attrId\\\":908,\\\"isReferedFromParent\\\":0}},{\\\"ciTypeId\\\":48,\\\"parentRs\\\":{\\\"attrId\\\":910,\\\"isReferedFromParent\\\":1},\\\"filters\\\":[{\\\"name\\\":\\\"code\\\",\\\"operator\\\":\\\"eq\\\",\\\"type\\\":\\\"value\\\",\\\"value\\\":\\\"DB\\\"}]},{\\\"ciTypeId\\\":51,\\\"parentRs\\\":{\\\"attrId\\\":956,\\\"isReferedFromParent\\\":0}},{\\\"ciTypeId\\\":51,\\\"parentRs\\\":{\\\"attrId\\\":964,\\\"isReferedFromParent\\\":1}}]\"}]'),('0044_0000000008',NULL,'0044_0000000008','SYS_PLATFORM','2020-05-11 16:42:26','SYS_PLATFORM','2020-04-19 20:54:32',34,'db_password',NULL,'db_password',NULL,'new','db_password','[{\"type\":\"rule\",\"value\":\"[{\\\"ciTypeId\\\":50},{\\\"ciTypeId\\\":48,\\\"parentRs\\\":{\\\"attrId\\\":926,\\\"isReferedFromParent\\\":1}},{\\\"ciTypeId\\\":49,\\\"parentRs\\\":{\\\"attrId\\\":908,\\\"isReferedFromParent\\\":0}},{\\\"ciTypeId\\\":48,\\\"parentRs\\\":{\\\"attrId\\\":910,\\\"isReferedFromParent\\\":1},\\\"filters\\\":[{\\\"name\\\":\\\"code\\\",\\\"operator\\\":\\\"eq\\\",\\\"type\\\":\\\"value\\\",\\\"value\\\":\\\"DB\\\"}]},{\\\"ciTypeId\\\":51,\\\"parentRs\\\":{\\\"attrId\\\":956,\\\"isReferedFromParent\\\":0}},{\\\"ciTypeId\\\":51,\\\"parentRs\\\":{\\\"attrId\\\":965,\\\"isReferedFromParent\\\":1}}]\"},{\"type\":\"specialDelimiter\",\"value\":\"&\\u0001\"},{\"type\":\"rule\",\"value\":\"[{\\\"ciTypeId\\\":50},{\\\"ciTypeId\\\":48,\\\"parentRs\\\":{\\\"attrId\\\":926,\\\"isReferedFromParent\\\":1}},{\\\"ciTypeId\\\":49,\\\"parentRs\\\":{\\\"attrId\\\":908,\\\"isReferedFromParent\\\":0}},{\\\"ciTypeId\\\":48,\\\"parentRs\\\":{\\\"attrId\\\":910,\\\"isReferedFromParent\\\":1},\\\"filters\\\":[{\\\"name\\\":\\\"code\\\",\\\"operator\\\":\\\"eq\\\",\\\"type\\\":\\\"value\\\",\\\"value\\\":\\\"DB\\\"}]},{\\\"ciTypeId\\\":51,\\\"parentRs\\\":{\\\"attrId\\\":956,\\\"isReferedFromParent\\\":0}},{\\\"ciTypeId\\\":51,\\\"parentRs\\\":{\\\"attrId\\\":944,\\\"isReferedFromParent\\\":1}}]\"}]'),('0044_0000000009',NULL,'0044_0000000009','SYS_PLATFORM','2020-05-25 12:35:16','SYS_PLATFORM','2020-05-25 12:30:18',34,'backend_server_ip_1',NULL,'backend_server_ip_1',NULL,'new','backend_server_ip_1','[{\"type\":\"rule\",\"value\":\"[{\\\"ciTypeId\\\":50},{\\\"ciTypeId\\\":48,\\\"parentRs\\\":{\\\"attrId\\\":926,\\\"isReferedFromParent\\\":1}},{\\\"ciTypeId\\\":49,\\\"parentRs\\\":{\\\"attrId\\\":908,\\\"isReferedFromParent\\\":0}},{\\\"ciTypeId\\\":48,\\\"parentRs\\\":{\\\"attrId\\\":910,\\\"isReferedFromParent\\\":1},\\\"filters\\\":[{\\\"name\\\":\\\"code\\\",\\\"operator\\\":\\\"eq\\\",\\\"type\\\":\\\"value\\\",\\\"value\\\":\\\"LB\\\"}]},{\\\"ciTypeId\\\":53,\\\"parentRs\\\":{\\\"attrId\\\":1003,\\\"isReferedFromParent\\\":0},\\\"filters\\\":[{\\\"name\\\":\\\"name\\\",\\\"operator\\\":\\\"eq\\\",\\\"type\\\":\\\"value\\\",\\\"value\\\":\\\"democorelb01\\\"}]},{\\\"ciTypeId\\\":35,\\\"parentRs\\\":{\\\"attrId\\\":1004,\\\"isReferedFromParent\\\":1}},{\\\"ciTypeId\\\":35,\\\"parentRs\\\":{\\\"attrId\\\":649,\\\"isReferedFromParent\\\":1}}]\"}]'),('0044_0000000010',NULL,'0044_0000000010','SYS_PLATFORM','2020-05-25 12:35:29','SYS_PLATFORM','2020-05-25 12:30:18',34,'backend_server_port_1',NULL,'backend_server_port_1',NULL,'new','backend_server_port_1','[{\"type\":\"rule\",\"value\":\"[{\\\"ciTypeId\\\":50},{\\\"ciTypeId\\\":48,\\\"parentRs\\\":{\\\"attrId\\\":926,\\\"isReferedFromParent\\\":1}},{\\\"ciTypeId\\\":49,\\\"parentRs\\\":{\\\"attrId\\\":908,\\\"isReferedFromParent\\\":0}},{\\\"ciTypeId\\\":48,\\\"parentRs\\\":{\\\"attrId\\\":910,\\\"isReferedFromParent\\\":1},\\\"filters\\\":[{\\\"name\\\":\\\"code\\\",\\\"operator\\\":\\\"eq\\\",\\\"type\\\":\\\"value\\\",\\\"value\\\":\\\"LB\\\"}]},{\\\"ciTypeId\\\":53,\\\"parentRs\\\":{\\\"attrId\\\":1003,\\\"isReferedFromParent\\\":0},\\\"filters\\\":[{\\\"name\\\":\\\"name\\\",\\\"operator\\\":\\\"eq\\\",\\\"type\\\":\\\"value\\\",\\\"value\\\":\\\"democorelb01\\\"}]},{\\\"ciTypeId\\\":53,\\\"parentRs\\\":{\\\"attrId\\\":1005,\\\"isReferedFromParent\\\":1}}]\"}]'),('0044_0000000011',NULL,'0044_0000000011','SYS_PLATFORM','2020-05-25 12:35:54','SYS_PLATFORM','2020-05-25 12:30:18',34,'backend_server_ip_2',NULL,'backend_server_ip_2',NULL,'new','backend_server_ip_2','[{\"type\":\"rule\",\"value\":\"[{\\\"ciTypeId\\\":50},{\\\"ciTypeId\\\":48,\\\"parentRs\\\":{\\\"attrId\\\":926,\\\"isReferedFromParent\\\":1}},{\\\"ciTypeId\\\":49,\\\"parentRs\\\":{\\\"attrId\\\":908,\\\"isReferedFromParent\\\":0}},{\\\"ciTypeId\\\":48,\\\"parentRs\\\":{\\\"attrId\\\":910,\\\"isReferedFromParent\\\":1},\\\"filters\\\":[{\\\"name\\\":\\\"code\\\",\\\"operator\\\":\\\"eq\\\",\\\"type\\\":\\\"value\\\",\\\"value\\\":\\\"LB\\\"}]},{\\\"ciTypeId\\\":53,\\\"parentRs\\\":{\\\"attrId\\\":1003,\\\"isReferedFromParent\\\":0},\\\"filters\\\":[{\\\"name\\\":\\\"name\\\",\\\"operator\\\":\\\"eq\\\",\\\"type\\\":\\\"value\\\",\\\"value\\\":\\\"democorelb02\\\"}]},{\\\"ciTypeId\\\":35,\\\"parentRs\\\":{\\\"attrId\\\":1004,\\\"isReferedFromParent\\\":1}},{\\\"ciTypeId\\\":35,\\\"parentRs\\\":{\\\"attrId\\\":649,\\\"isReferedFromParent\\\":1}}]\"}]'),('0044_0000000012',NULL,'0044_0000000012','SYS_PLATFORM','2020-05-25 12:36:09','SYS_PLATFORM','2020-05-25 12:30:19',34,'backend_server_port_2',NULL,'backend_server_port_2',NULL,'new','backend_server_port_2','[{\"type\":\"rule\",\"value\":\"[{\\\"ciTypeId\\\":50},{\\\"ciTypeId\\\":48,\\\"parentRs\\\":{\\\"attrId\\\":926,\\\"isReferedFromParent\\\":1}},{\\\"ciTypeId\\\":49,\\\"parentRs\\\":{\\\"attrId\\\":908,\\\"isReferedFromParent\\\":0}},{\\\"ciTypeId\\\":48,\\\"parentRs\\\":{\\\"attrId\\\":910,\\\"isReferedFromParent\\\":1},\\\"filters\\\":[{\\\"name\\\":\\\"code\\\",\\\"operator\\\":\\\"eq\\\",\\\"type\\\":\\\"value\\\",\\\"value\\\":\\\"LB\\\"}]},{\\\"ciTypeId\\\":53,\\\"parentRs\\\":{\\\"attrId\\\":1003,\\\"isReferedFromParent\\\":0},\\\"filters\\\":[{\\\"name\\\":\\\"name\\\",\\\"operator\\\":\\\"eq\\\",\\\"type\\\":\\\"value\\\",\\\"value\\\":\\\"democorelb02\\\"}]},{\\\"ciTypeId\\\":53,\\\"parentRs\\\":{\\\"attrId\\\":1005,\\\"isReferedFromParent\\\":1}}]\"}]'),('0044_0000000013',NULL,'0044_0000000013','SYS_PLATFORM','2020-05-25 12:38:10','SYS_PLATFORM','2020-05-25 12:30:19',34,'context_path',NULL,'context_path',NULL,'new','context_path','[{\"type\":\"rule\",\"value\":\"[{\\\"ciTypeId\\\":50},{\\\"ciTypeId\\\":48,\\\"parentRs\\\":{\\\"attrId\\\":926,\\\"isReferedFromParent\\\":1}},{\\\"ciTypeId\\\":39,\\\"parentRs\\\":{\\\"attrId\\\":887,\\\"isReferedFromParent\\\":1}},{\\\"ciTypeId\\\":64,\\\"parentRs\\\":{\\\"attrId\\\":1119,\\\"isReferedFromParent\\\":0},\\\"filters\\\":[{\\\"name\\\":\\\"code\\\",\\\"operator\\\":\\\"eq\\\",\\\"type\\\":\\\"value\\\",\\\"value\\\":\\\"context_path\\\"}]},{\\\"ciTypeId\\\":64,\\\"parentRs\\\":{\\\"attrId\\\":1118,\\\"isReferedFromParent\\\":1}}]\"}]');
/*!40000 ALTER TABLE `diff_configuration` ENABLE KEYS */;
UNLOCK TABLES;

--
-- Table structure for table `host_resource_instance`
--

DROP TABLE IF EXISTS `host_resource_instance`;
/*!40101 SET @saved_cs_client     = @@character_set_client */;
 SET character_set_client = utf8mb4 ;
CREATE TABLE `host_resource_instance` (
  `guid` varchar(15) NOT NULL COMMENT '全局唯一ID',
  `p_guid` varchar(15) DEFAULT NULL COMMENT '前一版本数据的guid',
  `r_guid` varchar(15) DEFAULT NULL COMMENT '原始数据guid',
  `updated_by` varchar(50) DEFAULT NULL COMMENT '更新用户',
  `updated_date` datetime DEFAULT NULL COMMENT '更新日期',
  `created_by` varchar(50) DEFAULT NULL COMMENT '创建用户',
  `created_date` datetime DEFAULT NULL COMMENT '创建日期',
  `state` int(15) DEFAULT NULL COMMENT '状态',
  `key_name` varchar(1000) DEFAULT NULL COMMENT '唯一名称',
  `fixed_date` varchar(19) DEFAULT NULL COMMENT '确认日期',
  `code` varchar(1000) DEFAULT NULL COMMENT '编码',
  `description` varchar(1000) DEFAULT NULL COMMENT '描述说明',
  `asset_id` varchar(200) DEFAULT NULL COMMENT '资产ID',
  `backup_asset_id` varchar(200) DEFAULT NULL,
  `billing_cycle` varchar(200) DEFAULT NULL COMMENT '1 | 2 | 3',
  `charge_type` varchar(15) DEFAULT NULL COMMENT '计费模式',
  `cluster_node_type` varchar(15) DEFAULT NULL COMMENT '集群节点类型',
  `cpu` varchar(200) DEFAULT NULL COMMENT 'CPU(核)',
  `end_date` varchar(200) DEFAULT NULL COMMENT '截止时间，包年包月时必须给出',
  `ip_address` varchar(200) DEFAULT NULL COMMENT '待创建资源,填写IP+4位随机数字',
  `login_port` varchar(200) DEFAULT NULL COMMENT '22|3389',
  `master_resource_instance` varchar(15) DEFAULT NULL COMMENT '主资源实例',
  `memory` varchar(200) DEFAULT NULL COMMENT '内存(GB)',
  `monitor_key_name` varchar(200) DEFAULT NULL,
  `monitor_port` varchar(200) DEFAULT NULL COMMENT '9100',
  `name` varchar(200) DEFAULT NULL COMMENT '名称',
  `resource_instance_spec` varchar(15) DEFAULT NULL COMMENT '资源实例规格',
  `resource_instance_system` varchar(15) DEFAULT NULL COMMENT '资源实例系统',
  `resource_instance_type` varchar(15) DEFAULT NULL COMMENT '资源实例类型',
  `resource_set` varchar(15) DEFAULT NULL COMMENT '资源集合',
  `state_code` varchar(50) DEFAULT NULL COMMENT '状态编码',
  `storage` varchar(200) DEFAULT NULL COMMENT '50的倍数',
  `user_name` varchar(200) DEFAULT NULL COMMENT '用户名',
  `user_password` varchar(200) DEFAULT NULL COMMENT '用户密码',
  `storage_type` varchar(15) DEFAULT NULL COMMENT '存储类型',
  `network_segment` varchar(15) DEFAULT NULL COMMENT '网段',
  `subnet_security_group` varchar(200) DEFAULT NULL COMMENT 'Y | N ',
  PRIMARY KEY (`guid`)
) ENGINE=InnoDB DEFAULT CHARSET=utf8;
/*!40101 SET character_set_client = @saved_cs_client */;

--
-- Dumping data for table `host_resource_instance`
--

LOCK TABLES `host_resource_instance` WRITE;
/*!40000 ALTER TABLE `host_resource_instance` DISABLE KEYS */;
INSERT INTO `host_resource_instance` (`guid`, `p_guid`, `r_guid`, `updated_by`, `updated_date`, `created_by`, `created_date`, `state`, `key_name`, `fixed_date`, `code`, `description`, `asset_id`, `backup_asset_id`, `billing_cycle`, `charge_type`, `cluster_node_type`, `cpu`, `end_date`, `ip_address`, `login_port`, `master_resource_instance`, `memory`, `monitor_key_name`, `monitor_port`, `name`, `resource_instance_spec`, `resource_instance_system`, `resource_instance_type`, `resource_set`, `state_code`, `storage`, `user_name`, `user_password`, `storage_type`, `network_segment`, `subnet_security_group`) VALUES ('0032_0000000002',NULL,'0032_0000000002','umadmin','2020-05-08 11:03:18','umadmin','2020-04-29 11:26:40',40,'TX_GZ_PRD_MGMT_1M1_DOCKER1__wecubecore01',NULL,'wecubecore01_10.128.200.2','','','','','0063_0000000004','0008_0000000008','','','10.128.200.2','22','','','10.128.200.2:9100','9100','wecubecore01','0010_0000000048','0011_0000000029','0009_0000000017','0029_0000000038','created','50','root','Wecube@123456','0062_0000000016','0023_0000000020','N'),('0032_0000000003',NULL,'0032_0000000003','umadmin','2020-05-08 11:03:17','umadmin','2020-04-29 11:26:41',40,'TX_GZ_PRD_MGMT_1M1_DOCKER1__wecubecore02',NULL,'wecubecore02_10.128.201.2','','','','','0063_0000000004','0008_0000000008','','','10.128.201.2','22','','','10.128.201.2:9100','9100','wecubecore02','0010_0000000048','0011_0000000029','0009_0000000017','0029_0000000038','created','50','root','Wecube@123456','0062_0000000016','0023_0000000021','N'),('0032_0000000004',NULL,'0032_0000000004','umadmin','2020-05-08 11:03:17','umadmin','2020-04-29 11:29:44',40,'TX_GZ_PRD_MGMT_1M1_DOCKER1__wecubeplugin01',NULL,'wecubeplugin01_10.128.200.3','','','','','0063_0000000004','0008_0000000008','','','10.128.200.3','22','','','10.128.200.3:9100','9100','wecubeplugin01','0010_0000000049','0011_0000000029','0009_0000000017','0029_0000000038','created','50','root','Wecube@123456','0062_0000000016','0023_0000000020','N'),('0032_0000000005',NULL,'0032_0000000005','umadmin','2020-05-08 11:03:16','umadmin','2020-04-29 11:29:46',40,'TX_GZ_PRD_MGMT_1M1_DOCKER1__wecubeplugin02',NULL,'wecubeplugin02_10.128.201.3','','','','','0063_0000000004','0008_0000000008','','','10.128.201.3','22','','','10.128.201.3:9100','9100','wecubeplugin02','0010_0000000049','0011_0000000029','0009_0000000017','0029_0000000038','created','50','root','Wecube@123456','0062_0000000016','0023_0000000021','N'),('0032_0000000006',NULL,'0032_0000000006','umadmin','2020-05-08 11:03:16','umadmin','2020-04-29 11:33:14',40,'TX_GZ_PRD_MGMT_1M1_VDI1__mgmtvdi01',NULL,'mgmtvdi01_10.128.196.3','','','','','0063_0000000004','0008_0000000006','','','10.128.196.3','3389','','','10.128.196.3:9100','9100','mgmtvdi01','0010_0000000053','0011_0000000025','0009_0000000012','0029_0000000036','created','50','Administrator','Wecube@123456','0062_0000000009','0023_0000000018','N'),('0032_0000000007',NULL,'0032_0000000007','umadmin','2020-05-08 11:03:15','umadmin','2020-04-29 11:33:15',40,'TX_GZ_PRD_MGMT_1M1_VDI1__mgmtvdi02',NULL,'mgmtvdi02_10.128.197.3','','','','','0063_0000000004','0008_0000000006','','','10.128.197.3','3389','','','10.128.197.3:9100','9100','mgmtvdi02','0010_0000000053','0011_0000000025','0009_0000000012','0029_0000000036','created','50','Administrator','Wecube@123456','0062_0000000009','0023_0000000019','N'),('0032_0000000008',NULL,'0032_0000000008','umadmin','2020-05-08 11:03:15','umadmin','2020-04-29 11:34:45',40,'TX_GZ_PRD_MGMT_1M1_SQUID1__mgmtsquid01',NULL,'mgmtsquid01_10.128.220.3','','','','','0063_0000000004','0008_0000000006','','','10.128.220.3','22','','','10.128.220.3:9100','9100','mgmtsquid01','0010_0000000047','0011_0000000029','0009_0000000013','0029_0000000034','created','50','root','Wecube@123456','0062_0000000010','0023_0000000024','Y'),('0032_0000000009',NULL,'0032_0000000009','umadmin','2020-05-08 11:03:14','umadmin','2020-04-29 11:34:46',40,'TX_GZ_PRD_MGMT_1M1_SQUID1__mgmtsquid02',NULL,'mgmtsquid02_10.128.221.3','','','','','0063_0000000004','0008_0000000006','','','10.128.221.3','22','','','10.128.221.3:9100','9100','mgmtsquid02','0010_0000000047','0011_0000000029','0009_0000000013','0029_0000000034','created','50','root','Wecube@123456','0062_0000000010','0023_0000000025','Y'),('0032_0000000010',NULL,'0032_0000000010','umadmin','2020-05-08 17:01:55','umadmin','2020-05-08 17:01:54',40,'TX_GZ_PRD_SF_1A1_JAVA1__admhost1',NULL,'admhost1_IP3423','','','','','0063_0000000004','0008_0000000008','','','IP3423','22','','','IP3423:9100','9100','admhost1','0010_0000000047','0011_0000000029','0009_0000000016','0029_0000000051','created','50','root','Abcd1234','0062_0000000014','0023_0000000008','N'),('0032_0000000011',NULL,'0032_0000000011','umadmin','2020-05-08 17:01:55','umadmin','2020-05-08 17:01:55',40,'TX_GZ_PRD_SF_1A1_JAVA1__admhost2',NULL,'admhost2_IP3425','','','','','0063_0000000004','0008_0000000008','','','IP3425','22','','','IP3425:9100','9100','admhost2','0010_0000000047','0011_0000000029','0009_0000000016','0029_0000000051','created','50','root','Abcd1234','0062_0000000014','0023_0000000009','N'),('0032_0000000013',NULL,'0032_0000000013','umadmin','2020-05-23 14:30:06','umadmin','2020-05-20 15:07:20',40,'ALI_HZ_PRD_MGMT__DOCKER1__alihzwecubehost',NULL,'alihzwecubehost_IP8654','','','','','0063_0000000005','0008_0000000014','4','','IP8654','22','','8','IP8654:9100','9100','alihzwecubehost','0010_0000000049','0011_0000000033','0009_0000000032','0029_0000000106','created','50','root','Wecube@123456','0062_0000000037','0023_0000000072','N'),('0032_0000000014',NULL,'0032_0000000014','umadmin','2020-05-22 23:51:10','umadmin','2020-05-20 15:09:15',40,'ALI_HZ_PRD_SF__JAVA1__apphost01',NULL,'apphost01_IP6437','','','','','0063_0000000005','0008_0000000014','','','IP6437','22','','','IP6437:9100','9100','apphost01','0010_0000000048','0011_0000000033','0009_0000000034','0029_0000000103','created','50','root','Abcd1234','0062_0000000042','0023_0000000071','N'),('0032_0000000015',NULL,'0032_0000000015','umadmin','2020-05-22 23:51:09','umadmin','2020-05-20 15:09:16',40,'ALI_HZ_PRD_SF__JAVA1__apphost02',NULL,'apphost02_IP6442','','','','','0063_0000000005','0008_0000000014','','','IP6442','22','','','IP6442:9100','9100','apphost02','0010_0000000048','0011_0000000033','0009_0000000034','0029_0000000103','created','50','root','Abcd1234','0062_0000000042','0023_0000000070','N'),('0032_0000000016',NULL,'0032_0000000016','umadmin','2020-05-22 23:51:09','umadmin','2020-05-20 16:51:46',40,'ALI_HZ_PRD_DMZ__NGINX1__nginxhost01',NULL,'nginxhost01_IP3489','','','','','0063_0000000005','0008_0000000014','','','IP3489','22','','','IP3489:9100','9100','nginxhost01','0010_0000000047','0011_0000000033','0009_0000000030','0029_0000000113','created','50','root','Abcd1234','0062_0000000035','0023_0000000083','N'),('0032_0000000017',NULL,'0032_0000000017','umadmin','2020-05-22 23:51:08','umadmin','2020-05-20 16:51:47',40,'ALI_HZ_PRD_DMZ__NGINX1__nginxhost02',NULL,'nginxhost02_IP3486','','','','','0063_0000000005','0008_0000000014','','','IP3486','22','','','IP3486:9100','9100','nginxhost02','0010_0000000047','0011_0000000033','0009_0000000030','0029_0000000113','created','50','root','Abcd1234','0062_0000000035','0023_0000000084','N'),('0032_0000000019',NULL,'0032_0000000019','umadmin','2020-05-23 14:17:32','umadmin','2020-05-22 19:53:21',40,'TX_BJ_PRD_MGMT__DOCKER1__txbjwecubehost',NULL,'txbjwecubehost_IP4386','','','','','0063_0000000004','0008_0000000008','4','','IP4386','22','','8','IP4386:9100','9100','txbjwecubehost','0010_0000000049','0011_0000000029','0009_0000000017','0029_0000000131','created','50','root','Wecube@123456','0062_0000000016','0023_0000000099','N'),('0032_0000000020',NULL,'0032_0000000020','umadmin','2020-05-22 23:53:22','umadmin','2020-05-22 23:53:22',40,'TX_BJ_PRD_DMZ__NGINX1__nginxhost02',NULL,'nginxhost02_IP3467','','','','','0063_0000000004','0008_0000000008','','','IP3467','22','','','IP3467:9100','9100','nginxhost02','0010_0000000047','0011_0000000029','0009_0000000021','0029_0000000128','created','50','root','Abcd1234','0062_0000000023','0023_0000000103','N'),('0032_0000000021',NULL,'0032_0000000021','umadmin','2020-05-22 23:53:23','umadmin','2020-05-22 23:53:22',40,'TX_BJ_PRD_DMZ__NGINX1__nginxhost01',NULL,'nginxhost01_IP3424','','','','','0063_0000000004','0008_0000000008','','','IP3424','22','','','IP3424:9100','9100','nginxhost01','0010_0000000047','0011_0000000029','0009_0000000021','0029_0000000128','created','50','root','Abcd1234','0062_0000000023','0023_0000000096','N'),('0032_0000000022',NULL,'0032_0000000022','umadmin','2020-05-22 23:53:23','umadmin','2020-05-22 23:53:23',40,'TX_BJ_PRD_SF__JAVA1__apphost02',NULL,'apphost02_IP6496','','','','','0063_0000000004','0008_0000000008','','','IP6496','22','','','IP6496:9100','9100','apphost02','0010_0000000047','0011_0000000029','0009_0000000016','0029_0000000135','created','50','root','Abcd1234','0062_0000000014','0023_0000000107','N'),('0032_0000000023',NULL,'0032_0000000023','umadmin','2020-05-22 23:53:24','umadmin','2020-05-22 23:53:23',40,'TX_BJ_PRD_SF__JAVA1__apphost01',NULL,'apphost01_IP6436','','','','','0063_0000000004','0008_0000000008','','','IP6436','22','','','IP6436:9100','9100','apphost01','0010_0000000047','0011_0000000029','0009_0000000016','0029_0000000135','created','50','root','Abcd1234','0062_0000000014','0023_0000000100','N');
/*!40000 ALTER TABLE `host_resource_instance` ENABLE KEYS */;
UNLOCK TABLES;

--
-- Table structure for table `invoke`
--

DROP TABLE IF EXISTS `invoke`;
/*!40101 SET @saved_cs_client     = @@character_set_client */;
 SET character_set_client = utf8mb4 ;
CREATE TABLE `invoke` (
  `guid` varchar(15) NOT NULL COMMENT '全局唯一ID',
  `p_guid` varchar(15) DEFAULT NULL COMMENT '前一版本数据的guid',
  `r_guid` varchar(15) DEFAULT NULL COMMENT '原始数据guid',
  `updated_by` varchar(50) DEFAULT NULL COMMENT '更新用户',
  `updated_date` datetime DEFAULT NULL COMMENT '更新日期',
  `created_by` varchar(50) DEFAULT NULL COMMENT '创建用户',
  `created_date` datetime DEFAULT NULL COMMENT '创建日期',
  `state` int(15) DEFAULT NULL COMMENT '状态',
  `key_name` varchar(1000) DEFAULT NULL COMMENT '唯一名称',
  `fixed_date` varchar(19) DEFAULT NULL COMMENT '确认日期',
  `code` varchar(1000) DEFAULT NULL COMMENT '编码',
  `description` varchar(1000) DEFAULT NULL COMMENT '描述说明',
  `invoked_unit` varchar(15) DEFAULT NULL COMMENT '被调用单元',
  `invoke_design` varchar(15) DEFAULT NULL COMMENT '调用设计',
  `invoke_type` varchar(200) DEFAULT NULL COMMENT '调用类型',
  `invoke_unit` varchar(15) DEFAULT NULL COMMENT '调用单元',
  `state_code` varchar(50) DEFAULT NULL COMMENT '状态编码',
  `invoked_resource_type` varchar(200) DEFAULT NULL COMMENT '被调用资源类型',
  PRIMARY KEY (`guid`)
) ENGINE=InnoDB DEFAULT CHARSET=utf8;
/*!40101 SET character_set_client = @saved_cs_client */;

--
-- Dumping data for table `invoke`
--

LOCK TABLES `invoke` WRITE;
/*!40000 ALTER TABLE `invoke` DISABLE KEYS */;
INSERT INTO `invoke` (`guid`, `p_guid`, `r_guid`, `updated_by`, `updated_date`, `created_by`, `created_date`, `state`, `key_name`, `fixed_date`, `code`, `description`, `invoked_unit`, `invoke_design`, `invoke_type`, `invoke_unit`, `state_code`, `invoked_resource_type`) VALUES ('0049_0000000002',NULL,'0049_0000000002','umadmin','2020-05-23 18:29:10','umadmin','2020-05-08 17:40:36',37,'PRD_DEMO_CLIENT_BROWER-->--PRD_DEMO_CORE_LB',NULL,'PRD_DEMO_CLIENT_BROWER-->--PRD_DEMO_CORE_LB','','0048_0000000005','0040_0000000002','同步调用','0048_0000000006','created','LB'),('0049_0000000003',NULL,'0049_0000000003','umadmin','2020-05-23 18:28:45','umadmin','2020-05-08 17:40:36',37,'PRD_DEMO_CORE_LB-->--PRD_DEMO_CORE_APP',NULL,'PRD_DEMO_CORE_LB-->--PRD_DEMO_CORE_APP','','0048_0000000002','0040_0000000003','同步调用','0048_0000000005','created','HOST'),('0049_0000000004',NULL,'0049_0000000004','umadmin','2020-05-23 18:29:08','umadmin','2020-05-08 17:40:37',37,'PRD_DEMO_CORE_APP-->--PRD_DEMO_CORE_REDIS',NULL,'PRD_DEMO_CORE_APP-->--PRD_DEMO_CORE_REDIS','','0048_0000000004','0040_0000000005','同步调用','0048_0000000002','created','CACHE'),('0049_0000000005',NULL,'0049_0000000005','umadmin','2020-05-23 18:29:08','umadmin','2020-05-08 17:40:37',37,'PRD_DEMO_CORE_APP-->--PRD_DEMO_CORE_DB',NULL,'PRD_DEMO_CORE_APP-->--PRD_DEMO_CORE_DB','','0048_0000000003','0040_0000000004','同步调用','0048_0000000002','created','RDB'),('0049_0000000006',NULL,'0049_0000000006','umadmin','2020-05-23 00:34:57','umadmin','2020-05-20 16:48:39',37,'PRD_AaDEMO_CLIENT_BROWER-->--PRD_AaDEMO_PROXY_ELB',NULL,'PRD_AaDEMO_CLIENT_BROWER-->--PRD_AaDEMO_PROXY_ELB','','0048_0000000018','0040_0000000009','同步调用','0048_0000000012','created','LB'),('0049_0000000007',NULL,'0049_0000000007','umadmin','2020-05-23 00:35:07','umadmin','2020-05-20 16:48:39',37,'PRD_AaDEMO_PROXY_ELB-->--PRD_AaDEMO_PROXY_NGINX',NULL,'PRD_AaDEMO_PROXY_ELB-->--PRD_AaDEMO_PROXY_NGINX','','0048_0000000017','0040_0000000010','同步调用','0048_0000000018','created','HOST'),('0049_0000000008',NULL,'0049_0000000008','umadmin','2020-05-23 00:35:07','umadmin','2020-05-20 16:48:39',37,'PRD_AaDEMO_PROXY_NGINX-->--PRD_AaDEMO_CORE_LB',NULL,'PRD_AaDEMO_PROXY_NGINX-->--PRD_AaDEMO_CORE_LB','','0048_0000000014','0040_0000000011','同步调用','0048_0000000017','created','LB'),('0049_0000000009',NULL,'0049_0000000009','umadmin','2020-05-23 00:34:56','umadmin','2020-05-20 16:48:40',37,'PRD_AaDEMO_CORE_LB-->--PRD_AaDEMO_CORE_APP',NULL,'PRD_AaDEMO_CORE_LB-->--PRD_AaDEMO_CORE_APP','','0048_0000000016','0040_0000000015','同步调用','0048_0000000014','created','HOST'),('0049_0000000010',NULL,'0049_0000000010','umadmin','2020-05-23 00:34:57','umadmin','2020-05-20 16:48:40',37,'PRD_AaDEMO_CORE_APP-->--PRD_AaDEMO_CORE_REDIS',NULL,'PRD_AaDEMO_CORE_APP-->--PRD_AaDEMO_CORE_REDIS','','0048_0000000013','0040_0000000012','同步调用','0048_0000000016','created','CACHE'),('0049_0000000011',NULL,'0049_0000000011','umadmin','2020-05-23 00:34:56','umadmin','2020-05-20 16:48:52',37,'PRD_AaDEMO_CORE_APP-->--PRD_AaDEMO_CORE_DB',NULL,'PRD_AaDEMO_CORE_APP-->--PRD_AaDEMO_CORE_DB','','0048_0000000015','0040_0000000013','同步调用','0048_0000000016','created','RDB'),('0049_0000000012',NULL,'0049_0000000012','umadmin','2020-05-23 00:33:15','umadmin','2020-05-23 00:33:14',37,'PRD_TaDEMO_CORE_APP-->--PRD_TaDEMO_CORE_DB',NULL,'PRD_TaDEMO_CORE_APP-->--PRD_TaDEMO_CORE_DB','','0048_0000000022','0040_0000000013','同步调用','0048_0000000021','created','RDB'),('0049_0000000013',NULL,'0049_0000000013','umadmin','2020-05-23 00:33:15','umadmin','2020-05-23 00:33:15',37,'PRD_TaDEMO_CORE_LB-->--PRD_TaDEMO_CORE_APP',NULL,'PRD_TaDEMO_CORE_LB-->--PRD_TaDEMO_CORE_APP','','0048_0000000021','0040_0000000015','同步调用','0048_0000000024','created','HOST'),('0049_0000000014',NULL,'0049_0000000014','umadmin','2020-05-23 00:33:15','umadmin','2020-05-23 00:33:15',37,'PRD_TaDEMO_CORE_APP-->--PRD_TaDEMO_CORE_REDIS',NULL,'PRD_TaDEMO_CORE_APP-->--PRD_TaDEMO_CORE_REDIS','','0048_0000000023','0040_0000000012','同步调用','0048_0000000021','created','CACHE'),('0049_0000000015',NULL,'0049_0000000015','umadmin','2020-05-23 00:33:16','umadmin','2020-05-23 00:33:15',37,'PRD_TaDEMO_CLIENT_BROWER-->--PRD_TaDEMO_PROXY_ELB',NULL,'PRD_TaDEMO_CLIENT_BROWER-->--PRD_TaDEMO_PROXY_ELB','','0048_0000000019','0040_0000000009','同步调用','0048_0000000025','created','LB'),('0049_0000000016',NULL,'0049_0000000016','umadmin','2020-05-23 00:33:16','umadmin','2020-05-23 00:33:16',37,'PRD_TaDEMO_PROXY_ELB-->--PRD_TaDEMO_PROXY_NGINX',NULL,'PRD_TaDEMO_PROXY_ELB-->--PRD_TaDEMO_PROXY_NGINX','','0048_0000000020','0040_0000000010','同步调用','0048_0000000019','created','HOST'),('0049_0000000017',NULL,'0049_0000000017','umadmin','2020-05-23 00:33:16','umadmin','2020-05-23 00:33:16',37,'PRD_TaDEMO_PROXY_NGINX-->--PRD_TaDEMO_CORE_LB',NULL,'PRD_TaDEMO_PROXY_NGINX-->--PRD_TaDEMO_CORE_LB','','0048_0000000024','0040_0000000011','同步调用','0048_0000000020','created','LB');
/*!40000 ALTER TABLE `invoke` ENABLE KEYS */;
UNLOCK TABLES;

--
-- Table structure for table `invoke_design`
--

DROP TABLE IF EXISTS `invoke_design`;
/*!40101 SET @saved_cs_client     = @@character_set_client */;
 SET character_set_client = utf8mb4 ;
CREATE TABLE `invoke_design` (
  `guid` varchar(15) NOT NULL COMMENT '全局唯一ID',
  `p_guid` varchar(15) DEFAULT NULL COMMENT '前一版本数据的guid',
  `r_guid` varchar(15) DEFAULT NULL COMMENT '原始数据guid',
  `updated_by` varchar(50) DEFAULT NULL COMMENT '更新用户',
  `updated_date` datetime DEFAULT NULL COMMENT '更新日期',
  `created_by` varchar(50) DEFAULT NULL COMMENT '创建用户',
  `created_date` datetime DEFAULT NULL COMMENT '创建日期',
  `state` int(15) DEFAULT NULL COMMENT '状态',
  `key_name` varchar(1000) DEFAULT NULL COMMENT '唯一名称',
  `fixed_date` varchar(19) DEFAULT NULL COMMENT '确认日期',
  `code` varchar(1000) DEFAULT NULL COMMENT '编码',
  `description` varchar(1000) DEFAULT NULL COMMENT '描述说明',
  `invoked_unit_design` varchar(15) DEFAULT NULL COMMENT '被调用单元设计',
  `invoke_type` varchar(200) DEFAULT NULL COMMENT '同步调用 | 同步请求 | 异步返回',
  `invoke_unit_design` varchar(15) DEFAULT NULL COMMENT '调用单元设计',
  `resource_set_invoke_design` varchar(15) DEFAULT NULL COMMENT '资源集合调用设计',
  `state_code` varchar(50) DEFAULT NULL COMMENT '状态编码',
  PRIMARY KEY (`guid`)
) ENGINE=InnoDB DEFAULT CHARSET=utf8;
/*!40101 SET character_set_client = @saved_cs_client */;

--
-- Dumping data for table `invoke_design`
--

LOCK TABLES `invoke_design` WRITE;
/*!40000 ALTER TABLE `invoke_design` DISABLE KEYS */;
INSERT INTO `invoke_design` (`guid`, `p_guid`, `r_guid`, `updated_by`, `updated_date`, `created_by`, `created_date`, `state`, `key_name`, `fixed_date`, `code`, `description`, `invoked_unit_design`, `invoke_type`, `invoke_unit_design`, `resource_set_invoke_design`, `state_code`) VALUES ('0040_0000000002',NULL,'0040_0000000002','umadmin','2020-05-08 17:34:29','umadmin','2020-05-08 17:22:18',34,'DEMO_CLIENT_BROWER-->--DEMO_CORE_LB','2020-05-08 17:34:28','BROWER-->--LB','','0039_0000000003','同步调用','0039_0000000006','0021_0000000002','new'),('0040_0000000003',NULL,'0040_0000000003','umadmin','2020-05-08 17:34:29','umadmin','2020-05-08 17:23:10',34,'DEMO_CORE_LB-->--DEMO_CORE_APP','2020-05-08 17:34:28','LB-->--APP','','0039_0000000002','同步调用','0039_0000000003','0021_0000000007','new'),('0040_0000000004',NULL,'0040_0000000004','umadmin','2020-05-08 17:34:29','umadmin','2020-05-08 17:23:11',34,'DEMO_CORE_APP-->--DEMO_CORE_DB','2020-05-08 17:34:28','APP-->--DB','','0039_0000000004','同步调用','0039_0000000002','0021_0000000004','new'),('0040_0000000005',NULL,'0040_0000000005','umadmin','2020-05-08 17:34:29','umadmin','2020-05-08 17:23:11',34,'DEMO_CORE_APP-->--DEMO_CORE_REDIS','2020-05-08 17:34:28','APP-->--REDIS','','0039_0000000005','同步调用','0039_0000000002','0021_0000000006','new'),('0040_0000000006',NULL,'0040_0000000006','umadmin','2020-05-08 17:29:37','umadmin','2020-05-08 17:29:37',34,'UM_SER_LB-->--UM_SER_APP',NULL,'LB-->--APP','','0039_0000000007','同步调用','0039_0000000008','0021_0000000007','new'),('0040_0000000007',NULL,'0040_0000000007','umadmin','2020-05-08 17:30:32','umadmin','2020-05-08 17:30:31',34,'UM_SER_APP-->--UM_SER_DB',NULL,'APP-->--DB','','0039_0000000009','同步调用','0039_0000000007','0021_0000000004','new'),('0040_0000000008',NULL,'0040_0000000008','umadmin','2020-05-08 17:34:29','umadmin','2020-05-08 17:31:49',34,'DEMO_CORE_APP-->--UM_SER_LB','2020-05-08 17:34:28','APP-->--LB','','0039_0000000008','同步调用','0039_0000000002','0021_0000000012','new'),('0040_0000000009',NULL,'0040_0000000009','umadmin','2020-05-20 17:11:12','umadmin','2020-05-20 15:52:19',34,'aDEMO_CLIENT_BROWER-->--aDEMO_PROXY_ELB','2020-05-20 17:11:11','BROWER-->--ELB','','0039_0000000019','同步调用','0039_0000000013','0021_0000000014','new'),('0040_0000000010',NULL,'0040_0000000010','umadmin','2020-05-20 17:11:12','umadmin','2020-05-20 15:52:38',34,'aDEMO_PROXY_ELB-->--aDEMO_PROXY_NGINX','2020-05-20 17:11:11','ELB-->--NGINX','','0039_0000000018','同步调用','0039_0000000019','0021_0000000017','new'),('0040_0000000011',NULL,'0040_0000000011','umadmin','2020-05-20 17:11:12','umadmin','2020-05-20 15:54:54',34,'aDEMO_PROXY_NGINX-->--aDEMO_CORE_LB','2020-05-20 17:11:11','NGINX-->--LB','','0039_0000000016','同步调用','0039_0000000018','0021_0000000025','new'),('0040_0000000012',NULL,'0040_0000000012','umadmin','2020-05-20 17:11:12','umadmin','2020-05-20 15:54:55',34,'aDEMO_CORE_APP-->--aDEMO_CORE_REDIS','2020-05-20 17:11:11','APP-->--REDIS','','0039_0000000014','同步调用','0039_0000000017','0021_0000000023','new'),('0040_0000000013',NULL,'0040_0000000013','umadmin','2020-05-20 17:11:12','umadmin','2020-05-20 15:54:55',34,'aDEMO_CORE_APP-->--aDEMO_CORE_DB','2020-05-20 17:11:11','APP-->--DB','','0039_0000000015','同步调用','0039_0000000017','0021_0000000024','new'),('0040_0000000014',NULL,'0040_0000000014','umadmin','2020-05-20 17:11:12','umadmin','2020-05-20 15:54:55',34,'aDEMO_CORE_APP-->--aUM_SER_LB','2020-05-20 17:11:11','APP-->--LB','','0039_0000000011','同步调用','0039_0000000017','0021_0000000021','new'),('0040_0000000015',NULL,'0040_0000000015','umadmin','2020-05-20 17:11:12','umadmin','2020-05-20 15:54:55',34,'aDEMO_CORE_LB-->--aDEMO_CORE_APP','2020-05-20 17:11:11','LB-->--APP','','0039_0000000017','同步调用','0039_0000000016','0021_0000000027','new'),('0040_0000000016',NULL,'0040_0000000016','umadmin','2020-05-20 16:03:31','umadmin','2020-05-20 16:03:31',34,'aUM_SER_APP-->--aUM_SER_DB',NULL,'APP-->--DB','','0039_0000000010','同步调用','0039_0000000012','0021_0000000024','new'),('0040_0000000017',NULL,'0040_0000000017','umadmin','2020-05-20 16:04:07','umadmin','2020-05-20 16:04:07',34,'aUM_SER_LB-->--aUM_SER_APP',NULL,'LB-->--APP','','0039_0000000012','同步调用','0039_0000000011','0021_0000000027','new');
/*!40000 ALTER TABLE `invoke_design` ENABLE KEYS */;
UNLOCK TABLES;

--
-- Table structure for table `ip_address`
--

DROP TABLE IF EXISTS `ip_address`;
/*!40101 SET @saved_cs_client     = @@character_set_client */;
 SET character_set_client = utf8mb4 ;
CREATE TABLE `ip_address` (
  `guid` varchar(15) NOT NULL COMMENT '全局唯一ID',
  `p_guid` varchar(15) DEFAULT NULL COMMENT '前一版本数据的guid',
  `r_guid` varchar(15) DEFAULT NULL COMMENT '原始数据guid',
  `updated_by` varchar(50) DEFAULT NULL COMMENT '更新用户',
  `updated_date` datetime DEFAULT NULL COMMENT '更新日期',
  `created_by` varchar(50) DEFAULT NULL COMMENT '创建用户',
  `created_date` datetime DEFAULT NULL COMMENT '创建日期',
  `state` int(15) DEFAULT NULL COMMENT '状态',
  `key_name` varchar(1000) DEFAULT NULL COMMENT '唯一名称',
  `fixed_date` varchar(19) DEFAULT NULL COMMENT '确认日期',
  `code` varchar(1000) DEFAULT NULL COMMENT '编码',
  `description` varchar(1000) DEFAULT NULL COMMENT '描述说明',
  `state_code` varchar(50) DEFAULT NULL COMMENT '状态编码',
  `asset_id` varchar(200) DEFAULT NULL COMMENT '资产ID',
  `network_segment` varchar(15) DEFAULT NULL COMMENT '网段',
  PRIMARY KEY (`guid`)
) ENGINE=InnoDB DEFAULT CHARSET=utf8;
/*!40101 SET character_set_client = @saved_cs_client */;

--
-- Dumping data for table `ip_address`
--

LOCK TABLES `ip_address` WRITE;
/*!40000 ALTER TABLE `ip_address` DISABLE KEYS */;
INSERT INTO `ip_address` (`guid`, `p_guid`, `r_guid`, `updated_by`, `updated_date`, `created_by`, `created_date`, `state`, `key_name`, `fixed_date`, `code`, `description`, `state_code`, `asset_id`, `network_segment`) VALUES ('0031_0000000056',NULL,'0031_0000000056','umadmin','2020-05-20 12:55:15','umadmin','2020-04-29 22:48:12',37,'IP1223',NULL,'IP1223','','created','','0023_0000000044'),('0031_0000000057',NULL,'0031_0000000057','umadmin','2020-05-20 12:55:15','umadmin','2020-04-29 22:48:12',37,'IP1224',NULL,'IP1224','','created','','0023_0000000045'),('0031_0000000058',NULL,'0031_0000000058','umadmin','2020-05-20 12:55:14','umadmin','2020-04-30 03:12:04',37,'IP3435',NULL,'IP3435','','created','','0023_0000000028'),('0031_0000000059',NULL,'0031_0000000059','umadmin','2020-05-20 12:55:14','umadmin','2020-04-30 03:12:04',37,'IP3423',NULL,'IP3423','','created','','0023_0000000029'),('0031_0000000060',NULL,'0031_0000000060','umadmin','2020-05-20 12:55:14','umadmin','2020-05-20 12:54:13',37,'IP6345',NULL,'IP6345','','created','','0023_0000000080'),('0031_0000000061',NULL,'0031_0000000061','umadmin','2020-05-22 19:13:14','umadmin','2020-05-22 19:13:14',37,'IP8766',NULL,'IP8766','','created','','0023_0000000091');
/*!40000 ALTER TABLE `ip_address` ENABLE KEYS */;
UNLOCK TABLES;

--
-- Table structure for table `lb_instance`
--

DROP TABLE IF EXISTS `lb_instance`;
/*!40101 SET @saved_cs_client     = @@character_set_client */;
 SET character_set_client = utf8mb4 ;
CREATE TABLE `lb_instance` (
  `guid` varchar(15) NOT NULL COMMENT '全局唯一ID',
  `p_guid` varchar(15) DEFAULT NULL COMMENT '前一版本数据的guid',
  `r_guid` varchar(15) DEFAULT NULL COMMENT '原始数据guid',
  `updated_by` varchar(50) DEFAULT NULL COMMENT '更新用户',
  `updated_date` datetime DEFAULT NULL COMMENT '更新日期',
  `created_by` varchar(50) DEFAULT NULL COMMENT '创建用户',
  `created_date` datetime DEFAULT NULL COMMENT '创建日期',
  `state` int(15) DEFAULT NULL COMMENT '状态',
  `key_name` varchar(1000) DEFAULT NULL COMMENT '唯一名称',
  `fixed_date` varchar(19) DEFAULT NULL COMMENT '确认日期',
  `code` varchar(1000) DEFAULT NULL COMMENT '编码',
  `description` varchar(1000) DEFAULT NULL COMMENT '描述说明',
  `lb_listener_asset_id` varchar(200) DEFAULT NULL COMMENT '负载监听资产ID',
  `lb_resource_instance` varchar(15) DEFAULT NULL COMMENT '负载均衡资源实例',
  `port` varchar(200) DEFAULT NULL COMMENT '50-999的一个端口或10000-19999的一个端口',
  `state_code` varchar(50) DEFAULT NULL COMMENT '状态编码',
  `unit` varchar(15) DEFAULT NULL COMMENT '单元',
  `name` varchar(200) DEFAULT NULL COMMENT '名称',
  `monitor_key_name` varchar(200) DEFAULT NULL COMMENT '监控唯一名称',
  PRIMARY KEY (`guid`)
) ENGINE=InnoDB DEFAULT CHARSET=utf8;
/*!40101 SET character_set_client = @saved_cs_client */;

--
-- Dumping data for table `lb_instance`
--

LOCK TABLES `lb_instance` WRITE;
/*!40000 ALTER TABLE `lb_instance` DISABLE KEYS */;
INSERT INTO `lb_instance` (`guid`, `p_guid`, `r_guid`, `updated_by`, `updated_date`, `created_by`, `created_date`, `state`, `key_name`, `fixed_date`, `code`, `description`, `lb_listener_asset_id`, `lb_resource_instance`, `port`, `state_code`, `unit`, `name`, `monitor_key_name`) VALUES ('0053_0000000002',NULL,'0053_0000000002','umadmin','2020-05-22 10:57:03','umadmin','2020-05-08 17:44:17',37,'democorelb1_IP6433:80',NULL,'democorelb1_IP6433:80','','','0035_0000000004','80','created','0048_0000000005','democorelb1','IP6433:80'),('0053_0000000003',NULL,'0053_0000000003','umadmin','2020-05-22 10:57:03','umadmin','2020-05-08 17:44:18',37,'democorelb2_IP6435:80',NULL,'democorelb2_IP6435:80','','','0035_0000000005','80','created','0048_0000000005','democorelb2','IP6435:80'),('0053_0000000006',NULL,'0053_0000000006','umadmin','2020-05-23 00:17:15','umadmin','2020-05-20 17:03:23',37,'democorelb01_IP3773:10001',NULL,'democorelb01_IP3773:10001','','','0035_0000000008','10001','created','0048_0000000014','democorelb01','IP3773:10001'),('0053_0000000007',NULL,'0053_0000000007','umadmin','2020-05-23 00:17:15','umadmin','2020-05-20 17:03:24',37,'democorelb02_IP1345:10001',NULL,'democorelb02_IP1345:10001','','','0035_0000000009','10001','created','0048_0000000014','democorelb02','IP1345:10001'),('0053_0000000008',NULL,'0053_0000000008','umadmin','2020-05-23 00:17:14','umadmin','2020-05-20 17:04:09',37,'demoelb01_IP3645:80',NULL,'demoelb01_IP3645:80','','','0035_0000000010','80','created','0048_0000000018','demoelb01','IP3645:80'),('0053_0000000012',NULL,'0053_0000000012','umadmin','2020-05-23 00:26:15','umadmin','2020-05-23 00:20:02',37,'demoelb01_IP3649:80',NULL,'demoelb01_IP3649:80','','','0035_0000000014','80','created','0048_0000000019','demoelb01','IP3649:80'),('0053_0000000013',NULL,'0053_0000000013','umadmin','2020-05-23 00:31:17','umadmin','2020-05-23 00:20:03',37,'democorelb02_IP3675:10001',NULL,'democorelb02_IP3675:10001','','','0035_0000000016','10001','created','0048_0000000024','democorelb02','IP3675:10001'),('0053_0000000014',NULL,'0053_0000000014','umadmin','2020-05-23 00:31:18','umadmin','2020-05-23 00:20:03',37,'democorelb01_IP9754:10001',NULL,'democorelb01_IP9754:10001','','','0035_0000000015','10001','created','0048_0000000024','democorelb01','IP9754:10001');
/*!40000 ALTER TABLE `lb_instance` ENABLE KEYS */;
UNLOCK TABLES;

--
-- Table structure for table `lb_resource_instance`
--

DROP TABLE IF EXISTS `lb_resource_instance`;
/*!40101 SET @saved_cs_client     = @@character_set_client */;
 SET character_set_client = utf8mb4 ;
CREATE TABLE `lb_resource_instance` (
  `guid` varchar(15) NOT NULL COMMENT '全局唯一ID',
  `p_guid` varchar(15) DEFAULT NULL COMMENT '前一版本数据的guid',
  `r_guid` varchar(15) DEFAULT NULL COMMENT '原始数据guid',
  `updated_by` varchar(50) DEFAULT NULL COMMENT '更新用户',
  `updated_date` datetime DEFAULT NULL COMMENT '更新日期',
  `created_by` varchar(50) DEFAULT NULL COMMENT '创建用户',
  `created_date` datetime DEFAULT NULL COMMENT '创建日期',
  `state` int(15) DEFAULT NULL COMMENT '状态',
  `key_name` varchar(1000) DEFAULT NULL COMMENT '唯一名称',
  `fixed_date` varchar(19) DEFAULT NULL COMMENT '确认日期',
  `code` varchar(1000) DEFAULT NULL COMMENT '编码',
  `description` varchar(1000) DEFAULT NULL COMMENT '描述说明',
  `asset_id` varchar(200) DEFAULT NULL COMMENT '资产ID',
  `billing_cycle` varchar(200) DEFAULT NULL COMMENT '1 | 2 | 3',
  `charge_type` varchar(15) DEFAULT NULL COMMENT '计费模式',
  `cluster_node_type` varchar(15) DEFAULT NULL COMMENT '集群节点类型',
  `end_date` varchar(200) DEFAULT NULL COMMENT '截止时间，包年包月时必须给出',
  `ip_address` varchar(200) DEFAULT NULL COMMENT '待创建资源,填写IP+4位随机数字',
  `master_resource_instance` varchar(15) DEFAULT NULL COMMENT '主资源实例',
  `monitor_key_name` varchar(200) DEFAULT NULL,
  `monitor_port` varchar(200) DEFAULT NULL COMMENT '50-999的一个端口',
  `name` varchar(200) DEFAULT NULL COMMENT '名称',
  `resource_instance_type` varchar(15) DEFAULT NULL COMMENT '资源实例类型',
  `resource_set` varchar(15) DEFAULT NULL COMMENT '资源集合',
  `state_code` varchar(50) DEFAULT NULL COMMENT '状态编码',
  `network_segment` varchar(15) DEFAULT NULL COMMENT '网段',
  PRIMARY KEY (`guid`)
) ENGINE=InnoDB DEFAULT CHARSET=utf8;
/*!40101 SET character_set_client = @saved_cs_client */;

--
-- Dumping data for table `lb_resource_instance`
--

LOCK TABLES `lb_resource_instance` WRITE;
/*!40000 ALTER TABLE `lb_resource_instance` DISABLE KEYS */;
INSERT INTO `lb_resource_instance` (`guid`, `p_guid`, `r_guid`, `updated_by`, `updated_date`, `created_by`, `created_date`, `state`, `key_name`, `fixed_date`, `code`, `description`, `asset_id`, `billing_cycle`, `charge_type`, `cluster_node_type`, `end_date`, `ip_address`, `master_resource_instance`, `monitor_key_name`, `monitor_port`, `name`, `resource_instance_type`, `resource_set`, `state_code`, `network_segment`) VALUES ('0035_0000000002',NULL,'0035_0000000002','umadmin','2020-05-08 11:04:33','umadmin','2020-04-29 18:41:53',37,'TX_GZ_PRD_MGMT_1M1_ILB1__wecubelb01',NULL,'wecubelb01_IP4451','','','','0063_0000000004','0008_0000000006','','IP4451','','IP4451:80','80','wecubelb01','0009_0000000014','0029_0000000040','created','0023_0000000020'),('0035_0000000003',NULL,'0035_0000000003','umadmin','2020-05-08 11:04:33','umadmin','2020-04-29 18:41:54',37,'TX_GZ_PRD_MGMT_1M1_ILB1__wecubelb02',NULL,'wecubelb02_IP1221','','','','0063_0000000004','0008_0000000006','','IP1221','','IP1221:80','80','wecubelb02','0009_0000000014','0029_0000000040','created','0023_0000000021'),('0035_0000000004',NULL,'0035_0000000004','umadmin','2020-05-08 17:04:58','umadmin','2020-05-08 17:04:58',37,'TX_GZ_PRD_SF_1A1_ILB1__admlb1',NULL,'admlb1_IP6433','','','','0063_0000000004','0008_0000000006','','IP6433',NULL,'IP6433:80','80','admlb1','0009_0000000014','0029_0000000050','created','0023_0000000008'),('0035_0000000005',NULL,'0035_0000000005','umadmin','2020-05-08 17:04:58','umadmin','2020-05-08 17:04:58',37,'TX_GZ_PRD_SF_1A1_ILB1__admlb2',NULL,'admlb2_IP6435','','','','0063_0000000004','0008_0000000006','','IP6435',NULL,'IP6435:80','80','admlb2','0009_0000000014','0029_0000000050','created','0023_0000000009'),('0035_0000000008',NULL,'0035_0000000008','umadmin','2020-05-23 00:17:15','umadmin','2020-05-20 15:14:30',37,'ALI_HZ_PRD_SF__ILB1__sflb01',NULL,'sflb01_IP3773','','','','0063_0000000005','0008_0000000012','','IP3773',NULL,'IP3773:80','80','sflb01','0009_0000000037','0029_0000000104','created','0023_0000000071'),('0035_0000000009',NULL,'0035_0000000009','umadmin','2020-05-23 00:17:15','umadmin','2020-05-20 15:14:30',37,'ALI_HZ_PRD_SF__ILB1__sflb02',NULL,'sflb02_IP1345','','','','0063_0000000005','0008_0000000012','','IP1345',NULL,'IP1345:80','80','sflb02','0009_0000000037','0029_0000000104','created','0023_0000000070'),('0035_0000000010',NULL,'0035_0000000010','umadmin','2020-05-23 00:17:14','umadmin','2020-05-20 16:52:34',37,'ALI_HZ_PRD_DMZ__ELB1__elb01',NULL,'elb01_IP3645','','','','0063_0000000005','0008_0000000012','','IP3645',NULL,'IP3645:80','80','elb01','0009_0000000038','0029_0000000116','created','0023_0000000080'),('0035_0000000014',NULL,'0035_0000000014','umadmin','2020-05-23 00:19:30','umadmin','2020-05-23 00:19:29',37,'TX_BJ_PRD_DMZ__ELB1__elb01',NULL,'elb01_IP3649','','','','0063_0000000004','0008_0000000006','','IP3649',NULL,'IP3649:80','80','elb01','0009_0000000009','0029_0000000127','created','0023_0000000091'),('0035_0000000015',NULL,'0035_0000000015','umadmin','2020-05-23 00:19:31','umadmin','2020-05-23 00:19:30',37,'TX_BJ_PRD_SF__ILB1__sflb01',NULL,'sflb01_IP9754','','','','0063_0000000004','0008_0000000006','','IP9754',NULL,'IP9754:80','80','sflb01','0009_0000000014','0029_0000000132','created','0023_0000000100'),('0035_0000000016',NULL,'0035_0000000016','umadmin','2020-05-23 00:19:33','umadmin','2020-05-23 00:19:32',37,'TX_BJ_PRD_SF__ILB1__sflb02',NULL,'sflb02_IP3675','','','','0063_0000000004','0008_0000000006','','IP3675',NULL,'IP3675:80','80','sflb02','0009_0000000014','0029_0000000132','created','0023_0000000107');
/*!40000 ALTER TABLE `lb_resource_instance` ENABLE KEYS */;
UNLOCK TABLES;

--
-- Table structure for table `legal_person`
--

DROP TABLE IF EXISTS `legal_person`;
/*!40101 SET @saved_cs_client     = @@character_set_client */;
 SET character_set_client = utf8mb4 ;
CREATE TABLE `legal_person` (
  `guid` varchar(15) NOT NULL COMMENT '全局唯一ID',
  `p_guid` varchar(15) DEFAULT NULL COMMENT '前一版本数据的guid',
  `r_guid` varchar(15) DEFAULT NULL COMMENT '原始数据guid',
  `updated_by` varchar(50) DEFAULT NULL COMMENT '更新用户',
  `updated_date` datetime DEFAULT NULL COMMENT '更新日期',
  `created_by` varchar(50) DEFAULT NULL COMMENT '创建用户',
  `created_date` datetime DEFAULT NULL COMMENT '创建日期',
  `state` int(15) DEFAULT NULL COMMENT '状态',
  `key_name` varchar(1000) DEFAULT NULL COMMENT '唯一名称',
  `fixed_date` varchar(19) DEFAULT NULL COMMENT '确认日期',
  `code` varchar(1000) DEFAULT NULL COMMENT '编码',
  `description` varchar(1000) DEFAULT NULL COMMENT '描述说明',
  `name` varchar(200) DEFAULT NULL COMMENT '名称',
  `state_code` varchar(50) DEFAULT NULL COMMENT '状态编码',
  PRIMARY KEY (`guid`)
) ENGINE=InnoDB DEFAULT CHARSET=utf8;
/*!40101 SET character_set_client = @saved_cs_client */;

--
-- Dumping data for table `legal_person`
--

LOCK TABLES `legal_person` WRITE;
/*!40000 ALTER TABLE `legal_person` DISABLE KEYS */;
INSERT INTO `legal_person` (`guid`, `p_guid`, `r_guid`, `updated_by`, `updated_date`, `created_by`, `created_date`, `state`, `key_name`, `fixed_date`, `code`, `description`, `name`, `state_code`) VALUES ('0004_0000000001',NULL,'0004_0000000001','umadmin','2020-04-11 21:55:18','umadmin','2020-04-11 21:55:18',34,'DEMO法人',NULL,'DEMO','DEMO法人','DEMO法人','new');
/*!40000 ALTER TABLE `legal_person` ENABLE KEYS */;
UNLOCK TABLES;

--
-- Table structure for table `manage_role`
--

DROP TABLE IF EXISTS `manage_role`;
/*!40101 SET @saved_cs_client     = @@character_set_client */;
 SET character_set_client = utf8mb4 ;
CREATE TABLE `manage_role` (
  `guid` varchar(15) NOT NULL COMMENT '全局唯一ID',
  `p_guid` varchar(15) DEFAULT NULL COMMENT '前一版本数据的guid',
  `r_guid` varchar(15) DEFAULT NULL COMMENT '原始数据guid',
  `updated_by` varchar(50) DEFAULT NULL COMMENT '更新用户',
  `updated_date` datetime DEFAULT NULL COMMENT '更新日期',
  `created_by` varchar(50) DEFAULT NULL COMMENT '创建用户',
  `created_date` datetime DEFAULT NULL COMMENT '创建日期',
  `state` int(15) DEFAULT NULL COMMENT '状态',
  `key_name` varchar(1000) DEFAULT NULL COMMENT '唯一名称',
  `fixed_date` varchar(19) DEFAULT NULL COMMENT '确认日期',
  `code` varchar(1000) DEFAULT NULL COMMENT '编码',
  `description` varchar(1000) DEFAULT NULL COMMENT '描述说明',
  `email` varchar(200) DEFAULT NULL COMMENT '邮箱',
  `name` varchar(200) DEFAULT NULL COMMENT '名称',
  `phone` varchar(200) DEFAULT NULL COMMENT '电话号码',
  `state_code` varchar(50) DEFAULT NULL COMMENT '状态编码',
  PRIMARY KEY (`guid`)
) ENGINE=InnoDB DEFAULT CHARSET=utf8;
/*!40101 SET character_set_client = @saved_cs_client */;

--
-- Dumping data for table `manage_role`
--

LOCK TABLES `manage_role` WRITE;
/*!40000 ALTER TABLE `manage_role` DISABLE KEYS */;
INSERT INTO `manage_role` (`guid`, `p_guid`, `r_guid`, `updated_by`, `updated_date`, `created_by`, `created_date`, `state`, `key_name`, `fixed_date`, `code`, `description`, `email`, `name`, `phone`, `state_code`) VALUES ('0001_0000000001',NULL,'0001_0000000001','umadmin','2020-05-22 12:29:22','umadmin','2020-04-11 21:54:11',34,'超级管理员',NULL,'SUPER_ADMIN','超级管理员','demo@163.com','超级管理员','15800000000','new');
/*!40000 ALTER TABLE `manage_role` ENABLE KEYS */;
UNLOCK TABLES;

--
-- Table structure for table `network_link`
--

DROP TABLE IF EXISTS `network_link`;
/*!40101 SET @saved_cs_client     = @@character_set_client */;
 SET character_set_client = utf8mb4 ;
CREATE TABLE `network_link` (
  `guid` varchar(15) NOT NULL COMMENT '全局唯一ID',
  `p_guid` varchar(15) DEFAULT NULL COMMENT '前一版本数据的guid',
  `r_guid` varchar(15) DEFAULT NULL COMMENT '原始数据guid',
  `updated_by` varchar(50) DEFAULT NULL COMMENT '更新用户',
  `updated_date` datetime DEFAULT NULL COMMENT '更新日期',
  `created_by` varchar(50) DEFAULT NULL COMMENT '创建用户',
  `created_date` datetime DEFAULT NULL COMMENT '创建日期',
  `state` int(15) DEFAULT NULL COMMENT '状态',
  `key_name` varchar(1000) DEFAULT NULL COMMENT '唯一名称',
  `fixed_date` varchar(19) DEFAULT NULL COMMENT '确认日期',
  `code` varchar(1000) DEFAULT NULL COMMENT '编码',
  `description` varchar(1000) DEFAULT NULL COMMENT '描述说明',
  `asset_id` varchar(200) DEFAULT NULL COMMENT '资产ID',
  `max_concurrent` varchar(200) DEFAULT NULL COMMENT '最大并发连接数',
  `netband_width` varchar(200) DEFAULT NULL COMMENT '网络带宽(M)',
  `network_segment_1` varchar(15) DEFAULT NULL COMMENT '网段1',
  `network_segment_2` varchar(15) DEFAULT NULL COMMENT '网段2',
  `network_link_design` varchar(15) DEFAULT NULL COMMENT '网络连接设计',
  `network_link_type` varchar(200) DEFAULT NULL COMMENT '自动填充',
  `state_code` varchar(50) DEFAULT NULL COMMENT '状态编码',
  `subnet_network_segment` varchar(15) DEFAULT NULL COMMENT '子网网段',
  `nat_table_asset_id` varchar(200) DEFAULT NULL COMMENT 'NAT表资产编码',
  PRIMARY KEY (`guid`)
) ENGINE=InnoDB DEFAULT CHARSET=utf8;
/*!40101 SET character_set_client = @saved_cs_client */;

--
-- Dumping data for table `network_link`
--

LOCK TABLES `network_link` WRITE;
/*!40000 ALTER TABLE `network_link` DISABLE KEYS */;
INSERT INTO `network_link` (`guid`, `p_guid`, `r_guid`, `updated_by`, `updated_date`, `created_by`, `created_date`, `state`, `key_name`, `fixed_date`, `code`, `description`, `asset_id`, `max_concurrent`, `netband_width`, `network_segment_1`, `network_segment_2`, `network_link_design`, `network_link_type`, `state_code`, `subnet_network_segment`, `nat_table_asset_id`) VALUES ('0026_0000000002',NULL,'0026_0000000002','umadmin','2020-05-20 11:13:25','umadmin','2020-04-28 23:12:05',37,'TX_GZ_PRD_SF__peer__TX_CD_DR_SF',NULL,'peer','','','100000','10','0023_0000000003','0023_0000000043','0016_0000000015','0054_0000000004','created','',NULL),('0026_0000000003',NULL,'0026_0000000003','umadmin','2020-05-20 11:13:26','umadmin','2020-04-28 23:12:05',37,'ODC_BON__eip__TX_GZ_PRD_QZ',NULL,'eip','','','100000','10','0023_0000000033','0023_0000000007','0016_0000000014','0054_0000000008','created','',NULL),('0026_0000000004',NULL,'0026_0000000004','umadmin','2020-05-20 11:13:26','umadmin','2020-04-28 23:12:06',37,'ODC_WAN__nat__TX_GZ_PRD_DMZ',NULL,'nat','','','100000','10','0023_0000000030','0023_0000000004','0016_0000000010','0054_0000000003','created','',NULL),('0026_0000000005',NULL,'0026_0000000005','umadmin','2020-05-20 11:13:27','umadmin','2020-04-28 23:12:06',37,'ODC_PTN__vpn__TX_GZ_PRD_ECN',NULL,'vpn','','','100000','10','0023_0000000031','0023_0000000005','0016_0000000011','0054_0000000006','created','',NULL),('0026_0000000006',NULL,'0026_0000000006','umadmin','2020-05-20 11:13:27','umadmin','2020-04-28 23:12:07',37,'ODC_WAN__nat__TX_GZ_PRD_MGMT',NULL,'nat','','','100000','10','0023_0000000030','0023_0000000006','0016_0000000012','0054_0000000003','created','',NULL),('0026_0000000007',NULL,'0026_0000000007','umadmin','2020-05-20 11:13:28','umadmin','2020-04-28 23:12:07',37,'ODC_TON__vpn__TX_GZ_PRD_MGMT',NULL,'vpn','','','100000','10','0023_0000000032','0023_0000000006','0016_0000000013','0054_0000000006','created','',NULL),('0026_0000000008',NULL,'0026_0000000008','umadmin','2020-05-20 11:13:28','umadmin','2020-04-28 23:12:08',37,'TX_GZ_PRD_MGMT__peer__TX_CD_DR_MGMT',NULL,'peer','','','100000','10','0023_0000000006','0023_0000000040','0016_0000000007','0054_0000000004','created','',NULL),('0026_0000000009',NULL,'0026_0000000009','umadmin','2020-05-20 11:13:29','umadmin','2020-04-28 23:12:08',37,'TX_GZ_PRD_MGMT__peer__TX_GZ_PRD_DMZ',NULL,'peer','','','100000','10','0023_0000000006','0023_0000000004','0016_0000000008','0054_0000000004','created','',NULL),('0026_0000000010',NULL,'0026_0000000010','umadmin','2020-05-20 11:13:29','umadmin','2020-04-28 23:15:12',37,'TX_GZ_PRD_MGMT__peer__TX_GZ_PRD_ECN',NULL,'peer','','','100000','10','0023_0000000006','0023_0000000005','0016_0000000009','0054_0000000004','created','',NULL),('0026_0000000011',NULL,'0026_0000000011','umadmin','2020-05-20 11:13:30','umadmin','2020-04-28 23:15:12',37,'ODC_WAN__eip__TX_GZ_PRD_DMZ',NULL,'eip','','','100000','10','0023_0000000030','0023_0000000004','0016_0000000003','0054_0000000008','created','',NULL),('0026_0000000012',NULL,'0026_0000000012','umadmin','2020-05-23 23:13:52','umadmin','2020-04-28 23:15:13',37,'TX_GZ_PRD_ECN__peer__TX_GZ_PRD_SF',NULL,'peer','','','100000','10','0023_0000000005','0023_0000000003','0016_0000000004','0054_0000000004','created','',NULL),('0026_0000000013',NULL,'0026_0000000013','umadmin','2020-05-20 11:13:40','umadmin','2020-04-28 23:15:13',37,'TX_GZ_PRD_MGMT__peer__TX_GZ_PRD_SF',NULL,'peer','','','100000','10','0023_0000000006','0023_0000000003','0016_0000000005','0054_0000000004','created','',NULL),('0026_0000000014',NULL,'0026_0000000014','umadmin','2020-05-20 11:13:40','umadmin','2020-04-28 23:15:13',37,'TX_GZ_PRD_QZ__peer__TX_GZ_PRD_SF',NULL,'peer','','','100000','10','0023_0000000007','0023_0000000003','0016_0000000006','0054_0000000004','created','',NULL),('0026_0000000015',NULL,'0026_0000000015','umadmin','2020-05-20 11:13:41','umadmin','2020-04-28 23:15:14',37,'TX_GZ_PRD_DMZ__peer__TX_GZ_PRD_SF',NULL,'peer','','','100000','10','0023_0000000004','0023_0000000003','0016_0000000002','0054_0000000004','created','',NULL),('0026_0000000016',NULL,'0026_0000000016','umadmin','2020-05-20 11:13:26','umadmin','2020-04-28 23:15:14',37,'ODC_BON__eip__TX_CD_DR_QZ',NULL,'eip','','','100000','10','0023_0000000033','0023_0000000039','0016_0000000014','0054_0000000008','created','',NULL),('0026_0000000017',NULL,'0026_0000000017','umadmin','2020-05-20 11:13:26','umadmin','2020-04-28 23:15:14',37,'ODC_WAN__nat__TX_CD_DR_DMZ',NULL,'nat','','','100000','10','0023_0000000030','0023_0000000041','0016_0000000010','0054_0000000003','created','',NULL),('0026_0000000018',NULL,'0026_0000000018','umadmin','2020-05-20 11:13:27','umadmin','2020-04-28 23:15:15',37,'ODC_PTN__vpn__TX_CD_DR_ECN',NULL,'vpn','','','100000','10','0023_0000000031','0023_0000000042','0016_0000000011','0054_0000000006','created','',NULL),('0026_0000000019',NULL,'0026_0000000019','umadmin','2020-05-20 11:13:27','umadmin','2020-04-28 23:15:15',37,'ODC_WAN__nat__TX_CD_DR_MGMT',NULL,'nat','','','100000','10','0023_0000000030','0023_0000000040','0016_0000000012','0054_0000000003','created','',NULL),('0026_0000000020',NULL,'0026_0000000020','umadmin','2020-05-20 11:13:28','umadmin','2020-04-28 23:17:38',37,'ODC_TON__vpn__TX_CD_DR_MGMT',NULL,'vpn','','','100000','10','0023_0000000032','0023_0000000040','0016_0000000013','0054_0000000006','created','',NULL),('0026_0000000021',NULL,'0026_0000000021','umadmin','2020-05-20 11:13:29','umadmin','2020-04-28 23:17:39',37,'TX_CD_DR_MGMT__peer__TX_CD_DR_DMZ',NULL,'peer','','','100000','10','0023_0000000040','0023_0000000041','0016_0000000008','0054_0000000004','created','',NULL),('0026_0000000022',NULL,'0026_0000000022','umadmin','2020-05-20 11:13:29','umadmin','2020-04-28 23:17:39',37,'TX_CD_DR_MGMT__peer__TX_CD_DR_ECN',NULL,'peer','','','100000','10','0023_0000000040','0023_0000000042','0016_0000000009','0054_0000000004','created','',NULL),('0026_0000000023',NULL,'0026_0000000023','umadmin','2020-05-20 11:13:30','umadmin','2020-04-28 23:17:39',37,'ODC_WAN__eip__TX_CD_DR_DMZ',NULL,'eip','','','100000','10','0023_0000000030','0023_0000000041','0016_0000000003','0054_0000000008','created','',NULL),('0026_0000000024',NULL,'0026_0000000024','umadmin','2020-05-23 23:13:52','umadmin','2020-04-28 23:17:40',37,'TX_CD_DR_ECN__peer__TX_CD_DR_SF',NULL,'peer','','','100000','10','0023_0000000042','0023_0000000043','0016_0000000004','0054_0000000004','created','',NULL),('0026_0000000025',NULL,'0026_0000000025','umadmin','2020-05-20 11:13:40','umadmin','2020-04-28 23:18:13',37,'TX_CD_DR_MGMT__peer__TX_CD_DR_SF',NULL,'peer','','','100000','10','0023_0000000040','0023_0000000043','0016_0000000005','0054_0000000004','created','',NULL),('0026_0000000026',NULL,'0026_0000000026','umadmin','2020-05-20 11:13:40','umadmin','2020-04-28 23:18:14',37,'TX_CD_DR_QZ__peer__TX_CD_DR_SF',NULL,'peer','','','100000','10','0023_0000000039','0023_0000000043','0016_0000000006','0054_0000000004','created','',NULL),('0026_0000000027',NULL,'0026_0000000027','umadmin','2020-05-22 10:57:41','umadmin','2020-04-28 23:18:14',37,'TX_CD_DR_DMZ__peer__TX_CD_DR_SF',NULL,'peer','','','100000','10','0023_0000000041','0023_0000000043','0016_0000000002','0054_0000000004','created','',NULL),('0026_0000000028',NULL,'0026_0000000028','umadmin','2020-05-22 12:30:35','umadmin','2020-05-20 12:28:42',37,'ALI_HZ_PRD_TON__eip__ALI_HZ_PRD_MGMT',NULL,'eip','','','100000','10','0023_0000000081','0023_0000000064','0016_0000000027','0054_0000000012','created','',NULL),('0026_0000000029',NULL,'0026_0000000029','umadmin','2020-05-22 12:30:36','umadmin','2020-05-20 12:28:42',37,'ALI_HZ_PRD_WAN__nat__ALI_HZ_PRD_DMZ',NULL,'nat','','','100000','10','0023_0000000082','0023_0000000065','0016_0000000026','0054_0000000014','created','0023_0000000012',NULL),('0026_0000000030',NULL,'0026_0000000030','umadmin','2020-05-22 12:30:36','umadmin','2020-05-20 12:28:42',37,'ALI_HZ_PRD_WAN__eip__ALI_HZ_PRD_DMZ',NULL,'eip','','','100000','10','0023_0000000082','0023_0000000065','0016_0000000025','0054_0000000012','created','',NULL),('0026_0000000031',NULL,'0026_0000000031','umadmin','2020-05-22 12:30:36','umadmin','2020-05-20 12:28:42',37,'ALI_HZ_PRD_MGMT__peer__ALI_HZ_PRD_DMZ',NULL,'peer','','','100000','10','0023_0000000064','0023_0000000065','0016_0000000024','0054_0000000015','created','',NULL),('0026_0000000032',NULL,'0026_0000000032','umadmin','2020-05-22 12:30:34','umadmin','2020-05-20 12:28:43',37,'ALI_HZ_PRD_MGMT__peer__ALI_HZ_PRD_SF',NULL,'peer','','','100000','10','0023_0000000064','0023_0000000063','0016_0000000023','0054_0000000015','created','',NULL),('0026_0000000033',NULL,'0026_0000000033','umadmin','2020-05-22 12:30:35','umadmin','2020-05-20 12:28:43',37,'ALI_HZ_PRD_DMZ__peer__ALI_HZ_PRD_SF',NULL,'peer','','','100000','10','0023_0000000065','0023_0000000063','0016_0000000022','0054_0000000015','created','',NULL),('0026_0000000034',NULL,'0026_0000000034','umadmin','2020-05-22 19:15:36','umadmin','2020-05-22 19:15:35',37,'TX_BJ_PRD_MGMT__peer__TX_BJ_PRD_SF',NULL,'peer','','','100000','10','0023_0000000088','0023_0000000090','0016_0000000023','0054_0000000004','created','',NULL),('0026_0000000035',NULL,'0026_0000000035','umadmin','2020-05-22 19:15:36','umadmin','2020-05-22 19:15:36',37,'TX_BJ_PRD_DMZ__peer__TX_BJ_PRD_SF',NULL,'peer','','','100000','10','0023_0000000089','0023_0000000090','0016_0000000022','0054_0000000004','created','',NULL),('0026_0000000036',NULL,'0026_0000000036','umadmin','2020-05-22 19:15:36','umadmin','2020-05-22 19:15:36',37,'TX_BJ_PRD_TON__eip__TX_BJ_PRD_MGMT',NULL,'eip','','','100000','10','0023_0000000093','0023_0000000088','0016_0000000027','0054_0000000008','created','',NULL),('0026_0000000037',NULL,'0026_0000000037','umadmin','2020-05-22 19:15:36','umadmin','2020-05-22 19:15:36',37,'TX_BJ_PRD_WAN__nat__TX_BJ_PRD_DMZ',NULL,'nat','','','100000','10','0023_0000000092','0023_0000000089','0016_0000000026','0054_0000000003','created','',NULL),('0026_0000000038',NULL,'0026_0000000038','umadmin','2020-05-22 19:15:37','umadmin','2020-05-22 19:15:36',37,'TX_BJ_PRD_WAN__eip__TX_BJ_PRD_DMZ',NULL,'eip','','','100000','10','0023_0000000092','0023_0000000089','0016_0000000025','0054_0000000008','created','',NULL),('0026_0000000039',NULL,'0026_0000000039','umadmin','2020-05-22 19:15:37','umadmin','2020-05-22 19:15:37',37,'TX_BJ_PRD_MGMT__peer__TX_BJ_PRD_DMZ',NULL,'peer','','','100000','10','0023_0000000088','0023_0000000089','0016_0000000024','0054_0000000004','created','',NULL);
/*!40000 ALTER TABLE `network_link` ENABLE KEYS */;
UNLOCK TABLES;

--
-- Table structure for table `network_link$internet_ip`
--

DROP TABLE IF EXISTS `network_link$internet_ip`;
/*!40101 SET @saved_cs_client     = @@character_set_client */;
 SET character_set_client = utf8mb4 ;
CREATE TABLE `network_link$internet_ip` (
  `id` int(11) NOT NULL AUTO_INCREMENT,
  `from_guid` varchar(15) NOT NULL,
  `to_guid` varchar(15) NOT NULL,
  `seq_no` int(5) DEFAULT '0',
  PRIMARY KEY (`id`)
) ENGINE=InnoDB AUTO_INCREMENT=15 DEFAULT CHARSET=utf8;
/*!40101 SET character_set_client = @saved_cs_client */;

--
-- Dumping data for table `network_link$internet_ip`
--

LOCK TABLES `network_link$internet_ip` WRITE;
/*!40000 ALTER TABLE `network_link$internet_ip` DISABLE KEYS */;
INSERT INTO `network_link$internet_ip` (`id`, `from_guid`, `to_guid`, `seq_no`) VALUES (13,'0026_0000000006','0031_0000000089',1),(14,'0026_0000000005','0031_0000000087',1);
/*!40000 ALTER TABLE `network_link$internet_ip` ENABLE KEYS */;
UNLOCK TABLES;

--
-- Table structure for table `network_link$nat_ip_address`
--

DROP TABLE IF EXISTS `network_link$nat_ip_address`;
/*!40101 SET @saved_cs_client     = @@character_set_client */;
 SET character_set_client = utf8mb4 ;
CREATE TABLE `network_link$nat_ip_address` (
  `id` int(11) NOT NULL AUTO_INCREMENT,
  `from_guid` varchar(15) COLLATE utf8mb4_unicode_ci NOT NULL,
  `to_guid` varchar(15) COLLATE utf8mb4_unicode_ci NOT NULL,
  `seq_no` int(5) DEFAULT '0',
  PRIMARY KEY (`id`)
) ENGINE=InnoDB AUTO_INCREMENT=12 DEFAULT CHARSET=utf8mb4 COLLATE=utf8mb4_unicode_ci;
/*!40101 SET character_set_client = @saved_cs_client */;

--
-- Dumping data for table `network_link$nat_ip_address`
--

LOCK TABLES `network_link$nat_ip_address` WRITE;
/*!40000 ALTER TABLE `network_link$nat_ip_address` DISABLE KEYS */;
INSERT INTO `network_link$nat_ip_address` (`id`, `from_guid`, `to_guid`, `seq_no`) VALUES (5,'0026_0000000019','0031_0000000058',1),(6,'0026_0000000017','0031_0000000059',1),(7,'0026_0000000006','0031_0000000056',1),(8,'0026_0000000004','0031_0000000057',1),(10,'0026_0000000029','0031_0000000060',1),(11,'0026_0000000037','0031_0000000061',1);
/*!40000 ALTER TABLE `network_link$nat_ip_address` ENABLE KEYS */;
UNLOCK TABLES;

--
-- Table structure for table `network_link_design`
--

DROP TABLE IF EXISTS `network_link_design`;
/*!40101 SET @saved_cs_client     = @@character_set_client */;
 SET character_set_client = utf8mb4 ;
CREATE TABLE `network_link_design` (
  `guid` varchar(15) NOT NULL COMMENT '全局唯一ID',
  `p_guid` varchar(15) DEFAULT NULL COMMENT '前一版本数据的guid',
  `r_guid` varchar(15) DEFAULT NULL COMMENT '原始数据guid',
  `updated_by` varchar(50) DEFAULT NULL COMMENT '更新用户',
  `updated_date` datetime DEFAULT NULL COMMENT '更新日期',
  `created_by` varchar(50) DEFAULT NULL COMMENT '创建用户',
  `created_date` datetime DEFAULT NULL COMMENT '创建日期',
  `state` int(15) DEFAULT NULL COMMENT '状态',
  `key_name` varchar(1000) DEFAULT NULL COMMENT '唯一名称',
  `fixed_date` varchar(19) DEFAULT NULL COMMENT '确认日期',
  `code` varchar(1000) DEFAULT NULL COMMENT '编码',
  `description` varchar(1000) DEFAULT NULL COMMENT '描述说明',
  `network_segment_design_1` varchar(15) DEFAULT NULL COMMENT '网段设计1',
  `network_segment_design_2` varchar(15) DEFAULT NULL COMMENT '网段设计2',
  `state_code` varchar(50) DEFAULT NULL COMMENT '状态编码',
  PRIMARY KEY (`guid`)
) ENGINE=InnoDB DEFAULT CHARSET=utf8;
/*!40101 SET character_set_client = @saved_cs_client */;

--
-- Dumping data for table `network_link_design`
--

LOCK TABLES `network_link_design` WRITE;
/*!40000 ALTER TABLE `network_link_design` DISABLE KEYS */;
INSERT INTO `network_link_design` (`guid`, `p_guid`, `r_guid`, `updated_by`, `updated_date`, `created_by`, `created_date`, `state`, `key_name`, `fixed_date`, `code`, `description`, `network_segment_design_1`, `network_segment_design_2`, `state_code`) VALUES ('0016_0000000002',NULL,'0016_0000000002','umadmin','2020-05-20 11:13:41','umadmin','2020-04-28 18:35:37',34,'PCD_DMZ__peer__PCD_SF',NULL,'peer','','0013_0000000004','0013_0000000003','new'),('0016_0000000003',NULL,'0016_0000000003','umadmin','2020-05-20 11:13:30','umadmin','2020-04-28 18:38:57',34,'PCD_WAN__eip__PCD_DMZ',NULL,'eip','','0013_0000000008','0013_0000000004','new'),('0016_0000000004',NULL,'0016_0000000004','umadmin','2020-05-23 23:13:52','umadmin','2020-04-28 18:38:57',34,'PCD_ECN__peer__PCD_SF',NULL,'peer','','0013_0000000005','0013_0000000003','new'),('0016_0000000005',NULL,'0016_0000000005','umadmin','2020-05-20 11:13:40','umadmin','2020-04-28 18:38:57',34,'PCD_MGMT__peer__PCD_SF',NULL,'peer','','0013_0000000006','0013_0000000003','new'),('0016_0000000006',NULL,'0016_0000000006','umadmin','2020-05-20 11:13:40','umadmin','2020-04-28 18:38:57',34,'PCD_QZ__peer__PCD_SF',NULL,'peer','','0013_0000000007','0013_0000000003','new'),('0016_0000000007',NULL,'0016_0000000007','umadmin','2020-05-20 11:13:28','umadmin','2020-04-28 18:38:58',34,'PCD_MGMT__peer__PCD_MGMT',NULL,'peer','','0013_0000000006','0013_0000000006','new'),('0016_0000000008',NULL,'0016_0000000008','umadmin','2020-05-20 11:13:29','umadmin','2020-04-28 18:38:58',34,'PCD_MGMT__peer__PCD_DMZ',NULL,'peer','','0013_0000000006','0013_0000000004','new'),('0016_0000000009',NULL,'0016_0000000009','umadmin','2020-05-20 11:13:29','umadmin','2020-04-28 18:38:58',34,'PCD_MGMT__peer__PCD_ECN',NULL,'peer','','0013_0000000006','0013_0000000005','new'),('0016_0000000010',NULL,'0016_0000000010','umadmin','2020-05-20 11:13:26','umadmin','2020-04-28 18:38:59',34,'PCD_WAN__nat__PCD_DMZ',NULL,'nat','','0013_0000000008','0013_0000000004','new'),('0016_0000000011',NULL,'0016_0000000011','umadmin','2020-05-20 11:13:27','umadmin','2020-04-28 18:38:59',34,'PCD_PTN__vpn__PCD_ECN',NULL,'vpn','','0013_0000000009','0013_0000000005','new'),('0016_0000000012',NULL,'0016_0000000012','umadmin','2020-05-20 11:13:27','umadmin','2020-04-28 18:38:59',34,'PCD_WAN__nat__PCD_MGMT',NULL,'nat','','0013_0000000008','0013_0000000006','new'),('0016_0000000013',NULL,'0016_0000000013','umadmin','2020-05-20 11:13:28','umadmin','2020-04-28 18:38:59',34,'PCD_TON__vpn__PCD_MGMT',NULL,'vpn','','0013_0000000010','0013_0000000006','new'),('0016_0000000014',NULL,'0016_0000000014','umadmin','2020-05-20 11:13:26','umadmin','2020-04-28 18:39:00',34,'PCD_BON__eip__PCD_QZ',NULL,'eip','','0013_0000000011','0013_0000000007','new'),('0016_0000000015',NULL,'0016_0000000015','umadmin','2020-05-20 11:13:25','umadmin','2020-04-28 18:43:55',34,'PCD_SF__peer__PCD_SF',NULL,'peer','','0013_0000000003','0013_0000000003','new'),('0016_0000000022',NULL,'0016_0000000022','umadmin','2020-05-20 11:12:42','umadmin','2020-05-20 11:12:40',34,'DC_DMZ__peer__DC_SF',NULL,'peer','','0013_0000000034','0013_0000000032','new'),('0016_0000000023',NULL,'0016_0000000023','umadmin','2020-05-20 11:12:44','umadmin','2020-05-20 11:12:42',34,'DC_MGMT__peer__DC_SF',NULL,'peer','','0013_0000000033','0013_0000000032','new'),('0016_0000000024',NULL,'0016_0000000024','umadmin','2020-05-20 11:12:46','umadmin','2020-05-20 11:12:44',34,'DC_MGMT__peer__DC_DMZ',NULL,'peer','','0013_0000000033','0013_0000000034','new'),('0016_0000000025',NULL,'0016_0000000025','umadmin','2020-05-20 11:12:48','umadmin','2020-05-20 11:12:46',34,'DC_WAN__eip__DC_DMZ',NULL,'eip','','0013_0000000043','0013_0000000034','new'),('0016_0000000026',NULL,'0016_0000000026','umadmin','2020-05-20 11:12:50','umadmin','2020-05-20 11:12:48',34,'DC_WAN__nat__DC_DMZ',NULL,'nat','','0013_0000000043','0013_0000000034','new'),('0016_0000000027',NULL,'0016_0000000027','umadmin','2020-05-20 11:12:51','umadmin','2020-05-20 11:12:50',34,'DC_TON__eip__DC_MGMT',NULL,'eip','','0013_0000000046','0013_0000000033','new');
/*!40000 ALTER TABLE `network_link_design` ENABLE KEYS */;
UNLOCK TABLES;

--
-- Table structure for table `network_link_type`
--

DROP TABLE IF EXISTS `network_link_type`;
/*!40101 SET @saved_cs_client     = @@character_set_client */;
 SET character_set_client = utf8mb4 ;
CREATE TABLE `network_link_type` (
  `guid` varchar(15) NOT NULL COMMENT '全局唯一ID',
  `p_guid` varchar(15) DEFAULT NULL COMMENT '前一版本数据的guid',
  `r_guid` varchar(15) DEFAULT NULL COMMENT '原始数据guid',
  `updated_by` varchar(50) DEFAULT NULL COMMENT '更新用户',
  `updated_date` datetime DEFAULT NULL COMMENT '更新日期',
  `created_by` varchar(50) DEFAULT NULL COMMENT '创建用户',
  `created_date` datetime DEFAULT NULL COMMENT '创建日期',
  `state` int(15) DEFAULT NULL COMMENT '状态',
  `key_name` varchar(1000) DEFAULT NULL COMMENT '唯一名称',
  `fixed_date` varchar(19) DEFAULT NULL COMMENT '确认日期',
  `code` varchar(1000) DEFAULT NULL COMMENT '编码',
  `description` varchar(1000) DEFAULT NULL COMMENT '描述说明',
  `name` varchar(200) DEFAULT NULL COMMENT '名称',
  `state_code` varchar(50) DEFAULT NULL COMMENT '状态编码',
  `cloud_vendor` varchar(15) DEFAULT NULL COMMENT '云厂商',
  PRIMARY KEY (`guid`)
) ENGINE=InnoDB DEFAULT CHARSET=utf8;
/*!40101 SET character_set_client = @saved_cs_client */;

--
-- Dumping data for table `network_link_type`
--

LOCK TABLES `network_link_type` WRITE;
/*!40000 ALTER TABLE `network_link_type` DISABLE KEYS */;
INSERT INTO `network_link_type` (`guid`, `p_guid`, `r_guid`, `updated_by`, `updated_date`, `created_by`, `created_date`, `state`, `key_name`, `fixed_date`, `code`, `description`, `name`, `state_code`, `cloud_vendor`) VALUES ('0054_0000000001',NULL,'0054_0000000001','umadmin','2020-04-29 16:10:29','umadmin','2020-04-12 13:16:06',34,'对等连接',NULL,'peering','','对等连接','new','0006_0000000001'),('0054_0000000002',NULL,'0054_0000000002','umadmin','2020-04-29 16:10:29','umadmin','2020-04-12 19:02:43',34,'NAT网关',NULL,'nat','','NAT网关','new','0006_0000000001'),('0054_0000000003',NULL,'0054_0000000003','umadmin','2020-04-29 16:10:29','umadmin','2020-04-18 17:50:44',34,'NAT网关',NULL,'NAT','','NAT网关','new','0006_0000000002'),('0054_0000000004',NULL,'0054_0000000004','umadmin','2020-04-29 16:10:29','umadmin','2020-04-18 17:50:44',34,'对等连接',NULL,'PEERCONNECTION','','对等连接','new','0006_0000000002'),('0054_0000000005',NULL,'0054_0000000005','umadmin','2020-04-29 16:10:29','umadmin','2020-04-18 17:54:14',34,'VPN网关',NULL,'VPN','','VPN网关','new','0006_0000000001'),('0054_0000000006',NULL,'0054_0000000006','umadmin','2020-04-29 16:10:29','umadmin','2020-04-18 17:54:22',34,'VPN网关',NULL,'VPN','','VPN网关','new','0006_0000000002'),('0054_0000000007',NULL,'0054_0000000007','umadmin','2020-04-29 16:10:29','umadmin','2020-04-18 18:36:03',34,'弹性公网IP',NULL,'EIP','','弹性公网IP','new','0006_0000000001'),('0054_0000000008',NULL,'0054_0000000008','umadmin','2020-04-29 16:10:29','umadmin','2020-04-18 18:36:16',34,'弹性公网IP',NULL,'EIP','','弹性公网IP','new','0006_0000000002'),('0054_0000000009',NULL,'0054_0000000009','umadmin','2020-04-29 16:10:29','umadmin','2020-04-20 00:50:29',34,'专线网关',NULL,'DIRECT','','专线网关','new','0006_0000000002'),('0054_0000000010',NULL,'0054_0000000010','umadmin','2020-04-29 16:10:29','umadmin','2020-04-20 00:50:29',34,'专线网关',NULL,'DIRECT','','专线网关','new','0006_0000000001'),('0054_0000000011',NULL,'0054_0000000011','umadmin','2020-05-20 12:26:43','umadmin','2020-05-20 12:26:43',34,'专线网关',NULL,'DIRECT','','专线网关','new','0006_0000000004'),('0054_0000000012',NULL,'0054_0000000012','umadmin','2020-05-20 12:26:43','umadmin','2020-05-20 12:26:43',34,'弹性公网IP',NULL,'EIP','','弹性公网IP','new','0006_0000000004'),('0054_0000000013',NULL,'0054_0000000013','umadmin','2020-05-20 12:26:43','umadmin','2020-05-20 12:26:43',34,'VPN网关',NULL,'VPN','','VPN网关','new','0006_0000000004'),('0054_0000000014',NULL,'0054_0000000014','umadmin','2020-05-20 12:26:43','umadmin','2020-05-20 12:26:43',34,'NAT网关',NULL,'NAT','','NAT网关','new','0006_0000000004'),('0054_0000000015',NULL,'0054_0000000015','umadmin','2020-05-20 12:26:43','umadmin','2020-05-20 12:26:43',34,'云企业网',NULL,'CEN','','云企业网','new','0006_0000000004');
/*!40000 ALTER TABLE `network_link_type` ENABLE KEYS */;
UNLOCK TABLES;

--
-- Table structure for table `network_segment`
--

DROP TABLE IF EXISTS `network_segment`;
/*!40101 SET @saved_cs_client     = @@character_set_client */;
 SET character_set_client = utf8mb4 ;
CREATE TABLE `network_segment` (
  `guid` varchar(15) NOT NULL COMMENT '全局唯一ID',
  `p_guid` varchar(15) DEFAULT NULL COMMENT '前一版本数据的guid',
  `r_guid` varchar(15) DEFAULT NULL COMMENT '原始数据guid',
  `updated_by` varchar(50) DEFAULT NULL COMMENT '更新用户',
  `updated_date` datetime DEFAULT NULL COMMENT '更新日期',
  `created_by` varchar(50) DEFAULT NULL COMMENT '创建用户',
  `created_date` datetime DEFAULT NULL COMMENT '创建日期',
  `state` int(15) DEFAULT NULL COMMENT '状态',
  `key_name` varchar(1000) DEFAULT NULL COMMENT '唯一名称',
  `fixed_date` varchar(19) DEFAULT NULL COMMENT '确认日期',
  `code` varchar(1000) DEFAULT NULL COMMENT '编码',
  `description` varchar(1000) DEFAULT NULL COMMENT '描述说明',
  `data_center` varchar(15) DEFAULT NULL COMMENT '数据中心',
  `f_network_segment` varchar(15) DEFAULT NULL COMMENT '父网段',
  `gateway_ip` varchar(200) DEFAULT NULL COMMENT '网关IP地址',
  `mask` varchar(200) DEFAULT NULL COMMENT '自动填充',
  `name` varchar(200) DEFAULT NULL COMMENT '名称',
  `network_segment_design` varchar(15) DEFAULT NULL COMMENT '网段设计',
  `network_segment_usage` varchar(200) DEFAULT NULL COMMENT '自动填充',
  `route_table_asset_id` varchar(200) DEFAULT NULL COMMENT '路由表资产ID',
  `state_code` varchar(50) DEFAULT NULL COMMENT '状态编码',
  `subnet_asset_id` varchar(200) DEFAULT NULL COMMENT '子网资产ID',
  `vpc_asset_id` varchar(200) DEFAULT NULL COMMENT 'VPC资产ID',
  `private_route_table` varchar(200) DEFAULT NULL COMMENT '独立路由表,腾讯云支持',
  `security_group_asset_id` varchar(200) DEFAULT NULL COMMENT '安全组资产ID',
  `private_nat` varchar(200) DEFAULT NULL COMMENT '独立NAT',
  `nat_rule_asset_id` varchar(200) DEFAULT NULL COMMENT 'NAT规则资产ID',
  `private_security_group` varchar(200) DEFAULT NULL COMMENT 'Y | N',
  `num` varchar(200) DEFAULT NULL COMMENT '2位数字或小写字母',
  PRIMARY KEY (`guid`)
) ENGINE=InnoDB DEFAULT CHARSET=utf8;
/*!40101 SET character_set_client = @saved_cs_client */;

--
-- Dumping data for table `network_segment`
--

LOCK TABLES `network_segment` WRITE;
/*!40000 ALTER TABLE `network_segment` DISABLE KEYS */;
INSERT INTO `network_segment` (`guid`, `p_guid`, `r_guid`, `updated_by`, `updated_date`, `created_by`, `created_date`, `state`, `key_name`, `fixed_date`, `code`, `description`, `data_center`, `f_network_segment`, `gateway_ip`, `mask`, `name`, `network_segment_design`, `network_segment_usage`, `route_table_asset_id`, `state_code`, `subnet_asset_id`, `vpc_asset_id`, `private_route_table`, `security_group_asset_id`, `private_nat`, `nat_rule_asset_id`, `private_security_group`, `num`) VALUES ('0023_0000000002',NULL,'0023_0000000002','umadmin','2020-05-08 00:18:28','umadmin','2020-04-28 21:57:34',37,'10.128.0.0/16__TX_GZ_PRD_PDC',NULL,'10.128.0.0/16','','0022_0000000001','','','16','TX_GZ_PRD_PDC','0013_0000000002','RDC','','created','','','N','','N','','N',''),('0023_0000000003',NULL,'0023_0000000003','umadmin','2020-05-08 00:18:28','umadmin','2020-04-28 21:58:44',37,'10.128.0.0/17__TX_GZ_PRD_SF',NULL,'10.128.0.0/17','','0022_0000000001','0023_0000000002','','17','TX_GZ_PRD_SF','0013_0000000003','VPC','','created','','','Y','','N','','Y',''),('0023_0000000004',NULL,'0023_0000000004','umadmin','2020-05-08 00:18:28','umadmin','2020-04-28 21:58:45',37,'10.128.128.0/19__TX_GZ_PRD_DMZ',NULL,'10.128.128.0/19','','0022_0000000001','0023_0000000002','','19','TX_GZ_PRD_DMZ','0013_0000000004','VPC','','created','','','Y','','N','','Y',''),('0023_0000000005',NULL,'0023_0000000005','umadmin','2020-05-08 00:18:28','umadmin','2020-04-28 21:58:45',37,'10.128.160.0/19__TX_GZ_PRD_ECN',NULL,'10.128.160.0/19','','0022_0000000001','0023_0000000002','','19','TX_GZ_PRD_ECN','0013_0000000005','VPC','','created','','','Y','','N','','Y',''),('0023_0000000006',NULL,'0023_0000000006','umadmin','2020-05-08 00:18:28','umadmin','2020-04-28 21:58:46',37,'10.128.192.0/19__TX_GZ_PRD_MGMT',NULL,'10.128.192.0/19','','0022_0000000001','0023_0000000002','','19','TX_GZ_PRD_MGMT','0013_0000000006','VPC','','created','','','Y','','N','','Y',''),('0023_0000000007',NULL,'0023_0000000007','umadmin','2020-05-08 00:18:28','umadmin','2020-04-28 21:58:47',37,'10.128.224.0/19__TX_GZ_PRD_QZ',NULL,'10.128.224.0/19','','0022_0000000001','0023_0000000002','','19','TX_GZ_PRD_QZ','0013_0000000007','VPC','','created','','','Y','','N','','Y',''),('0023_0000000008',NULL,'0023_0000000008','umadmin','2020-05-08 00:18:19','umadmin','2020-04-28 22:01:31',37,'10.128.64.0/24__TX_GZ_PRD1_SF_APP01',NULL,'10.128.64.0/24','','0022_0000000003','0023_0000000003','','24','TX_GZ_PRD1_SF_APP01','0013_0000000014','SUBNET','','created','','','N','','N','','N','01'),('0023_0000000009',NULL,'0023_0000000009','umadmin','2020-05-08 00:18:17','umadmin','2020-04-28 22:01:32',37,'10.128.65.0/24__TX_GZ_PRD2_SF_APP01',NULL,'10.128.65.0/24','','0022_0000000005','0023_0000000003','','24','TX_GZ_PRD2_SF_APP01','0013_0000000014','SUBNET','','created','','','N','','N','','N','01'),('0023_0000000010',NULL,'0023_0000000010','umadmin','2020-05-08 00:18:19','umadmin','2020-04-28 22:04:50',37,'10.128.128.0/24__TX_GZ_PRD1_DMZ_APP01',NULL,'10.128.128.0/24','','0022_0000000003','0023_0000000004','','24','TX_GZ_PRD1_DMZ_APP01','0013_0000000015','SUBNET','','created','','','N','','N','','N','01'),('0023_0000000011',NULL,'0023_0000000011','umadmin','2020-05-08 00:18:17','umadmin','2020-04-28 22:04:50',37,'10.128.129.0/24__TX_GZ_PRD2_DMZ_APP01',NULL,'10.128.129.0/24','','0022_0000000005','0023_0000000004','','24','TX_GZ_PRD2_DMZ_APP01','0013_0000000015','SUBNET','','created','','','N','','N','','N','01'),('0023_0000000012',NULL,'0023_0000000012','umadmin','2020-05-23 18:58:28','umadmin','2020-04-28 22:04:51',37,'10.128.156.0/24__TX_GZ_PRD1_DMZ_PROXY01',NULL,'10.128.156.0/24','','0022_0000000003','0023_0000000004','','24','TX_GZ_PRD1_DMZ_PROXY01','0013_0000000016','SUBNET','','created','','','Y','','Y','','Y','01'),('0023_0000000013',NULL,'0023_0000000013','umadmin','2020-05-23 18:58:28','umadmin','2020-04-28 22:04:52',37,'10.128.157.0/24__TX_GZ_PRD2_DMZ_PROXY01',NULL,'10.128.157.0/24','','0022_0000000005','0023_0000000004','','24','TX_GZ_PRD2_DMZ_PROXY01','0013_0000000016','SUBNET','','created','','','Y','','Y','','Y','01'),('0023_0000000014',NULL,'0023_0000000014','umadmin','2020-05-08 00:18:19','umadmin','2020-04-28 22:05:51',37,'10.128.160.0/24__TX_GZ_PRD1_ECN_APP01',NULL,'10.128.160.0/24','','0022_0000000003','0023_0000000005','','24','TX_GZ_PRD1_ECN_APP01','0013_0000000018','SUBNET','','created','','','N','','N','','N','01'),('0023_0000000015',NULL,'0023_0000000015','umadmin','2020-05-08 00:18:17','umadmin','2020-04-28 22:05:52',37,'10.128.161.0/24__TX_GZ_PRD2_ECN_APP01',NULL,'10.128.161.0/24','','0022_0000000005','0023_0000000005','','24','TX_GZ_PRD2_ECN_APP01','0013_0000000018','SUBNET','','created','','','N','','N','','N','01'),('0023_0000000016',NULL,'0023_0000000016','umadmin','2020-05-08 00:18:19','umadmin','2020-04-28 22:10:30',37,'10.128.192.0/24__TX_GZ_PRD1_MGMT_SEC01',NULL,'10.128.192.0/24','','0022_0000000003','0023_0000000006','','24','TX_GZ_PRD1_MGMT_SEC01','0013_0000000024','SUBNET','','created','','','N','','N','','N','01'),('0023_0000000017',NULL,'0023_0000000017','umadmin','2020-05-08 00:18:17','umadmin','2020-04-28 22:10:31',37,'10.128.193.0/24__TX_GZ_PRD2_MGMT_SEC01',NULL,'10.128.193.0/24','','0022_0000000005','0023_0000000006','','24','TX_GZ_PRD2_MGMT_SEC01','0013_0000000024','SUBNET','','created','','','N','','N','','N','01'),('0023_0000000018',NULL,'0023_0000000018','umadmin','2020-05-08 00:18:19','umadmin','2020-04-28 22:10:31',37,'10.128.196.0/24__TX_GZ_PRD1_MGMT_VDI01',NULL,'10.128.196.0/24','','0022_0000000003','0023_0000000006','','24','TX_GZ_PRD1_MGMT_VDI01','0013_0000000023','SUBNET','','created','','','N','','N','','N','01'),('0023_0000000019',NULL,'0023_0000000019','umadmin','2020-05-08 00:18:17','umadmin','2020-04-28 22:10:32',37,'10.128.197.0/24__TX_GZ_PRD2_MGMT_VDI01',NULL,'10.128.197.0/24','','0022_0000000005','0023_0000000006','','24','TX_GZ_PRD2_MGMT_VDI01','0013_0000000023','SUBNET','','created','','','N','','N','','N','01'),('0023_0000000020',NULL,'0023_0000000020','umadmin','2020-05-08 00:18:19','umadmin','2020-04-28 22:10:33',37,'10.128.200.0/24__TX_GZ_PRD1_MGMT_APP01',NULL,'10.128.200.0/24','','0022_0000000003','0023_0000000006','','24','TX_GZ_PRD1_MGMT_APP01','0013_0000000022','SUBNET','','created','','','N','','N','','N','01'),('0023_0000000021',NULL,'0023_0000000021','umadmin','2020-05-08 00:18:17','umadmin','2020-04-28 22:10:33',37,'10.128.201.0/24__TX_GZ_PRD2_MGMT_APP01',NULL,'10.128.201.0/24','','0022_0000000005','0023_0000000006','','24','TX_GZ_PRD2_MGMT_APP01','0013_0000000022','SUBNET','','created','','','N','','N','','N','01'),('0023_0000000022',NULL,'0023_0000000022','umadmin','2020-05-08 00:18:19','umadmin','2020-04-28 22:10:34',37,'10.128.212.0/24__TX_GZ_PRD1_MGMT_DB01',NULL,'10.128.212.0/24','','0022_0000000003','0023_0000000006','','24','TX_GZ_PRD1_MGMT_DB01','0013_0000000021','SUBNET','','created','','','N','','N','','N','01'),('0023_0000000023',NULL,'0023_0000000023','umadmin','2020-05-08 00:18:17','umadmin','2020-04-28 22:10:35',37,'10.128.213.0/24__TX_GZ_PRD2_MGMT_DB01',NULL,'10.128.213.0/24','','0022_0000000005','0023_0000000006','','24','TX_GZ_PRD2_MGMT_DB01','0013_0000000021','SUBNET','','created','','','N','','N','','N','01'),('0023_0000000024',NULL,'0023_0000000024','umadmin','2020-05-23 18:58:27','umadmin','2020-04-28 22:10:35',37,'10.128.220.0/24__TX_GZ_PRD1_MGMT_PROXY01',NULL,'10.128.220.0/24','','0022_0000000003','0023_0000000006','','24','TX_GZ_PRD1_MGMT_PROXY01','0013_0000000019','SUBNET','','created','','','Y','','Y','','Y','01'),('0023_0000000025',NULL,'0023_0000000025','umadmin','2020-05-23 18:58:27','umadmin','2020-04-28 22:10:36',37,'10.128.221.0/24__TX_GZ_PRD2_MGMT_PROXY01',NULL,'10.128.221.0/24','','0022_0000000005','0023_0000000006','','24','TX_GZ_PRD2_MGMT_PROXY01','0013_0000000019','SUBNET','','created','','','Y','','Y','','Y','01'),('0023_0000000026',NULL,'0023_0000000026','umadmin','2020-05-08 00:18:19','umadmin','2020-04-28 22:11:49',37,'10.128.224.0/24__TX_GZ_PRD1_QZ_VDI01',NULL,'10.128.224.0/24','','0022_0000000003','0023_0000000007','','24','TX_GZ_PRD1_QZ_VDI01','0013_0000000025','SUBNET','','created','','','N','','N','','N','01'),('0023_0000000027',NULL,'0023_0000000027','umadmin','2020-05-08 00:18:17','umadmin','2020-04-28 22:11:50',37,'10.128.225.0/24__TX_GZ_PRD2_QZ_VDI01',NULL,'10.128.225.0/24','','0022_0000000005','0023_0000000007','','24','TX_GZ_PRD2_QZ_VDI01','0013_0000000025','SUBNET','','created','','','N','','N','','N','01'),('0023_0000000028',NULL,'0023_0000000028','umadmin','2020-05-08 00:18:28','umadmin','2020-04-28 22:14:35',37,'0.0.0.0/0__TX_GZ_PRD_DMZ_WNET',NULL,'0.0.0.0/0','','0022_0000000001','0023_0000000004','','0','TX_GZ_PRD_DMZ_WNET','0013_0000000017','WNET','','created','','','N','','N','','N',''),('0023_0000000029',NULL,'0023_0000000029','umadmin','2020-05-08 00:18:28','umadmin','2020-04-28 22:14:36',37,'0.0.0.0/0__TX_GZ_PRD_QZ_WNET',NULL,'0.0.0.0/0','','0022_0000000001','0023_0000000007','','0','TX_GZ_PRD_QZ_WNET','0013_0000000030','WNET','','created','','','N','','N','','N',''),('0023_0000000030',NULL,'0023_0000000030','umadmin','2020-04-28 22:24:56','umadmin','2020-04-28 22:24:55',37,'0.0.0.0/0__ODC_WAN',NULL,'0.0.0.0/0','','0022_0000000006','','','0','ODC_WAN','0013_0000000008','VPC','','created','','','N','','N','','N',''),('0023_0000000031',NULL,'0023_0000000031','umadmin','2020-04-28 22:24:56','umadmin','2020-04-28 22:24:56',37,'0.0.0.0/32__ODC_PTN',NULL,'0.0.0.0/32','','0022_0000000006','','','0','ODC_PTN','0013_0000000009','VPC','','created','','','N','','N','','N',''),('0023_0000000032',NULL,'0023_0000000032','umadmin','2020-04-28 22:24:57','umadmin','2020-04-28 22:24:56',37,'0.0.0.0/32__ODC_TON',NULL,'0.0.0.0/32','','0022_0000000006','','','0','ODC_TON','0013_0000000010','VPC','','created','','','N','','N','','N',''),('0023_0000000033',NULL,'0023_0000000033','umadmin','2020-04-28 22:24:58','umadmin','2020-04-28 22:24:57',37,'0.0.0.0/32__ODC_BON',NULL,'0.0.0.0/32','','0022_0000000006','','','0','ODC_BON','0013_0000000011','VPC','','created','','','N','','N','','N',''),('0023_0000000034',NULL,'0023_0000000034','umadmin','2020-04-28 22:34:19','umadmin','2020-04-28 22:33:08',37,'192.168.130.0/24__ODC_BON_ADM01',NULL,'192.168.130.0/24','','0022_0000000006','0023_0000000033','','24','ODC_BON_ADM01','0013_0000000028','SUBNET','','created','','','N','','N','','N','01'),('0023_0000000035',NULL,'0023_0000000035','umadmin','2020-04-28 22:34:19','umadmin','2020-04-28 22:33:09',37,'10.111.0.0/31__ODC_PTN_ANY01',NULL,'10.111.0.0/31','','0022_0000000006','0023_0000000031','','31','ODC_PTN_ANY01','0013_0000000029','SUBNET','','created','','','N','','N','','N','01'),('0023_0000000036',NULL,'0023_0000000036','umadmin','2020-04-28 22:34:18','umadmin','2020-04-28 22:33:10',37,'192.168.128.0/24__ODC_TON_OPS01',NULL,'192.168.128.0/24','','0022_0000000006','0023_0000000032','','24','ODC_TON_OPS01','0013_0000000027','SUBNET','','created','','','N','','N','','N','01'),('0023_0000000037',NULL,'0023_0000000037','umadmin','2020-04-28 22:33:48','umadmin','2020-04-28 22:33:10',37,'0.0.0.0/0__ODC_WAN_ALL',NULL,'0.0.0.0/0','','0022_0000000006','0023_0000000030','','0','ODC_WAN_ALL','0013_0000000026','SUBNET','','created','','','N','','N','','N',''),('0023_0000000038',NULL,'0023_0000000038','umadmin','2020-05-08 00:18:20','umadmin','2020-04-28 22:40:22',37,'10.130.0.0/16__TX_CD_DR_PDC',NULL,'10.130.0.0/16','','0022_0000000002','','','16','TX_CD_DR_PDC','0013_0000000002','RDC','','created','','','N','','N','','N',''),('0023_0000000039',NULL,'0023_0000000039','umadmin','2020-05-08 00:18:20','umadmin','2020-04-28 22:42:17',37,'10.130.224.0/19__TX_CD_DR_QZ',NULL,'10.130.224.0/19','','0022_0000000002','0023_0000000038','','19','TX_CD_DR_QZ','0013_0000000007','VPC','','created','','','Y','','N','','Y',''),('0023_0000000040',NULL,'0023_0000000040','umadmin','2020-05-08 00:18:20','umadmin','2020-04-28 22:42:17',37,'10.130.192.0/19__TX_CD_DR_MGMT',NULL,'10.130.192.0/19','','0022_0000000002','0023_0000000038','','19','TX_CD_DR_MGMT','0013_0000000006','VPC','','created','','','Y','','N','','Y',''),('0023_0000000041',NULL,'0023_0000000041','umadmin','2020-05-08 10:50:34','umadmin','2020-04-28 22:42:18',37,'10.130.128.0/19__TX_CD_DR_DMZ',NULL,'10.130.128.0/19','','0022_0000000002','0023_0000000038','','19','TX_CD_DR_DMZ','0013_0000000004','VPC','','created','','','Y','','N','','Y',''),('0023_0000000042',NULL,'0023_0000000042','umadmin','2020-05-08 00:18:21','umadmin','2020-04-28 22:42:19',37,'10.130.160.0/19__TX_CD_DR_ECN',NULL,'10.130.160.0/19','','0022_0000000002','0023_0000000038','','19','TX_CD_DR_ECN','0013_0000000005','VPC','','created','','','Y','','N','','Y',''),('0023_0000000043',NULL,'0023_0000000043','umadmin','2020-05-08 10:50:34','umadmin','2020-04-28 22:42:19',37,'10.130.0.0/17__TX_CD_DR_SF',NULL,'10.130.0.0/17','','0022_0000000002','0023_0000000038','','17','TX_CD_DR_SF','0013_0000000003','VPC','','created','','','Y','','N','','Y',''),('0023_0000000044',NULL,'0023_0000000044','umadmin','2020-05-08 00:18:21','umadmin','2020-04-28 22:48:05',37,'0.0.0.0/0__TX_CD_DR_DMZ_WNET',NULL,'0.0.0.0/0','','0022_0000000002','0023_0000000041','','0','TX_CD_DR_DMZ_WNET','0013_0000000017','WNET','','created','','','N','','N','','N',''),('0023_0000000045',NULL,'0023_0000000045','umadmin','2020-05-08 00:18:21','umadmin','2020-04-28 22:48:05',37,'0.0.0.0/0__TX_CD_DR_QZ_WNET',NULL,'0.0.0.0/0','','0022_0000000002','0023_0000000039','','0','TX_CD_DR_QZ_WNET','0013_0000000030','WNET','','created','','','N','','N','','N',''),('0023_0000000046',NULL,'0023_0000000046','umadmin','2020-05-08 00:18:15','umadmin','2020-04-28 22:48:06',37,'10.130.224.0/24__TX_CD_DR1_QZ_VDI01',NULL,'10.130.224.0/24','','0022_0000000004','0023_0000000039','','24','TX_CD_DR1_QZ_VDI01','0013_0000000025','SUBNET','','created','','','N','','N','','N','01'),('0023_0000000047',NULL,'0023_0000000047','umadmin','2020-05-23 18:58:27','umadmin','2020-04-28 22:48:07',37,'10.130.220.0/24__TX_CD_DR1_MGMT_PROXY01',NULL,'10.130.220.0/24','','0022_0000000004','0023_0000000040','','24','TX_CD_DR1_MGMT_PROXY01','0013_0000000019','SUBNET','','created','','','Y','','Y','','Y','01'),('0023_0000000048',NULL,'0023_0000000048','umadmin','2020-05-08 00:18:15','umadmin','2020-04-28 22:48:08',37,'10.130.212.0/24__TX_CD_DR1_MGMT_DB01',NULL,'10.130.212.0/24','','0022_0000000004','0023_0000000040','','24','TX_CD_DR1_MGMT_DB01','0013_0000000021','SUBNET','','created','','','N','','N','','N','01'),('0023_0000000049',NULL,'0023_0000000049','umadmin','2020-05-08 00:18:15','umadmin','2020-04-28 22:48:08',37,'10.130.200.0/24__TX_CD_DR1_MGMT_APP01',NULL,'10.130.200.0/24','','0022_0000000004','0023_0000000040','','24','TX_CD_DR1_MGMT_APP01','0013_0000000022','SUBNET','','created','','','N','','N','','N','01'),('0023_0000000050',NULL,'0023_0000000050','umadmin','2020-05-08 00:18:15','umadmin','2020-04-28 22:48:09',37,'10.130.196.0/24__TX_CD_DR1_MGMT_VDI01',NULL,'10.130.196.0/24','','0022_0000000004','0023_0000000040','','24','TX_CD_DR1_MGMT_VDI01','0013_0000000023','SUBNET','','created','','','N','','N','','N','01'),('0023_0000000051',NULL,'0023_0000000051','umadmin','2020-05-08 00:18:15','umadmin','2020-04-28 22:48:10',37,'10.130.192.0/24__TX_CD_DR1_MGMT_SEC01',NULL,'10.130.192.0/24','','0022_0000000004','0023_0000000040','','24','TX_CD_DR1_MGMT_SEC01','0013_0000000024','SUBNET','','created','','','N','','N','','N','01'),('0023_0000000052',NULL,'0023_0000000052','umadmin','2020-05-08 00:18:15','umadmin','2020-04-28 22:48:10',37,'10.130.160.0/24__TX_CD_DR1_ECN_APP01',NULL,'10.130.160.0/24','','0022_0000000004','0023_0000000042','','24','TX_CD_DR1_ECN_APP01','0013_0000000018','SUBNET','','created','','','N','','N','','N','01'),('0023_0000000053',NULL,'0023_0000000053','umadmin','2020-05-23 18:58:28','umadmin','2020-04-28 22:48:11',37,'10.130.156.0/24__TX_CD_DR1_DMZ_PROXY01',NULL,'10.130.156.0/24','','0022_0000000004','0023_0000000041','','24','TX_CD_DR1_DMZ_PROXY01','0013_0000000016','SUBNET','','created','','','Y','','Y','','Y','01'),('0023_0000000054',NULL,'0023_0000000054','umadmin','2020-05-08 00:18:15','umadmin','2020-04-28 22:48:12',37,'10.130.128.0/24__TX_CD_DR1_DMZ_APP01',NULL,'10.130.128.0/24','','0022_0000000004','0023_0000000041','','24','TX_CD_DR1_DMZ_APP01','0013_0000000015','SUBNET','','created','','','N','','N','','N','01'),('0023_0000000055',NULL,'0023_0000000055','umadmin','2020-05-08 00:18:16','umadmin','2020-04-28 22:48:12',37,'10.130.64.0/24__TX_CD_DR1_SF_APP01',NULL,'10.130.64.0/24','','0022_0000000004','0023_0000000043','','24','TX_CD_DR1_SF_APP01','0013_0000000014','SUBNET','','created','','','N','','N','','N','01'),('0023_0000000056',NULL,'0023_0000000056','umadmin','2020-05-08 00:18:17','umadmin','2020-04-29 00:33:37',37,'10.128.1.0/24__TX_GZ_PRD2_SF_DB01',NULL,'10.128.1.0/24','','0022_0000000005','0023_0000000003','','24','TX_GZ_PRD2_SF_DB01','0013_0000000012','SUBNET','','created','','','N','','N','','N','01'),('0023_0000000057',NULL,'0023_0000000057','umadmin','2020-05-08 00:18:19','umadmin','2020-04-29 00:33:38',37,'10.128.0.0/24__TX_GZ_PRD1_SF_DB01',NULL,'10.128.0.0/24','','0022_0000000003','0023_0000000003','','24','TX_GZ_PRD1_SF_DB01','0013_0000000012','SUBNET','','created','','','N','','N','','N','01'),('0023_0000000058',NULL,'0023_0000000058','umadmin','2020-05-08 00:18:19','umadmin','2020-04-29 00:34:24',37,'10.128.32.0/24__TX_GZ_PRD1_SF_BDP01',NULL,'10.128.32.0/24','','0022_0000000003','0023_0000000003','','24','TX_GZ_PRD1_SF_BDP01','0013_0000000013','SUBNET','','created','','','N','','N','','N','01'),('0023_0000000059',NULL,'0023_0000000059','umadmin','2020-05-08 00:18:17','umadmin','2020-04-29 00:34:25',37,'10.128.33.0/24__TX_GZ_PRD2_SF_BDP01',NULL,'10.128.33.0/24','','0022_0000000005','0023_0000000003','','24','TX_GZ_PRD2_SF_BDP01','0013_0000000013','SUBNET','','created','','','N','','N','','N','01'),('0023_0000000060',NULL,'0023_0000000060','umadmin','2020-05-08 00:18:16','umadmin','2020-04-29 00:37:33',37,'10.130.32.0/24__TX_CD_DR1_SF_BDP01',NULL,'10.130.32.0/24','','0022_0000000004','0023_0000000043','','24','TX_CD_DR1_SF_BDP01','0013_0000000013','SUBNET','','created','','','N','','N','','N','01'),('0023_0000000061',NULL,'0023_0000000061','umadmin','2020-05-08 10:49:54','umadmin','2020-04-29 00:37:34',37,'10.130.0.0/24__TX_CD_DR1_SF_DB01',NULL,'10.130.0.0/24','','0022_0000000004','0023_0000000043','','24','TX_CD_DR1_SF_DB01','0013_0000000012','SUBNET','','created','','','N','','N','','N','01'),('0023_0000000062',NULL,'0023_0000000062','umadmin','2020-05-22 10:48:25','umadmin','2020-05-20 12:10:02',37,'10.128.192.0/20__ALI_HZ_PRD_DC',NULL,'10.128.192.0/20','','0022_0000000009','','','20','ALI_HZ_PRD_DC','0013_0000000031','RDC','','created','','','N','','N','','N',''),('0023_0000000063',NULL,'0023_0000000063','umadmin','2020-05-22 10:48:25','umadmin','2020-05-20 12:10:46',37,'10.128.192.0/21__ALI_HZ_PRD_SF',NULL,'10.128.192.0/21','','0022_0000000009','0023_0000000062','','21','ALI_HZ_PRD_SF','0013_0000000032','VPC','','created','','','Y','','N','','Y',''),('0023_0000000064',NULL,'0023_0000000064','umadmin','2020-05-23 14:19:13','umadmin','2020-05-20 12:10:47',37,'10.128.200.0/22__ALI_HZ_PRD_MGMT',NULL,'10.128.200.0/22','','0022_0000000009','0023_0000000062','','22','ALI_HZ_PRD_MGMT','0013_0000000033','VPC','','created','','','Y','','N','','Y',''),('0023_0000000065',NULL,'0023_0000000065','umadmin','2020-05-22 10:48:25','umadmin','2020-05-20 12:10:47',37,'10.128.204.0/22__ALI_HZ_PRD_DMZ',NULL,'10.128.204.0/22','','0022_0000000009','0023_0000000062','','22','ALI_HZ_PRD_DMZ','0013_0000000034','VPC','','created','','','Y','','N','','Y',''),('0023_0000000066',NULL,'0023_0000000066','umadmin','2020-05-21 14:57:32','umadmin','2020-05-20 12:12:22',37,'10.128.192.0/24__ALI_HZ_PRD1_SF_DB',NULL,'10.128.192.0/24','','0022_0000000011','0023_0000000063','','24','ALI_HZ_PRD1_SF_DB','0013_0000000035','SUBNET','','created','','','N','','N','','N',''),('0023_0000000067',NULL,'0023_0000000067','umadmin','2020-05-22 18:05:09','umadmin','2020-05-20 12:12:22',37,'10.128.193.0/24__ALI_HZ_PRD2_SF_DB',NULL,'10.128.193.0/24','','0022_0000000010','0023_0000000063','','24','ALI_HZ_PRD2_SF_DB','0013_0000000035','SUBNET','','created','','','N','','N','','N',''),('0023_0000000068',NULL,'0023_0000000068','umadmin','2020-05-21 14:57:32','umadmin','2020-05-20 12:13:34',37,'10.128.194.0/24__ALI_HZ_PRD1_SF_BDP',NULL,'10.128.194.0/24','','0022_0000000011','0023_0000000063','','24','ALI_HZ_PRD1_SF_BDP','0013_0000000036','SUBNET','','created','','','N','','N','','N',''),('0023_0000000069',NULL,'0023_0000000069','umadmin','2020-05-22 18:05:09','umadmin','2020-05-20 12:13:35',37,'10.128.195.0/24__ALI_HZ_PRD2_SF_BDP',NULL,'10.128.195.0/24','','0022_0000000010','0023_0000000063','','24','ALI_HZ_PRD2_SF_BDP','0013_0000000036','SUBNET','','created','','','N','','N','','N',''),('0023_0000000070',NULL,'0023_0000000070','umadmin','2020-05-22 18:05:09','umadmin','2020-05-20 12:14:05',37,'10.128.198.0/23__ALI_HZ_PRD2_SF_APP',NULL,'10.128.198.0/23','','0022_0000000010','0023_0000000063','','23','ALI_HZ_PRD2_SF_APP','0013_0000000037','SUBNET','','created','','','N','','N','','N',''),('0023_0000000071',NULL,'0023_0000000071','umadmin','2020-05-21 14:57:32','umadmin','2020-05-20 12:14:06',37,'10.128.196.0/23__ALI_HZ_PRD1_SF_APP',NULL,'10.128.196.0/23','','0022_0000000011','0023_0000000063','','23','ALI_HZ_PRD1_SF_APP','0013_0000000037','SUBNET','','created','','','N','','N','','N',''),('0023_0000000072',NULL,'0023_0000000072','umadmin','2020-05-23 14:19:13','umadmin','2020-05-20 12:16:57',37,'10.128.202.0/24__ALI_HZ_PRD1_MGMT_APP',NULL,'10.128.202.0/24','','0022_0000000011','0023_0000000064','','24','ALI_HZ_PRD1_MGMT_APP','0013_0000000042','SUBNET','','created','','','N','','N','','N',''),('0023_0000000073',NULL,'0023_0000000073','umadmin','2020-05-22 18:05:09','umadmin','2020-05-20 12:16:58',37,'10.128.203.0/24__ALI_HZ_PRD2_MGMT_APP',NULL,'10.128.203.0/24','','0022_0000000010','0023_0000000064','','24','ALI_HZ_PRD2_MGMT_APP','0013_0000000042','SUBNET','','created','','','N','','N','','N',''),('0023_0000000074',NULL,'0023_0000000074','umadmin','2020-05-21 14:57:32','umadmin','2020-05-20 12:16:58',37,'10.128.200.0/24__ALI_HZ_PRD1_MGMT_DB',NULL,'10.128.200.0/24','','0022_0000000011','0023_0000000064','','24','ALI_HZ_PRD1_MGMT_DB','0013_0000000041','SUBNET','','created','','','N','','N','','N',''),('0023_0000000075',NULL,'0023_0000000075','umadmin','2020-05-22 18:05:10','umadmin','2020-05-20 12:16:58',37,'10.128.201.0/24__ALI_HZ_PRD2_MGMT_DB',NULL,'10.128.201.0/24','','0022_0000000010','0023_0000000064','','24','ALI_HZ_PRD2_MGMT_DB','0013_0000000041','SUBNET','','created','','','N','','N','','N',''),('0023_0000000078',NULL,'0023_0000000078','umadmin','2020-05-21 14:57:32','umadmin','2020-05-20 12:19:39',37,'10.128.206.0/24__ALI_HZ_PRD1_DMZ_PROXY',NULL,'10.128.206.0/24','','0022_0000000011','0023_0000000065','','24','ALI_HZ_PRD1_DMZ_PROXY','0013_0000000039','SUBNET','','created','','','Y','','Y','','Y',''),('0023_0000000079',NULL,'0023_0000000079','umadmin','2020-05-22 18:05:10','umadmin','2020-05-20 12:19:39',37,'10.128.207.0/24__ALI_HZ_PRD2_DMZ_PROXY',NULL,'10.128.207.0/24','','0022_0000000010','0023_0000000065','','24','ALI_HZ_PRD2_DMZ_PROXY','0013_0000000039','SUBNET','','created','','','Y','','Y','','Y',''),('0023_0000000080',NULL,'0023_0000000080','umadmin','2020-05-22 10:48:25','umadmin','2020-05-20 12:20:33',37,'0.0.0.0/0__ALI_HZ_PRD_DMZ_WNET',NULL,'0.0.0.0/0','','0022_0000000009','0023_0000000065','','0','ALI_HZ_PRD_DMZ_WNET','0013_0000000040','WNET','','created','','','N','','N','','N',''),('0023_0000000081',NULL,'0023_0000000081','umadmin','2020-05-22 10:48:25','umadmin','2020-05-20 12:21:28',37,'1.1.1.1/32__ALI_HZ_PRD_TON',NULL,'1.1.1.1/32','','0022_0000000009','','','0','ALI_HZ_PRD_TON','0013_0000000046','TON','','created','','','N','','N','','N',''),('0023_0000000082',NULL,'0023_0000000082','umadmin','2020-05-22 10:48:26','umadmin','2020-05-20 12:23:01',37,'0.0.0.0/0__ALI_HZ_PRD_WAN',NULL,'0.0.0.0/0','','0022_0000000009','','','0','ALI_HZ_PRD_WAN','0013_0000000043','WAN','','created','','','N','','N','','N',''),('0023_0000000083',NULL,'0023_0000000083','umadmin','2020-05-21 14:57:33','umadmin','2020-05-20 12:50:54',37,'10.128.204.0/24__ALI_HZ_PRD1_DMZ_APP',NULL,'10.128.204.0/24','','0022_0000000011','0023_0000000065','','24','ALI_HZ_PRD1_DMZ_APP','0013_0000000038','SUBNET','','created','','','N','','N','','N',''),('0023_0000000084',NULL,'0023_0000000084','umadmin','2020-05-22 18:05:10','umadmin','2020-05-20 12:50:54',37,'10.128.205.0/24__ALI_HZ_PRD2_DMZ_APP',NULL,'10.128.205.0/24','','0022_0000000010','0023_0000000065','','24','ALI_HZ_PRD2_DMZ_APP','0013_0000000038','SUBNET','','created','','','N','','N','','N',''),('0023_0000000085',NULL,'0023_0000000085','umadmin','2020-05-22 10:48:26','umadmin','2020-05-20 14:05:36',37,'0.0.0.0/0__ALI_HZ_PRD_WAN_ALL',NULL,'0.0.0.0/0','','0022_0000000009','0023_0000000082','','0','ALI_HZ_PRD_WAN_ALL','0013_0000000044','WAN','','created','','','N','','N','','N',''),('0023_0000000086',NULL,'0023_0000000086','umadmin','2020-05-22 10:48:26','umadmin','2020-05-20 14:05:37',37,'1.1.1.1/32__ALI_HZ_PRD_TON_CLIENT',NULL,'1.1.1.1/32','','0022_0000000009','0023_0000000081','','0','ALI_HZ_PRD_TON_CLIENT','0013_0000000045','TON','','created','','','N','','N','','N',''),('0023_0000000087',NULL,'0023_0000000087','umadmin','2020-05-23 13:20:35','umadmin','2020-05-22 19:04:53',37,'10.128.192.0/20__TX_BJ_PRD_DC',NULL,'10.128.192.0/20','','0022_0000000016','','','20','TX_BJ_PRD_DC','0013_0000000031','RDC','','created','','','N','','N','','N',''),('0023_0000000088',NULL,'0023_0000000088','umadmin','2020-05-23 14:31:01','umadmin','2020-05-22 19:05:52',37,'10.128.200.0/22__TX_BJ_PRD_MGMT',NULL,'10.128.200.0/22','','0022_0000000016','0023_0000000087','','22','TX_BJ_PRD_MGMT','0013_0000000033','VPC','','created','','','Y','','N','','Y',''),('0023_0000000089',NULL,'0023_0000000089','umadmin','2020-05-23 13:20:35','umadmin','2020-05-22 19:05:53',37,'10.128.204.0/22__TX_BJ_PRD_DMZ',NULL,'10.128.204.0/22','','0022_0000000016','0023_0000000087','','22','TX_BJ_PRD_DMZ','0013_0000000034','VPC','','created','','','Y','','N','','Y',''),('0023_0000000090',NULL,'0023_0000000090','umadmin','2020-05-23 13:20:35','umadmin','2020-05-22 19:05:54',37,'10.128.192.0/21__TX_BJ_PRD_SF',NULL,'10.128.192.0/21','','0022_0000000016','0023_0000000087','','21','TX_BJ_PRD_SF','0013_0000000032','VPC','','created','','','Y','','N','','Y',''),('0023_0000000091',NULL,'0023_0000000091','umadmin','2020-05-23 13:20:35','umadmin','2020-05-22 19:07:28',37,'0.0.0.0/0__TX_BJ_PRD_DMZ_WNET',NULL,'0.0.0.0/0','','0022_0000000016','0023_0000000089','','0','TX_BJ_PRD_DMZ_WNET','0013_0000000040','WNET','','created','','','N','','N','','N',''),('0023_0000000092',NULL,'0023_0000000092','umadmin','2020-05-23 13:20:35','umadmin','2020-05-22 19:08:13',37,'0.0.0.0/0__TX_BJ_PRD_WAN',NULL,'0.0.0.0/0','','0022_0000000016','','','0','TX_BJ_PRD_WAN','0013_0000000043','WAN','','created','','','N','','N','','N',''),('0023_0000000093',NULL,'0023_0000000093','umadmin','2020-05-23 13:20:35','umadmin','2020-05-22 19:08:14',37,'1.1.1.1/32__TX_BJ_PRD_TON',NULL,'1.1.1.1/32','','0022_0000000016','','','0','TX_BJ_PRD_TON','0013_0000000046','TON','','created','','','N','','N','','N',''),('0023_0000000094',NULL,'0023_0000000094','umadmin','2020-05-23 13:20:35','umadmin','2020-05-22 19:09:00',37,'1.1.1.1/32__TX_BJ_PRD_TON_CLIENT',NULL,'1.1.1.1/32','','0022_0000000016','0023_0000000093','','0','TX_BJ_PRD_TON_CLIENT','0013_0000000045','TON','','created','','','N','','N','','N',''),('0023_0000000095',NULL,'0023_0000000095','umadmin','2020-05-23 13:20:35','umadmin','2020-05-22 19:09:00',37,'0.0.0.0/0__TX_BJ_PRD_WAN_ALL',NULL,'0.0.0.0/0','','0022_0000000016','0023_0000000092','','0','TX_BJ_PRD_WAN_ALL','0013_0000000044','WAN','','created','','','N','','N','','N',''),('0023_0000000096',NULL,'0023_0000000096','umadmin','2020-05-22 19:32:48','umadmin','2020-05-22 19:11:32',37,'10.128.204.0/24__TX_BJ_PRD1_DMZ_APP',NULL,'10.128.204.0/24','','0022_0000000018','0023_0000000089','','24','TX_BJ_PRD1_DMZ_APP','0013_0000000038','SUBNET','','created','','','N','','N','','N',''),('0023_0000000097',NULL,'0023_0000000097','umadmin','2020-05-22 19:32:48','umadmin','2020-05-22 19:11:32',37,'10.128.206.0/24__TX_BJ_PRD1_DMZ_PROXY',NULL,'10.128.206.0/24','','0022_0000000018','0023_0000000089','','24','TX_BJ_PRD1_DMZ_PROXY','0013_0000000039','SUBNET','','created','','','Y','','Y','','Y',''),('0023_0000000098',NULL,'0023_0000000098','umadmin','2020-05-22 19:32:48','umadmin','2020-05-22 19:11:33',37,'10.128.200.0/24__TX_BJ_PRD1_MGMT_DB',NULL,'10.128.200.0/24','','0022_0000000018','0023_0000000088','','24','TX_BJ_PRD1_MGMT_DB','0013_0000000041','SUBNET','','created','','','N','','N','','N',''),('0023_0000000099',NULL,'0023_0000000099','umadmin','2020-05-23 14:31:01','umadmin','2020-05-22 19:11:34',37,'10.128.202.0/24__TX_BJ_PRD1_MGMT_APP',NULL,'10.128.202.0/24','','0022_0000000018','0023_0000000088','','24','TX_BJ_PRD1_MGMT_APP','0013_0000000042','SUBNET','','created','','','N','','N','','N',''),('0023_0000000100',NULL,'0023_0000000100','umadmin','2020-05-22 19:32:48','umadmin','2020-05-22 19:11:34',37,'10.128.196.0/23__TX_BJ_PRD1_SF_APP',NULL,'10.128.196.0/23','','0022_0000000018','0023_0000000090','','23','TX_BJ_PRD1_SF_APP','0013_0000000037','SUBNET','','created','','','N','','N','','N',''),('0023_0000000101',NULL,'0023_0000000101','umadmin','2020-05-22 19:32:48','umadmin','2020-05-22 19:11:35',37,'10.128.194.0/24__TX_BJ_PRD1_SF_BDP',NULL,'10.128.194.0/24','','0022_0000000018','0023_0000000090','','24','TX_BJ_PRD1_SF_BDP','0013_0000000036','SUBNET','','created','','','N','','N','','N',''),('0023_0000000102',NULL,'0023_0000000102','umadmin','2020-05-22 19:32:48','umadmin','2020-05-22 19:11:35',37,'10.128.192.0/24__TX_BJ_PRD1_SF_DB',NULL,'10.128.192.0/24','','0022_0000000018','0023_0000000090','','24','TX_BJ_PRD1_SF_DB','0013_0000000035','SUBNET','','created','','','N','','N','','N',''),('0023_0000000103',NULL,'0023_0000000103','umadmin','2020-05-22 19:32:47','umadmin','2020-05-22 19:12:44',37,'10.128.205.0/24__TX_BJ_PRD2_DMZ_APP',NULL,'10.128.205.0/24','','0022_0000000017','0023_0000000089','','24','TX_BJ_PRD2_DMZ_APP','0013_0000000038','SUBNET','','created','','','N','','N','','N',''),('0023_0000000104',NULL,'0023_0000000104','umadmin','2020-05-22 19:32:47','umadmin','2020-05-22 19:12:45',37,'10.128.207.0/24__TX_BJ_PRD2_DMZ_PROXY',NULL,'10.128.207.0/24','','0022_0000000017','0023_0000000089','','24','TX_BJ_PRD2_DMZ_PROXY','0013_0000000039','SUBNET','','created','','','Y','','Y','','Y',''),('0023_0000000105',NULL,'0023_0000000105','umadmin','2020-05-22 19:32:47','umadmin','2020-05-22 19:12:45',37,'10.128.203.0/24__TX_BJ_PRD2_MGMT_APP',NULL,'10.128.203.0/24','','0022_0000000017','0023_0000000088','','24','TX_BJ_PRD2_MGMT_APP','0013_0000000042','SUBNET','','created','','','N','','N','','N',''),('0023_0000000106',NULL,'0023_0000000106','umadmin','2020-05-22 19:32:47','umadmin','2020-05-22 19:12:46',37,'10.128.201.0/24__TX_BJ_PRD2_MGMT_DB',NULL,'10.128.201.0/24','','0022_0000000017','0023_0000000088','','24','TX_BJ_PRD2_MGMT_DB','0013_0000000041','SUBNET','','created','','','N','','N','','N',''),('0023_0000000107',NULL,'0023_0000000107','umadmin','2020-05-22 19:32:47','umadmin','2020-05-22 19:12:46',37,'10.128.198.0/23__TX_BJ_PRD2_SF_APP',NULL,'10.128.198.0/23','','0022_0000000017','0023_0000000090','','23','TX_BJ_PRD2_SF_APP','0013_0000000037','SUBNET','','created','','','N','','N','','N',''),('0023_0000000108',NULL,'0023_0000000108','umadmin','2020-05-22 19:32:47','umadmin','2020-05-22 19:12:47',37,'10.128.195.0/24__TX_BJ_PRD2_SF_BDP',NULL,'10.128.195.0/24','','0022_0000000017','0023_0000000090','','24','TX_BJ_PRD2_SF_BDP','0013_0000000036','SUBNET','','created','','','N','','N','','N',''),('0023_0000000109',NULL,'0023_0000000109','umadmin','2020-05-22 19:32:47','umadmin','2020-05-22 19:12:47',37,'10.128.193.0/24__TX_BJ_PRD2_SF_DB',NULL,'10.128.193.0/24','','0022_0000000017','0023_0000000090','','24','TX_BJ_PRD2_SF_DB','0013_0000000035','SUBNET','','created','','','N','','N','','N','');
/*!40000 ALTER TABLE `network_segment` ENABLE KEYS */;
UNLOCK TABLES;

--
-- Table structure for table `network_segment_design`
--

DROP TABLE IF EXISTS `network_segment_design`;
/*!40101 SET @saved_cs_client     = @@character_set_client */;
 SET character_set_client = utf8mb4 ;
CREATE TABLE `network_segment_design` (
  `guid` varchar(15) NOT NULL COMMENT '全局唯一ID',
  `p_guid` varchar(15) DEFAULT NULL COMMENT '前一版本数据的guid',
  `r_guid` varchar(15) DEFAULT NULL COMMENT '原始数据guid',
  `updated_by` varchar(50) DEFAULT NULL COMMENT '更新用户',
  `updated_date` datetime DEFAULT NULL COMMENT '更新日期',
  `created_by` varchar(50) DEFAULT NULL COMMENT '创建用户',
  `created_date` datetime DEFAULT NULL COMMENT '创建日期',
  `state` int(15) DEFAULT NULL COMMENT '状态',
  `key_name` varchar(1000) DEFAULT NULL COMMENT '唯一名称',
  `fixed_date` varchar(19) DEFAULT NULL COMMENT '确认日期',
  `code` varchar(1000) DEFAULT NULL COMMENT '编码',
  `description` varchar(1000) DEFAULT NULL COMMENT '描述说明',
  `data_center_design` varchar(15) DEFAULT NULL COMMENT '数据中心设计',
  `f_network_segment_design` varchar(15) DEFAULT NULL COMMENT '父网段设计',
  `mask` varchar(200) DEFAULT NULL COMMENT '0-32的数字',
  `name` varchar(200) DEFAULT NULL COMMENT '大写字母数字和下划线组成的字符串',
  `network_segment_usage` varchar(200) DEFAULT NULL COMMENT 'RDC | VPC | SUBNET | WNET | WAN | TON  |BON  | PTN',
  `state_code` varchar(50) DEFAULT NULL COMMENT '状态编码',
  `private_route_table` varchar(200) DEFAULT NULL COMMENT 'Y | N',
  `private_nat` varchar(200) DEFAULT NULL COMMENT 'Y | N',
  `private_security_group` varchar(200) DEFAULT NULL COMMENT 'Y | N',
  PRIMARY KEY (`guid`)
) ENGINE=InnoDB DEFAULT CHARSET=utf8;
/*!40101 SET character_set_client = @saved_cs_client */;

--
-- Dumping data for table `network_segment_design`
--

LOCK TABLES `network_segment_design` WRITE;
/*!40000 ALTER TABLE `network_segment_design` DISABLE KEYS */;
INSERT INTO `network_segment_design` (`guid`, `p_guid`, `r_guid`, `updated_by`, `updated_date`, `created_by`, `created_date`, `state`, `key_name`, `fixed_date`, `code`, `description`, `data_center_design`, `f_network_segment_design`, `mask`, `name`, `network_segment_usage`, `state_code`, `private_route_table`, `private_nat`, `private_security_group`) VALUES ('0013_0000000002',NULL,'0013_0000000002','umadmin','2020-05-20 10:04:56','umadmin','2020-04-28 18:19:11',34,'10.*.0.0/16__RDC__PCD_PDC',NULL,'10.*.0.0/16','','0012_0000000001','','16','PDC','RDC','new','N','N','N'),('0013_0000000003',NULL,'0013_0000000003','umadmin','2020-05-20 10:04:56','umadmin','2020-04-28 18:25:45',34,'10.*.0.0/17__VPC__PCD_SF',NULL,'10.*.0.0/17','核心业务区','0012_0000000001','0013_0000000002','17','SF','VPC','new','Y','N','Y'),('0013_0000000004',NULL,'0013_0000000004','umadmin','2020-05-20 10:04:56','umadmin','2020-04-28 18:30:29',34,'10.*.128.0/19__VPC__PCD_DMZ',NULL,'10.*.128.0/19','互联网接入区','0012_0000000001','0013_0000000002','19','DMZ','VPC','new','Y','N','Y'),('0013_0000000005',NULL,'0013_0000000005','umadmin','2020-05-20 10:04:56','umadmin','2020-04-28 18:30:30',34,'10.*.160.0/19__VPC__PCD_ECN',NULL,'10.*.160.0/19','伙伴网接入区','0012_0000000001','0013_0000000002','19','ECN','VPC','new','Y','N','Y'),('0013_0000000006',NULL,'0013_0000000006','umadmin','2020-05-20 10:04:56','umadmin','2020-04-28 18:30:32',34,'10.*.192.0/19__VPC__PCD_MGMT',NULL,'10.*.192.0/19','科技运维网接入区','0012_0000000001','0013_0000000002','19','MGMT','VPC','new','Y','N','Y'),('0013_0000000007',NULL,'0013_0000000007','umadmin','2020-05-20 10:04:56','umadmin','2020-04-28 18:30:32',34,'10.*.224.0/19__VPC__PCD_QZ',NULL,'10.*.224.0/19','业务运营网接入区','0012_0000000001','0013_0000000002','19','QZ','VPC','new','Y','N','Y'),('0013_0000000008',NULL,'0013_0000000008','umadmin','2020-05-20 10:04:56','umadmin','2020-04-28 18:30:33',34,'0.0.0.0/0__VPC__PCD_WAN',NULL,'0.0.0.0/0','互联网','0012_0000000001','0013_0000000002','0','WAN','VPC','new','N','N','N'),('0013_0000000009',NULL,'0013_0000000009','umadmin','2020-05-20 10:04:56','umadmin','2020-04-28 18:30:34',34,'*.*.*.*/0__VPC__PCD_PTN',NULL,'*.*.*.*/0','伙伴网','0012_0000000001','0013_0000000002','0','PTN','VPC','new','N','N','N'),('0013_0000000010',NULL,'0013_0000000010','umadmin','2020-05-20 10:04:56','umadmin','2020-04-28 18:30:35',34,'*.*.*.*/0__VPC__PCD_TON',NULL,'*.*.*.*/0','科技运维网','0012_0000000001','0013_0000000002','0','TON','VPC','new','N','N','N'),('0013_0000000011',NULL,'0013_0000000011','umadmin','2020-05-20 10:04:56','umadmin','2020-04-28 18:30:35',34,'*.*.*.*/0__VPC__PCD_BON',NULL,'*.*.*.*/0','业务运营网','0012_0000000001','0013_0000000002','0','BON','VPC','new','N','N','N'),('0013_0000000012',NULL,'0013_0000000012','umadmin','2020-05-20 10:04:56','umadmin','2020-04-28 19:10:47',34,'10.*.[0-31].0/24__SUBNET__PCD_SF_DB',NULL,'10.*.[0-31].0/24','数据库网段','0012_0000000001','0013_0000000003','24','SF_DB','SUBNET','new','N','N','N'),('0013_0000000013',NULL,'0013_0000000013','umadmin','2020-05-20 10:04:56','umadmin','2020-04-28 19:10:48',34,'10.*.[32-63].0/24__SUBNET__PCD_SF_BDP',NULL,'10.*.[32-63].0/24','大数据网段','0012_0000000001','0013_0000000003','24','SF_BDP','SUBNET','new','N','N','N'),('0013_0000000014',NULL,'0013_0000000014','umadmin','2020-05-20 10:04:56','umadmin','2020-04-28 19:10:48',34,'10.*.[64-127].0/24__SUBNET__PCD_SF_APP',NULL,'10.*.[64-127].0/24','应用网段','0012_0000000001','0013_0000000003','24','SF_APP','SUBNET','new','N','N','N'),('0013_0000000015',NULL,'0013_0000000015','umadmin','2020-05-20 10:04:56','umadmin','2020-04-28 19:10:49',34,'10.*.[128-155].0/24__SUBNET__PCD_DMZ_APP',NULL,'10.*.[128-155].0/24','应用网段','0012_0000000001','0013_0000000004','24','DMZ_APP','SUBNET','new','N','N','N'),('0013_0000000016',NULL,'0013_0000000016','umadmin','2020-05-23 18:58:28','umadmin','2020-04-28 19:10:49',34,'10.*.[156-159].0/24__SUBNET__PCD_DMZ_PROXY',NULL,'10.*.[156-159].0/24','代理服务网段','0012_0000000001','0013_0000000004','24','DMZ_PROXY','SUBNET','new','Y','Y','Y'),('0013_0000000017',NULL,'0013_0000000017','umadmin','2020-05-20 10:04:56','umadmin','2020-04-28 19:10:50',34,'0.0.0.0/0__WNET__PCD_DMZ_WNET',NULL,'0.0.0.0/0','互联网网段','0012_0000000001','0013_0000000004','0','DMZ_WNET','WNET','new','N','N','N'),('0013_0000000018',NULL,'0013_0000000018','umadmin','2020-05-20 10:04:56','umadmin','2020-04-28 19:12:47',34,'10.*.[160-191].0/24__SUBNET__PCD_ECN_APP',NULL,'10.*.[160-191].0/24','应用网段','0012_0000000001','0013_0000000005','24','ECN_APP','SUBNET','new','N','N','N'),('0013_0000000019',NULL,'0013_0000000019','umadmin','2020-05-23 18:58:27','umadmin','2020-04-28 20:41:25',34,'10.*.[220-223].0/24__SUBNET__PCD_MGMT_PROXY',NULL,'10.*.[220-223].0/24','代理网段','0012_0000000001','0013_0000000006','24','MGMT_PROXY','SUBNET','new','Y','Y','Y'),('0013_0000000020',NULL,'0013_0000000020','umadmin','2020-05-20 10:04:56','umadmin','2020-04-28 20:41:25',34,'10.*.[216-219].0/24__SUBNET__PCD_MGMT_BDP',NULL,'10.*.[216-219].0/24','大数据网段','0012_0000000001','0013_0000000006','24','MGMT_BDP','SUBNET','new','N','N','N'),('0013_0000000021',NULL,'0013_0000000021','umadmin','2020-05-20 10:04:56','umadmin','2020-04-28 20:41:26',34,'10.*.[212-215].0/24__SUBNET__PCD_MGMT_DB',NULL,'10.*.[212-215].0/24','数据库网段','0012_0000000001','0013_0000000006','24','MGMT_DB','SUBNET','new','N','N','N'),('0013_0000000022',NULL,'0013_0000000022','umadmin','2020-05-20 10:04:56','umadmin','2020-04-28 20:41:26',34,'10.*.[200-211].0/24__SUBNET__PCD_MGMT_APP',NULL,'10.*.[200-211].0/24','应用和跳板机网段','0012_0000000001','0013_0000000006','24','MGMT_APP','SUBNET','new','N','N','N'),('0013_0000000023',NULL,'0013_0000000023','umadmin','2020-05-20 10:04:56','umadmin','2020-04-28 20:41:27',34,'10.*.[196-199].0/24__SUBNET__PCD_MGMT_VDI',NULL,'10.*.[196-199].0/24','Windows VDI网段','0012_0000000001','0013_0000000006','24','MGMT_VDI','SUBNET','new','N','N','N'),('0013_0000000024',NULL,'0013_0000000024','umadmin','2020-05-20 10:04:56','umadmin','2020-04-28 20:41:27',34,'10.*.[192-195].0/24__SUBNET__PCD_MGMT_SEC',NULL,'10.*.[192-195].0/24','堡垒机网段','0012_0000000001','0013_0000000006','24','MGMT_SEC','SUBNET','new','N','N','N'),('0013_0000000025',NULL,'0013_0000000025','umadmin','2020-05-20 10:04:56','umadmin','2020-04-28 20:43:24',34,'10.*.[224-255].0/24__SUBNET__PCD_QZ_VDI',NULL,'10.*.[224-255].0/24','业务运营VDI网段','0012_0000000001','0013_0000000007','24','QZ_VDI','SUBNET','new','N','N','N'),('0013_0000000026',NULL,'0013_0000000026','umadmin','2020-05-20 10:04:56','umadmin','2020-04-28 20:53:04',34,'0.0.0.0/0__SUBNET__PCD_WAN_ALL',NULL,'0.0.0.0/0','','0012_0000000001','0013_0000000008','0','WAN_ALL','SUBNET','new','N','N','N'),('0013_0000000027',NULL,'0013_0000000027','umadmin','2020-05-20 10:04:56','umadmin','2020-04-28 20:53:07',34,'*.*.*.*/24__SUBNET__PCD_TON_OPS',NULL,'*.*.*.*/24','','0012_0000000001','0013_0000000010','24','TON_OPS','SUBNET','new','N','N','N'),('0013_0000000028',NULL,'0013_0000000028','umadmin','2020-05-20 10:04:57','umadmin','2020-04-28 20:53:09',34,'*.*.*.*/24__SUBNET__PCD_BON_ADM',NULL,'*.*.*.*/24','','0012_0000000001','0013_0000000011','24','BON_ADM','SUBNET','new','N','N','N'),('0013_0000000029',NULL,'0013_0000000029','umadmin','2020-05-20 10:04:57','umadmin','2020-04-28 20:53:12',34,'*.*.*.*/31__SUBNET__PCD_PTN_ANY',NULL,'*.*.*.*/31','','0012_0000000001','0013_0000000009','31','PTN_ANY','SUBNET','new','N','N','N'),('0013_0000000030',NULL,'0013_0000000030','umadmin','2020-05-20 10:04:57','umadmin','2020-04-28 21:17:15',34,'0.0.0.0/0__WNET__PCD_QZ_WNET',NULL,'0.0.0.0/0','','0012_0000000001','0013_0000000007','0','QZ_WNET','WNET','new','N','N','N'),('0013_0000000031',NULL,'0013_0000000031','umadmin','2020-05-20 10:42:32','umadmin','2020-05-20 10:39:41',34,'10.*.192.0/20__RDC__DC_DC',NULL,'10.*.192.0/20','','0012_0000000002','','20','DC','RDC','new','N','N','N'),('0013_0000000032',NULL,'0013_0000000032','umadmin','2020-05-20 10:42:45','umadmin','2020-05-20 10:41:43',34,'10.*.192.0/21__VPC__DC_SF',NULL,'10.*.192.0/21','','0012_0000000002','0013_0000000031','21','SF','VPC','new','Y','N','Y'),('0013_0000000033',NULL,'0013_0000000033','umadmin','2020-05-20 10:43:21','umadmin','2020-05-20 10:43:21',34,'10.*.200.0/22__VPC__DC_MGMT',NULL,'10.*.200.0/22','','0012_0000000002','0013_0000000031','22','MGMT','VPC','new','Y','N','Y'),('0013_0000000034',NULL,'0013_0000000034','umadmin','2020-05-20 10:44:15','umadmin','2020-05-20 10:44:15',34,'10.*.204.0/22__VPC__DC_DMZ',NULL,'10.*.204.0/22','','0012_0000000002','0013_0000000031','22','DMZ','VPC','new','Y','N','Y'),('0013_0000000035',NULL,'0013_0000000035','umadmin','2020-05-20 10:46:44','umadmin','2020-05-20 10:46:44',34,'10.*.[192-193].0/24__SUBNET__DC_SF_DB',NULL,'10.*.[192-193].0/24','','0012_0000000002','0013_0000000032','24','SF_DB','SUBNET','new','N','N','N'),('0013_0000000036',NULL,'0013_0000000036','umadmin','2020-05-20 10:46:44','umadmin','2020-05-20 10:46:44',34,'10.*.[194-195].0/24__SUBNET__DC_SF_BDP',NULL,'10.*.[194-195].0/24','','0012_0000000002','0013_0000000032','24','SF_BDP','SUBNET','new','N','N','N'),('0013_0000000037',NULL,'0013_0000000037','umadmin','2020-05-20 12:17:41','umadmin','2020-05-20 10:47:16',34,'10.*.[196-199].0/23__SUBNET__DC_SF_APP',NULL,'10.*.[196-199].0/23','','0012_0000000002','0013_0000000032','23','SF_APP','SUBNET','new','N','N','N'),('0013_0000000038',NULL,'0013_0000000038','umadmin','2020-05-20 10:50:20','umadmin','2020-05-20 10:50:19',34,'10.*.[204,205].0/24__SUBNET__DC_DMZ_APP',NULL,'10.*.[204,205].0/24','','0012_0000000002','0013_0000000034','24','DMZ_APP','SUBNET','new','N','N','N'),('0013_0000000039',NULL,'0013_0000000039','umadmin','2020-05-20 10:50:20','umadmin','2020-05-20 10:50:20',34,'10.*.[206,207].0/24__SUBNET__DC_DMZ_PROXY',NULL,'10.*.[206,207].0/24','','0012_0000000002','0013_0000000034','24','DMZ_PROXY','SUBNET','new','Y','Y','Y'),('0013_0000000040',NULL,'0013_0000000040','umadmin','2020-05-20 10:50:57','umadmin','2020-05-20 10:50:57',34,'0.0.0.0/0__WNET__DC_DMZ_WNET',NULL,'0.0.0.0/0','','0012_0000000002','0013_0000000034','0','DMZ_WNET','WNET','new','N','N','N'),('0013_0000000041',NULL,'0013_0000000041','umadmin','2020-05-20 10:53:06','umadmin','2020-05-20 10:53:05',34,'10.*.[200,201].0/24__SUBNET__DC_MGMT_DB',NULL,'10.*.[200,201].0/24','','0012_0000000002','0013_0000000033','24','MGMT_DB','SUBNET','new','N','N','N'),('0013_0000000042',NULL,'0013_0000000042','umadmin','2020-05-20 10:53:29','umadmin','2020-05-20 10:53:29',34,'10.*.[202,203].0/24__SUBNET__DC_MGMT_APP',NULL,'10.*.[202,203].0/24','','0012_0000000002','0013_0000000033','24','MGMT_APP','SUBNET','new','N','N','N'),('0013_0000000043',NULL,'0013_0000000043','umadmin','2020-05-20 10:54:01','umadmin','2020-05-20 10:54:01',34,'0.0.0.0/0__WAN__DC_WAN',NULL,'0.0.0.0/0','','0012_0000000002','','0','WAN','WAN','new','N','N','N'),('0013_0000000044',NULL,'0013_0000000044','umadmin','2020-05-20 10:58:44','umadmin','2020-05-20 10:54:40',34,'0.0.0.0/0__WAN__DC_WAN_ALL',NULL,'0.0.0.0/0','','0012_0000000002','0013_0000000043','0','WAN_ALL','WAN','new','N','N','N'),('0013_0000000045',NULL,'0013_0000000045','umadmin','2020-05-20 10:58:44','umadmin','2020-05-20 10:55:52',34,'*.*.*.*/32__TON__DC_TON_CLIENT',NULL,'*.*.*.*/32','','0012_0000000002','0013_0000000046','0','TON_CLIENT','TON','new','N','N','N'),('0013_0000000046',NULL,'0013_0000000046','umadmin','2020-05-20 10:55:53','umadmin','2020-05-20 10:55:52',34,'*.*.*.*/32__TON__DC_TON',NULL,'*.*.*.*/32','','0012_0000000002','','0','TON','TON','new','N','N','N');
/*!40000 ALTER TABLE `network_segment_design` ENABLE KEYS */;
UNLOCK TABLES;

--
-- Table structure for table `network_zone`
--

DROP TABLE IF EXISTS `network_zone`;
/*!40101 SET @saved_cs_client     = @@character_set_client */;
 SET character_set_client = utf8mb4 ;
CREATE TABLE `network_zone` (
  `guid` varchar(15) NOT NULL COMMENT '全局唯一ID',
  `p_guid` varchar(15) DEFAULT NULL COMMENT '前一版本数据的guid',
  `r_guid` varchar(15) DEFAULT NULL COMMENT '原始数据guid',
  `updated_by` varchar(50) DEFAULT NULL COMMENT '更新用户',
  `updated_date` datetime DEFAULT NULL COMMENT '更新日期',
  `created_by` varchar(50) DEFAULT NULL COMMENT '创建用户',
  `created_date` datetime DEFAULT NULL COMMENT '创建日期',
  `state` int(15) DEFAULT NULL COMMENT '状态',
  `key_name` varchar(1000) DEFAULT NULL COMMENT '唯一名称',
  `fixed_date` varchar(19) DEFAULT NULL COMMENT '确认日期',
  `code` varchar(1000) DEFAULT NULL COMMENT '编码',
  `description` varchar(1000) DEFAULT NULL COMMENT '描述说明',
  `data_center` varchar(15) DEFAULT NULL COMMENT '数据中心',
  `network_segment` varchar(15) DEFAULT NULL COMMENT '网段',
  `network_zone_design` varchar(15) DEFAULT NULL COMMENT '网络区域设计',
  `network_zone_layer` varchar(200) DEFAULT NULL COMMENT '网络区域层级',
  `state_code` varchar(50) DEFAULT NULL COMMENT '状态编码',
  PRIMARY KEY (`guid`)
) ENGINE=InnoDB DEFAULT CHARSET=utf8;
/*!40101 SET character_set_client = @saved_cs_client */;

--
-- Dumping data for table `network_zone`
--

LOCK TABLES `network_zone` WRITE;
/*!40000 ALTER TABLE `network_zone` DISABLE KEYS */;
INSERT INTO `network_zone` (`guid`, `p_guid`, `r_guid`, `updated_by`, `updated_date`, `created_by`, `created_date`, `state`, `key_name`, `fixed_date`, `code`, `description`, `data_center`, `network_segment`, `network_zone_design`, `network_zone_layer`, `state_code`) VALUES ('0024_0000000002',NULL,'0024_0000000002','umadmin','2020-05-08 00:18:28','umadmin','2020-04-28 23:36:43',37,'TX_GZ_PRD_SF',NULL,'SF','','0022_0000000001','0023_0000000003','0014_0000000002','CORE','created'),('0024_0000000003',NULL,'0024_0000000003','umadmin','2020-05-08 00:18:28','umadmin','2020-04-28 23:36:44',37,'TX_GZ_PRD_DMZ',NULL,'DMZ','','0022_0000000001','0023_0000000004','0014_0000000003','LINK','created'),('0024_0000000004',NULL,'0024_0000000004','umadmin','2020-05-08 00:18:28','umadmin','2020-04-28 23:36:44',37,'TX_GZ_PRD_ECN',NULL,'ECN','','0022_0000000001','0023_0000000005','0014_0000000004','LINK','created'),('0024_0000000005',NULL,'0024_0000000005','umadmin','2020-05-08 00:18:28','umadmin','2020-04-28 23:36:45',37,'TX_GZ_PRD_MGMT',NULL,'MGMT','','0022_0000000001','0023_0000000006','0014_0000000005','LINK','created'),('0024_0000000006',NULL,'0024_0000000006','umadmin','2020-05-08 00:18:29','umadmin','2020-04-28 23:36:45',37,'TX_GZ_PRD_QZ',NULL,'QZ','','0022_0000000001','0023_0000000007','0014_0000000006','LINK','created'),('0024_0000000007',NULL,'0024_0000000007','umadmin','2020-05-08 00:18:21','umadmin','2020-04-28 23:36:45',37,'TX_CD_DR_SF',NULL,'SF','','0022_0000000002','0023_0000000043','0014_0000000002','CORE','created'),('0024_0000000008',NULL,'0024_0000000008','umadmin','2020-05-08 00:18:21','umadmin','2020-04-28 23:36:46',37,'TX_CD_DR_DMZ',NULL,'DMZ','','0022_0000000002','0023_0000000041','0014_0000000003','LINK','created'),('0024_0000000009',NULL,'0024_0000000009','umadmin','2020-05-08 00:18:21','umadmin','2020-04-28 23:36:46',37,'TX_CD_DR_ECN',NULL,'ECN','','0022_0000000002','0023_0000000042','0014_0000000004','LINK','created'),('0024_0000000010',NULL,'0024_0000000010','umadmin','2020-05-08 00:18:21','umadmin','2020-04-28 23:36:47',37,'TX_CD_DR_MGMT',NULL,'MGMT','','0022_0000000002','0023_0000000040','0014_0000000005','LINK','created'),('0024_0000000011',NULL,'0024_0000000011','umadmin','2020-05-08 00:18:21','umadmin','2020-04-28 23:36:47',37,'TX_CD_DR_QZ',NULL,'QZ','','0022_0000000002','0023_0000000039','0014_0000000006','LINK','created'),('0024_0000000012',NULL,'0024_0000000012','umadmin','2020-04-28 23:36:48','umadmin','2020-04-28 23:36:47',37,'ODC_WAN',NULL,'WAN','','0022_0000000006','0023_0000000030','0014_0000000007','CLIENT','created'),('0024_0000000013',NULL,'0024_0000000013','umadmin','2020-04-28 23:36:48','umadmin','2020-04-28 23:36:48',37,'ODC_PTN',NULL,'PTN','','0022_0000000006','0023_0000000031','0014_0000000008','CLIENT','created'),('0024_0000000014',NULL,'0024_0000000014','umadmin','2020-04-28 23:36:48','umadmin','2020-04-28 23:36:48',37,'ODC_TON',NULL,'TON','','0022_0000000006','0023_0000000032','0014_0000000009','CLIENT','created'),('0024_0000000015',NULL,'0024_0000000015','umadmin','2020-04-28 23:36:49','umadmin','2020-04-28 23:36:48',37,'ODC_BON',NULL,'BON','','0022_0000000006','0023_0000000033','0014_0000000010','CLIENT','created'),('0024_0000000016',NULL,'0024_0000000016','umadmin','2020-05-22 10:48:26','umadmin','2020-05-20 12:23:07',37,'ALI_HZ_PRD_SF',NULL,'SF','','0022_0000000009','0023_0000000063','0014_0000000011','CORE','created'),('0024_0000000017',NULL,'0024_0000000017','umadmin','2020-05-22 10:48:26','umadmin','2020-05-20 12:23:07',37,'ALI_HZ_PRD_DMZ',NULL,'DMZ','','0022_0000000009','0023_0000000065','0014_0000000012','LINK','created'),('0024_0000000018',NULL,'0024_0000000018','umadmin','2020-05-22 10:48:26','umadmin','2020-05-20 12:23:07',37,'ALI_HZ_PRD_MGMT',NULL,'MGMT','','0022_0000000009','0023_0000000064','0014_0000000013','LINK','created'),('0024_0000000019',NULL,'0024_0000000019','umadmin','2020-05-22 10:48:26','umadmin','2020-05-20 12:23:08',37,'ALI_HZ_PRD_TON',NULL,'TON','','0022_0000000009','0023_0000000081','0014_0000000014','CLIENT','created'),('0024_0000000020',NULL,'0024_0000000020','umadmin','2020-05-22 10:48:26','umadmin','2020-05-20 12:23:08',37,'ALI_HZ_PRD_WAN',NULL,'WAN','','0022_0000000009','0023_0000000082','0014_0000000015','CLIENT','created'),('0024_0000000021',NULL,'0024_0000000021','umadmin','2020-05-23 13:20:36','umadmin','2020-05-22 19:24:37',37,'TX_BJ_PRD_TON',NULL,'TON','','0022_0000000016','0023_0000000093','0014_0000000014','CLIENT','created'),('0024_0000000022',NULL,'0024_0000000022','umadmin','2020-05-23 13:20:36','umadmin','2020-05-22 19:24:38',37,'TX_BJ_PRD_WAN',NULL,'WAN','','0022_0000000016','0023_0000000092','0014_0000000015','CLIENT','created'),('0024_0000000023',NULL,'0024_0000000023','umadmin','2020-05-23 13:20:36','umadmin','2020-05-22 19:24:38',37,'TX_BJ_PRD_SF',NULL,'SF','','0022_0000000016','0023_0000000090','0014_0000000011','CORE','created'),('0024_0000000024',NULL,'0024_0000000024','umadmin','2020-05-23 13:20:36','umadmin','2020-05-22 19:24:38',37,'TX_BJ_PRD_DMZ',NULL,'DMZ','','0022_0000000016','0023_0000000089','0014_0000000012','LINK','created'),('0024_0000000025',NULL,'0024_0000000025','umadmin','2020-05-23 13:20:36','umadmin','2020-05-22 19:24:38',37,'TX_BJ_PRD_MGMT',NULL,'MGMT','','0022_0000000016','0023_0000000088','0014_0000000013','LINK','created');
/*!40000 ALTER TABLE `network_zone` ENABLE KEYS */;
UNLOCK TABLES;

--
-- Table structure for table `network_zone_design`
--

DROP TABLE IF EXISTS `network_zone_design`;
/*!40101 SET @saved_cs_client     = @@character_set_client */;
 SET character_set_client = utf8mb4 ;
CREATE TABLE `network_zone_design` (
  `guid` varchar(15) NOT NULL COMMENT '全局唯一ID',
  `p_guid` varchar(15) DEFAULT NULL COMMENT '前一版本数据的guid',
  `r_guid` varchar(15) DEFAULT NULL COMMENT '原始数据guid',
  `updated_by` varchar(50) DEFAULT NULL COMMENT '更新用户',
  `updated_date` datetime DEFAULT NULL COMMENT '更新日期',
  `created_by` varchar(50) DEFAULT NULL COMMENT '创建用户',
  `created_date` datetime DEFAULT NULL COMMENT '创建日期',
  `state` int(15) DEFAULT NULL COMMENT '状态',
  `key_name` varchar(1000) DEFAULT NULL COMMENT '唯一名称',
  `fixed_date` varchar(19) DEFAULT NULL COMMENT '确认日期',
  `code` varchar(1000) DEFAULT NULL COMMENT '编码',
  `description` varchar(1000) DEFAULT NULL COMMENT '描述说明',
  `data_center_design` varchar(15) DEFAULT NULL COMMENT '数据中心设计',
  `network_segment_design` varchar(15) DEFAULT NULL COMMENT '网段设计',
  `network_zone_layer` varchar(200) DEFAULT NULL COMMENT 'CLIENT | LINK | CORE',
  `state_code` varchar(50) DEFAULT NULL COMMENT '状态编码',
  PRIMARY KEY (`guid`)
) ENGINE=InnoDB DEFAULT CHARSET=utf8;
/*!40101 SET character_set_client = @saved_cs_client */;

--
-- Dumping data for table `network_zone_design`
--

LOCK TABLES `network_zone_design` WRITE;
/*!40000 ALTER TABLE `network_zone_design` DISABLE KEYS */;
INSERT INTO `network_zone_design` (`guid`, `p_guid`, `r_guid`, `updated_by`, `updated_date`, `created_by`, `created_date`, `state`, `key_name`, `fixed_date`, `code`, `description`, `data_center_design`, `network_segment_design`, `network_zone_layer`, `state_code`) VALUES ('0014_0000000002',NULL,'0014_0000000002','umadmin','2020-05-20 10:04:57','umadmin','2020-04-28 18:31:38',34,'PCD_SF',NULL,'SF','核心业务区域','0012_0000000001','0013_0000000003','CORE','new'),('0014_0000000003',NULL,'0014_0000000003','umadmin','2020-05-20 10:04:57','umadmin','2020-04-28 18:34:40',34,'PCD_DMZ',NULL,'DMZ','外网接入区域','0012_0000000001','0013_0000000004','LINK','new'),('0014_0000000004',NULL,'0014_0000000004','umadmin','2020-05-20 10:04:57','umadmin','2020-04-28 18:34:40',34,'PCD_ECN',NULL,'ECN','伙伴接入区域','0012_0000000001','0013_0000000005','LINK','new'),('0014_0000000005',NULL,'0014_0000000005','umadmin','2020-05-20 10:04:57','umadmin','2020-04-28 18:34:41',34,'PCD_MGMT',NULL,'MGMT','科技运维接入区域','0012_0000000001','0013_0000000006','LINK','new'),('0014_0000000006',NULL,'0014_0000000006','umadmin','2020-05-20 10:04:57','umadmin','2020-04-28 18:34:41',34,'PCD_QZ',NULL,'QZ','业务运营接入区域','0012_0000000001','0013_0000000007','LINK','new'),('0014_0000000007',NULL,'0014_0000000007','umadmin','2020-05-20 10:04:57','umadmin','2020-04-28 18:34:41',34,'PCD_WAN',NULL,'WAN','外网区域','0012_0000000001','0013_0000000008','CLIENT','new'),('0014_0000000008',NULL,'0014_0000000008','umadmin','2020-05-20 10:04:57','umadmin','2020-04-28 18:34:42',34,'PCD_PTN',NULL,'PTN','伙伴区域','0012_0000000001','0013_0000000009','CLIENT','new'),('0014_0000000009',NULL,'0014_0000000009','umadmin','2020-05-20 10:04:57','umadmin','2020-04-28 18:34:42',34,'PCD_TON',NULL,'TON','科技运维区域','0012_0000000001','0013_0000000010','CLIENT','new'),('0014_0000000010',NULL,'0014_0000000010','umadmin','2020-05-20 10:04:57','umadmin','2020-04-28 18:34:42',34,'PCD_BON',NULL,'BON','业务运营区域','0012_0000000001','0013_0000000011','CLIENT','new'),('0014_0000000011',NULL,'0014_0000000011','umadmin','2020-05-20 10:59:03','umadmin','2020-05-20 10:59:03',34,'DC_SF',NULL,'SF','','0012_0000000002','0013_0000000032','CORE','new'),('0014_0000000012',NULL,'0014_0000000012','umadmin','2020-05-20 11:02:34','umadmin','2020-05-20 11:02:34',34,'DC_DMZ',NULL,'DMZ','','0012_0000000002','0013_0000000034','LINK','new'),('0014_0000000013',NULL,'0014_0000000013','umadmin','2020-05-20 11:02:35','umadmin','2020-05-20 11:02:34',34,'DC_MGMT',NULL,'MGMT','','0012_0000000002','0013_0000000033','LINK','new'),('0014_0000000014',NULL,'0014_0000000014','umadmin','2020-05-20 11:02:35','umadmin','2020-05-20 11:02:35',34,'DC_TON',NULL,'TON','','0012_0000000002','0013_0000000046','CLIENT','new'),('0014_0000000015',NULL,'0014_0000000015','umadmin','2020-05-20 11:02:35','umadmin','2020-05-20 11:02:35',34,'DC_WAN',NULL,'WAN','','0012_0000000002','0013_0000000043','CLIENT','new');
/*!40000 ALTER TABLE `network_zone_design` ENABLE KEYS */;
UNLOCK TABLES;

--
-- Table structure for table `rdb_instance`
--

DROP TABLE IF EXISTS `rdb_instance`;
/*!40101 SET @saved_cs_client     = @@character_set_client */;
 SET character_set_client = utf8mb4 ;
CREATE TABLE `rdb_instance` (
  `guid` varchar(15) NOT NULL COMMENT '全局唯一ID',
  `p_guid` varchar(15) DEFAULT NULL COMMENT '前一版本数据的guid',
  `r_guid` varchar(15) DEFAULT NULL COMMENT '原始数据guid',
  `updated_by` varchar(50) DEFAULT NULL COMMENT '更新用户',
  `updated_date` datetime DEFAULT NULL COMMENT '更新日期',
  `created_by` varchar(50) DEFAULT NULL COMMENT '创建用户',
  `created_date` datetime DEFAULT NULL COMMENT '创建日期',
  `state` int(15) DEFAULT NULL COMMENT '状态',
  `key_name` varchar(1000) DEFAULT NULL COMMENT '唯一名称',
  `fixed_date` varchar(19) DEFAULT NULL COMMENT '确认日期',
  `code` varchar(1000) DEFAULT NULL COMMENT '编码',
  `description` varchar(1000) DEFAULT NULL COMMENT '描述说明',
  `cpu` varchar(200) DEFAULT NULL COMMENT '1 | 2 | 4 | 6 | 8',
  `deploy_package` varchar(15) DEFAULT NULL COMMENT '部署包',
  `deploy_package_url` varchar(200) DEFAULT NULL COMMENT '部署包路径',
  `deploy_script` varchar(200) DEFAULT NULL,
  `deploy_user` varchar(200) DEFAULT NULL COMMENT '字母开头由字母、数字、下划线组成的6-12位字符串',
  `deploy_user_password` varchar(200) DEFAULT NULL COMMENT '部署用户密码',
  `memory` varchar(200) DEFAULT NULL COMMENT '1 | 2 | 4 | 6 | 8 | 12 | 16',
  `port` varchar(200) DEFAULT NULL COMMENT '1000-4999的一个数字',
  `rdb_resource_instance` varchar(15) DEFAULT NULL COMMENT '数据库资源实例',
  `regular_backup_asset_id` varchar(200) DEFAULT NULL COMMENT '常规备份资产ID',
  `rollback_script` varchar(200) DEFAULT NULL,
  `state_code` varchar(50) DEFAULT NULL COMMENT '状态编码',
  `storage` varchar(200) DEFAULT NULL COMMENT '10的倍数',
  `unit` varchar(15) DEFAULT NULL COMMENT '单元',
  `upgrade_script` varchar(200) DEFAULT NULL,
  `variable_values` varchar(4000) DEFAULT NULL COMMENT '差异配置值',
  `name` varchar(200) DEFAULT NULL COMMENT '名称',
  `deploy_backup_asset_id` varchar(200) DEFAULT NULL COMMENT '部署备份资产ID',
  PRIMARY KEY (`guid`)
) ENGINE=InnoDB DEFAULT CHARSET=utf8;
/*!40101 SET character_set_client = @saved_cs_client */;

--
-- Dumping data for table `rdb_instance`
--

LOCK TABLES `rdb_instance` WRITE;
/*!40000 ALTER TABLE `rdb_instance` DISABLE KEYS */;
INSERT INTO `rdb_instance` (`guid`, `p_guid`, `r_guid`, `updated_by`, `updated_date`, `created_by`, `created_date`, `state`, `key_name`, `fixed_date`, `code`, `description`, `cpu`, `deploy_package`, `deploy_package_url`, `deploy_script`, `deploy_user`, `deploy_user_password`, `memory`, `port`, `rdb_resource_instance`, `regular_backup_asset_id`, `rollback_script`, `state_code`, `storage`, `unit`, `upgrade_script`, `variable_values`, `name`, `deploy_backup_asset_id`) VALUES ('0051_0000000002',NULL,'0051_0000000002','umadmin','2020-05-08 17:42:54','umadmin','2020-05-08 17:42:54',37,'democore_IP7544:3306',NULL,'democore(master)_IP7544:3306','','1','','',NULL,'democore','Abcd1234','2','3306','0033_0000000006','',NULL,'created','10','0048_0000000003',NULL,'=','democore',''),('0051_0000000004',NULL,'0051_0000000004','umadmin','2020-05-21 14:58:51','umadmin','2020-05-20 16:57:23',37,'ademocore_IP4323:3306',NULL,'ademocore(master)_IP4323:3306','','1','','',NULL,'dbuser','Abcd1234','2','3306','0033_0000000007','',NULL,'created','20','0048_0000000015',NULL,'=','ademocore',''),('0051_0000000005',NULL,'0051_0000000005','umadmin','2020-05-23 00:29:07','umadmin','2020-05-23 00:29:06',37,'ademocore_IP4383:3306',NULL,'ademocore(master)_IP4383:3306','','1','','',NULL,'dbuser','Abcd1234','2','3306','0033_0000000008','',NULL,'created','20','0048_0000000022',NULL,'=','ademocore','');
/*!40000 ALTER TABLE `rdb_instance` ENABLE KEYS */;
UNLOCK TABLES;

--
-- Table structure for table `rdb_resource_instance`
--

DROP TABLE IF EXISTS `rdb_resource_instance`;
/*!40101 SET @saved_cs_client     = @@character_set_client */;
 SET character_set_client = utf8mb4 ;
CREATE TABLE `rdb_resource_instance` (
  `guid` varchar(15) NOT NULL COMMENT '全局唯一ID',
  `p_guid` varchar(15) DEFAULT NULL COMMENT '前一版本数据的guid',
  `r_guid` varchar(15) DEFAULT NULL COMMENT '原始数据guid',
  `updated_by` varchar(50) DEFAULT NULL COMMENT '更新用户',
  `updated_date` datetime DEFAULT NULL COMMENT '更新日期',
  `created_by` varchar(50) DEFAULT NULL COMMENT '创建用户',
  `created_date` datetime DEFAULT NULL COMMENT '创建日期',
  `state` int(15) DEFAULT NULL COMMENT '状态',
  `key_name` varchar(1000) DEFAULT NULL COMMENT '唯一名称',
  `fixed_date` varchar(19) DEFAULT NULL COMMENT '确认日期',
  `code` varchar(1000) DEFAULT NULL COMMENT '编码',
  `description` varchar(1000) DEFAULT NULL COMMENT '描述说明',
  `asset_id` varchar(200) DEFAULT NULL COMMENT '资产ID',
  `backup_asset_id` varchar(200) DEFAULT NULL,
  `billing_cycle` varchar(200) DEFAULT NULL COMMENT '1 | 2 | 3',
  `charge_type` varchar(15) DEFAULT NULL COMMENT '计费模式',
  `cluster_node_type` varchar(15) DEFAULT NULL COMMENT '集群节点类型',
  `cpu` varchar(200) DEFAULT NULL COMMENT 'CPU(核)',
  `end_date` varchar(200) DEFAULT NULL COMMENT '截止时间，包年包月时必须给出',
  `ip_address` varchar(200) DEFAULT NULL COMMENT '待创建资源,填写IP+4位随机数字',
  `login_port` varchar(200) DEFAULT NULL COMMENT '1000-4999的一个数字',
  `master_resource_instance` varchar(15) DEFAULT NULL COMMENT '主资源实例',
  `memory` varchar(200) DEFAULT NULL COMMENT '内存(GB)',
  `monitor_key_name` varchar(200) DEFAULT NULL,
  `monitor_port` varchar(200) DEFAULT NULL COMMENT '1000-4999的一个数字，一般与登录端口一致',
  `name` varchar(200) DEFAULT NULL COMMENT '名称',
  `resource_instance_spec` varchar(15) DEFAULT NULL COMMENT '资源实例规格',
  `resource_instance_system` varchar(15) DEFAULT NULL COMMENT '资源系统',
  `resource_instance_type` varchar(15) DEFAULT NULL COMMENT '资源实例类型',
  `resource_set` varchar(15) DEFAULT NULL COMMENT '资源集合',
  `state_code` varchar(50) DEFAULT NULL COMMENT '状态编码',
  `storage` varchar(200) DEFAULT NULL COMMENT '50的倍数',
  `user_name` varchar(200) DEFAULT NULL COMMENT '用户名',
  `user_password` varchar(200) DEFAULT NULL COMMENT '用户密码',
  `storage_type` varchar(15) DEFAULT NULL COMMENT '存储类型',
  `network_segment` varchar(15) DEFAULT NULL COMMENT '网段',
  PRIMARY KEY (`guid`)
) ENGINE=InnoDB DEFAULT CHARSET=utf8;
/*!40101 SET character_set_client = @saved_cs_client */;

--
-- Dumping data for table `rdb_resource_instance`
--

LOCK TABLES `rdb_resource_instance` WRITE;
/*!40000 ALTER TABLE `rdb_resource_instance` DISABLE KEYS */;
INSERT INTO `rdb_resource_instance` (`guid`, `p_guid`, `r_guid`, `updated_by`, `updated_date`, `created_by`, `created_date`, `state`, `key_name`, `fixed_date`, `code`, `description`, `asset_id`, `backup_asset_id`, `billing_cycle`, `charge_type`, `cluster_node_type`, `cpu`, `end_date`, `ip_address`, `login_port`, `master_resource_instance`, `memory`, `monitor_key_name`, `monitor_port`, `name`, `resource_instance_spec`, `resource_instance_system`, `resource_instance_type`, `resource_set`, `state_code`, `storage`, `user_name`, `user_password`, `storage_type`, `network_segment`) VALUES ('0033_0000000004',NULL,'0033_0000000004','umadmin','2020-05-08 11:08:29','umadmin','2020-04-29 11:38:17',40,'TX_GZ_PRD_MGMT_1M1_MYSQL1__wecubecore',NULL,'wecubecore_IP3467','','','','','0063_0000000004','0008_0000000007','','','10.128.212.5','3306','','','IP3467:3306','3306','wecubecore','0010_0000000044','0011_0000000023','0009_0000000023','0029_0000000039','created','50','root','Wecube@123456','0062_0000000011','0023_0000000022'),('0033_0000000005',NULL,'0033_0000000005','umadmin','2020-05-08 15:35:37','umadmin','2020-04-29 11:38:18',40,'TX_GZ_PRD_MGMT_1M1_MYSQL1__wecubeplugin',NULL,'wecubeplugin_IP3425','','','','','0063_0000000004','0008_0000000007','','','10.128.212.15','3306','','','IP3425:3306','3306','wecubeplugin','0010_0000000045','0011_0000000023','0009_0000000023','0029_0000000039','created','50','root','Wecube@123456','0062_0000000011','0023_0000000022'),('0033_0000000006',NULL,'0033_0000000006','umadmin','2020-05-08 17:03:38','umadmin','2020-05-08 17:03:38',40,'TX_GZ_PRD_SF_1A1_MYSQL1__admmysql1',NULL,'admmysql1_IP7544','','','','','0063_0000000004','0008_0000000007','','','IP7544','3306','','','IP7544:3306','3306','admmysql1','0010_0000000044','0011_0000000023','0009_0000000023','0029_0000000055','created','50','root','Abcd1234','0062_0000000011','0023_0000000057'),('0033_0000000007',NULL,'0033_0000000007','umadmin','2020-05-21 14:58:51','umadmin','2020-05-20 15:11:02',40,'ALI_HZ_PRD_SF__MYSQL1__mysql01',NULL,'mysql01_IP4323','','','','','0063_0000000005','0008_0000000013','','','IP4323','3306','','','IP4323:3306','3306','mysql01','0010_0000000055','0011_0000000034','0009_0000000029','0029_0000000101','created','50','root','Abcd1234','0062_0000000041','0023_0000000066'),('0033_0000000008',NULL,'0033_0000000008','umadmin','2020-05-22 19:50:15','umadmin','2020-05-22 19:50:14',40,'TX_BJ_PRD_SF__MYSQL1__mysql01',NULL,'mysql01_IP4383','','','','','0063_0000000004','0008_0000000007','','','IP4383','3306','','','IP4383:3306','3306','mysql01','0010_0000000044','0011_0000000023','0009_0000000023','0029_0000000136','created','50','root','Abcd1234','0062_0000000011','0023_0000000102');
/*!40000 ALTER TABLE `rdb_resource_instance` ENABLE KEYS */;
UNLOCK TABLES;

--
-- Table structure for table `resource_instance_spec`
--

DROP TABLE IF EXISTS `resource_instance_spec`;
/*!40101 SET @saved_cs_client     = @@character_set_client */;
 SET character_set_client = utf8mb4 ;
CREATE TABLE `resource_instance_spec` (
  `guid` varchar(15) NOT NULL COMMENT '全局唯一ID',
  `p_guid` varchar(15) DEFAULT NULL COMMENT '前一版本数据的guid',
  `r_guid` varchar(15) DEFAULT NULL COMMENT '原始数据guid',
  `updated_by` varchar(50) DEFAULT NULL COMMENT '更新用户',
  `updated_date` datetime DEFAULT NULL COMMENT '更新日期',
  `created_by` varchar(50) DEFAULT NULL COMMENT '创建用户',
  `created_date` datetime DEFAULT NULL COMMENT '创建日期',
  `state` int(15) DEFAULT NULL COMMENT '状态',
  `key_name` varchar(1000) DEFAULT NULL COMMENT '唯一名称',
  `fixed_date` varchar(19) DEFAULT NULL COMMENT '确认日期',
  `code` varchar(1000) DEFAULT NULL COMMENT '编码',
  `description` varchar(1000) DEFAULT NULL COMMENT '描述说明',
  `name` varchar(200) DEFAULT NULL COMMENT '名称',
  `state_code` varchar(50) DEFAULT NULL COMMENT '状态编码',
  `unit_type` varchar(15) DEFAULT NULL COMMENT '单元类型',
  `resource_instance_type` varchar(15) DEFAULT NULL COMMENT '资源实例类型',
  PRIMARY KEY (`guid`)
) ENGINE=InnoDB DEFAULT CHARSET=utf8;
/*!40101 SET character_set_client = @saved_cs_client */;

--
-- Dumping data for table `resource_instance_spec`
--

LOCK TABLES `resource_instance_spec` WRITE;
/*!40000 ALTER TABLE `resource_instance_spec` DISABLE KEYS */;
INSERT INTO `resource_instance_spec` (`guid`, `p_guid`, `r_guid`, `updated_by`, `updated_date`, `created_by`, `created_date`, `state`, `key_name`, `fixed_date`, `code`, `description`, `name`, `state_code`, `unit_type`, `resource_instance_type`) VALUES ('0010_0000000041',NULL,'0010_0000000041','umadmin','2020-04-29 17:26:19','umadmin','2020-04-29 17:20:52',34,'2G',NULL,'2G','','2G','new',NULL,NULL),('0010_0000000042',NULL,'0010_0000000042','umadmin','2020-04-29 17:26:19','umadmin','2020-04-29 17:20:52',34,'4G',NULL,'4G','','4G','new',NULL,NULL),('0010_0000000043',NULL,'0010_0000000043','umadmin','2020-04-29 17:26:19','umadmin','2020-04-29 17:20:52',34,'8G',NULL,'8G','','8G','new',NULL,NULL),('0010_0000000044',NULL,'0010_0000000044','umadmin','2020-05-20 14:59:54','umadmin','2020-04-29 17:20:52',34,'1核2G',NULL,'2000','','1核2G','new',NULL,NULL),('0010_0000000045',NULL,'0010_0000000045','umadmin','2020-05-20 14:59:54','umadmin','2020-04-29 17:20:52',34,'2核4G',NULL,'4000','','2核4G','new',NULL,NULL),('0010_0000000046',NULL,'0010_0000000046','umadmin','2020-05-20 14:59:54','umadmin','2020-04-29 17:20:52',34,'4核8G',NULL,'8000','','4核8G','new',NULL,NULL),('0010_0000000047',NULL,'0010_0000000047','umadmin','2020-05-20 14:53:33','umadmin','2020-04-29 17:23:58',34,'1核2G',NULL,'1C2G','','1核2G','new',NULL,NULL),('0010_0000000048',NULL,'0010_0000000048','umadmin','2020-05-20 14:55:05','umadmin','2020-04-29 17:23:58',34,'2核4G',NULL,'2C4G','','2核4G','new',NULL,NULL),('0010_0000000049',NULL,'0010_0000000049','umadmin','2020-05-20 14:54:01','umadmin','2020-04-29 17:23:58',34,'4核8G',NULL,'4C8G','','4核8G','new',NULL,NULL),('0010_0000000050',NULL,'0010_0000000050','umadmin','2020-05-20 14:56:01','umadmin','2020-04-29 17:27:11',34,'2G',NULL,'2048','','2G','new',NULL,NULL),('0010_0000000051',NULL,'0010_0000000051','umadmin','2020-05-20 14:56:01','umadmin','2020-04-29 17:27:11',34,'4G',NULL,'4096','','4G','new',NULL,NULL),('0010_0000000052',NULL,'0010_0000000052','umadmin','2020-05-20 14:56:01','umadmin','2020-04-29 17:27:11',34,'8G',NULL,'8192','','8G','new',NULL,NULL),('0010_0000000053',NULL,'0010_0000000053','umadmin','2020-04-29 18:35:16','umadmin','2020-04-29 18:35:16',34,'2核4G',NULL,'2C4G','','2核4G','new',NULL,NULL),('0010_0000000054',NULL,'0010_0000000054','umadmin','2020-05-20 14:58:48','umadmin','2020-05-20 14:58:48',34,'1核2G',NULL,'1C2G','','1核2G','new',NULL,NULL),('0010_0000000055',NULL,'0010_0000000055','umadmin','2020-05-20 14:58:48','umadmin','2020-05-20 14:58:48',34,'2核4G',NULL,'2C4G','','2核4G','new',NULL,NULL),('0010_0000000056',NULL,'0010_0000000056','umadmin','2020-05-20 14:58:48','umadmin','2020-05-20 14:58:48',34,'4核8G',NULL,'4C8G','','4核8G','new',NULL,NULL);
/*!40000 ALTER TABLE `resource_instance_spec` ENABLE KEYS */;
UNLOCK TABLES;

--
-- Table structure for table `resource_instance_spec$resource_instance_type`
--

DROP TABLE IF EXISTS `resource_instance_spec$resource_instance_type`;
/*!40101 SET @saved_cs_client     = @@character_set_client */;
 SET character_set_client = utf8mb4 ;
CREATE TABLE `resource_instance_spec$resource_instance_type` (
  `id` int(11) NOT NULL AUTO_INCREMENT,
  `from_guid` varchar(15) COLLATE utf8mb4_unicode_ci NOT NULL,
  `to_guid` varchar(15) COLLATE utf8mb4_unicode_ci NOT NULL,
  `seq_no` int(5) DEFAULT '0',
  PRIMARY KEY (`id`)
) ENGINE=InnoDB AUTO_INCREMENT=179 DEFAULT CHARSET=utf8mb4 COLLATE=utf8mb4_unicode_ci;
/*!40101 SET character_set_client = @saved_cs_client */;

--
-- Dumping data for table `resource_instance_spec$resource_instance_type`
--

LOCK TABLES `resource_instance_spec$resource_instance_type` WRITE;
/*!40000 ALTER TABLE `resource_instance_spec$resource_instance_type` DISABLE KEYS */;
INSERT INTO `resource_instance_spec$resource_instance_type` (`id`, `from_guid`, `to_guid`, `seq_no`) VALUES (62,'0010_0000000041','0009_0000000007',1),(63,'0010_0000000041','0009_0000000006',2),(64,'0010_0000000042','0009_0000000007',1),(65,'0010_0000000042','0009_0000000006',2),(66,'0010_0000000043','0009_0000000007',1),(67,'0010_0000000043','0009_0000000006',2),(78,'0010_0000000053','0009_0000000005',2),(79,'0010_0000000053','0009_0000000012',1),(110,'0010_0000000047','0009_0000000022',2),(111,'0010_0000000047','0009_0000000013',4),(112,'0010_0000000047','0009_0000000021',6),(113,'0010_0000000047','0009_0000000036',7),(114,'0010_0000000047','0009_0000000001',1),(115,'0010_0000000047','0009_0000000034',9),(116,'0010_0000000047','0009_0000000030',8),(117,'0010_0000000047','0009_0000000016',5),(118,'0010_0000000047','0009_0000000004',3),(128,'0010_0000000049','0009_0000000001',1),(129,'0010_0000000049','0009_0000000019',2),(130,'0010_0000000049','0009_0000000031',7),(131,'0010_0000000049','0009_0000000032',8),(132,'0010_0000000049','0009_0000000020',3),(133,'0010_0000000049','0009_0000000017',6),(134,'0010_0000000049','0009_0000000016',5),(135,'0010_0000000049','0009_0000000034',9),(136,'0010_0000000049','0009_0000000018',4),(137,'0010_0000000048','0009_0000000019',2),(138,'0010_0000000048','0009_0000000020',3),(139,'0010_0000000048','0009_0000000018',4),(140,'0010_0000000048','0009_0000000034',9),(141,'0010_0000000048','0009_0000000012',11),(142,'0010_0000000048','0009_0000000001',1),(143,'0010_0000000048','0009_0000000032',8),(144,'0010_0000000048','0009_0000000035',10),(145,'0010_0000000048','0009_0000000031',7),(146,'0010_0000000048','0009_0000000005',12),(147,'0010_0000000048','0009_0000000016',5),(148,'0010_0000000048','0009_0000000017',6),(149,'0010_0000000050','0009_0000000027',3),(150,'0010_0000000050','0009_0000000028',4),(151,'0010_0000000050','0009_0000000026',2),(152,'0010_0000000050','0009_0000000025',1),(153,'0010_0000000051','0009_0000000027',3),(154,'0010_0000000051','0009_0000000028',4),(155,'0010_0000000051','0009_0000000026',2),(156,'0010_0000000051','0009_0000000025',1),(157,'0010_0000000052','0009_0000000027',3),(158,'0010_0000000052','0009_0000000028',4),(159,'0010_0000000052','0009_0000000026',2),(160,'0010_0000000052','0009_0000000025',1),(161,'0010_0000000054','0009_0000000002',2),(162,'0010_0000000054','0009_0000000033',3),(163,'0010_0000000054','0009_0000000024',1),(164,'0010_0000000054','0009_0000000029',4),(165,'0010_0000000055','0009_0000000002',2),(166,'0010_0000000055','0009_0000000033',3),(167,'0010_0000000055','0009_0000000024',1),(168,'0010_0000000055','0009_0000000029',4),(169,'0010_0000000056','0009_0000000002',2),(170,'0010_0000000056','0009_0000000033',4),(171,'0010_0000000056','0009_0000000024',1),(172,'0010_0000000056','0009_0000000029',3),(173,'0010_0000000044','0009_0000000015',2),(174,'0010_0000000044','0009_0000000023',1),(175,'0010_0000000045','0009_0000000015',2),(176,'0010_0000000045','0009_0000000023',1),(177,'0010_0000000046','0009_0000000002',2),(178,'0010_0000000046','0009_0000000024',1);
/*!40000 ALTER TABLE `resource_instance_spec$resource_instance_type` ENABLE KEYS */;
UNLOCK TABLES;

--
-- Table structure for table `resource_instance_system`
--

DROP TABLE IF EXISTS `resource_instance_system`;
/*!40101 SET @saved_cs_client     = @@character_set_client */;
 SET character_set_client = utf8mb4 ;
CREATE TABLE `resource_instance_system` (
  `guid` varchar(15) NOT NULL COMMENT '全局唯一ID',
  `p_guid` varchar(15) DEFAULT NULL COMMENT '前一版本数据的guid',
  `r_guid` varchar(15) DEFAULT NULL COMMENT '原始数据guid',
  `updated_by` varchar(50) DEFAULT NULL COMMENT '更新用户',
  `updated_date` datetime DEFAULT NULL COMMENT '更新日期',
  `created_by` varchar(50) DEFAULT NULL COMMENT '创建用户',
  `created_date` datetime DEFAULT NULL COMMENT '创建日期',
  `state` int(15) DEFAULT NULL COMMENT '状态',
  `key_name` varchar(1000) DEFAULT NULL COMMENT '唯一名称',
  `fixed_date` varchar(19) DEFAULT NULL COMMENT '确认日期',
  `code` varchar(1000) DEFAULT NULL COMMENT '编码',
  `description` varchar(1000) DEFAULT NULL COMMENT '描述说明',
  `resource_instance_type` varchar(15) DEFAULT NULL COMMENT '资源实例类型',
  `name` varchar(200) DEFAULT NULL COMMENT '名称',
  `state_code` varchar(50) DEFAULT NULL COMMENT '状态编码',
  PRIMARY KEY (`guid`)
) ENGINE=InnoDB DEFAULT CHARSET=utf8;
/*!40101 SET character_set_client = @saved_cs_client */;

--
-- Dumping data for table `resource_instance_system`
--

LOCK TABLES `resource_instance_system` WRITE;
/*!40000 ALTER TABLE `resource_instance_system` DISABLE KEYS */;
INSERT INTO `resource_instance_system` (`guid`, `p_guid`, `r_guid`, `updated_by`, `updated_date`, `created_by`, `created_date`, `state`, `key_name`, `fixed_date`, `code`, `description`, `resource_instance_type`, `name`, `state_code`) VALUES ('0011_0000000023',NULL,'0011_0000000023','umadmin','2020-04-29 17:18:34','umadmin','2020-04-29 17:18:34',34,'MYSQL5.6',NULL,'5.6','',NULL,'MYSQL5.6','new'),('0011_0000000024',NULL,'0011_0000000024','umadmin','2020-04-29 17:18:34','umadmin','2020-04-29 17:18:34',34,'MYSQL5.6',NULL,'5.6','',NULL,'MYSQL5.6','new'),('0011_0000000025',NULL,'0011_0000000025','umadmin','2020-04-29 17:18:34','umadmin','2020-04-29 17:18:34',34,'WinServer2012中文',NULL,'img-29hl923v','',NULL,'WinServer2012中文','new'),('0011_0000000026',NULL,'0011_0000000026','umadmin','2020-04-29 17:18:35','umadmin','2020-04-29 17:18:34',34,'WinServer2012中文',NULL,'img-29hl923v','',NULL,'WinServer2012中文','new'),('0011_0000000027',NULL,'0011_0000000027','umadmin','2020-04-29 17:18:35','umadmin','2020-04-29 17:18:35',34,'REDIS3.0',NULL,'3.0','',NULL,'REDIS3.0','new'),('0011_0000000028',NULL,'0011_0000000028','umadmin','2020-04-29 17:18:35','umadmin','2020-04-29 17:18:35',34,'REDIS4.0',NULL,'4.0','',NULL,'REDIS4.0','new'),('0011_0000000029',NULL,'0011_0000000029','umadmin','2020-04-29 17:18:35','umadmin','2020-04-29 17:18:35',34,'CentOS7.5 64位',NULL,'img-oikl1tzv','',NULL,'CentOS7.5 64位','new'),('0011_0000000030',NULL,'0011_0000000030','umadmin','2020-04-29 17:18:35','umadmin','2020-04-29 17:18:35',34,'CentOS7.5 64位',NULL,'img-oikl1tzv','',NULL,'CentOS7.5 64位','new'),('0011_0000000031',NULL,'0011_0000000031','umadmin','2020-05-20 15:01:13','umadmin','2020-05-20 15:01:13',34,'REDIS4.0',NULL,'4.0','',NULL,'REDIS4.0','new'),('0011_0000000032',NULL,'0011_0000000032','umadmin','2020-05-20 15:01:13','umadmin','2020-05-20 15:01:13',34,'REDIS5.0',NULL,'5.0','',NULL,'REDIS5.0','new'),('0011_0000000033',NULL,'0011_0000000033','umadmin','2020-05-20 15:05:11','umadmin','2020-05-20 15:05:11',34,'CentOS7.5 64位',NULL,'centos_7_05_64_20G_alibase_20181210.vhd','',NULL,'CentOS7.5 64位','new'),('0011_0000000034',NULL,'0011_0000000034','umadmin','2020-05-20 15:05:11','umadmin','2020-05-20 15:05:11',34,'MYSQL5.7',NULL,'5.7','',NULL,'MYSQL5.7','new'),('0011_0000000035',NULL,'0011_0000000035','umadmin','2020-05-20 15:05:11','umadmin','2020-05-20 15:05:11',34,'WinServer2012中文',NULL,'请查询配置','',NULL,'WinServer2012中文','new');
/*!40000 ALTER TABLE `resource_instance_system` ENABLE KEYS */;
UNLOCK TABLES;

--
-- Table structure for table `resource_instance_system$resource_instance_type`
--

DROP TABLE IF EXISTS `resource_instance_system$resource_instance_type`;
/*!40101 SET @saved_cs_client     = @@character_set_client */;
 SET character_set_client = utf8mb4 ;
CREATE TABLE `resource_instance_system$resource_instance_type` (
  `id` int(11) NOT NULL AUTO_INCREMENT,
  `from_guid` varchar(15) COLLATE utf8mb4_unicode_ci NOT NULL,
  `to_guid` varchar(15) COLLATE utf8mb4_unicode_ci NOT NULL,
  `seq_no` int(5) DEFAULT '0',
  PRIMARY KEY (`id`)
) ENGINE=InnoDB AUTO_INCREMENT=31 DEFAULT CHARSET=utf8mb4 COLLATE=utf8mb4_unicode_ci;
/*!40101 SET character_set_client = @saved_cs_client */;

--
-- Dumping data for table `resource_instance_system$resource_instance_type`
--

LOCK TABLES `resource_instance_system$resource_instance_type` WRITE;
/*!40000 ALTER TABLE `resource_instance_system$resource_instance_type` DISABLE KEYS */;
INSERT INTO `resource_instance_system$resource_instance_type` (`id`, `from_guid`, `to_guid`, `seq_no`) VALUES (1,'0011_0000000023','0009_0000000023',1),(2,'0011_0000000024','0009_0000000024',1),(3,'0011_0000000025','0009_0000000012',1),(4,'0011_0000000026','0009_0000000005',1),(5,'0011_0000000027','0009_0000000007',2),(6,'0011_0000000027','0009_0000000006',1),(7,'0011_0000000028','0009_0000000026',2),(8,'0011_0000000028','0009_0000000025',1),(9,'0011_0000000029','0009_0000000021',1),(10,'0011_0000000029','0009_0000000019',2),(11,'0011_0000000029','0009_0000000013',5),(12,'0011_0000000029','0009_0000000017',3),(13,'0011_0000000029','0009_0000000016',4),(14,'0011_0000000030','0009_0000000020',2),(15,'0011_0000000030','0009_0000000018',3),(16,'0011_0000000030','0009_0000000022',1),(17,'0011_0000000030','0009_0000000004',4),(18,'0011_0000000030','0009_0000000001',5),(19,'0011_0000000031','0009_0000000028',2),(20,'0011_0000000031','0009_0000000027',1),(21,'0011_0000000032','0009_0000000028',1),(22,'0011_0000000032','0009_0000000027',2),(23,'0011_0000000033','0009_0000000036',4),(24,'0011_0000000033','0009_0000000032',1),(25,'0011_0000000033','0009_0000000030',5),(26,'0011_0000000033','0009_0000000031',2),(27,'0011_0000000033','0009_0000000034',3),(28,'0011_0000000034','0009_0000000033',1),(29,'0011_0000000034','0009_0000000029',2),(30,'0011_0000000035','0009_0000000035',1);
/*!40000 ALTER TABLE `resource_instance_system$resource_instance_type` ENABLE KEYS */;
UNLOCK TABLES;

--
-- Table structure for table `resource_instance_type`
--

DROP TABLE IF EXISTS `resource_instance_type`;
/*!40101 SET @saved_cs_client     = @@character_set_client */;
 SET character_set_client = utf8mb4 ;
CREATE TABLE `resource_instance_type` (
  `guid` varchar(15) NOT NULL COMMENT '全局唯一ID',
  `p_guid` varchar(15) DEFAULT NULL COMMENT '前一版本数据的guid',
  `r_guid` varchar(15) DEFAULT NULL COMMENT '原始数据guid',
  `updated_by` varchar(50) DEFAULT NULL COMMENT '更新用户',
  `updated_date` datetime DEFAULT NULL COMMENT '更新日期',
  `created_by` varchar(50) DEFAULT NULL COMMENT '创建用户',
  `created_date` datetime DEFAULT NULL COMMENT '创建日期',
  `state` int(15) DEFAULT NULL COMMENT '状态',
  `key_name` varchar(1000) DEFAULT NULL COMMENT '唯一名称',
  `fixed_date` varchar(19) DEFAULT NULL COMMENT '确认日期',
  `code` varchar(1000) DEFAULT NULL COMMENT '编码',
  `description` varchar(1000) DEFAULT NULL COMMENT '描述说明',
  `name` varchar(200) DEFAULT NULL COMMENT '名称',
  `state_code` varchar(50) DEFAULT NULL COMMENT '状态编码',
  `unit_type` varchar(15) DEFAULT NULL COMMENT '单元类型',
  `cluster_type` varchar(15) DEFAULT NULL COMMENT '集群类型',
  PRIMARY KEY (`guid`)
) ENGINE=InnoDB DEFAULT CHARSET=utf8;
/*!40101 SET character_set_client = @saved_cs_client */;

--
-- Dumping data for table `resource_instance_type`
--

LOCK TABLES `resource_instance_type` WRITE;
/*!40000 ALTER TABLE `resource_instance_type` DISABLE KEYS */;
INSERT INTO `resource_instance_type` (`guid`, `p_guid`, `r_guid`, `updated_by`, `updated_date`, `created_by`, `created_date`, `state`, `key_name`, `fixed_date`, `code`, `description`, `name`, `state_code`, `unit_type`, `cluster_type`) VALUES ('0009_0000000001',NULL,'0009_0000000001','umadmin','2020-05-20 11:58:03','umadmin','2020-04-11 22:21:49',34,'内存型_华为云JAVA',NULL,'m3','','内存型','new','0002_0000000001','0007_0000000001'),('0009_0000000002',NULL,'0009_0000000002','umadmin','2020-05-20 11:58:03','umadmin','2020-04-11 23:36:11',34,'异步型_华为云MYSQL',NULL,'async','','异步型','new','0002_0000000002','0007_0000000002'),('0009_0000000003',NULL,'0009_0000000003','umadmin','2020-05-20 11:58:03','umadmin','2020-04-11 23:40:13',34,'内网型_华为云LB',NULL,'Internal','','内网型','new','0002_0000000004','0007_0000000003'),('0009_0000000004',NULL,'0009_0000000004','umadmin','2020-05-20 11:58:03','umadmin','2020-04-12 03:07:31',34,'通用型_华为云SQUID',NULL,'s3','','通用型','new','0002_0000000006','0007_0000000003'),('0009_0000000005',NULL,'0009_0000000005','umadmin','2020-05-20 11:58:03','umadmin','2020-04-12 03:09:45',34,'通用型_华为云VDI',NULL,'s3','','通用型','new','0002_0000000005','0007_0000000003'),('0009_0000000006',NULL,'0009_0000000006','umadmin','2020-05-20 11:58:03','umadmin','2020-04-13 00:07:13',34,'主从型_华为云REDIS',NULL,'ha','','主从型','new','0002_0000000003','0007_0000000005'),('0009_0000000007',NULL,'0009_0000000007','umadmin','2020-05-20 11:58:03','umadmin','2020-04-13 18:04:06',34,'单机型_华为云REDIS',NULL,'single','','单机型','new','0002_0000000003','0007_0000000006'),('0009_0000000008',NULL,'0009_0000000008','umadmin','2020-05-20 11:58:03','umadmin','2020-04-13 18:09:23',34,'外网型_华为云LB',NULL,'External','','外网型','new','0002_0000000004','0007_0000000003'),('0009_0000000009',NULL,'0009_0000000009','umadmin','2020-05-20 11:58:02','umadmin','2020-04-18 17:41:10',34,'外网型_腾讯云LB',NULL,'external_lb','','外网型','new','0002_0000000004','0007_0000000012'),('0009_0000000012',NULL,'0009_0000000012','umadmin','2020-05-20 11:58:02','umadmin','2020-04-18 17:41:11',34,'通用型_腾讯云VDI',NULL,'S3','','通用型','new','0002_0000000005','0007_0000000012'),('0009_0000000013',NULL,'0009_0000000013','umadmin','2020-05-20 11:58:02','umadmin','2020-04-18 17:41:11',34,'通用型_腾讯云SQUID',NULL,'S3','','通用型','new','0002_0000000006','0007_0000000012'),('0009_0000000014',NULL,'0009_0000000014','umadmin','2020-05-20 11:58:02','umadmin','2020-04-18 17:41:11',34,'内网型_腾讯云LB',NULL,'internal_lb','','内网型','new','0002_0000000004','0007_0000000012'),('0009_0000000015',NULL,'0009_0000000015','umadmin','2020-05-20 11:58:02','umadmin','2020-04-18 17:41:12',34,'异步型_腾讯云MYSQL',NULL,'0','','异步型','new','0002_0000000002','0007_0000000008'),('0009_0000000016',NULL,'0009_0000000016','umadmin','2020-05-20 11:58:02','umadmin','2020-04-18 17:41:12',34,'内存型_腾讯云JAVA',NULL,'M3','','内存型','new','0002_0000000001','0007_0000000007'),('0009_0000000017',NULL,'0009_0000000017','umadmin','2020-05-20 11:58:02','umadmin','2020-04-24 11:56:43',34,'内存型_腾讯云DOCKER',NULL,'M3','','内存型','new','0002_0000000012','0007_0000000007'),('0009_0000000018',NULL,'0009_0000000018','umadmin','2020-05-20 11:58:03','umadmin','2020-04-24 11:56:43',34,'内存型_华为云DOCKER',NULL,'m3','','内存型','new','0002_0000000012','0007_0000000001'),('0009_0000000019',NULL,'0009_0000000019','umadmin','2020-05-20 11:58:02','umadmin','2020-04-24 11:57:31',34,'内存型_腾讯云OAP',NULL,'M3','','内存型','new','0002_0000000010','0007_0000000012'),('0009_0000000020',NULL,'0009_0000000020','umadmin','2020-05-20 11:58:03','umadmin','2020-04-24 11:57:31',34,'内存型_华为云OAP',NULL,'m3','','内存型','new','0002_0000000010','0007_0000000003'),('0009_0000000021',NULL,'0009_0000000021','umadmin','2020-05-20 11:58:02','umadmin','2020-04-24 11:58:00',34,'通用型_腾讯云NGINX',NULL,'S3','','通用型','new','0002_0000000011','0007_0000000007'),('0009_0000000022',NULL,'0009_0000000022','umadmin','2020-05-20 11:58:03','umadmin','2020-04-24 11:58:01',34,'通用型_华为云NGINX',NULL,'s3','','通用型','new','0002_0000000011','0007_0000000001'),('0009_0000000023',NULL,'0009_0000000023','umadmin','2020-05-20 11:58:02','umadmin','2020-04-29 11:45:39',34,'半同步型_腾讯云MYSQL',NULL,'1','','半同步型','new','0002_0000000002','0007_0000000008'),('0009_0000000024',NULL,'0009_0000000024','umadmin','2020-05-20 11:58:03','umadmin','2020-04-29 11:45:39',34,'半同步型_华为云MYSQL',NULL,'semisync','','半同步型','new','0002_0000000002','0007_0000000002'),('0009_0000000025',NULL,'0009_0000000025','umadmin','2020-05-20 11:58:02','umadmin','2020-04-29 11:54:02',34,'集群版4.0_腾讯云REDIS',NULL,'7','','集群版4.0','new','0002_0000000003','0007_0000000017'),('0009_0000000026',NULL,'0009_0000000026','umadmin','2020-05-20 11:58:03','umadmin','2020-04-29 11:54:02',34,'主从型4.0_腾讯云REDIS',NULL,'6','','主从型4.0','new','0002_0000000003','0007_0000000009'),('0009_0000000027',NULL,'0009_0000000027','umadmin','2020-05-20 14:52:10','umadmin','2020-05-20 14:50:48',34,'集群型_阿里云REDIS',NULL,'CLUSTER','','集群型','new','0002_0000000003','0007_0000000018'),('0009_0000000028',NULL,'0009_0000000028','umadmin','2020-05-20 14:52:11','umadmin','2020-05-20 14:50:48',34,'主从型_阿里云REDIS',NULL,'MASTER_SLAVE','','主从型','new','0002_0000000003','0007_0000000023'),('0009_0000000029',NULL,'0009_0000000029','umadmin','2020-05-22 11:01:40','umadmin','2020-05-20 14:50:48',34,'高可用型_阿里云MYSQL',NULL,'HighAvailability','','高可用型','new','0002_0000000002','0007_0000000024'),('0009_0000000030',NULL,'0009_0000000030','umadmin','2020-05-20 14:50:49','umadmin','2020-05-20 14:50:48',34,'计算型_阿里云NGINX',NULL,'c6','','计算型','new','0002_0000000011','0007_0000000025'),('0009_0000000031',NULL,'0009_0000000031','umadmin','2020-05-20 14:50:49','umadmin','2020-05-20 14:50:49',34,'计算型_阿里云OAP',NULL,'c6','','计算型','new','0002_0000000010','0007_0000000020'),('0009_0000000032',NULL,'0009_0000000032','umadmin','2020-05-20 14:50:49','umadmin','2020-05-20 14:50:49',34,'内存型_阿里云DOCKER',NULL,'g6','','内存型','new','0002_0000000012','0007_0000000025'),('0009_0000000033',NULL,'0009_0000000033','umadmin','2020-05-22 11:01:40','umadmin','2020-05-20 14:50:49',34,'三节点企业型_阿里云MYSQL',NULL,'Finance','','三节点企业型','new','0002_0000000002','0007_0000000024'),('0009_0000000034',NULL,'0009_0000000034','umadmin','2020-05-20 14:50:49','umadmin','2020-05-20 14:50:49',34,'内存型_阿里云JAVA',NULL,'g6','','内存型','new','0002_0000000001','0007_0000000025'),('0009_0000000035',NULL,'0009_0000000035','umadmin','2020-05-20 14:50:49','umadmin','2020-05-20 14:50:49',34,'计算型_阿里云VDI',NULL,'c6','','计算型','new','0002_0000000005','0007_0000000020'),('0009_0000000036',NULL,'0009_0000000036','umadmin','2020-05-20 14:50:50','umadmin','2020-05-20 14:50:49',34,'计算型_阿里云SQUID',NULL,'c6','','计算型','new','0002_0000000006','0007_0000000020'),('0009_0000000037',NULL,'0009_0000000037','umadmin','2020-05-20 14:50:50','umadmin','2020-05-20 14:50:50',34,'内网型_阿里云LB',NULL,'intranet','','内网型','new','0002_0000000004','0007_0000000020'),('0009_0000000038',NULL,'0009_0000000038','umadmin','2020-05-20 14:50:50','umadmin','2020-05-20 14:50:50',34,'外网型_阿里云LB',NULL,'internet','','外网型','new','0002_0000000004','0007_0000000020');
/*!40000 ALTER TABLE `resource_instance_type` ENABLE KEYS */;
UNLOCK TABLES;

--
-- Table structure for table `resource_set`
--

DROP TABLE IF EXISTS `resource_set`;
/*!40101 SET @saved_cs_client     = @@character_set_client */;
 SET character_set_client = utf8mb4 ;
CREATE TABLE `resource_set` (
  `guid` varchar(15) NOT NULL COMMENT '全局唯一ID',
  `p_guid` varchar(15) DEFAULT NULL COMMENT '前一版本数据的guid',
  `r_guid` varchar(15) DEFAULT NULL COMMENT '原始数据guid',
  `updated_by` varchar(50) DEFAULT NULL COMMENT '更新用户',
  `updated_date` datetime DEFAULT NULL COMMENT '更新日期',
  `created_by` varchar(50) DEFAULT NULL COMMENT '创建用户',
  `created_date` datetime DEFAULT NULL COMMENT '创建日期',
  `state` int(15) DEFAULT NULL COMMENT '状态',
  `key_name` varchar(1000) DEFAULT NULL COMMENT '唯一名称',
  `fixed_date` varchar(19) DEFAULT NULL COMMENT '确认日期',
  `code` varchar(1000) DEFAULT NULL COMMENT '编码',
  `description` varchar(1000) DEFAULT NULL COMMENT '描述说明',
  `business_zone` varchar(15) DEFAULT NULL COMMENT '业务区域',
  `cluster_type` varchar(15) DEFAULT NULL COMMENT '集群类型',
  `logic_resource_set` varchar(15) DEFAULT NULL COMMENT '合法值[LOGIC,NODE]',
  `manage_role` varchar(15) DEFAULT NULL COMMENT '管理角色',
  `resource_type` varchar(200) DEFAULT NULL COMMENT 'BDP | HOST | RDB | CACHE | LB ',
  `resource_set_design` varchar(15) DEFAULT NULL COMMENT '资源集合设计',
  `resource_set_type` varchar(200) DEFAULT NULL COMMENT 'GROUP | NODE',
  `state_code` varchar(50) DEFAULT NULL COMMENT '状态编码',
  `unit_type` varchar(15) DEFAULT NULL COMMENT '单元类型',
  `network_zone` varchar(15) DEFAULT NULL COMMENT '网络区域',
  `init_script_type` varchar(200) DEFAULT NULL COMMENT 'S3 | LOCAL | USER_PARAM',
  `init_script` varchar(2000) DEFAULT NULL COMMENT '初始化脚本',
  PRIMARY KEY (`guid`)
) ENGINE=InnoDB DEFAULT CHARSET=utf8;
/*!40101 SET character_set_client = @saved_cs_client */;

--
-- Dumping data for table `resource_set`
--

LOCK TABLES `resource_set` WRITE;
/*!40000 ALTER TABLE `resource_set` DISABLE KEYS */;
INSERT INTO `resource_set` (`guid`, `p_guid`, `r_guid`, `updated_by`, `updated_date`, `created_by`, `created_date`, `state`, `key_name`, `fixed_date`, `code`, `description`, `business_zone`, `cluster_type`, `logic_resource_set`, `manage_role`, `resource_type`, `resource_set_design`, `resource_set_type`, `state_code`, `unit_type`, `network_zone`, `init_script_type`, `init_script`) VALUES ('0029_0000000002',NULL,'0029_0000000002','umadmin','2020-05-20 09:30:30','umadmin','2020-04-29 00:13:52',37,'__1E0_OAPP1',NULL,'OAPP1','','0028_0000000005','','','0001_0000000001','HOST','0019_0000000026','GROUP','created','0002_0000000010','','',''),('0029_0000000003',NULL,'0029_0000000003','umadmin','2020-05-20 09:30:31','umadmin','2020-04-29 00:13:53',37,'__1Q0_ELB1',NULL,'ELB1','','0028_0000000007','','','0001_0000000001','LB','0019_0000000027','GROUP','created','0002_0000000004','','',''),('0029_0000000004',NULL,'0029_0000000004','umadmin','2020-05-20 09:34:24','umadmin','2020-04-29 00:13:53',37,'__1Q0_VDI1',NULL,'VDI1','','0028_0000000007','','','0001_0000000001','HOST','0019_0000000028','GROUP','created','0002_0000000005','','',''),('0029_0000000005',NULL,'0029_0000000005','umadmin','2020-05-23 18:51:19','umadmin','2020-04-29 00:13:53',37,'__1E0_JAVA1',NULL,'JAVA1','','0028_0000000005','','','0001_0000000001','HOST','0019_0000000025','GROUP','created','0002_0000000001','','',''),('0029_0000000006',NULL,'0029_0000000006','umadmin','2020-05-20 09:30:32','umadmin','2020-04-29 00:13:54',37,'__1M0_SEC1',NULL,'SEC1','','0028_0000000006','','','0001_0000000001','HOST','0019_0000000022','GROUP','created','0002_0000000010','','',''),('0029_0000000007',NULL,'0029_0000000007','umadmin','2020-05-20 09:31:29','umadmin','2020-04-29 00:13:54',37,'__1M0_SQUID1',NULL,'SQUID1','','0028_0000000006','','','0001_0000000001','HOST','0019_0000000023','GROUP','created','0002_0000000006','','',''),('0029_0000000008',NULL,'0029_0000000008','umadmin','2020-05-20 09:31:29','umadmin','2020-04-29 00:13:55',37,'__1E0_ILB1',NULL,'ILB1','','0028_0000000005','','','0001_0000000001','LB','0019_0000000024','GROUP','created','0002_0000000004','','',''),('0029_0000000009',NULL,'0029_0000000009','umadmin','2020-05-20 09:31:30','umadmin','2020-04-29 00:13:55',37,'__1M0_VDI1',NULL,'VDI1','','0028_0000000006','','','0001_0000000001','HOST','0019_0000000021','GROUP','created','0002_0000000005','','',''),('0029_0000000010',NULL,'0029_0000000010','umadmin','2020-05-20 09:31:30','umadmin','2020-04-29 00:13:55',37,'__1M0_DOCKER1',NULL,'DOCKER1','','0028_0000000006','','','0001_0000000001','HOST','0019_0000000019','GROUP','created','0002_0000000012','','',''),('0029_0000000011',NULL,'0029_0000000011','umadmin','2020-05-20 09:31:31','umadmin','2020-04-29 00:13:56',37,'__1M0_ACCESS1',NULL,'ACCESS1','','0028_0000000006','','','0001_0000000001','HOST','0019_0000000020','GROUP','created','0002_0000000010','','',''),('0029_0000000012',NULL,'0029_0000000012','umadmin','2020-05-20 09:31:31','umadmin','2020-04-29 00:13:56',37,'__1D0_ILB1',NULL,'ILB1','','0028_0000000004','','','0001_0000000001','LB','0019_0000000016','GROUP','created','0002_0000000004','','',''),('0029_0000000013',NULL,'0029_0000000013','umadmin','2020-05-20 09:31:32','umadmin','2020-04-29 00:13:57',37,'__1M0_ILB1',NULL,'ILB1','','0028_0000000006','','','0001_0000000001','LB','0019_0000000017','GROUP','created','0002_0000000004','','',''),('0029_0000000014',NULL,'0029_0000000014','umadmin','2020-05-20 09:31:32','umadmin','2020-04-29 00:13:57',37,'__1M0_MYSQL1',NULL,'MYSQL1','','0028_0000000006','','','0001_0000000001','RDB','0019_0000000018','GROUP','created','0002_0000000002','','',''),('0029_0000000015',NULL,'0029_0000000015','umadmin','2020-05-20 09:31:32','umadmin','2020-04-29 00:13:57',37,'__1D0_ELB1',NULL,'ELB1','','0028_0000000004','','','0001_0000000001','LB','0019_0000000014','GROUP','created','0002_0000000004','','',''),('0029_0000000016',NULL,'0029_0000000016','umadmin','2020-05-20 09:31:33','umadmin','2020-04-29 00:13:58',37,'__1D0_JAVA1',NULL,'JAVA1','','0028_0000000004','','','0001_0000000001','HOST','0019_0000000015','GROUP','created','0002_0000000001','','',''),('0029_0000000017',NULL,'0029_0000000017','umadmin','2020-05-20 09:32:22','umadmin','2020-04-29 00:13:58',37,'__110_ILB1',NULL,'ILB1','','0028_0000000002','','','0001_0000000001','LB','0019_0000000011','GROUP','created','0002_0000000004','','',''),('0029_0000000018',NULL,'0029_0000000018','umadmin','2020-05-20 09:32:22','umadmin','2020-04-29 00:13:59',37,'__1D0_SQUID1',NULL,'SQUID1','','0028_0000000004','','','0001_0000000001','HOST','0019_0000000012','GROUP','created','0002_0000000006','','',''),('0029_0000000019',NULL,'0029_0000000019','umadmin','2020-05-20 09:32:22','umadmin','2020-04-29 00:13:59',37,'__1D0_NGINX1',NULL,'NGINX1','','0028_0000000004','','','0001_0000000001','HOST','0019_0000000013','GROUP','created','0002_0000000011','','',''),('0029_0000000020',NULL,'0029_0000000020','umadmin','2020-05-20 09:32:23','umadmin','2020-04-29 00:13:59',37,'__110_MYSQL1',NULL,'MYSQL1','','0028_0000000002','','','0001_0000000001','RDB','0019_0000000008','GROUP','created','0002_0000000002','','',''),('0029_0000000021',NULL,'0029_0000000021','umadmin','2020-05-20 09:32:24','umadmin','2020-04-29 00:14:00',37,'__1A0_OAPP1',NULL,'OAPP1','','0028_0000000003','','','0001_0000000001','HOST','0019_0000000005','GROUP','created','0002_0000000010','','',''),('0029_0000000022',NULL,'0029_0000000022','umadmin','2020-05-20 09:32:25','umadmin','2020-04-29 00:14:00',37,'__1A0_JAVA1',NULL,'JAVA1','','0028_0000000003','','','0001_0000000001','HOST','0019_0000000006','GROUP','created','0002_0000000001','','',''),('0029_0000000023',NULL,'0029_0000000023','umadmin','2020-05-20 09:32:38','umadmin','2020-04-29 00:18:24',37,'__1A0_MYSQL1',NULL,'MYSQL1','','0028_0000000003','','','0001_0000000001','RDB','0019_0000000002','GROUP','created','0002_0000000002','','',''),('0029_0000000024',NULL,'0029_0000000024','umadmin','2020-05-20 09:32:37','umadmin','2020-04-29 00:18:25',37,'__1A0_BDP1',NULL,'BDP1','','0028_0000000003','','','0001_0000000001','BDP','0019_0000000004','GROUP','created','0002_0000000008','','',''),('0029_0000000025',NULL,'0029_0000000025','umadmin','2020-05-20 09:32:26','umadmin','2020-04-29 00:18:25',37,'__1A0_REDIS1',NULL,'REDIS1','','0028_0000000003','','','0001_0000000001','CACHE','0019_0000000003','GROUP','created','0002_0000000003','','',''),('0029_0000000026',NULL,'0029_0000000026','umadmin','2020-05-20 09:32:25','umadmin','2020-04-29 00:18:26',37,'__1A0_ILB1',NULL,'ILB1','','0028_0000000003','','','0001_0000000001','LB','0019_0000000007','GROUP','created','0002_0000000004','','',''),('0029_0000000027',NULL,'0029_0000000027','umadmin','2020-05-20 09:32:23','umadmin','2020-04-29 00:20:42',37,'__110_REDIS1',NULL,'REDIS1','','0028_0000000002','','','0001_0000000001','CACHE','0019_0000000009','GROUP','created','0002_0000000003','','',''),('0029_0000000028',NULL,'0029_0000000028','umadmin','2020-05-20 09:32:24','umadmin','2020-04-29 00:20:43',37,'__110_JAVA1',NULL,'JAVA1','','0028_0000000002','','','0001_0000000001','HOST','0019_0000000010','GROUP','created','0002_0000000001','','',''),('0029_0000000029',NULL,'0029_0000000029','umadmin','2020-05-23 18:26:42','umadmin','2020-04-29 00:35:22',37,'TX_GZ_PRD_QZ_1Q1_VDI1',NULL,'VDI1','','0028_0000000016','0007_0000000007','0029_0000000004','0001_0000000001','HOST','0019_0000000028','NODE','created','0002_0000000005','0024_0000000006','',''),('0029_0000000030',NULL,'0029_0000000030','umadmin','2020-05-23 18:26:43','umadmin','2020-04-29 00:35:22',37,'TX_GZ_PRD_QZ_1Q1_ELB1',NULL,'ELB1','','0028_0000000016','0007_0000000012','0029_0000000003','0001_0000000001','LB','0019_0000000027','NODE','created','0002_0000000004','0024_0000000006','',''),('0029_0000000031',NULL,'0029_0000000031','umadmin','2020-05-23 18:28:19','umadmin','2020-04-29 00:35:23',37,'TX_GZ_PRD_ECN_1E1_OAPP1',NULL,'OAPP1','','0028_0000000018','0007_0000000007','0029_0000000002','0001_0000000001','HOST','0019_0000000026','NODE','created','0002_0000000010','0024_0000000004','',''),('0029_0000000032',NULL,'0029_0000000032','umadmin','2020-05-23 18:52:12','umadmin','2020-04-29 00:35:23',37,'TX_GZ_PRD_ECN_1E1_JAVA1',NULL,'JAVA1','','0028_0000000018','0007_0000000007','0029_0000000005','0001_0000000001','HOST','0019_0000000025','NODE','created','0002_0000000001','0024_0000000004','USER_PARAM','sudo yum install -y java-1.8.0-openjdk'),('0029_0000000033',NULL,'0029_0000000033','umadmin','2020-05-23 18:28:18','umadmin','2020-04-29 00:35:24',37,'TX_GZ_PRD_ECN_1E1_ILB1',NULL,'ILB1','','0028_0000000018','0007_0000000012','0029_0000000008','0001_0000000001','LB','0019_0000000024','NODE','created','0002_0000000004','0024_0000000004','',''),('0029_0000000034',NULL,'0029_0000000034','umadmin','2020-05-23 18:28:19','umadmin','2020-04-29 00:35:24',37,'TX_GZ_PRD_MGMT_1M1_SQUID1',NULL,'SQUID1','','0028_0000000014','0007_0000000012','0029_0000000007','0001_0000000001','HOST','0019_0000000023','NODE','created','0002_0000000006','0024_0000000005','USER_PARAM','sudo yum install squid -y'),('0029_0000000035',NULL,'0029_0000000035','umadmin','2020-05-23 18:28:17','umadmin','2020-04-29 00:35:25',37,'TX_GZ_PRD_MGMT_1M1_SEC1',NULL,'SEC1','','0028_0000000014','0007_0000000012','0029_0000000006','0001_0000000001','HOST','0019_0000000022','NODE','created','0002_0000000010','0024_0000000005','',''),('0029_0000000036',NULL,'0029_0000000036','umadmin','2020-05-23 18:28:18','umadmin','2020-04-29 00:35:25',37,'TX_GZ_PRD_MGMT_1M1_VDI1',NULL,'VDI1','','0028_0000000014','0007_0000000012','0029_0000000009','0001_0000000001','HOST','0019_0000000021','NODE','created','0002_0000000005','0024_0000000005','',''),('0029_0000000037',NULL,'0029_0000000037','umadmin','2020-05-23 18:28:16','umadmin','2020-04-29 00:35:26',37,'TX_GZ_PRD_MGMT_1M1_ACCESS1',NULL,'ACCESS1','','0028_0000000014','0007_0000000012','0029_0000000011','0001_0000000001','HOST','0019_0000000020','NODE','created','0002_0000000010','0024_0000000005','',''),('0029_0000000038',NULL,'0029_0000000038','umadmin','2020-05-23 18:28:16','umadmin','2020-04-29 00:35:26',37,'TX_GZ_PRD_MGMT_1M1_DOCKER1',NULL,'DOCKER1','','0028_0000000014','0007_0000000007','0029_0000000010','0001_0000000001','HOST','0019_0000000019','NODE','created','0002_0000000012','0024_0000000005','',''),('0029_0000000039',NULL,'0029_0000000039','umadmin','2020-05-23 18:28:17','umadmin','2020-04-29 00:35:26',37,'TX_GZ_PRD_MGMT_1M1_MYSQL1',NULL,'MYSQL1','','0028_0000000014','0007_0000000008','0029_0000000014','0001_0000000001','RDB','0019_0000000018','NODE','created','0002_0000000002','0024_0000000005','',''),('0029_0000000040',NULL,'0029_0000000040','umadmin','2020-05-23 18:28:50','umadmin','2020-04-29 00:35:27',37,'TX_GZ_PRD_MGMT_1M1_ILB1',NULL,'ILB1','','0028_0000000014','0007_0000000012','0029_0000000013','0001_0000000001','LB','0019_0000000017','NODE','created','0002_0000000004','0024_0000000005','',''),('0029_0000000041',NULL,'0029_0000000041','umadmin','2020-05-23 18:28:15','umadmin','2020-04-29 00:35:27',37,'TX_GZ_PRD_DMZ_1D1_ILB1',NULL,'ILB1','','0028_0000000012','0007_0000000012','0029_0000000012','0001_0000000001','LB','0019_0000000016','NODE','created','0002_0000000004','0024_0000000003','',''),('0029_0000000042',NULL,'0029_0000000042','umadmin','2020-05-23 18:28:49','umadmin','2020-04-29 00:35:28',37,'TX_GZ_PRD_DMZ_1D1_JAVA1',NULL,'JAVA1','','0028_0000000012','0007_0000000007','0029_0000000016','0001_0000000001','HOST','0019_0000000015','NODE','created','0002_0000000001','0024_0000000003','USER_PARAM','sudo yum install -y java-1.8.0-openjdk'),('0029_0000000043',NULL,'0029_0000000043','umadmin','2020-05-23 18:28:49','umadmin','2020-04-29 00:35:28',37,'TX_GZ_PRD_DMZ_1D1_ELB1',NULL,'ELB1','','0028_0000000012','0007_0000000012','0029_0000000015','0001_0000000001','LB','0019_0000000014','NODE','created','0002_0000000004','0024_0000000003','',''),('0029_0000000044',NULL,'0029_0000000044','umadmin','2020-05-23 18:28:48','umadmin','2020-04-29 00:35:29',37,'TX_GZ_PRD_DMZ_1D1_NGINX1',NULL,'NGINX1','','0028_0000000012','0007_0000000007','0029_0000000019','0001_0000000001','HOST','0019_0000000013','NODE','created','0002_0000000011','0024_0000000003','USER_PARAM','sudo yum install nginx -y'),('0029_0000000045',NULL,'0029_0000000045','umadmin','2020-05-23 18:28:48','umadmin','2020-04-29 00:35:29',37,'TX_GZ_PRD_DMZ_1D1_SQUID1',NULL,'SQUID1','','0028_0000000012','0007_0000000012','0029_0000000018','0001_0000000001','HOST','0019_0000000012','NODE','created','0002_0000000006','0024_0000000003','USER_PARAM','sudo yum install squid -y'),('0029_0000000046',NULL,'0029_0000000046','umadmin','2020-05-23 18:28:47','umadmin','2020-04-29 00:35:30',37,'TX_GZ_PRD_SF_111_ILB1',NULL,'ILB1','','0028_0000000008','0007_0000000012','0029_0000000017','0001_0000000001','LB','0019_0000000011','NODE','created','0002_0000000004','0024_0000000002','',''),('0029_0000000047',NULL,'0029_0000000047','umadmin','2020-05-23 18:28:47','umadmin','2020-04-29 00:35:30',37,'TX_GZ_PRD_SF_111_JAVA1',NULL,'JAVA1','','0028_0000000008','0007_0000000007','0029_0000000028','0001_0000000001','HOST','0019_0000000010','NODE','created','0002_0000000001','0024_0000000002','USER_PARAM','sudo yum install -y java-1.8.0-openjdk'),('0029_0000000048',NULL,'0029_0000000048','umadmin','2020-05-23 18:28:46','umadmin','2020-04-29 00:35:31',37,'TX_GZ_PRD_SF_111_REDIS1',NULL,'REDIS1','','0028_0000000008','0007_0000000009','0029_0000000027','0001_0000000001','CACHE','0019_0000000009','NODE','created','0002_0000000003','0024_0000000002','',''),('0029_0000000049',NULL,'0029_0000000049','umadmin','2020-05-23 18:28:46','umadmin','2020-04-29 00:35:31',37,'TX_GZ_PRD_SF_111_MYSQL1',NULL,'MYSQL1','','0028_0000000008','0007_0000000008','0029_0000000020','0001_0000000001','RDB','0019_0000000008','NODE','created','0002_0000000002','0024_0000000002','',''),('0029_0000000050',NULL,'0029_0000000050','umadmin','2020-05-23 18:29:10','umadmin','2020-04-29 00:35:32',37,'TX_GZ_PRD_SF_1A1_ILB1',NULL,'ILB1','','0028_0000000010','0007_0000000012','0029_0000000026','0001_0000000001','LB','0019_0000000007','NODE','created','0002_0000000004','0024_0000000002','',''),('0029_0000000051',NULL,'0029_0000000051','umadmin','2020-05-23 18:28:45','umadmin','2020-04-29 00:35:32',37,'TX_GZ_PRD_SF_1A1_JAVA1',NULL,'JAVA1','','0028_0000000010','0007_0000000007','0029_0000000022','0001_0000000001','HOST','0019_0000000006','NODE','created','0002_0000000001','0024_0000000002','USER_PARAM','sudo yum install -y java-1.8.0-openjdk'),('0029_0000000052',NULL,'0029_0000000052','umadmin','2020-05-23 18:29:09','umadmin','2020-04-29 00:35:33',37,'TX_GZ_PRD_SF_1A1_OAPP1',NULL,'OAPP1','','0028_0000000010','0007_0000000007','0029_0000000021','0001_0000000001','HOST','0019_0000000005','NODE','created','0002_0000000010','0024_0000000002','',''),('0029_0000000053',NULL,'0029_0000000053','umadmin','2020-05-23 18:29:09','umadmin','2020-04-29 00:35:33',37,'TX_GZ_PRD_SF_1A1_BDP1',NULL,'BDP1','','0028_0000000010','0007_0000000015','0029_0000000024','0001_0000000001','BDP','0019_0000000004','NODE','created','0002_0000000008','0024_0000000002','',''),('0029_0000000054',NULL,'0029_0000000054','umadmin','2020-05-23 18:29:08','umadmin','2020-04-29 00:35:34',37,'TX_GZ_PRD_SF_1A1_REDIS1',NULL,'REDIS1','','0028_0000000010','0007_0000000009','0029_0000000025','0001_0000000001','CACHE','0019_0000000003','NODE','created','0002_0000000003','0024_0000000002','',''),('0029_0000000055',NULL,'0029_0000000055','umadmin','2020-05-23 18:29:08','umadmin','2020-04-29 00:35:34',37,'TX_GZ_PRD_SF_1A1_MYSQL1',NULL,'MYSQL1','','0028_0000000010','0007_0000000008','0029_0000000023','0001_0000000001','RDB','0019_0000000002','NODE','created','0002_0000000002','0024_0000000002','',''),('0029_0000000056',NULL,'0029_0000000056','umadmin','2020-05-23 18:29:07','umadmin','2020-04-29 00:46:33',37,'TX_CD_DR_QZ_1Q2_VDI1',NULL,'VDI1','','0028_0000000017','0007_0000000007','0029_0000000004','0001_0000000001','HOST','0019_0000000028','NODE','created','0002_0000000005','0024_0000000011','',''),('0029_0000000057',NULL,'0029_0000000057','umadmin','2020-05-23 18:29:06','umadmin','2020-04-29 00:46:34',37,'TX_CD_DR_QZ_1Q2_ELB1',NULL,'ELB1','','0028_0000000017','0007_0000000012','0029_0000000003','0001_0000000001','LB','0019_0000000027','NODE','created','0002_0000000004','0024_0000000011','',''),('0029_0000000058',NULL,'0029_0000000058','umadmin','2020-05-23 18:29:07','umadmin','2020-04-29 00:46:34',37,'TX_CD_DR_ECN_1E2_OAPP1',NULL,'OAPP1','','0028_0000000019','0007_0000000007','0029_0000000002','0001_0000000001','HOST','0019_0000000026','NODE','created','0002_0000000010','0024_0000000009','',''),('0029_0000000059',NULL,'0029_0000000059','umadmin','2020-05-23 18:54:01','umadmin','2020-04-29 00:46:35',37,'TX_CD_DR_ECN_1E2_JAVA1',NULL,'JAVA1','','0028_0000000019','0007_0000000007','0029_0000000005','0001_0000000001','HOST','0019_0000000025','NODE','created','0002_0000000001','0024_0000000009','USER_PARAM','sudo yum install -y java-1.8.0-openjdk'),('0029_0000000060',NULL,'0029_0000000060','umadmin','2020-05-23 18:29:06','umadmin','2020-04-29 00:46:35',37,'TX_CD_DR_ECN_1E2_ILB1',NULL,'ILB1','','0028_0000000019','0007_0000000012','0029_0000000008','0001_0000000001','LB','0019_0000000024','NODE','created','0002_0000000004','0024_0000000009','',''),('0029_0000000061',NULL,'0029_0000000061','umadmin','2020-05-23 18:29:36','umadmin','2020-04-29 00:46:36',37,'TX_CD_DR_MGMT_1M2_SQUID1',NULL,'SQUID1','','0028_0000000015','0007_0000000012','0029_0000000007','0001_0000000001','HOST','0019_0000000023','NODE','created','0002_0000000006','0024_0000000010','USER_PARAM','sudo yum install squid -y'),('0029_0000000062',NULL,'0029_0000000062','umadmin','2020-05-23 18:29:36','umadmin','2020-04-29 00:46:36',37,'TX_CD_DR_MGMT_1M2_SEC1',NULL,'SEC1','','0028_0000000015','0007_0000000012','0029_0000000006','0001_0000000001','HOST','0019_0000000022','NODE','created','0002_0000000010','0024_0000000010','',''),('0029_0000000063',NULL,'0029_0000000063','umadmin','2020-05-23 18:29:35','umadmin','2020-04-29 00:46:37',37,'TX_CD_DR_MGMT_1M2_VDI1',NULL,'VDI1','','0028_0000000015','0007_0000000012','0029_0000000009','0001_0000000001','HOST','0019_0000000021','NODE','created','0002_0000000005','0024_0000000010','',''),('0029_0000000064',NULL,'0029_0000000064','umadmin','2020-05-23 18:29:35','umadmin','2020-04-29 00:46:37',37,'TX_CD_DR_MGMT_1M2_ACCESS1',NULL,'ACCESS1','','0028_0000000015','0007_0000000012','0029_0000000011','0001_0000000001','HOST','0019_0000000020','NODE','created','0002_0000000010','0024_0000000010','',''),('0029_0000000065',NULL,'0029_0000000065','umadmin','2020-05-23 18:29:36','umadmin','2020-04-29 00:46:37',37,'TX_CD_DR_MGMT_1M2_DOCKER1',NULL,'DOCKER1','','0028_0000000015','0007_0000000007','0029_0000000010','0001_0000000001','HOST','0019_0000000019','NODE','created','0002_0000000012','0024_0000000010','',''),('0029_0000000066',NULL,'0029_0000000066','umadmin','2020-05-23 18:29:34','umadmin','2020-04-29 00:46:38',37,'TX_CD_DR_MGMT_1M2_MYSQL1',NULL,'MYSQL1','','0028_0000000015','0007_0000000008','0029_0000000014','0001_0000000001','RDB','0019_0000000018','NODE','created','0002_0000000002','0024_0000000010','',''),('0029_0000000067',NULL,'0029_0000000067','umadmin','2020-05-23 18:29:34','umadmin','2020-04-29 00:46:38',37,'TX_CD_DR_MGMT_1M2_ILB1',NULL,'ILB1','','0028_0000000015','0007_0000000012','0029_0000000013','0001_0000000001','LB','0019_0000000017','NODE','created','0002_0000000004','0024_0000000010','',''),('0029_0000000068',NULL,'0029_0000000068','umadmin','2020-05-23 18:29:33','umadmin','2020-04-29 00:46:39',37,'TX_CD_DR_DMZ_1D2_ILB1',NULL,'ILB1','','0028_0000000013','0007_0000000012','0029_0000000012','0001_0000000001','LB','0019_0000000016','NODE','created','0002_0000000004','0024_0000000008','',''),('0029_0000000069',NULL,'0029_0000000069','umadmin','2020-05-23 18:29:33','umadmin','2020-04-29 00:46:39',37,'TX_CD_DR_DMZ_1D2_JAVA1',NULL,'JAVA1','','0028_0000000013','0007_0000000007','0029_0000000016','0001_0000000001','HOST','0019_0000000015','NODE','created','0002_0000000001','0024_0000000008','USER_PARAM','sudo yum install -y java-1.8.0-openjdk'),('0029_0000000070',NULL,'0029_0000000070','umadmin','2020-05-23 18:30:04','umadmin','2020-04-29 00:46:40',37,'TX_CD_DR_DMZ_1D2_ELB1',NULL,'ELB1','','0028_0000000013','0007_0000000012','0029_0000000015','0001_0000000001','LB','0019_0000000014','NODE','created','0002_0000000004','0024_0000000008','',''),('0029_0000000071',NULL,'0029_0000000071','umadmin','2020-05-23 18:29:32','umadmin','2020-04-29 00:46:40',37,'TX_CD_DR_DMZ_1D2_NGINX1',NULL,'NGINX1','','0028_0000000013','0007_0000000007','0029_0000000019','0001_0000000001','HOST','0019_0000000013','NODE','created','0002_0000000011','0024_0000000008','USER_PARAM','sudo yum install nginx -y'),('0029_0000000072',NULL,'0029_0000000072','umadmin','2020-05-23 18:30:03','umadmin','2020-04-29 00:46:41',37,'TX_CD_DR_DMZ_1D2_SQUID1',NULL,'SQUID1','','0028_0000000013','0007_0000000012','0029_0000000018','0001_0000000001','HOST','0019_0000000012','NODE','created','0002_0000000006','0024_0000000008','USER_PARAM','sudo yum install squid -y'),('0029_0000000073',NULL,'0029_0000000073','umadmin','2020-05-23 18:30:04','umadmin','2020-04-29 00:46:41',37,'TX_CD_DR_SF_112_ILB1',NULL,'ILB1','','0028_0000000009','0007_0000000012','0029_0000000017','0001_0000000001','LB','0019_0000000011','NODE','created','0002_0000000004','0024_0000000007','',''),('0029_0000000074',NULL,'0029_0000000074','umadmin','2020-05-23 18:30:02','umadmin','2020-04-29 00:46:42',37,'TX_CD_DR_SF_112_JAVA1',NULL,'JAVA1','','0028_0000000009','0007_0000000007','0029_0000000028','0001_0000000001','HOST','0019_0000000010','NODE','created','0002_0000000001','0024_0000000007','USER_PARAM','sudo yum install -y java-1.8.0-openjdk'),('0029_0000000075',NULL,'0029_0000000075','umadmin','2020-05-23 18:30:02','umadmin','2020-04-29 00:46:42',37,'TX_CD_DR_SF_112_REDIS1',NULL,'REDIS1','','0028_0000000009','0007_0000000009','0029_0000000027','0001_0000000001','CACHE','0019_0000000009','NODE','created','0002_0000000003','0024_0000000007','',''),('0029_0000000076',NULL,'0029_0000000076','umadmin','2020-05-23 18:30:01','umadmin','2020-04-29 00:46:43',37,'TX_CD_DR_SF_112_MYSQL1',NULL,'MYSQL1','','0028_0000000009','0007_0000000008','0029_0000000020','0001_0000000001','RDB','0019_0000000008','NODE','created','0002_0000000002','0024_0000000007','',''),('0029_0000000077',NULL,'0029_0000000077','umadmin','2020-05-23 18:30:02','umadmin','2020-04-29 00:46:43',37,'TX_CD_DR_SF_1A2_ILB1',NULL,'ILB1','','0028_0000000011','0007_0000000012','0029_0000000026','0001_0000000001','LB','0019_0000000007','NODE','created','0002_0000000004','0024_0000000007','',''),('0029_0000000078',NULL,'0029_0000000078','umadmin','2020-05-23 18:30:00','umadmin','2020-04-29 00:46:44',37,'TX_CD_DR_SF_1A2_JAVA1',NULL,'JAVA1','','0028_0000000011','0007_0000000007','0029_0000000022','0001_0000000001','HOST','0019_0000000006','NODE','created','0002_0000000001','0024_0000000007','USER_PARAM','sudo yum install -y java-1.8.0-openjdk'),('0029_0000000079',NULL,'0029_0000000079','umadmin','2020-05-23 18:30:01','umadmin','2020-04-29 00:46:44',37,'TX_CD_DR_SF_1A2_OAPP1',NULL,'OAPP1','','0028_0000000011','0007_0000000007','0029_0000000021','0001_0000000001','HOST','0019_0000000005','NODE','created','0002_0000000010','0024_0000000007','',''),('0029_0000000080',NULL,'0029_0000000080','umadmin','2020-05-23 18:30:19','umadmin','2020-04-29 00:46:45',37,'TX_CD_DR_SF_1A2_BDP1',NULL,'BDP1','','0028_0000000011','0007_0000000015','0029_0000000024','0001_0000000001','BDP','0019_0000000004','NODE','created','0002_0000000008','0024_0000000007','',''),('0029_0000000081',NULL,'0029_0000000081','umadmin','2020-05-23 18:30:00','umadmin','2020-04-29 00:46:45',37,'TX_CD_DR_SF_1A2_REDIS1',NULL,'REDIS1','','0028_0000000011','0007_0000000009','0029_0000000025','0001_0000000001','CACHE','0019_0000000003','NODE','created','0002_0000000003','0024_0000000007','',''),('0029_0000000082',NULL,'0029_0000000082','umadmin','2020-05-23 18:30:19','umadmin','2020-04-29 00:46:46',37,'TX_CD_DR_SF_1A2_MYSQL1',NULL,'MYSQL1','','0028_0000000011','0007_0000000008','0029_0000000023','0001_0000000001','RDB','0019_0000000002','NODE','created','0002_0000000002','0024_0000000007','',''),('0029_0000000101',NULL,'0029_0000000101','umadmin','2020-05-22 10:48:26','umadmin','2020-05-20 12:42:55',37,'ALI_HZ_PRD_SF__MYSQL1',NULL,'MYSQL1','','','0007_0000000024','','0001_0000000001','RDB','0019_0000000034','NODE','created','0002_0000000002','0024_0000000016','',''),('0029_0000000102',NULL,'0029_0000000102','umadmin','2020-05-22 10:48:26','umadmin','2020-05-20 12:42:56',37,'ALI_HZ_PRD_SF__REDIS1',NULL,'REDIS1','','','0007_0000000023','','0001_0000000001','CACHE','0019_0000000035','NODE','created','0002_0000000003','0024_0000000016','',''),('0029_0000000103',NULL,'0029_0000000103','umadmin','2020-05-22 10:48:26','umadmin','2020-05-20 12:42:56',37,'ALI_HZ_PRD_SF__JAVA1',NULL,'JAVA1','','','0007_0000000025','','0001_0000000001','HOST','0019_0000000037','NODE','created','0002_0000000001','0024_0000000016','USER_PARAM','sudo yum install -y java-1.8.0-openjdk'),('0029_0000000104',NULL,'0029_0000000104','umadmin','2020-05-22 10:48:26','umadmin','2020-05-20 12:42:57',37,'ALI_HZ_PRD_SF__ILB1',NULL,'ILB1','','','0007_0000000020','','0001_0000000001','LB','0019_0000000036','NODE','created','0002_0000000004','0024_0000000016','',''),('0029_0000000105',NULL,'0029_0000000105','umadmin','2020-05-22 10:48:27','umadmin','2020-05-20 12:42:57',37,'ALI_HZ_PRD_SF__BDP1',NULL,'BDP1','','','0007_0000000019','','0001_0000000001','BDP','0019_0000000045','NODE','created','0002_0000000008','0024_0000000016','',''),('0029_0000000106',NULL,'0029_0000000106','umadmin','2020-05-22 10:48:27','umadmin','2020-05-20 12:42:58',37,'ALI_HZ_PRD_MGMT__DOCKER1',NULL,'DOCKER1','','','0007_0000000025','','0001_0000000001','HOST','0019_0000000044','NODE','created','0002_0000000012','0024_0000000018','',''),('0029_0000000107',NULL,'0029_0000000107','umadmin','2020-05-22 10:48:27','umadmin','2020-05-20 12:45:48',37,'ALI_HZ_PRD_MGMT__MYSQL1',NULL,'MYSQL1','','','0007_0000000024','','0001_0000000001','RDB','0019_0000000043','NODE','created','0002_0000000002','0024_0000000018','',''),('0029_0000000113',NULL,'0029_0000000113','umadmin','2020-05-22 10:48:27','umadmin','2020-05-20 12:53:40',37,'ALI_HZ_PRD_DMZ__NGINX1',NULL,'NGINX1','','','0007_0000000025','','0001_0000000001','HOST','0019_0000000039','NODE','created','0002_0000000011','0024_0000000017','USER_PARAM','sudo yum install nginx -y'),('0029_0000000114',NULL,'0029_0000000114','umadmin','2020-05-22 10:48:27','umadmin','2020-05-20 12:53:40',37,'ALI_HZ_PRD_DMZ__JAVA1',NULL,'JAVA1','','','0007_0000000025','','0001_0000000001','HOST','0019_0000000040','NODE','created','0002_0000000001','0024_0000000017','USER_PARAM','sudo yum install -y java-1.8.0-openjdk'),('0029_0000000115',NULL,'0029_0000000115','umadmin','2020-05-22 10:48:27','umadmin','2020-05-20 12:53:41',37,'ALI_HZ_PRD_DMZ__ILB1',NULL,'ILB1','','','0007_0000000020','','0001_0000000001','LB','0019_0000000042','NODE','created','0002_0000000004','0024_0000000017','',''),('0029_0000000116',NULL,'0029_0000000116','umadmin','2020-05-22 10:48:27','umadmin','2020-05-20 12:53:41',37,'ALI_HZ_PRD_DMZ__ELB1',NULL,'ELB1','','','0007_0000000020','','0001_0000000001','LB','0019_0000000041','NODE','created','0002_0000000004','0024_0000000017','',''),('0029_0000000117',NULL,'0029_0000000117','umadmin','2020-05-22 10:48:27','umadmin','2020-05-20 12:53:42',37,'ALI_HZ_PRD_DMZ__SQUID1',NULL,'SQUID1','','','0007_0000000020','','0001_0000000001','HOST','0019_0000000038','NODE','created','0002_0000000006','0024_0000000017','USER_PARAM','sudo yum install squid -y'),('0029_0000000120',NULL,'0029_0000000120','umadmin','2020-05-22 10:48:27','umadmin','2020-05-20 16:36:38',37,'ALI_HZ_PRD_WAN__BROWER',NULL,'BROWER','','','0007_0000000020','','0001_0000000001','HOST','0019_0000000046','NODE','created','0002_0000000009','0024_0000000020','',''),('0029_0000000122',NULL,'0029_0000000122','umadmin','2020-05-22 18:39:00','umadmin','2020-05-22 18:38:49',37,'ALI_HZ_PRD_TON__BROWER',NULL,'BROWER','','','0007_0000000020','','0001_0000000001','HOST','0019_0000000048','NODE','created','0002_0000000009','0024_0000000019','',''),('0029_0000000123',NULL,'0029_0000000123','umadmin','2020-05-23 13:20:36','umadmin','2020-05-22 19:28:12',37,'TX_BJ_PRD_TON__BROWER',NULL,'BROWER','','','0007_0000000012','','0001_0000000001','HOST','0019_0000000048','NODE','created','0002_0000000009','0024_0000000021','',''),('0029_0000000124',NULL,'0029_0000000124','umadmin','2020-05-23 13:20:36','umadmin','2020-05-22 19:28:12',37,'TX_BJ_PRD_WAN__BROWER',NULL,'BROWER','','','0007_0000000012','','0001_0000000001','HOST','0019_0000000046','NODE','created','0002_0000000009','0024_0000000022','',''),('0029_0000000125',NULL,'0029_0000000125','umadmin','2020-05-23 13:20:36','umadmin','2020-05-22 19:28:12',37,'TX_BJ_PRD_DMZ__SQUID1',NULL,'SQUID1','','','0007_0000000012','','0001_0000000001','HOST','0019_0000000038','NODE','created','0002_0000000006','0024_0000000024','USER_PARAM','sudo yum install squid -y'),('0029_0000000126',NULL,'0029_0000000126','umadmin','2020-05-23 13:20:36','umadmin','2020-05-22 19:28:13',37,'TX_BJ_PRD_DMZ__ILB1',NULL,'ILB1','','','0007_0000000012','','0001_0000000001','LB','0019_0000000042','NODE','created','0002_0000000004','0024_0000000024','',''),('0029_0000000127',NULL,'0029_0000000127','umadmin','2020-05-23 13:20:36','umadmin','2020-05-22 19:28:13',37,'TX_BJ_PRD_DMZ__ELB1',NULL,'ELB1','','','0007_0000000012','','0001_0000000001','LB','0019_0000000041','NODE','created','0002_0000000004','0024_0000000024','',''),('0029_0000000128',NULL,'0029_0000000128','umadmin','2020-05-23 13:20:36','umadmin','2020-05-22 19:28:14',37,'TX_BJ_PRD_DMZ__NGINX1',NULL,'NGINX1','','','0007_0000000007','','0001_0000000001','HOST','0019_0000000039','NODE','created','0002_0000000011','0024_0000000024','USER_PARAM','sudo yum install nginx -y'),('0029_0000000129',NULL,'0029_0000000129','umadmin','2020-05-23 13:20:36','umadmin','2020-05-22 19:28:14',37,'TX_BJ_PRD_DMZ__JAVA1',NULL,'JAVA1','','','0007_0000000007','','0001_0000000001','HOST','0019_0000000040','NODE','created','0002_0000000001','0024_0000000024','USER_PARAM','sudo yum install -y java-1.8.0-openjdk'),('0029_0000000130',NULL,'0029_0000000130','umadmin','2020-05-23 13:20:36','umadmin','2020-05-22 19:28:15',37,'TX_BJ_PRD_MGMT__MYSQL1',NULL,'MYSQL1','','','0007_0000000008','','0001_0000000001','RDB','0019_0000000043','NODE','created','0002_0000000002','0024_0000000025','',''),('0029_0000000131',NULL,'0029_0000000131','umadmin','2020-05-23 13:20:36','umadmin','2020-05-22 19:28:15',37,'TX_BJ_PRD_MGMT__DOCKER1',NULL,'DOCKER1','','','0007_0000000007','','0001_0000000001','HOST','0019_0000000044','NODE','created','0002_0000000012','0024_0000000025','',''),('0029_0000000132',NULL,'0029_0000000132','umadmin','2020-05-23 13:20:36','umadmin','2020-05-22 19:28:16',37,'TX_BJ_PRD_SF__ILB1',NULL,'ILB1','','','0007_0000000012','','0001_0000000001','LB','0019_0000000036','NODE','created','0002_0000000004','0024_0000000023','',''),('0029_0000000133',NULL,'0029_0000000133','umadmin','2020-05-23 13:20:37','umadmin','2020-05-22 19:31:50',37,'TX_BJ_PRD_SF__BDP1',NULL,'BDP1','','','0007_0000000015','','0001_0000000001','BDP','0019_0000000045','NODE','created','0002_0000000008','0024_0000000023','',''),('0029_0000000134',NULL,'0029_0000000134','umadmin','2020-05-23 13:20:37','umadmin','2020-05-22 19:31:51',37,'TX_BJ_PRD_SF__REDIS1',NULL,'REDIS1','','','0007_0000000009','','0001_0000000001','CACHE','0019_0000000035','NODE','created','0002_0000000003','0024_0000000023','',''),('0029_0000000135',NULL,'0029_0000000135','umadmin','2020-05-23 13:20:37','umadmin','2020-05-22 19:31:51',37,'TX_BJ_PRD_SF__JAVA1',NULL,'JAVA1','','','0007_0000000007','','0001_0000000001','HOST','0019_0000000037','NODE','created','0002_0000000001','0024_0000000023','USER_PARAM','sudo yum install -y java-1.8.0-openjdk'),('0029_0000000136',NULL,'0029_0000000136','umadmin','2020-05-23 13:20:37','umadmin','2020-05-22 19:31:52',37,'TX_BJ_PRD_SF__MYSQL1',NULL,'MYSQL1','','','0007_0000000008','','0001_0000000001','RDB','0019_0000000034','NODE','created','0002_0000000002','0024_0000000023','','');
/*!40000 ALTER TABLE `resource_set` ENABLE KEYS */;
UNLOCK TABLES;

--
-- Table structure for table `resource_set$deploy_environment`
--

DROP TABLE IF EXISTS `resource_set$deploy_environment`;
/*!40101 SET @saved_cs_client     = @@character_set_client */;
 SET character_set_client = utf8mb4 ;
CREATE TABLE `resource_set$deploy_environment` (
  `id` int(11) NOT NULL AUTO_INCREMENT,
  `from_guid` varchar(15) COLLATE utf8mb4_unicode_ci NOT NULL,
  `to_guid` varchar(15) COLLATE utf8mb4_unicode_ci NOT NULL,
  `seq_no` int(5) DEFAULT '0',
  PRIMARY KEY (`id`)
) ENGINE=InnoDB AUTO_INCREMENT=178 DEFAULT CHARSET=utf8mb4 COLLATE=utf8mb4_unicode_ci;
/*!40101 SET character_set_client = @saved_cs_client */;

--
-- Dumping data for table `resource_set$deploy_environment`
--

LOCK TABLES `resource_set$deploy_environment` WRITE;
/*!40000 ALTER TABLE `resource_set$deploy_environment` DISABLE KEYS */;
INSERT INTO `resource_set$deploy_environment` (`id`, `from_guid`, `to_guid`, `seq_no`) VALUES (94,'0029_0000000102','0003_0000000001',1),(95,'0029_0000000103','0003_0000000001',1),(96,'0029_0000000104','0003_0000000001',1),(97,'0029_0000000105','0003_0000000001',1),(98,'0029_0000000106','0003_0000000001',1),(99,'0029_0000000101','0003_0000000001',1),(100,'0029_0000000113','0003_0000000001',1),(101,'0029_0000000114','0003_0000000001',1),(102,'0029_0000000115','0003_0000000001',1),(103,'0029_0000000116','0003_0000000001',1),(104,'0029_0000000117','0003_0000000001',1),(106,'0029_0000000120','0003_0000000001',1),(108,'0029_0000000122','0003_0000000001',1),(109,'0029_0000000132','0003_0000000001',1),(110,'0029_0000000130','0003_0000000001',1),(111,'0029_0000000131','0003_0000000001',1),(112,'0029_0000000128','0003_0000000001',1),(113,'0029_0000000129','0003_0000000001',1),(114,'0029_0000000126','0003_0000000001',1),(115,'0029_0000000127','0003_0000000001',1),(116,'0029_0000000123','0003_0000000001',1),(117,'0029_0000000124','0003_0000000001',1),(118,'0029_0000000125','0003_0000000001',1),(119,'0029_0000000133','0003_0000000001',1),(120,'0029_0000000134','0003_0000000001',1),(121,'0029_0000000135','0003_0000000001',1),(122,'0029_0000000136','0003_0000000001',1),(123,'0029_0000000029','0003_0000000001',1),(124,'0029_0000000030','0003_0000000001',1),(125,'0029_0000000041','0003_0000000001',1),(126,'0029_0000000037','0003_0000000001',1),(127,'0029_0000000038','0003_0000000001',1),(128,'0029_0000000039','0003_0000000001',1),(129,'0029_0000000035','0003_0000000001',1),(130,'0029_0000000036','0003_0000000001',1),(131,'0029_0000000033','0003_0000000001',1),(132,'0029_0000000034','0003_0000000001',1),(133,'0029_0000000031','0003_0000000001',1),(134,'0029_0000000051','0003_0000000001',1),(135,'0029_0000000048','0003_0000000001',1),(136,'0029_0000000049','0003_0000000001',1),(137,'0029_0000000046','0003_0000000001',1),(138,'0029_0000000047','0003_0000000001',1),(139,'0029_0000000044','0003_0000000001',1),(140,'0029_0000000045','0003_0000000001',1),(141,'0029_0000000042','0003_0000000001',1),(142,'0029_0000000043','0003_0000000001',1),(143,'0029_0000000040','0003_0000000001',1),(145,'0029_0000000060','0003_0000000002',1),(146,'0029_0000000057','0003_0000000002',1),(147,'0029_0000000058','0003_0000000002',1),(148,'0029_0000000056','0003_0000000002',1),(149,'0029_0000000054','0003_0000000001',1),(150,'0029_0000000055','0003_0000000001',1),(151,'0029_0000000052','0003_0000000001',1),(152,'0029_0000000053','0003_0000000001',1),(153,'0029_0000000050','0003_0000000001',1),(154,'0029_0000000071','0003_0000000002',1),(155,'0029_0000000068','0003_0000000002',1),(156,'0029_0000000069','0003_0000000002',1),(157,'0029_0000000066','0003_0000000002',1),(158,'0029_0000000067','0003_0000000002',1),(159,'0029_0000000063','0003_0000000002',1),(160,'0029_0000000064','0003_0000000002',1),(161,'0029_0000000065','0003_0000000002',1),(162,'0029_0000000061','0003_0000000002',1),(163,'0029_0000000062','0003_0000000002',1),(164,'0029_0000000081','0003_0000000002',1),(165,'0029_0000000078','0003_0000000002',1),(166,'0029_0000000079','0003_0000000002',1),(167,'0029_0000000076','0003_0000000002',1),(168,'0029_0000000077','0003_0000000002',1),(169,'0029_0000000074','0003_0000000002',1),(170,'0029_0000000075','0003_0000000002',1),(171,'0029_0000000072','0003_0000000002',1),(172,'0029_0000000073','0003_0000000002',1),(173,'0029_0000000070','0003_0000000002',1),(174,'0029_0000000082','0003_0000000002',1),(175,'0029_0000000080','0003_0000000002',1),(176,'0029_0000000032','0003_0000000001',1),(177,'0029_0000000059','0003_0000000002',1);
/*!40000 ALTER TABLE `resource_set$deploy_environment` ENABLE KEYS */;
UNLOCK TABLES;

--
-- Table structure for table `resource_set$network_segment`
--

DROP TABLE IF EXISTS `resource_set$network_segment`;
/*!40101 SET @saved_cs_client     = @@character_set_client */;
 SET character_set_client = utf8mb4 ;
CREATE TABLE `resource_set$network_segment` (
  `id` int(11) NOT NULL AUTO_INCREMENT,
  `from_guid` varchar(15) COLLATE utf8mb4_unicode_ci NOT NULL,
  `to_guid` varchar(15) COLLATE utf8mb4_unicode_ci NOT NULL,
  `seq_no` int(5) DEFAULT '0',
  PRIMARY KEY (`id`)
) ENGINE=InnoDB AUTO_INCREMENT=385 DEFAULT CHARSET=utf8mb4 COLLATE=utf8mb4_unicode_ci;
/*!40101 SET character_set_client = @saved_cs_client */;

--
-- Dumping data for table `resource_set$network_segment`
--

LOCK TABLES `resource_set$network_segment` WRITE;
/*!40000 ALTER TABLE `resource_set$network_segment` DISABLE KEYS */;
INSERT INTO `resource_set$network_segment` (`id`, `from_guid`, `to_guid`, `seq_no`) VALUES (219,'0029_0000000102','0023_0000000067',2),(220,'0029_0000000102','0023_0000000066',1),(221,'0029_0000000103','0023_0000000070',1),(222,'0029_0000000103','0023_0000000071',2),(223,'0029_0000000104','0023_0000000070',2),(224,'0029_0000000104','0023_0000000071',1),(225,'0029_0000000105','0023_0000000068',1),(226,'0029_0000000105','0023_0000000069',2),(227,'0029_0000000106','0023_0000000073',1),(228,'0029_0000000106','0023_0000000072',2),(229,'0029_0000000101','0023_0000000067',2),(230,'0029_0000000101','0023_0000000066',1),(231,'0029_0000000107','0023_0000000074',2),(232,'0029_0000000107','0023_0000000075',1),(233,'0029_0000000113','0023_0000000083',1),(234,'0029_0000000113','0023_0000000084',2),(235,'0029_0000000114','0023_0000000083',1),(236,'0029_0000000114','0023_0000000084',2),(237,'0029_0000000115','0023_0000000083',1),(238,'0029_0000000115','0023_0000000084',2),(239,'0029_0000000116','0023_0000000080',1),(240,'0029_0000000117','0023_0000000078',1),(241,'0029_0000000117','0023_0000000079',2),(243,'0029_0000000120','0023_0000000085',1),(245,'0029_0000000122','0023_0000000086',1),(280,'0029_0000000132','0023_0000000107',2),(281,'0029_0000000132','0023_0000000100',1),(282,'0029_0000000130','0023_0000000106',2),(283,'0029_0000000130','0023_0000000098',1),(284,'0029_0000000131','0023_0000000099',1),(285,'0029_0000000131','0023_0000000105',2),(286,'0029_0000000128','0023_0000000103',2),(287,'0029_0000000128','0023_0000000096',1),(288,'0029_0000000129','0023_0000000103',2),(289,'0029_0000000129','0023_0000000096',1),(290,'0029_0000000126','0023_0000000103',2),(291,'0029_0000000126','0023_0000000096',1),(292,'0029_0000000127','0023_0000000091',1),(293,'0029_0000000123','0023_0000000094',1),(294,'0029_0000000124','0023_0000000095',1),(295,'0029_0000000125','0023_0000000097',1),(296,'0029_0000000125','0023_0000000104',2),(297,'0029_0000000133','0023_0000000101',1),(298,'0029_0000000133','0023_0000000108',2),(299,'0029_0000000134','0023_0000000102',1),(300,'0029_0000000134','0023_0000000109',2),(301,'0029_0000000135','0023_0000000100',1),(302,'0029_0000000135','0023_0000000107',2),(303,'0029_0000000136','0023_0000000102',1),(304,'0029_0000000136','0023_0000000109',2),(305,'0029_0000000029','0023_0000000027',2),(306,'0029_0000000029','0023_0000000026',1),(307,'0029_0000000030','0023_0000000029',1),(308,'0029_0000000041','0023_0000000011',2),(309,'0029_0000000041','0023_0000000010',1),(310,'0029_0000000037','0023_0000000021',2),(311,'0029_0000000037','0023_0000000020',1),(312,'0029_0000000038','0023_0000000021',2),(313,'0029_0000000038','0023_0000000020',1),(314,'0029_0000000039','0023_0000000023',2),(315,'0029_0000000039','0023_0000000022',1),(316,'0029_0000000035','0023_0000000016',1),(317,'0029_0000000035','0023_0000000017',2),(318,'0029_0000000036','0023_0000000019',2),(319,'0029_0000000036','0023_0000000018',1),(320,'0029_0000000033','0023_0000000015',2),(321,'0029_0000000033','0023_0000000014',1),(322,'0029_0000000034','0023_0000000024',1),(323,'0029_0000000034','0023_0000000025',2),(324,'0029_0000000031','0023_0000000015',2),(325,'0029_0000000031','0023_0000000014',1),(326,'0029_0000000051','0023_0000000008',1),(327,'0029_0000000051','0023_0000000009',2),(328,'0029_0000000048','0023_0000000057',2),(329,'0029_0000000048','0023_0000000056',1),(330,'0029_0000000049','0023_0000000057',2),(331,'0029_0000000049','0023_0000000056',1),(332,'0029_0000000046','0023_0000000008',1),(333,'0029_0000000046','0023_0000000009',2),(334,'0029_0000000047','0023_0000000008',1),(335,'0029_0000000047','0023_0000000009',2),(336,'0029_0000000044','0023_0000000010',1),(337,'0029_0000000044','0023_0000000011',2),(338,'0029_0000000045','0023_0000000012',1),(339,'0029_0000000045','0023_0000000013',2),(340,'0029_0000000042','0023_0000000010',1),(341,'0029_0000000042','0023_0000000011',2),(342,'0029_0000000043','0023_0000000028',1),(343,'0029_0000000040','0023_0000000020',1),(344,'0029_0000000040','0023_0000000021',2),(346,'0029_0000000060','0023_0000000052',1),(347,'0029_0000000057','0023_0000000045',1),(348,'0029_0000000058','0023_0000000052',1),(349,'0029_0000000056','0023_0000000046',1),(350,'0029_0000000054','0023_0000000057',2),(351,'0029_0000000054','0023_0000000056',1),(352,'0029_0000000055','0023_0000000057',2),(353,'0029_0000000055','0023_0000000056',1),(354,'0029_0000000052','0023_0000000009',2),(355,'0029_0000000052','0023_0000000008',1),(356,'0029_0000000053','0023_0000000059',2),(357,'0029_0000000053','0023_0000000058',1),(358,'0029_0000000050','0023_0000000009',2),(359,'0029_0000000050','0023_0000000008',1),(360,'0029_0000000071','0023_0000000054',1),(361,'0029_0000000068','0023_0000000054',1),(362,'0029_0000000069','0023_0000000054',1),(363,'0029_0000000066','0023_0000000048',1),(364,'0029_0000000067','0023_0000000049',1),(365,'0029_0000000063','0023_0000000050',1),(366,'0029_0000000064','0023_0000000049',1),(367,'0029_0000000065','0023_0000000049',1),(368,'0029_0000000061','0023_0000000047',1),(369,'0029_0000000062','0023_0000000051',1),(370,'0029_0000000081','0023_0000000061',1),(371,'0029_0000000078','0023_0000000055',1),(372,'0029_0000000079','0023_0000000055',1),(373,'0029_0000000076','0023_0000000061',1),(374,'0029_0000000077','0023_0000000055',1),(375,'0029_0000000074','0023_0000000055',1),(376,'0029_0000000075','0023_0000000061',1),(377,'0029_0000000072','0023_0000000053',1),(378,'0029_0000000073','0023_0000000055',1),(379,'0029_0000000070','0023_0000000044',1),(380,'0029_0000000082','0023_0000000061',1),(381,'0029_0000000080','0023_0000000060',1),(382,'0029_0000000032','0023_0000000014',1),(383,'0029_0000000032','0023_0000000015',2),(384,'0029_0000000059','0023_0000000052',1);
/*!40000 ALTER TABLE `resource_set$network_segment` ENABLE KEYS */;
UNLOCK TABLES;

--
-- Table structure for table `resource_set_design`
--

DROP TABLE IF EXISTS `resource_set_design`;
/*!40101 SET @saved_cs_client     = @@character_set_client */;
 SET character_set_client = utf8mb4 ;
CREATE TABLE `resource_set_design` (
  `guid` varchar(15) NOT NULL COMMENT '全局唯一ID',
  `p_guid` varchar(15) DEFAULT NULL COMMENT '前一版本数据的guid',
  `r_guid` varchar(15) DEFAULT NULL COMMENT '原始数据guid',
  `updated_by` varchar(50) DEFAULT NULL COMMENT '更新用户',
  `updated_date` datetime DEFAULT NULL COMMENT '更新日期',
  `created_by` varchar(50) DEFAULT NULL COMMENT '创建用户',
  `created_date` datetime DEFAULT NULL COMMENT '创建日期',
  `state` int(15) DEFAULT NULL COMMENT '状态',
  `key_name` varchar(1000) DEFAULT NULL COMMENT '唯一名称',
  `fixed_date` varchar(19) DEFAULT NULL COMMENT '确认日期',
  `code` varchar(1000) DEFAULT NULL COMMENT '编码',
  `description` varchar(1000) DEFAULT NULL COMMENT '描述说明',
  `business_zone_design` varchar(15) DEFAULT NULL COMMENT '安全区域设计',
  `network_segment_design` varchar(15) DEFAULT NULL COMMENT '网段设计',
  `state_code` varchar(50) DEFAULT NULL COMMENT '状态编码',
  `unit_type` varchar(15) DEFAULT NULL COMMENT '单元类型',
  `network_zone_design` varchar(15) DEFAULT NULL COMMENT '网络区域设计',
  PRIMARY KEY (`guid`)
) ENGINE=InnoDB DEFAULT CHARSET=utf8;
/*!40101 SET character_set_client = @saved_cs_client */;

--
-- Dumping data for table `resource_set_design`
--

LOCK TABLES `resource_set_design` WRITE;
/*!40000 ALTER TABLE `resource_set_design` DISABLE KEYS */;
INSERT INTO `resource_set_design` (`guid`, `p_guid`, `r_guid`, `updated_by`, `updated_date`, `created_by`, `created_date`, `state`, `key_name`, `fixed_date`, `code`, `description`, `business_zone_design`, `network_segment_design`, `state_code`, `unit_type`, `network_zone_design`) VALUES ('0019_0000000002',NULL,'0019_0000000002','umadmin','2020-05-20 10:04:57','umadmin','2020-04-28 21:10:05',34,'PCD_SF_ADM_MYSQL',NULL,'MYSQL','','0018_0000000002','0013_0000000012','new','0002_0000000002','0014_0000000002'),('0019_0000000003',NULL,'0019_0000000003','umadmin','2020-05-20 10:04:57','umadmin','2020-04-28 21:10:06',34,'PCD_SF_ADM_REDIS',NULL,'REDIS','','0018_0000000002','0013_0000000012','new','0002_0000000003','0014_0000000002'),('0019_0000000004',NULL,'0019_0000000004','umadmin','2020-05-20 10:04:57','umadmin','2020-04-28 21:10:06',34,'PCD_SF_ADM_BDP',NULL,'BDP','','0018_0000000002','0013_0000000013','new','0002_0000000008','0014_0000000002'),('0019_0000000005',NULL,'0019_0000000005','umadmin','2020-05-20 10:04:57','umadmin','2020-04-28 21:10:07',34,'PCD_SF_ADM_OAPP',NULL,'OAPP','','0018_0000000002','0013_0000000014','new','0002_0000000010','0014_0000000002'),('0019_0000000006',NULL,'0019_0000000006','umadmin','2020-05-20 10:04:57','umadmin','2020-04-28 21:10:07',34,'PCD_SF_ADM_JAVA',NULL,'JAVA','','0018_0000000002','0013_0000000014','new','0002_0000000001','0014_0000000002'),('0019_0000000007',NULL,'0019_0000000007','umadmin','2020-05-20 10:04:57','umadmin','2020-04-28 21:10:07',34,'PCD_SF_ADM_ILB',NULL,'ILB','','0018_0000000002','0013_0000000014','new','0002_0000000004','0014_0000000002'),('0019_0000000008',NULL,'0019_0000000008','umadmin','2020-05-20 10:04:57','umadmin','2020-04-28 21:10:08',34,'PCD_SF_DCN_MYSQL',NULL,'MYSQL','','0018_0000000003','0013_0000000012','new','0002_0000000002','0014_0000000002'),('0019_0000000009',NULL,'0019_0000000009','umadmin','2020-05-20 10:04:57','umadmin','2020-04-28 21:10:08',34,'PCD_SF_DCN_REDIS',NULL,'REDIS','','0018_0000000003','0013_0000000012','new','0002_0000000003','0014_0000000002'),('0019_0000000010',NULL,'0019_0000000010','umadmin','2020-05-20 10:04:57','umadmin','2020-04-28 21:10:08',34,'PCD_SF_DCN_JAVA',NULL,'JAVA','','0018_0000000003','0013_0000000014','new','0002_0000000001','0014_0000000002'),('0019_0000000011',NULL,'0019_0000000011','umadmin','2020-05-20 10:04:57','umadmin','2020-04-28 21:10:09',34,'PCD_SF_DCN_ILB',NULL,'ILB','','0018_0000000003','0013_0000000014','new','0002_0000000004','0014_0000000002'),('0019_0000000012',NULL,'0019_0000000012','umadmin','2020-05-20 10:04:57','umadmin','2020-04-28 21:10:09',34,'PCD_DMZ_DMZ_SQUID',NULL,'SQUID','','0018_0000000004','0013_0000000016','new','0002_0000000006','0014_0000000003'),('0019_0000000013',NULL,'0019_0000000013','umadmin','2020-05-20 10:04:57','umadmin','2020-04-28 21:10:09',34,'PCD_DMZ_DMZ_NGINX',NULL,'NGINX','','0018_0000000004','0013_0000000015','new','0002_0000000011','0014_0000000003'),('0019_0000000014',NULL,'0019_0000000014','umadmin','2020-05-20 10:04:57','umadmin','2020-04-28 21:10:10',34,'PCD_DMZ_DMZ_ELB',NULL,'ELB','','0018_0000000004','0013_0000000017','new','0002_0000000004','0014_0000000003'),('0019_0000000015',NULL,'0019_0000000015','umadmin','2020-05-20 10:04:57','umadmin','2020-04-28 21:10:10',34,'PCD_DMZ_DMZ_JAVA',NULL,'JAVA','','0018_0000000004','0013_0000000015','new','0002_0000000001','0014_0000000003'),('0019_0000000016',NULL,'0019_0000000016','umadmin','2020-05-20 10:04:57','umadmin','2020-04-28 21:10:11',34,'PCD_DMZ_DMZ_ILB',NULL,'ILB','','0018_0000000004','0013_0000000015','new','0002_0000000004','0014_0000000003'),('0019_0000000017',NULL,'0019_0000000017','umadmin','2020-05-20 10:04:57','umadmin','2020-04-28 21:10:11',34,'PCD_MGMT_MT_ILB',NULL,'ILB','','0018_0000000006','0013_0000000022','new','0002_0000000004','0014_0000000005'),('0019_0000000018',NULL,'0019_0000000018','umadmin','2020-05-20 10:04:58','umadmin','2020-04-28 21:10:11',34,'PCD_MGMT_MT_MYSQL',NULL,'MYSQL','','0018_0000000006','0013_0000000021','new','0002_0000000002','0014_0000000005'),('0019_0000000019',NULL,'0019_0000000019','umadmin','2020-05-20 10:04:58','umadmin','2020-04-28 21:10:12',34,'PCD_MGMT_MT_DOCKER',NULL,'DOCKER','','0018_0000000006','0013_0000000022','new','0002_0000000012','0014_0000000005'),('0019_0000000020',NULL,'0019_0000000020','umadmin','2020-05-20 10:04:58','umadmin','2020-04-28 21:10:12',34,'PCD_MGMT_MT_ACCESS',NULL,'ACCESS','','0018_0000000006','0013_0000000022','new','0002_0000000010','0014_0000000005'),('0019_0000000021',NULL,'0019_0000000021','umadmin','2020-05-20 10:04:58','umadmin','2020-04-28 21:10:13',34,'PCD_MGMT_MT_VDI',NULL,'VDI','','0018_0000000006','0013_0000000023','new','0002_0000000005','0014_0000000005'),('0019_0000000022',NULL,'0019_0000000022','umadmin','2020-05-20 10:04:58','umadmin','2020-04-28 21:11:37',34,'PCD_MGMT_MT_SEC',NULL,'SEC','','0018_0000000006','0013_0000000024','new','0002_0000000010','0014_0000000005'),('0019_0000000023',NULL,'0019_0000000023','umadmin','2020-05-20 10:04:58','umadmin','2020-04-28 21:11:37',34,'PCD_MGMT_MT_SQUID',NULL,'SQUID','','0018_0000000006','0013_0000000019','new','0002_0000000006','0014_0000000005'),('0019_0000000024',NULL,'0019_0000000024','umadmin','2020-05-20 10:04:58','umadmin','2020-04-28 21:11:37',34,'PCD_ECN_ECN_ILB',NULL,'ILB','','0018_0000000005','0013_0000000018','new','0002_0000000004','0014_0000000004'),('0019_0000000025',NULL,'0019_0000000025','umadmin','2020-05-23 18:51:19','umadmin','2020-04-28 21:11:38',34,'PCD_ECN_ECN_JAVA',NULL,'JAVA','','0018_0000000005','0013_0000000018','new','0002_0000000001','0014_0000000004'),('0019_0000000026',NULL,'0019_0000000026','umadmin','2020-05-20 10:04:58','umadmin','2020-04-28 21:18:06',34,'PCD_ECN_ECN_OAPP',NULL,'OAPP','','0018_0000000005','0013_0000000018','new','0002_0000000010','0014_0000000004'),('0019_0000000027',NULL,'0019_0000000027','umadmin','2020-05-20 10:04:58','umadmin','2020-04-28 21:18:06',34,'PCD_QZ_QZ_ELB',NULL,'ELB','','0018_0000000007','0013_0000000030','new','0002_0000000004','0014_0000000006'),('0019_0000000028',NULL,'0019_0000000028','umadmin','2020-05-20 10:04:58','umadmin','2020-04-28 21:18:06',34,'PCD_QZ_QZ_VDI',NULL,'VDI','','0018_0000000007','0013_0000000025','new','0002_0000000005','0014_0000000006'),('0019_0000000029',NULL,'0019_0000000029','umadmin','2020-05-20 10:04:58','umadmin','2020-04-29 12:23:25',34,'PCD_WAN_ALL_CLIENT',NULL,'CLIENT','','0018_0000000008','0013_0000000026','new','0002_0000000009','0014_0000000007'),('0019_0000000030',NULL,'0019_0000000030','umadmin','2020-05-20 10:04:58','umadmin','2020-04-29 12:24:45',34,'PCD_WAN_ALL_OAP',NULL,'OAP','','0018_0000000008','0013_0000000026','new','0002_0000000010','0014_0000000007'),('0019_0000000031',NULL,'0019_0000000031','umadmin','2020-05-20 10:04:58','umadmin','2020-04-29 12:25:28',34,'PCD_TON_OPS_CLIENT',NULL,'CLIENT','','0018_0000000009','0013_0000000027','new','0002_0000000009','0014_0000000009'),('0019_0000000032',NULL,'0019_0000000032','umadmin','2020-05-20 10:04:58','umadmin','2020-04-29 12:25:58',34,'PCD_BON_BAC_CLIENT',NULL,'CLIENT','','0018_0000000011','0013_0000000028','new','0002_0000000009','0014_0000000010'),('0019_0000000033',NULL,'0019_0000000033','umadmin','2020-05-20 10:04:58','umadmin','2020-04-29 12:25:59',34,'PCD_PTN_ANY_OAP',NULL,'OAP','','0018_0000000010','0013_0000000029','new','0002_0000000010','0014_0000000008'),('0019_0000000034',NULL,'0019_0000000034','umadmin','2020-05-20 12:44:30','umadmin','2020-05-20 11:17:55',34,'DC_SF__MYSQL',NULL,'MYSQL','','','0013_0000000035','new','0002_0000000002','0014_0000000011'),('0019_0000000035',NULL,'0019_0000000035','umadmin','2020-05-20 11:21:21','umadmin','2020-05-20 11:21:21',34,'DC_SF__REDIS',NULL,'REDIS','','','0013_0000000035','new','0002_0000000003','0014_0000000011'),('0019_0000000036',NULL,'0019_0000000036','umadmin','2020-05-20 11:21:22','umadmin','2020-05-20 11:21:22',34,'DC_SF__ILB',NULL,'ILB','','','0013_0000000037','new','0002_0000000004','0014_0000000011'),('0019_0000000037',NULL,'0019_0000000037','umadmin','2020-05-20 11:21:22','umadmin','2020-05-20 11:21:22',34,'DC_SF__JAVA',NULL,'JAVA','','','0013_0000000037','new','0002_0000000001','0014_0000000011'),('0019_0000000038',NULL,'0019_0000000038','umadmin','2020-05-20 11:21:23','umadmin','2020-05-20 11:21:22',34,'DC_DMZ__SQUID',NULL,'SQUID','','','0013_0000000039','new','0002_0000000006','0014_0000000012'),('0019_0000000039',NULL,'0019_0000000039','umadmin','2020-05-20 11:21:23','umadmin','2020-05-20 11:21:23',34,'DC_DMZ__NGINX',NULL,'NGINX','','','0013_0000000038','new','0002_0000000011','0014_0000000012'),('0019_0000000040',NULL,'0019_0000000040','umadmin','2020-05-20 11:21:23','umadmin','2020-05-20 11:21:23',34,'DC_DMZ__JAVA',NULL,'JAVA','','','0013_0000000038','new','0002_0000000001','0014_0000000012'),('0019_0000000041',NULL,'0019_0000000041','umadmin','2020-05-20 11:21:24','umadmin','2020-05-20 11:21:23',34,'DC_DMZ__ELB',NULL,'ELB','','','0013_0000000040','new','0002_0000000004','0014_0000000012'),('0019_0000000042',NULL,'0019_0000000042','umadmin','2020-05-20 11:21:24','umadmin','2020-05-20 11:21:24',34,'DC_DMZ__ILB',NULL,'ILB','','','0013_0000000038','new','0002_0000000004','0014_0000000012'),('0019_0000000043',NULL,'0019_0000000043','umadmin','2020-05-20 11:22:17','umadmin','2020-05-20 11:22:17',34,'DC_MGMT__MYSQL',NULL,'MYSQL','','','0013_0000000041','new','0002_0000000002','0014_0000000013'),('0019_0000000044',NULL,'0019_0000000044','umadmin','2020-05-20 11:22:18','umadmin','2020-05-20 11:22:17',34,'DC_MGMT__DOCKER',NULL,'DOCKER','','','0013_0000000042','new','0002_0000000012','0014_0000000013'),('0019_0000000045',NULL,'0019_0000000045','umadmin','2020-05-20 11:23:03','umadmin','2020-05-20 11:23:03',34,'DC_SF__BDP',NULL,'BDP','','','0013_0000000036','new','0002_0000000008','0014_0000000011'),('0019_0000000046',NULL,'0019_0000000046','umadmin','2020-05-20 11:24:12','umadmin','2020-05-20 11:24:12',34,'DC_WAN__CLIENT',NULL,'CLIENT','','','0013_0000000044','new','0002_0000000009','0014_0000000015'),('0019_0000000047',NULL,'0019_0000000047','umadmin','2020-05-20 11:24:13','umadmin','2020-05-20 11:24:12',34,'DC_WAN__OAP',NULL,'OAP','','','0013_0000000044','new','0002_0000000010','0014_0000000015'),('0019_0000000048',NULL,'0019_0000000048','umadmin','2020-05-20 11:24:13','umadmin','2020-05-20 11:24:13',34,'DC_TON__CLIENT',NULL,'CLIENT','','','0013_0000000045','new','0002_0000000009','0014_0000000014');
/*!40000 ALTER TABLE `resource_set_design` ENABLE KEYS */;
UNLOCK TABLES;

--
-- Table structure for table `resource_set_design$application_domain`
--

DROP TABLE IF EXISTS `resource_set_design$application_domain`;
/*!40101 SET @saved_cs_client     = @@character_set_client */;
 SET character_set_client = utf8mb4 ;
CREATE TABLE `resource_set_design$application_domain` (
  `id` int(11) NOT NULL AUTO_INCREMENT,
  `from_guid` varchar(15) COLLATE utf8mb4_unicode_ci NOT NULL,
  `to_guid` varchar(15) COLLATE utf8mb4_unicode_ci NOT NULL,
  `seq_no` int(5) DEFAULT '0',
  PRIMARY KEY (`id`)
) ENGINE=InnoDB AUTO_INCREMENT=30 DEFAULT CHARSET=utf8mb4 COLLATE=utf8mb4_unicode_ci;
/*!40101 SET character_set_client = @saved_cs_client */;

--
-- Dumping data for table `resource_set_design$application_domain`
--

LOCK TABLES `resource_set_design$application_domain` WRITE;
/*!40000 ALTER TABLE `resource_set_design$application_domain` DISABLE KEYS */;
INSERT INTO `resource_set_design$application_domain` (`id`, `from_guid`, `to_guid`, `seq_no`) VALUES (3,'0019_0000000035','0005_0000000002',2),(4,'0019_0000000035','0005_0000000003',1),(5,'0019_0000000036','0005_0000000002',2),(6,'0019_0000000036','0005_0000000003',1),(7,'0019_0000000037','0005_0000000002',2),(8,'0019_0000000037','0005_0000000003',1),(9,'0019_0000000038','0005_0000000002',2),(10,'0019_0000000038','0005_0000000003',1),(11,'0019_0000000039','0005_0000000002',2),(12,'0019_0000000039','0005_0000000003',1),(13,'0019_0000000040','0005_0000000002',2),(14,'0019_0000000040','0005_0000000003',1),(15,'0019_0000000041','0005_0000000002',2),(16,'0019_0000000041','0005_0000000003',1),(17,'0019_0000000042','0005_0000000002',2),(18,'0019_0000000042','0005_0000000003',1),(19,'0019_0000000043','0005_0000000001',1),(20,'0019_0000000044','0005_0000000001',1),(21,'0019_0000000045','0005_0000000002',2),(22,'0019_0000000045','0005_0000000003',1),(23,'0019_0000000046','0005_0000000002',2),(24,'0019_0000000046','0005_0000000003',1),(25,'0019_0000000047','0005_0000000002',2),(26,'0019_0000000047','0005_0000000003',1),(27,'0019_0000000048','0005_0000000001',1),(28,'0019_0000000034','0005_0000000003',1),(29,'0019_0000000034','0005_0000000002',2);
/*!40000 ALTER TABLE `resource_set_design$application_domain` ENABLE KEYS */;
UNLOCK TABLES;

--
-- Table structure for table `resource_set_invoke_design`
--

DROP TABLE IF EXISTS `resource_set_invoke_design`;
/*!40101 SET @saved_cs_client     = @@character_set_client */;
 SET character_set_client = utf8mb4 ;
CREATE TABLE `resource_set_invoke_design` (
  `guid` varchar(15) NOT NULL COMMENT '全局唯一ID',
  `p_guid` varchar(15) DEFAULT NULL COMMENT '前一版本数据的guid',
  `r_guid` varchar(15) DEFAULT NULL COMMENT '原始数据guid',
  `updated_by` varchar(50) DEFAULT NULL COMMENT '更新用户',
  `updated_date` datetime DEFAULT NULL COMMENT '更新日期',
  `created_by` varchar(50) DEFAULT NULL COMMENT '创建用户',
  `created_date` datetime DEFAULT NULL COMMENT '创建日期',
  `state` int(15) DEFAULT NULL COMMENT '状态',
  `key_name` varchar(1000) DEFAULT NULL COMMENT '唯一名称',
  `fixed_date` varchar(19) DEFAULT NULL COMMENT '确认日期',
  `code` varchar(1000) DEFAULT NULL COMMENT '编码',
  `description` varchar(1000) DEFAULT NULL COMMENT '描述说明',
  `invoked_resource_set_design` varchar(15) DEFAULT NULL COMMENT '被调用资源集合设计',
  `invoke_resource_set_design` varchar(15) DEFAULT NULL COMMENT '调用资源集合设计',
  `state_code` varchar(50) DEFAULT NULL COMMENT '状态编码',
  PRIMARY KEY (`guid`)
) ENGINE=InnoDB DEFAULT CHARSET=utf8;
/*!40101 SET character_set_client = @saved_cs_client */;

--
-- Dumping data for table `resource_set_invoke_design`
--

LOCK TABLES `resource_set_invoke_design` WRITE;
/*!40000 ALTER TABLE `resource_set_invoke_design` DISABLE KEYS */;
INSERT INTO `resource_set_invoke_design` (`guid`, `p_guid`, `r_guid`, `updated_by`, `updated_date`, `created_by`, `created_date`, `state`, `key_name`, `fixed_date`, `code`, `description`, `invoked_resource_set_design`, `invoke_resource_set_design`, `state_code`) VALUES ('0021_0000000002',NULL,'0021_0000000002','umadmin','2020-05-20 09:34:24','umadmin','2020-05-08 17:21:51',34,'PCD_QZ_QZ_VDI-->>--PCD_SF_ADM_ILB',NULL,'VDI-->>--ILB','','0019_0000000007','0019_0000000028',NULL),('0021_0000000003',NULL,'0021_0000000003','umadmin','2020-05-20 09:34:24','umadmin','2020-05-08 17:21:51',34,'PCD_QZ_QZ_VDI-->>--PCD_SF_DCN_ILB',NULL,'VDI-->>--ILB','','0019_0000000011','0019_0000000028',NULL),('0021_0000000004',NULL,'0021_0000000004','umadmin','2020-05-20 09:32:38','umadmin','2020-05-08 17:21:52',34,'PCD_SF_ADM_JAVA-->>--PCD_SF_ADM_MYSQL',NULL,'JAVA-->>--MYSQL','','0019_0000000002','0019_0000000006',NULL),('0021_0000000005',NULL,'0021_0000000005','umadmin','2020-05-20 09:32:24','umadmin','2020-05-08 17:21:52',34,'PCD_SF_ADM_JAVA-->>--PCD_SF_ADM_JAVA',NULL,'JAVA-->>--JAVA','','0019_0000000006','0019_0000000006',NULL),('0021_0000000006',NULL,'0021_0000000006','umadmin','2020-05-20 09:32:25','umadmin','2020-05-08 17:21:52',34,'PCD_SF_ADM_JAVA-->>--PCD_SF_ADM_REDIS',NULL,'JAVA-->>--REDIS','','0019_0000000003','0019_0000000006',NULL),('0021_0000000007',NULL,'0021_0000000007','umadmin','2020-05-20 09:32:25','umadmin','2020-05-08 17:21:52',34,'PCD_SF_ADM_ILB-->>--PCD_SF_ADM_JAVA',NULL,'ILB-->>--JAVA','','0019_0000000006','0019_0000000007',NULL),('0021_0000000008',NULL,'0021_0000000008','umadmin','2020-05-20 09:32:24','umadmin','2020-05-08 17:21:52',34,'PCD_DMZ_DMZ_JAVA-->>--PCD_SF_ADM_JAVA',NULL,'JAVA-->>--JAVA','','0019_0000000006','0019_0000000015',NULL),('0021_0000000009',NULL,'0021_0000000009','umadmin','2020-05-20 09:32:24','umadmin','2020-05-08 17:21:53',34,'PCD_SF_ADM_JAVA-->>--PCD_DMZ_DMZ_ILB',NULL,'JAVA-->>--ILB','','0019_0000000016','0019_0000000006',NULL),('0021_0000000010',NULL,'0021_0000000010','umadmin','2020-05-20 09:32:25','umadmin','2020-05-08 17:21:53',34,'PCD_DMZ_DMZ_JAVA-->>--PCD_SF_ADM_ILB',NULL,'JAVA-->>--ILB','','0019_0000000007','0019_0000000015',NULL),('0021_0000000011',NULL,'0021_0000000011','umadmin','2020-05-20 09:32:24','umadmin','2020-05-08 17:21:53',34,'PCD_SF_ADM_JAVA-->>--PCD_DMZ_DMZ_JAVA',NULL,'JAVA-->>--JAVA','','0019_0000000015','0019_0000000006',NULL),('0021_0000000012',NULL,'0021_0000000012','umadmin','2020-05-20 09:32:25','umadmin','2020-05-08 17:31:26',34,'PCD_SF_ADM_JAVA-->>--PCD_SF_ADM_ILB',NULL,'JAVA-->>--ILB','','0019_0000000007','0019_0000000006',NULL),('0021_0000000013',NULL,'0021_0000000013','umadmin','2020-05-20 11:27:35','umadmin','2020-05-20 11:27:35',34,'DC_TON__CLIENT-->>--DC_MGMT__DOCKER',NULL,'CLIENT-->>--DOCKER','','0019_0000000044','0019_0000000048','new'),('0021_0000000014',NULL,'0021_0000000014','umadmin','2020-05-20 11:27:35','umadmin','2020-05-20 11:27:35',34,'DC_WAN__CLIENT-->>--DC_DMZ__ELB',NULL,'CLIENT-->>--ELB','','0019_0000000041','0019_0000000046','new'),('0021_0000000015',NULL,'0021_0000000015','umadmin','2020-05-20 11:27:35','umadmin','2020-05-20 11:27:35',34,'DC_MGMT__DOCKER-->>--DC_MGMT__MYSQL',NULL,'DOCKER-->>--MYSQL','','0019_0000000043','0019_0000000044','new'),('0021_0000000016',NULL,'0021_0000000016','umadmin','2020-05-20 11:27:35','umadmin','2020-05-20 11:27:35',34,'DC_DMZ__ILB-->>--DC_DMZ__JAVA',NULL,'ILB-->>--JAVA','','0019_0000000040','0019_0000000042','new'),('0021_0000000017',NULL,'0021_0000000017','umadmin','2020-05-20 11:27:35','umadmin','2020-05-20 11:27:35',34,'DC_DMZ__ELB-->>--DC_DMZ__NGINX',NULL,'ELB-->>--NGINX','','0019_0000000039','0019_0000000041','new'),('0021_0000000018',NULL,'0021_0000000018','umadmin','2020-05-20 11:27:35','umadmin','2020-05-20 11:27:35',34,'DC_DMZ__JAVA-->>--DC_DMZ__SQUID',NULL,'JAVA-->>--SQUID','','0019_0000000038','0019_0000000040','new'),('0021_0000000019',NULL,'0021_0000000019','umadmin','2020-05-20 11:27:36','umadmin','2020-05-20 11:27:35',34,'DC_SF__JAVA-->>--DC_DMZ__ILB',NULL,'JAVA-->>--ILB','','0019_0000000042','0019_0000000037','new'),('0021_0000000020',NULL,'0021_0000000020','umadmin','2020-05-20 11:27:36','umadmin','2020-05-20 11:27:36',34,'DC_SF__JAVA-->>--DC_DMZ__JAVA',NULL,'JAVA-->>--JAVA','','0019_0000000040','0019_0000000037','new'),('0021_0000000021',NULL,'0021_0000000021','umadmin','2020-05-20 11:27:36','umadmin','2020-05-20 11:27:36',34,'DC_SF__JAVA-->>--DC_SF__ILB',NULL,'JAVA-->>--ILB','','0019_0000000036','0019_0000000037','new'),('0021_0000000022',NULL,'0021_0000000022','umadmin','2020-05-20 11:27:36','umadmin','2020-05-20 11:27:36',34,'DC_SF__JAVA-->>--DC_SF__BDP',NULL,'JAVA-->>--BDP','','0019_0000000045','0019_0000000037','new'),('0021_0000000023',NULL,'0021_0000000023','umadmin','2020-05-20 11:27:36','umadmin','2020-05-20 11:27:36',34,'DC_SF__JAVA-->>--DC_SF__REDIS',NULL,'JAVA-->>--REDIS','','0019_0000000035','0019_0000000037','new'),('0021_0000000024',NULL,'0021_0000000024','umadmin','2020-05-20 12:44:30','umadmin','2020-05-20 11:27:36',34,'DC_SF__JAVA-->>--DC_SF__MYSQL',NULL,'JAVA-->>--MYSQL','','0019_0000000034','0019_0000000037','new'),('0021_0000000025',NULL,'0021_0000000025','umadmin','2020-05-20 11:28:07','umadmin','2020-05-20 11:28:07',34,'DC_DMZ__NGINX-->>--DC_SF__ILB',NULL,'NGINX-->>--ILB','','0019_0000000036','0019_0000000039','new'),('0021_0000000026',NULL,'0021_0000000026','umadmin','2020-05-20 11:28:07','umadmin','2020-05-20 11:28:07',34,'DC_DMZ__NGINX-->>--DC_SF__JAVA',NULL,'NGINX-->>--JAVA','','0019_0000000037','0019_0000000039','new'),('0021_0000000027',NULL,'0021_0000000027','umadmin','2020-05-20 15:54:43','umadmin','2020-05-20 15:54:43',34,'DC_SF__ILB-->>--DC_SF__JAVA',NULL,'ILB-->>--JAVA','','0019_0000000037','0019_0000000036','new');
/*!40000 ALTER TABLE `resource_set_invoke_design` ENABLE KEYS */;
UNLOCK TABLES;

--
-- Table structure for table `route`
--

DROP TABLE IF EXISTS `route`;
/*!40101 SET @saved_cs_client     = @@character_set_client */;
 SET character_set_client = utf8mb4 ;
CREATE TABLE `route` (
  `guid` varchar(15) NOT NULL COMMENT '全局唯一ID',
  `p_guid` varchar(15) DEFAULT NULL COMMENT '前一版本数据的guid',
  `r_guid` varchar(15) DEFAULT NULL COMMENT '原始数据guid',
  `updated_by` varchar(50) DEFAULT NULL COMMENT '更新用户',
  `updated_date` datetime DEFAULT NULL COMMENT '更新日期',
  `created_by` varchar(50) DEFAULT NULL COMMENT '创建用户',
  `created_date` datetime DEFAULT NULL COMMENT '创建日期',
  `state` int(15) DEFAULT NULL COMMENT '状态',
  `key_name` varchar(1000) DEFAULT NULL COMMENT '唯一名称',
  `fixed_date` varchar(19) DEFAULT NULL COMMENT '确认日期',
  `code` varchar(1000) DEFAULT NULL COMMENT '编码',
  `description` varchar(1000) DEFAULT NULL COMMENT '描述说明',
  `asset_id` varchar(200) DEFAULT NULL COMMENT '资产ID',
  `dest_network_segment` varchar(15) DEFAULT NULL COMMENT '目标网段',
  `owner_network_segment` varchar(15) DEFAULT NULL COMMENT '属主网段',
  `network_link` varchar(15) DEFAULT NULL COMMENT '网络连接',
  `route_design` varchar(15) DEFAULT NULL COMMENT '路由设计',
  `state_code` varchar(50) DEFAULT NULL COMMENT '状态编码',
  PRIMARY KEY (`guid`)
) ENGINE=InnoDB DEFAULT CHARSET=utf8;
/*!40101 SET character_set_client = @saved_cs_client */;

--
-- Dumping data for table `route`
--

LOCK TABLES `route` WRITE;
/*!40000 ALTER TABLE `route` DISABLE KEYS */;
INSERT INTO `route` (`guid`, `p_guid`, `r_guid`, `updated_by`, `updated_date`, `created_by`, `created_date`, `state`, `key_name`, `fixed_date`, `code`, `description`, `asset_id`, `dest_network_segment`, `owner_network_segment`, `network_link`, `route_design`, `state_code`) VALUES ('0030_0000000002',NULL,'0030_0000000002','umadmin','2020-05-11 11:16:52','umadmin','2020-04-28 23:21:38',37,'TX_GZ_PRD_MGMT__peer__TX_CD_DR_MGMT',NULL,'peer','','','0023_0000000040','0023_0000000006','0026_0000000008','0020_0000000017','created'),('0030_0000000005',NULL,'0030_0000000005','umadmin','2020-04-28 23:21:39','umadmin','2020-04-28 23:21:39',37,'HW_SG_PRD1_DMZ_PROXY01__nat__ODC_WAN_ALL',NULL,'nat','','','0023_0000000037','0023_0000000012','0026_0000000004','0020_0000000012','created'),('0030_0000000006',NULL,'0030_0000000006','umadmin','2020-04-28 23:21:39','umadmin','2020-04-28 23:21:39',37,'HW_SG_PRD2_DMZ_PROXY01__nat__ODC_WAN_ALL',NULL,'nat','','','0023_0000000037','0023_0000000013','0026_0000000004','0020_0000000012','created'),('0030_0000000007',NULL,'0030_0000000007','umadmin','2020-04-28 23:21:39','umadmin','2020-04-28 23:21:39',37,'HW_SG_PRD1_MGMT_PROXY01__nat__ODC_WAN_ALL',NULL,'nat','','','0023_0000000037','0023_0000000024','0026_0000000006','0020_0000000013','created'),('0030_0000000008',NULL,'0030_0000000008','umadmin','2020-04-28 23:21:40','umadmin','2020-04-28 23:21:39',37,'HW_SG_PRD2_MGMT_PROXY01__nat__ODC_WAN_ALL',NULL,'nat','','','0023_0000000037','0023_0000000025','0026_0000000006','0020_0000000013','created'),('0030_0000000009',NULL,'0030_0000000009','umadmin','2020-04-28 23:21:40','umadmin','2020-04-28 23:21:40',37,'HW_SG_PRD_QZ__peer__HW_SG_PRD1_SF_APP01',NULL,'peer','','','0023_0000000008','0023_0000000007','0026_0000000014','0020_0000000011','created'),('0030_0000000010',NULL,'0030_0000000010','umadmin','2020-04-28 23:21:40','umadmin','2020-04-28 23:21:40',37,'HW_SG_PRD_QZ__peer__HW_SG_PRD2_SF_APP01',NULL,'peer','','','0023_0000000009','0023_0000000007','0026_0000000014','0020_0000000011','created'),('0030_0000000011',NULL,'0030_0000000011','umadmin','2020-04-28 23:21:41','umadmin','2020-04-28 23:21:40',37,'HW_SG_PRD_DMZ__peer__HW_SG_PRD_MGMT',NULL,'peer','','','0023_0000000006','0023_0000000004','0026_0000000009','0020_0000000008','created'),('0030_0000000012',NULL,'0030_0000000012','umadmin','2020-04-28 23:21:41','umadmin','2020-04-28 23:21:41',37,'HW_SG_PRD_ECN__peer__HW_SG_PRD1_SF_APP01',NULL,'peer','','','0023_0000000008','0023_0000000005','0026_0000000012','0020_0000000009','created'),('0030_0000000013',NULL,'0030_0000000013','umadmin','2020-04-28 23:21:41','umadmin','2020-04-28 23:21:41',37,'HW_SG_PRD_ECN__peer__HW_SG_PRD2_SF_APP01',NULL,'peer','','','0023_0000000009','0023_0000000005','0026_0000000012','0020_0000000009','created'),('0030_0000000014',NULL,'0030_0000000014','umadmin','2020-04-28 23:21:42','umadmin','2020-04-28 23:21:41',37,'HW_SG_PRD_ECN__peer__HW_SG_PRD_MGMT',NULL,'peer','','','0023_0000000006','0023_0000000005','0026_0000000010','0020_0000000010','created'),('0030_0000000015',NULL,'0030_0000000015','umadmin','2020-04-28 23:21:42','umadmin','2020-04-28 23:21:42',37,'HW_SG_PRD_SF__peer__HW_SG_PRD_ECN',NULL,'peer','','','0023_0000000005','0023_0000000003','0026_0000000012','0020_0000000003','created'),('0030_0000000016',NULL,'0030_0000000016','umadmin','2020-04-28 23:21:42','umadmin','2020-04-28 23:21:42',37,'HW_SG_PRD_SF__peer__HW_SG_PRD_QZ',NULL,'peer','','','0023_0000000007','0023_0000000003','0026_0000000014','0020_0000000004','created'),('0030_0000000017',NULL,'0030_0000000017','umadmin','2020-04-28 23:22:34','umadmin','2020-04-28 23:22:34',37,'HW_SG_PRD_SF__peer__HW_SG_PRD_MGMT',NULL,'peer','','','0023_0000000006','0023_0000000003','0026_0000000013','0020_0000000005','created'),('0030_0000000018',NULL,'0030_0000000018','umadmin','2020-05-11 11:16:25','umadmin','2020-04-28 23:22:34',37,'TX_GZ_PRD_SF__peer__TX_CD_DR_SF',NULL,'peer','','','0023_0000000043','0023_0000000003','0026_0000000002','0020_0000000006','created'),('0030_0000000019',NULL,'0030_0000000019','umadmin','2020-04-28 23:22:35','umadmin','2020-04-28 23:22:35',37,'HW_SG_PRD_DMZ__peer__HW_SG_PRD1_SF_APP01',NULL,'peer','','','0023_0000000008','0023_0000000004','0026_0000000015','0020_0000000007','created'),('0030_0000000020',NULL,'0030_0000000020','umadmin','2020-04-28 23:22:35','umadmin','2020-04-28 23:22:35',37,'HW_SG_PRD_DMZ__peer__HW_SG_PRD2_SF_APP01',NULL,'peer','','','0023_0000000009','0023_0000000004','0026_0000000015','0020_0000000007','created'),('0030_0000000021',NULL,'0030_0000000021','umadmin','2020-04-28 23:22:36','umadmin','2020-04-28 23:22:35',37,'HW_SG_PRD_SF__peer__HW_SG_PRD_DMZ',NULL,'peer','','','0023_0000000004','0023_0000000003','0026_0000000015','0020_0000000002','created'),('0030_0000000022',NULL,'0030_0000000022','umadmin','2020-04-28 23:24:45','umadmin','2020-04-28 23:24:44',37,'TX_SG_DR_DMZ__peer__TX_SG_DR1_SF_APP01',NULL,'peer','','','0023_0000000055','0023_0000000041','0026_0000000027','0020_0000000007','created'),('0030_0000000023',NULL,'0030_0000000023','umadmin','2020-04-28 23:24:45','umadmin','2020-04-28 23:24:45',37,'TX_SG_DR_ECN__peer__TX_SG_DR1_SF_APP01',NULL,'peer','','','0023_0000000055','0023_0000000042','0026_0000000024','0020_0000000009','created'),('0030_0000000024',NULL,'0030_0000000024','umadmin','2020-04-28 23:24:45','umadmin','2020-04-28 23:24:45',37,'TX_SG_DR_QZ__peer__TX_SG_DR1_SF_APP01',NULL,'peer','','','0023_0000000055','0023_0000000039','0026_0000000026','0020_0000000011','created'),('0030_0000000025',NULL,'0030_0000000025','umadmin','2020-04-28 23:24:46','umadmin','2020-04-28 23:24:45',37,'TX_SG_DR1_DMZ_PROXY01__nat__ODC_WAN_ALL',NULL,'nat','','','0023_0000000037','0023_0000000053','0026_0000000017','0020_0000000012','created'),('0030_0000000026',NULL,'0030_0000000026','umadmin','2020-04-28 23:24:46','umadmin','2020-04-28 23:24:46',37,'TX_SG_DR1_MGMT_PROXY01__nat__ODC_WAN_ALL',NULL,'nat','','','0023_0000000037','0023_0000000047','0026_0000000019','0020_0000000013','created'),('0030_0000000027',NULL,'0030_0000000027','umadmin','2020-04-28 23:30:07','umadmin','2020-04-28 23:30:06',37,'TX_SG_DR_SF__peer__TX_SG_DR_DMZ',NULL,'peer','','','0023_0000000041','0023_0000000043','0026_0000000027','0020_0000000002','created'),('0030_0000000028',NULL,'0030_0000000028','umadmin','2020-04-28 23:30:07','umadmin','2020-04-28 23:30:07',37,'TX_SG_DR_SF__peer__TX_SG_DR_MGMT',NULL,'peer','','','0023_0000000040','0023_0000000043','0026_0000000025','0020_0000000005','created'),('0030_0000000029',NULL,'0030_0000000029','umadmin','2020-05-11 15:58:08','umadmin','2020-04-28 23:30:07',37,'TX_CD_DR_SF__peer__TX_GZ_PRD_SF',NULL,'peer','','','0023_0000000003','0023_0000000043','0026_0000000002','0020_0000000006','created'),('0030_0000000030',NULL,'0030_0000000030','umadmin','2020-04-28 23:30:07','umadmin','2020-04-28 23:30:07',37,'TX_SG_DR_SF__peer__TX_SG_DR_ECN',NULL,'peer','','','0023_0000000042','0023_0000000043','0026_0000000024','0020_0000000003','created'),('0030_0000000031',NULL,'0030_0000000031','umadmin','2020-04-28 23:30:08','umadmin','2020-04-28 23:30:08',37,'TX_SG_DR_SF__peer__TX_SG_DR_QZ',NULL,'peer','','','0023_0000000039','0023_0000000043','0026_0000000026','0020_0000000004','created'),('0030_0000000032',NULL,'0030_0000000032','umadmin','2020-04-28 23:30:08','umadmin','2020-04-28 23:30:08',37,'TX_SG_DR_ECN__peer__TX_SG_DR_MGMT',NULL,'peer','','','0023_0000000040','0023_0000000042','0026_0000000022','0020_0000000010','created'),('0030_0000000033',NULL,'0030_0000000033','umadmin','2020-04-28 23:30:08','umadmin','2020-04-28 23:30:08',37,'TX_SG_DR_DMZ__peer__TX_SG_DR_MGMT',NULL,'peer','','','0023_0000000040','0023_0000000041','0026_0000000021','0020_0000000008','created'),('0030_0000000034',NULL,'0030_0000000034','umadmin','2020-05-11 15:58:08','umadmin','2020-04-28 23:30:08',37,'TX_CD_DR_MGMT__peer__TX_GZ_PRD_MGMT',NULL,'peer','','','0023_0000000006','0023_0000000040','0026_0000000008','0020_0000000017','created'),('0030_0000000037',NULL,'0030_0000000037','umadmin','2020-04-30 11:55:54','umadmin','2020-04-30 11:55:54',37,'HW_SG_PRD_MGMT__peer__HW_SG_PRD_SF',NULL,'peer','','','0023_0000000003','0023_0000000006','0026_0000000013','0020_0000000018','created'),('0030_0000000038',NULL,'0030_0000000038','umadmin','2020-04-30 11:55:55','umadmin','2020-04-30 11:55:54',37,'TX_SG_DR_MGMT__peer__TX_SG_DR_SF',NULL,'peer','','','0023_0000000043','0023_0000000040','0026_0000000025','0020_0000000018','created'),('0030_0000000039',NULL,'0030_0000000039','umadmin','2020-04-30 11:55:55','umadmin','2020-04-30 11:55:55',37,'HW_SG_PRD_MGMT__peer__HW_SG_PRD_DMZ',NULL,'peer','','','0023_0000000004','0023_0000000006','0026_0000000009','0020_0000000019','created'),('0030_0000000040',NULL,'0030_0000000040','umadmin','2020-04-30 11:55:55','umadmin','2020-04-30 11:55:55',37,'TX_SG_DR_MGMT__peer__TX_SG_DR_DMZ',NULL,'peer','','','0023_0000000041','0023_0000000040','0026_0000000021','0020_0000000019','created'),('0030_0000000041',NULL,'0030_0000000041','umadmin','2020-04-30 11:55:56','umadmin','2020-04-30 11:55:55',37,'HW_SG_PRD_MGMT__peer__HW_SG_PRD_ECN',NULL,'peer','','','0023_0000000005','0023_0000000006','0026_0000000010','0020_0000000020','created'),('0030_0000000042',NULL,'0030_0000000042','umadmin','2020-05-08 00:22:17','umadmin','2020-04-30 11:55:56',37,'TX_CD_DR_MGMT__peer__TX_CD_DR_ECN',NULL,'peer','','','0023_0000000042','0023_0000000040','0026_0000000022','0020_0000000020','created'),('0030_0000000043',NULL,'0030_0000000043','umadmin','2020-05-22 12:40:39','umadmin','2020-05-20 14:13:12',37,'ALI_HZ_PRD_DMZ__peer__ALI_HZ_PRD1_MGMT_APP',NULL,'peer','','','0023_0000000072','0023_0000000065','0026_0000000031','0020_0000000025','created'),('0030_0000000044',NULL,'0030_0000000044','umadmin','2020-05-22 12:40:40','umadmin','2020-05-20 14:13:12',37,'ALI_HZ_PRD_DMZ__peer__ALI_HZ_PRD2_MGMT_APP',NULL,'peer','','','0023_0000000073','0023_0000000065','0026_0000000031','0020_0000000025','created'),('0030_0000000045',NULL,'0030_0000000045','umadmin','2020-05-22 12:40:40','umadmin','2020-05-20 14:13:12',37,'ALI_HZ_PRD1_DMZ_PROXY__nat__ALI_HZ_PRD_WAN_ALL',NULL,'nat','','','0023_0000000085','0023_0000000078','0026_0000000029','0020_0000000026','created'),('0030_0000000046',NULL,'0030_0000000046','umadmin','2020-05-22 12:40:40','umadmin','2020-05-20 14:13:12',37,'ALI_HZ_PRD2_DMZ_PROXY__nat__ALI_HZ_PRD_WAN_ALL',NULL,'nat','','','0023_0000000085','0023_0000000079','0026_0000000029','0020_0000000026','created'),('0030_0000000047',NULL,'0030_0000000047','umadmin','2020-05-22 12:40:38','umadmin','2020-05-20 14:13:13',37,'ALI_HZ_PRD_MGMT__peer__ALI_HZ_PRD_DMZ',NULL,'peer','','','0023_0000000065','0023_0000000064','0026_0000000031','0020_0000000027','created'),('0030_0000000048',NULL,'0030_0000000048','umadmin','2020-05-22 12:40:38','umadmin','2020-05-20 14:13:13',37,'ALI_HZ_PRD_SF__peer__ALI_HZ_PRD1_MGMT_APP',NULL,'peer','','','0023_0000000072','0023_0000000063','0026_0000000032','0020_0000000023','created'),('0030_0000000049',NULL,'0030_0000000049','umadmin','2020-05-22 12:40:39','umadmin','2020-05-20 14:13:13',37,'ALI_HZ_PRD_SF__peer__ALI_HZ_PRD2_MGMT_APP',NULL,'peer','','','0023_0000000073','0023_0000000063','0026_0000000032','0020_0000000023','created'),('0030_0000000050',NULL,'0030_0000000050','umadmin','2020-05-22 12:40:39','umadmin','2020-05-20 14:13:13',37,'ALI_HZ_PRD_MGMT__peer__ALI_HZ_PRD_SF',NULL,'peer','','','0023_0000000063','0023_0000000064','0026_0000000032','0020_0000000024','created'),('0030_0000000051',NULL,'0030_0000000051','umadmin','2020-05-22 12:40:39','umadmin','2020-05-20 14:13:13',37,'ALI_HZ_PRD_SF__peer__ALI_HZ_PRD1_DMZ_APP',NULL,'peer','','','0023_0000000083','0023_0000000063','0026_0000000033','0020_0000000021','created'),('0030_0000000052',NULL,'0030_0000000052','umadmin','2020-05-22 12:40:38','umadmin','2020-05-20 14:13:14',37,'ALI_HZ_PRD_SF__peer__ALI_HZ_PRD2_DMZ_APP',NULL,'peer','','','0023_0000000084','0023_0000000063','0026_0000000033','0020_0000000021','created'),('0030_0000000053',NULL,'0030_0000000053','umadmin','2020-05-22 12:40:38','umadmin','2020-05-20 14:13:41',37,'ALI_HZ_PRD_DMZ__peer__ALI_HZ_PRD2_SF_APP',NULL,'peer','','','0023_0000000070','0023_0000000065','0026_0000000033','0020_0000000022','created'),('0030_0000000054',NULL,'0030_0000000054','umadmin','2020-05-22 12:40:38','umadmin','2020-05-20 14:13:42',37,'ALI_HZ_PRD_DMZ__peer__ALI_HZ_PRD1_SF_APP',NULL,'peer','','','0023_0000000071','0023_0000000065','0026_0000000033','0020_0000000022','created'),('0030_0000000055',NULL,'0030_0000000055','umadmin','2020-05-22 19:19:15','umadmin','2020-05-22 19:19:14',37,'TX_BJ_PRD_DMZ__peer__TX_BJ_PRD1_SF_APP',NULL,'peer','','','0023_0000000100','0023_0000000089','0026_0000000035','0020_0000000022','created'),('0030_0000000056',NULL,'0030_0000000056','umadmin','2020-05-22 19:19:15','umadmin','2020-05-22 19:19:15',37,'TX_BJ_PRD_DMZ__peer__TX_BJ_PRD2_SF_APP',NULL,'peer','','','0023_0000000107','0023_0000000089','0026_0000000035','0020_0000000022','created'),('0030_0000000057',NULL,'0030_0000000057','umadmin','2020-05-22 19:19:15','umadmin','2020-05-22 19:19:15',37,'TX_BJ_PRD_SF__peer__TX_BJ_PRD2_DMZ_APP',NULL,'peer','','','0023_0000000103','0023_0000000090','0026_0000000035','0020_0000000021','created'),('0030_0000000058',NULL,'0030_0000000058','umadmin','2020-05-22 19:19:15','umadmin','2020-05-22 19:19:15',37,'TX_BJ_PRD_MGMT__peer__TX_BJ_PRD_DMZ',NULL,'peer','','','0023_0000000089','0023_0000000088','0026_0000000039','0020_0000000027','created'),('0030_0000000059',NULL,'0030_0000000059','umadmin','2020-05-22 19:19:16','umadmin','2020-05-22 19:19:15',37,'TX_BJ_PRD_SF__peer__TX_BJ_PRD1_MGMT_APP',NULL,'peer','','','0023_0000000099','0023_0000000090','0026_0000000034','0020_0000000023','created'),('0030_0000000060',NULL,'0030_0000000060','umadmin','2020-05-22 19:19:16','umadmin','2020-05-22 19:19:16',37,'TX_BJ_PRD_SF__peer__TX_BJ_PRD2_MGMT_APP',NULL,'peer','','','0023_0000000105','0023_0000000090','0026_0000000034','0020_0000000023','created'),('0030_0000000061',NULL,'0030_0000000061','umadmin','2020-05-22 19:19:16','umadmin','2020-05-22 19:19:16',37,'TX_BJ_PRD_MGMT__peer__TX_BJ_PRD_SF',NULL,'peer','','','0023_0000000090','0023_0000000088','0026_0000000034','0020_0000000024','created'),('0030_0000000062',NULL,'0030_0000000062','umadmin','2020-05-22 19:19:16','umadmin','2020-05-22 19:19:16',37,'TX_BJ_PRD_SF__peer__TX_BJ_PRD1_DMZ_APP',NULL,'peer','','','0023_0000000096','0023_0000000090','0026_0000000035','0020_0000000021','created'),('0030_0000000063',NULL,'0030_0000000063','umadmin','2020-05-22 19:19:17','umadmin','2020-05-22 19:19:17',37,'TX_BJ_PRD_DMZ__peer__TX_BJ_PRD1_MGMT_APP',NULL,'peer','','','0023_0000000099','0023_0000000089','0026_0000000039','0020_0000000025','created'),('0030_0000000064',NULL,'0030_0000000064','umadmin','2020-05-22 19:19:17','umadmin','2020-05-22 19:19:17',37,'TX_BJ_PRD_DMZ__peer__TX_BJ_PRD2_MGMT_APP',NULL,'peer','','','0023_0000000105','0023_0000000089','0026_0000000039','0020_0000000025','created'),('0030_0000000065',NULL,'0030_0000000065','umadmin','2020-05-22 19:19:17','umadmin','2020-05-22 19:19:17',37,'TX_BJ_PRD1_DMZ_PROXY__nat__TX_BJ_PRD_WAN_ALL',NULL,'nat','','','0023_0000000095','0023_0000000097','0026_0000000037','0020_0000000026','created'),('0030_0000000066',NULL,'0030_0000000066','umadmin','2020-05-22 19:19:18','umadmin','2020-05-22 19:19:17',37,'TX_BJ_PRD2_DMZ_PROXY__nat__TX_BJ_PRD_WAN_ALL',NULL,'nat','','','0023_0000000095','0023_0000000104','0026_0000000037','0020_0000000026','created');
/*!40000 ALTER TABLE `route` ENABLE KEYS */;
UNLOCK TABLES;

--
-- Table structure for table `route_design`
--

DROP TABLE IF EXISTS `route_design`;
/*!40101 SET @saved_cs_client     = @@character_set_client */;
 SET character_set_client = utf8mb4 ;
CREATE TABLE `route_design` (
  `guid` varchar(15) NOT NULL COMMENT '全局唯一ID',
  `p_guid` varchar(15) DEFAULT NULL COMMENT '前一版本数据的guid',
  `r_guid` varchar(15) DEFAULT NULL COMMENT '原始数据guid',
  `updated_by` varchar(50) DEFAULT NULL COMMENT '更新用户',
  `updated_date` datetime DEFAULT NULL COMMENT '更新日期',
  `created_by` varchar(50) DEFAULT NULL COMMENT '创建用户',
  `created_date` datetime DEFAULT NULL COMMENT '创建日期',
  `state` int(15) DEFAULT NULL COMMENT '状态',
  `key_name` varchar(1000) DEFAULT NULL COMMENT '唯一名称',
  `fixed_date` varchar(19) DEFAULT NULL COMMENT '确认日期',
  `code` varchar(1000) DEFAULT NULL COMMENT '编码',
  `description` varchar(1000) DEFAULT NULL COMMENT '描述说明',
  `dest_network_segment_design` varchar(15) DEFAULT NULL COMMENT '目标网段设计',
  `network_zone_link_design` varchar(15) DEFAULT NULL COMMENT '网络区域连接设计',
  `owner_network_segment_design` varchar(15) DEFAULT NULL COMMENT '属主网段设计',
  `state_code` varchar(50) DEFAULT NULL COMMENT '状态编码',
  PRIMARY KEY (`guid`)
) ENGINE=InnoDB DEFAULT CHARSET=utf8;
/*!40101 SET character_set_client = @saved_cs_client */;

--
-- Dumping data for table `route_design`
--

LOCK TABLES `route_design` WRITE;
/*!40000 ALTER TABLE `route_design` DISABLE KEYS */;
INSERT INTO `route_design` (`guid`, `p_guid`, `r_guid`, `updated_by`, `updated_date`, `created_by`, `created_date`, `state`, `key_name`, `fixed_date`, `code`, `description`, `dest_network_segment_design`, `network_zone_link_design`, `owner_network_segment_design`, `state_code`) VALUES ('0020_0000000002',NULL,'0020_0000000002','umadmin','2020-05-23 23:14:20','umadmin','2020-04-28 21:22:47',34,'PCD_SF__peer__PCD_DMZ',NULL,'peer','','0013_0000000004','0016_0000000002','0013_0000000003','new'),('0020_0000000003',NULL,'0020_0000000003','umadmin','2020-05-23 23:14:19','umadmin','2020-04-28 21:22:48',34,'PCD_SF__peer__PCD_ECN',NULL,'peer','','0013_0000000005','0016_0000000004','0013_0000000003','new'),('0020_0000000004',NULL,'0020_0000000004','umadmin','2020-05-23 23:14:19','umadmin','2020-04-28 21:22:48',34,'PCD_SF__peer__PCD_QZ',NULL,'peer','','0013_0000000007','0016_0000000006','0013_0000000003','new'),('0020_0000000005',NULL,'0020_0000000005','umadmin','2020-05-23 23:14:19','umadmin','2020-04-28 21:22:48',34,'PCD_SF__peer__PCD_MGMT',NULL,'peer','','0013_0000000006','0016_0000000005','0013_0000000003','new'),('0020_0000000006',NULL,'0020_0000000006','umadmin','2020-05-23 23:14:19','umadmin','2020-04-28 21:22:48',34,'PCD_SF__peer__PCD_SF',NULL,'peer','','0013_0000000003','0016_0000000015','0013_0000000003','new'),('0020_0000000007',NULL,'0020_0000000007','umadmin','2020-05-23 23:14:20','umadmin','2020-04-28 21:22:48',34,'PCD_DMZ__peer__PCD_SF_APP',NULL,'peer','','0013_0000000014','0016_0000000002','0013_0000000004','new'),('0020_0000000008',NULL,'0020_0000000008','umadmin','2020-05-23 23:14:08','umadmin','2020-04-28 21:22:49',34,'PCD_DMZ__peer__PCD_MGMT',NULL,'peer','','0013_0000000006','0016_0000000008','0013_0000000004','new'),('0020_0000000009',NULL,'0020_0000000009','umadmin','2020-05-23 23:14:18','umadmin','2020-04-28 21:22:49',34,'PCD_ECN__peer__PCD_SF_APP',NULL,'peer','','0013_0000000014','0016_0000000004','0013_0000000005','new'),('0020_0000000010',NULL,'0020_0000000010','umadmin','2020-05-23 23:14:19','umadmin','2020-04-28 21:22:49',34,'PCD_ECN__peer__PCD_MGMT',NULL,'peer','','0013_0000000006','0016_0000000009','0013_0000000005','new'),('0020_0000000011',NULL,'0020_0000000011','umadmin','2020-05-23 23:14:07','umadmin','2020-04-28 21:22:50',34,'PCD_QZ__peer__PCD_SF_APP',NULL,'peer','','0013_0000000014','0016_0000000006','0013_0000000007','new'),('0020_0000000012',NULL,'0020_0000000012','umadmin','2020-05-23 23:14:07','umadmin','2020-04-28 21:25:32',34,'PCD_DMZ_PROXY__nat__PCD_WAN_ALL',NULL,'nat','','0013_0000000026','0016_0000000010','0013_0000000016','new'),('0020_0000000013',NULL,'0020_0000000013','umadmin','2020-05-23 23:14:07','umadmin','2020-04-28 21:25:32',34,'PCD_MGMT_PROXY__nat__PCD_WAN_ALL',NULL,'nat','','0013_0000000026','0016_0000000012','0013_0000000019','new'),('0020_0000000014',NULL,'0020_0000000014','umadmin','2020-05-23 23:14:06','umadmin','2020-04-28 21:27:29',34,'PCD_MGMT__vpn__PCD_TON_OPS',NULL,'vpn','','0013_0000000027','0016_0000000013','0013_0000000006','new'),('0020_0000000015',NULL,'0020_0000000015','umadmin','2020-05-23 23:14:07','umadmin','2020-04-28 21:27:29',34,'PCD_ECN__vpn__PCD_PTN_ANY',NULL,'vpn','','0013_0000000029','0016_0000000011','0013_0000000005','new'),('0020_0000000017',NULL,'0020_0000000017','umadmin','2020-05-23 23:14:06','umadmin','2020-04-28 21:46:09',34,'PCD_MGMT__peer__PCD_MGMT',NULL,'peer','','0013_0000000006','0016_0000000007','0013_0000000006','new'),('0020_0000000018',NULL,'0020_0000000018','umadmin','2020-05-23 23:14:06','umadmin','2020-04-30 11:41:08',34,'PCD_MGMT__peer__PCD_SF',NULL,'peer','','0013_0000000003','0016_0000000005','0013_0000000006','new'),('0020_0000000019',NULL,'0020_0000000019','umadmin','2020-05-23 23:14:06','umadmin','2020-04-30 11:41:08',34,'PCD_MGMT__peer__PCD_DMZ',NULL,'peer','','0013_0000000004','0016_0000000008','0013_0000000006','new'),('0020_0000000020',NULL,'0020_0000000020','umadmin','2020-05-23 23:14:06','umadmin','2020-04-30 11:41:08',34,'PCD_MGMT__peer__PCD_ECN',NULL,'peer','','0013_0000000005','0016_0000000009','0013_0000000006','new'),('0020_0000000021',NULL,'0020_0000000021','umadmin','2020-05-20 11:45:51','umadmin','2020-05-20 11:45:51',34,'DC_SF__peer__DC_DMZ_APP',NULL,'peer','','0013_0000000038','0016_0000000022','0013_0000000032','new'),('0020_0000000022',NULL,'0020_0000000022','umadmin','2020-05-20 12:17:40','umadmin','2020-05-20 11:45:51',34,'DC_DMZ__peer__DC_SF_APP',NULL,'peer','','0013_0000000037','0016_0000000022','0013_0000000034','new'),('0020_0000000023',NULL,'0020_0000000023','umadmin','2020-05-20 11:45:52','umadmin','2020-05-20 11:45:52',34,'DC_SF__peer__DC_MGMT_APP',NULL,'peer','','0013_0000000042','0016_0000000023','0013_0000000032','new'),('0020_0000000024',NULL,'0020_0000000024','umadmin','2020-05-20 11:46:50','umadmin','2020-05-20 11:45:52',34,'DC_MGMT__peer__DC_SF',NULL,'peer','','0013_0000000032','0016_0000000023','0013_0000000033','new'),('0020_0000000025',NULL,'0020_0000000025','umadmin','2020-05-20 11:48:07','umadmin','2020-05-20 11:48:07',34,'DC_DMZ__peer__DC_MGMT_APP',NULL,'peer','','0013_0000000042','0016_0000000024','0013_0000000034','new'),('0020_0000000026',NULL,'0020_0000000026','umadmin','2020-05-20 11:48:07','umadmin','2020-05-20 11:48:07',34,'DC_DMZ_PROXY__nat__DC_WAN_ALL',NULL,'nat','','0013_0000000044','0016_0000000026','0013_0000000039','new'),('0020_0000000027',NULL,'0020_0000000027','umadmin','2020-05-20 11:48:07','umadmin','2020-05-20 11:48:07',34,'DC_MGMT__peer__DC_DMZ',NULL,'peer','','0013_0000000034','0016_0000000024','0013_0000000033','new');
/*!40000 ALTER TABLE `route_design` ENABLE KEYS */;
UNLOCK TABLES;

--
-- Table structure for table `service_design`
--

DROP TABLE IF EXISTS `service_design`;
/*!40101 SET @saved_cs_client     = @@character_set_client */;
 SET character_set_client = utf8mb4 ;
CREATE TABLE `service_design` (
  `guid` varchar(15) NOT NULL COMMENT '全局唯一ID',
  `p_guid` varchar(15) DEFAULT NULL COMMENT '前一版本数据的guid',
  `r_guid` varchar(15) DEFAULT NULL COMMENT '原始数据guid',
  `updated_by` varchar(50) DEFAULT NULL COMMENT '更新用户',
  `updated_date` datetime DEFAULT NULL COMMENT '更新日期',
  `created_by` varchar(50) DEFAULT NULL COMMENT '创建用户',
  `created_date` datetime DEFAULT NULL COMMENT '创建日期',
  `state` int(15) DEFAULT NULL COMMENT '状态',
  `key_name` varchar(1000) DEFAULT NULL COMMENT '唯一名称',
  `fixed_date` varchar(19) DEFAULT NULL COMMENT '确认日期',
  `code` varchar(1000) DEFAULT NULL COMMENT '编码',
  `description` varchar(1000) DEFAULT NULL COMMENT '描述说明',
  `name` varchar(200) DEFAULT NULL COMMENT '服务名称',
  `service_invoke_type` varchar(200) DEFAULT NULL COMMENT '同步请求 | 异步回调 | 广播 | 同步调用',
  `service_nature` varchar(200) DEFAULT NULL COMMENT '查询类 | 交易类',
  `service_type` varchar(200) DEFAULT NULL COMMENT '直连服务 | RMB服务',
  `state_code` varchar(50) DEFAULT NULL COMMENT '状态编码',
  `unit_design` varchar(15) DEFAULT NULL COMMENT '单元设计',
  PRIMARY KEY (`guid`)
) ENGINE=InnoDB DEFAULT CHARSET=utf8;
/*!40101 SET character_set_client = @saved_cs_client */;

--
-- Dumping data for table `service_design`
--

LOCK TABLES `service_design` WRITE;
/*!40000 ALTER TABLE `service_design` DISABLE KEYS */;
INSERT INTO `service_design` (`guid`, `p_guid`, `r_guid`, `updated_by`, `updated_date`, `created_by`, `created_date`, `state`, `key_name`, `fixed_date`, `code`, `description`, `name`, `service_invoke_type`, `service_nature`, `service_type`, `state_code`, `unit_design`) VALUES ('0041_0000000002',NULL,'0041_0000000002','umadmin','2020-05-08 17:34:29','umadmin','2020-05-08 17:24:52',34,'S100001_登录','2020-05-08 17:34:28','S100001','','登录','同步请求','查询类','直连服务','new','0039_0000000002'),('0041_0000000003',NULL,'0041_0000000003','umadmin','2020-05-08 17:29:09','umadmin','2020-05-08 17:29:09',34,'S100003_认证',NULL,'S100003','','认证','同步调用','查询类','直连服务','new','0039_0000000007'),('0041_0000000004',NULL,'0041_0000000004','umadmin','2020-05-20 17:11:12','umadmin','2020-05-20 15:56:36',34,'S100045_登录','2020-05-20 17:11:11','S100045','','登录','同步请求','查询类','直连服务','new','0039_0000000018'),('0041_0000000005',NULL,'0041_0000000005','umadmin','2020-05-20 17:11:12','umadmin','2020-05-20 15:57:48',34,'S100003_登录','2020-05-20 17:11:11','S100003','','登录','同步请求','查询类','直连服务','new','0039_0000000017'),('0041_0000000007',NULL,'0041_0000000007','umadmin','2020-05-20 15:59:01','umadmin','2020-05-20 15:59:01',34,'S100043_认证',NULL,'S100043','','认证','同步请求','查询类','直连服务','new','0039_0000000012');
/*!40000 ALTER TABLE `service_design` ENABLE KEYS */;
UNLOCK TABLES;

--
-- Table structure for table `service_invoke_design`
--

DROP TABLE IF EXISTS `service_invoke_design`;
/*!40101 SET @saved_cs_client     = @@character_set_client */;
 SET character_set_client = utf8mb4 ;
CREATE TABLE `service_invoke_design` (
  `guid` varchar(15) NOT NULL COMMENT '全局唯一ID',
  `p_guid` varchar(15) DEFAULT NULL COMMENT '前一版本数据的guid',
  `r_guid` varchar(15) DEFAULT NULL COMMENT '原始数据guid',
  `updated_by` varchar(50) DEFAULT NULL COMMENT '更新用户',
  `updated_date` datetime DEFAULT NULL COMMENT '更新日期',
  `created_by` varchar(50) DEFAULT NULL COMMENT '创建用户',
  `created_date` datetime DEFAULT NULL COMMENT '创建日期',
  `state` int(15) DEFAULT NULL COMMENT '状态',
  `key_name` varchar(1000) DEFAULT NULL COMMENT '唯一名称',
  `fixed_date` varchar(19) DEFAULT NULL COMMENT '确认日期',
  `code` varchar(1000) DEFAULT NULL COMMENT '编码',
  `description` varchar(1000) DEFAULT NULL COMMENT '描述说明',
  `invoked_unit_design` varchar(15) DEFAULT NULL COMMENT '被调用单元设计',
  `invoke_unit_design` varchar(15) DEFAULT NULL COMMENT '调用单元设计',
  `service_design` varchar(15) DEFAULT NULL COMMENT '服务设计',
  `state_code` varchar(50) DEFAULT NULL COMMENT '状态编码',
  PRIMARY KEY (`guid`)
) ENGINE=InnoDB DEFAULT CHARSET=utf8;
/*!40101 SET character_set_client = @saved_cs_client */;

--
-- Dumping data for table `service_invoke_design`
--

LOCK TABLES `service_invoke_design` WRITE;
/*!40000 ALTER TABLE `service_invoke_design` DISABLE KEYS */;
INSERT INTO `service_invoke_design` (`guid`, `p_guid`, `r_guid`, `updated_by`, `updated_date`, `created_by`, `created_date`, `state`, `key_name`, `fixed_date`, `code`, `description`, `invoked_unit_design`, `invoke_unit_design`, `service_design`, `state_code`) VALUES ('0042_0000000002',NULL,'0042_0000000002','umadmin','2020-05-08 17:34:29','umadmin','2020-05-08 17:25:22',34,'DEMO_CLIENT_BROWER-->--DEMO_CORE_APP@S100001_登录','2020-05-08 17:34:28','BROWER-->--APP@登录','','0039_0000000002','0039_0000000006','0041_0000000002','new'),('0042_0000000003',NULL,'0042_0000000003','umadmin','2020-05-08 17:34:29','umadmin','2020-05-08 17:32:16',34,'DEMO_CORE_APP-->--UM_SER_APP@S100003_认证','2020-05-08 17:34:28','APP-->--APP@认证','','0039_0000000007','0039_0000000002','0041_0000000003','new'),('0042_0000000004',NULL,'0042_0000000004','umadmin','2020-05-20 17:11:12','umadmin','2020-05-20 15:57:00',34,'aDEMO_CLIENT_BROWER-->--aDEMO_PROXY_NGINX@S100045_登录','2020-05-20 17:11:11','BROWER-->--NGINX@登录','','0039_0000000018','0039_0000000013','0041_0000000004','new'),('0042_0000000005',NULL,'0042_0000000005','umadmin','2020-05-20 17:11:12','umadmin','2020-05-20 15:58:03',34,'aDEMO_PROXY_NGINX-->--aDEMO_CORE_APP@S100003_登录','2020-05-20 17:11:11','NGINX-->--APP@登录','','0039_0000000017','0039_0000000018','0041_0000000005','new'),('0042_0000000006',NULL,'0042_0000000006','umadmin','2020-05-20 17:11:12','umadmin','2020-05-20 15:59:38',34,'aDEMO_CORE_APP-->--aUM_SER_APP@S100043_认证','2020-05-20 17:11:11','APP-->--APP@认证','','0039_0000000012','0039_0000000017','0041_0000000007','new');
/*!40000 ALTER TABLE `service_invoke_design` ENABLE KEYS */;
UNLOCK TABLES;

--
-- Table structure for table `service_invoke_seq_design`
--

DROP TABLE IF EXISTS `service_invoke_seq_design`;
/*!40101 SET @saved_cs_client     = @@character_set_client */;
 SET character_set_client = utf8mb4 ;
CREATE TABLE `service_invoke_seq_design` (
  `guid` varchar(15) NOT NULL COMMENT '全局唯一ID',
  `p_guid` varchar(15) DEFAULT NULL COMMENT '前一版本数据的guid',
  `r_guid` varchar(15) DEFAULT NULL COMMENT '原始数据guid',
  `updated_by` varchar(50) DEFAULT NULL COMMENT '更新用户',
  `updated_date` datetime DEFAULT NULL COMMENT '更新日期',
  `created_by` varchar(50) DEFAULT NULL COMMENT '创建用户',
  `created_date` datetime DEFAULT NULL COMMENT '创建日期',
  `state` int(15) DEFAULT NULL COMMENT '状态',
  `key_name` varchar(1000) DEFAULT NULL COMMENT '唯一名称',
  `fixed_date` varchar(19) DEFAULT NULL COMMENT '确认日期',
  `code` varchar(1000) DEFAULT NULL COMMENT '编码',
  `description` varchar(1000) DEFAULT NULL COMMENT '描述说明',
  `name` varchar(200) DEFAULT NULL COMMENT '时序名称',
  `state_code` varchar(50) DEFAULT NULL COMMENT '状态编码',
  `app_system_design` varchar(15) DEFAULT NULL COMMENT '应用系统设计',
  PRIMARY KEY (`guid`)
) ENGINE=InnoDB DEFAULT CHARSET=utf8;
/*!40101 SET character_set_client = @saved_cs_client */;

--
-- Dumping data for table `service_invoke_seq_design`
--

LOCK TABLES `service_invoke_seq_design` WRITE;
/*!40000 ALTER TABLE `service_invoke_seq_design` DISABLE KEYS */;
INSERT INTO `service_invoke_seq_design` (`guid`, `p_guid`, `r_guid`, `updated_by`, `updated_date`, `created_by`, `created_date`, `state`, `key_name`, `fixed_date`, `code`, `description`, `name`, `state_code`, `app_system_design`) VALUES ('0043_0000000002',NULL,'0043_0000000002','umadmin','2020-05-08 17:32:52','umadmin','2020-05-08 17:32:52',34,'DEMO_seq_LOGIN',NULL,'LOGIN','','登录','new','0037_0000000002'),('0043_0000000003',NULL,'0043_0000000003','umadmin','2020-05-20 16:00:15','umadmin','2020-05-20 16:00:15',34,'aDEMO_seq_LOGIN',NULL,'LOGIN','','用户登录','new','0037_0000000007');
/*!40000 ALTER TABLE `service_invoke_seq_design` ENABLE KEYS */;
UNLOCK TABLES;

--
-- Table structure for table `service_invoke_seq_design$service_invoke_design_sequence`
--

DROP TABLE IF EXISTS `service_invoke_seq_design$service_invoke_design_sequence`;
/*!40101 SET @saved_cs_client     = @@character_set_client */;
 SET character_set_client = utf8mb4 ;
CREATE TABLE `service_invoke_seq_design$service_invoke_design_sequence` (
  `id` int(11) NOT NULL AUTO_INCREMENT,
  `from_guid` varchar(15) COLLATE utf8mb4_unicode_ci NOT NULL,
  `to_guid` varchar(15) COLLATE utf8mb4_unicode_ci NOT NULL,
  `seq_no` int(5) DEFAULT '0',
  PRIMARY KEY (`id`)
) ENGINE=InnoDB AUTO_INCREMENT=6 DEFAULT CHARSET=utf8mb4 COLLATE=utf8mb4_unicode_ci;
/*!40101 SET character_set_client = @saved_cs_client */;

--
-- Dumping data for table `service_invoke_seq_design$service_invoke_design_sequence`
--

LOCK TABLES `service_invoke_seq_design$service_invoke_design_sequence` WRITE;
/*!40000 ALTER TABLE `service_invoke_seq_design$service_invoke_design_sequence` DISABLE KEYS */;
INSERT INTO `service_invoke_seq_design$service_invoke_design_sequence` (`id`, `from_guid`, `to_guid`, `seq_no`) VALUES (1,'0043_0000000002','0042_0000000003',2),(2,'0043_0000000002','0042_0000000002',1),(3,'0043_0000000003','0042_0000000004',1),(4,'0043_0000000003','0042_0000000006',3),(5,'0043_0000000003','0042_0000000005',2);
/*!40000 ALTER TABLE `service_invoke_seq_design$service_invoke_design_sequence` ENABLE KEYS */;
UNLOCK TABLES;

--
-- Table structure for table `static_diff_conf_value`
--

DROP TABLE IF EXISTS `static_diff_conf_value`;
/*!40101 SET @saved_cs_client     = @@character_set_client */;
 SET character_set_client = utf8mb4 ;
CREATE TABLE `static_diff_conf_value` (
  `guid` varchar(15) NOT NULL COMMENT '全局唯一ID',
  `p_guid` varchar(15) DEFAULT NULL COMMENT '前一版本数据的guid',
  `r_guid` varchar(15) DEFAULT NULL COMMENT '原始数据guid',
  `updated_by` varchar(50) DEFAULT NULL COMMENT '更新用户',
  `updated_date` datetime DEFAULT NULL COMMENT '更新日期',
  `created_by` varchar(50) DEFAULT NULL COMMENT '创建用户',
  `created_date` datetime DEFAULT NULL COMMENT '创建日期',
  `state` int(15) DEFAULT NULL COMMENT '状态',
  `key_name` varchar(1000) DEFAULT NULL COMMENT '唯一名称',
  `state_code` varchar(50) DEFAULT NULL COMMENT '状态编码',
  `fixed_date` varchar(19) DEFAULT NULL COMMENT '确认日期',
  `code` varchar(1000) DEFAULT NULL COMMENT '编码',
  `deploy_environment` varchar(15) DEFAULT NULL COMMENT '部署环境',
  `deploy_environment_difference` varchar(200) DEFAULT NULL COMMENT 'Y | N',
  `description` varchar(1000) DEFAULT NULL COMMENT '描述说明',
  `static_value` varchar(200) DEFAULT NULL COMMENT '静态值',
  `unit_design` varchar(15) DEFAULT NULL COMMENT '单元设计',
  PRIMARY KEY (`guid`)
) ENGINE=InnoDB DEFAULT CHARSET=utf8;
/*!40101 SET character_set_client = @saved_cs_client */;

--
-- Dumping data for table `static_diff_conf_value`
--

LOCK TABLES `static_diff_conf_value` WRITE;
/*!40000 ALTER TABLE `static_diff_conf_value` DISABLE KEYS */;
INSERT INTO `static_diff_conf_value` (`guid`, `p_guid`, `r_guid`, `updated_by`, `updated_date`, `created_by`, `created_date`, `state`, `key_name`, `state_code`, `fixed_date`, `code`, `deploy_environment`, `deploy_environment_difference`, `description`, `static_value`, `unit_design`) VALUES ('0064_0000000002',NULL,'0064_0000000002','umadmin','2020-05-25 12:37:51','umadmin','2020-05-25 12:37:51',34,'aDEMO_PROXY_NGINX__context_path','new',NULL,'context_path','','N','全部转发','~*^.+$','0039_0000000018');
/*!40000 ALTER TABLE `static_diff_conf_value` ENABLE KEYS */;
UNLOCK TABLES;

--
-- Table structure for table `storage_type`
--

DROP TABLE IF EXISTS `storage_type`;
/*!40101 SET @saved_cs_client     = @@character_set_client */;
 SET character_set_client = utf8mb4 ;
CREATE TABLE `storage_type` (
  `guid` varchar(15) NOT NULL COMMENT '全局唯一ID',
  `p_guid` varchar(15) DEFAULT NULL COMMENT '前一版本数据的guid',
  `r_guid` varchar(15) DEFAULT NULL COMMENT '原始数据guid',
  `updated_by` varchar(50) DEFAULT NULL COMMENT '更新用户',
  `updated_date` datetime DEFAULT NULL COMMENT '更新日期',
  `created_by` varchar(50) DEFAULT NULL COMMENT '创建用户',
  `created_date` datetime DEFAULT NULL COMMENT '创建日期',
  `state` int(15) DEFAULT NULL COMMENT '状态',
  `key_name` varchar(1000) DEFAULT NULL COMMENT '唯一名称',
  `state_code` varchar(50) DEFAULT NULL COMMENT '状态编码',
  `fixed_date` varchar(19) DEFAULT NULL COMMENT '确认日期',
  `code` varchar(1000) DEFAULT NULL COMMENT '编码',
  `cloud_vendor` varchar(15) DEFAULT NULL COMMENT '云厂商',
  `description` varchar(1000) DEFAULT NULL COMMENT '描述说明',
  `name` varchar(200) DEFAULT NULL COMMENT '名称',
  `unit_type` varchar(15) DEFAULT NULL COMMENT '单元类型',
  PRIMARY KEY (`guid`)
) ENGINE=InnoDB DEFAULT CHARSET=utf8;
/*!40101 SET character_set_client = @saved_cs_client */;

--
-- Dumping data for table `storage_type`
--

LOCK TABLES `storage_type` WRITE;
/*!40000 ALTER TABLE `storage_type` DISABLE KEYS */;
INSERT INTO `storage_type` (`guid`, `p_guid`, `r_guid`, `updated_by`, `updated_date`, `created_by`, `created_date`, `state`, `key_name`, `state_code`, `fixed_date`, `code`, `cloud_vendor`, `description`, `name`, `unit_type`) VALUES ('0062_0000000001',NULL,'0062_0000000001','umadmin','2020-05-20 11:58:04','umadmin','2020-04-11 23:49:54',34,'普通IO型_华为云JAVA','new',NULL,'SATA','0006_0000000001','','普通IO型','0002_0000000001'),('0062_0000000002',NULL,'0062_0000000002','umadmin','2020-05-20 11:58:04','umadmin','2020-04-11 23:50:47',34,'高IO型_华为云JAVA','new',NULL,'SAS','0006_0000000001','','高IO型','0002_0000000001'),('0062_0000000005',NULL,'0062_0000000005','umadmin','2020-05-20 11:58:04','umadmin','2020-04-11 23:53:18',34,'超高IO型_华为云MYSQL','new',NULL,'ULTRAHIGH','0006_0000000001','','超高IO型','0002_0000000002'),('0062_0000000007',NULL,'0062_0000000007','umadmin','2020-05-20 11:58:04','umadmin','2020-04-12 03:14:26',34,'普通IO型_华为云VDI','new',NULL,'SATA','0006_0000000001','','普通IO型','0002_0000000005'),('0062_0000000008',NULL,'0062_0000000008','umadmin','2020-05-20 11:58:04','umadmin','2020-04-12 03:14:26',34,'普通IO型_华为云SQUID','new',NULL,'SATA','0006_0000000001','','普通IO型','0002_0000000006'),('0062_0000000009',NULL,'0062_0000000009','umadmin','2020-05-20 11:58:03','umadmin','2020-04-18 17:12:15',34,'普通IO型_腾讯云VDI','new',NULL,'CLOUD_BASIC','0006_0000000002','','普通IO型','0002_0000000005'),('0062_0000000010',NULL,'0062_0000000010','umadmin','2020-05-20 11:58:03','umadmin','2020-04-18 17:12:16',34,'普通IO型_腾讯云SQUID','new',NULL,'CLOUD_BASIC','0006_0000000002','','普通IO型','0002_0000000006'),('0062_0000000011',NULL,'0062_0000000011','umadmin','2020-05-20 11:58:03','umadmin','2020-04-18 17:12:16',34,'超高IO型_腾讯云MYSQL','new',NULL,'LOCAL_SSD','0006_0000000002','','超高IO型','0002_0000000002'),('0062_0000000013',NULL,'0062_0000000013','umadmin','2020-05-20 11:58:03','umadmin','2020-04-18 17:12:16',34,'高IO型_腾讯云JAVA','new',NULL,'CLOUD_PREMIUM','0006_0000000002','','高IO型','0002_0000000001'),('0062_0000000014',NULL,'0062_0000000014','umadmin','2020-05-20 11:58:03','umadmin','2020-04-18 17:12:16',34,'普通IO型_腾讯云JAVA','new',NULL,'CLOUD_BASIC','0006_0000000002','','普通IO型','0002_0000000001'),('0062_0000000015',NULL,'0062_0000000015','umadmin','2020-05-20 11:58:03','umadmin','2020-04-24 12:01:37',34,'高IO型_腾讯云DOCKER','new',NULL,'CLOUD_PREMIUM','0006_0000000002','','高IO型','0002_0000000012'),('0062_0000000016',NULL,'0062_0000000016','umadmin','2020-05-20 11:58:03','umadmin','2020-04-24 12:01:37',34,'普通IO型_腾讯云DOCKER','new',NULL,'CLOUD_BASIC','0006_0000000002','','普通IO型','0002_0000000012'),('0062_0000000017',NULL,'0062_0000000017','umadmin','2020-05-20 11:58:04','umadmin','2020-04-24 12:01:37',34,'高IO型_华为云DOCKER','new',NULL,'SAS','0006_0000000001','','高IO型','0002_0000000012'),('0062_0000000018',NULL,'0062_0000000018','umadmin','2020-05-20 11:58:04','umadmin','2020-04-24 12:01:37',34,'普通IO型_华为云DOCKER','new',NULL,'SATA','0006_0000000001','','普通IO型','0002_0000000012'),('0062_0000000019',NULL,'0062_0000000019','umadmin','2020-05-20 11:58:03','umadmin','2020-04-24 12:01:37',34,'高IO型_腾讯云OAP','new',NULL,'CLOUD_PREMIUM','0006_0000000002','','高IO型','0002_0000000010'),('0062_0000000020',NULL,'0062_0000000020','umadmin','2020-05-20 11:58:03','umadmin','2020-04-24 12:01:37',34,'普通IO型_腾讯云OAP','new',NULL,'CLOUD_BASIC','0006_0000000002','','普通IO型','0002_0000000010'),('0062_0000000021',NULL,'0062_0000000021','umadmin','2020-05-20 11:58:04','umadmin','2020-04-24 12:01:38',34,'高IO型_华为云OAP','new',NULL,'SAS','0006_0000000001','','高IO型','0002_0000000010'),('0062_0000000022',NULL,'0062_0000000022','umadmin','2020-05-20 11:58:04','umadmin','2020-04-24 12:01:38',34,'普通IO型_华为云OAP','new',NULL,'SATA','0006_0000000001','','普通IO型','0002_0000000010'),('0062_0000000023',NULL,'0062_0000000023','umadmin','2020-05-20 11:58:03','umadmin','2020-04-24 12:02:05',34,'普通IO型_腾讯云NGINX','new',NULL,'CLOUD_BASIC','0006_0000000002','','普通IO型','0002_0000000011'),('0062_0000000024',NULL,'0062_0000000024','umadmin','2020-05-20 11:58:04','umadmin','2020-04-24 12:02:05',34,'普通IO型_华为云NGINX','new',NULL,'SATA','0006_0000000001','','普通IO型','0002_0000000011'),('0062_0000000035',NULL,'0062_0000000035','umadmin','2020-05-20 14:21:49','umadmin','2020-05-20 14:21:49',34,'高效云盘_阿里云NGINX','new',NULL,'cloud_efficiency','0006_0000000004','','高效云盘','0002_0000000011'),('0062_0000000036',NULL,'0062_0000000036','umadmin','2020-05-20 14:21:49','umadmin','2020-05-20 14:21:49',34,'SSD云盘_阿里云DOCKER','new',NULL,'cloud_ssd','0006_0000000004','','SSD云盘','0002_0000000012'),('0062_0000000037',NULL,'0062_0000000037','umadmin','2020-05-20 14:21:50','umadmin','2020-05-20 14:21:49',34,'高效云盘_阿里云DOCKER','new',NULL,'cloud_efficiency','0006_0000000004','','高效云盘','0002_0000000012'),('0062_0000000038',NULL,'0062_0000000038','umadmin','2020-05-20 14:21:50','umadmin','2020-05-20 14:21:50',34,'SSD云盘_阿里云OAP','new',NULL,'cloud_ssd','0006_0000000004','','SSD云盘','0002_0000000010'),('0062_0000000039',NULL,'0062_0000000039','umadmin','2020-05-20 14:21:50','umadmin','2020-05-20 14:21:50',34,'高效云盘_阿里云OAP','new',NULL,'cloud_efficiency','0006_0000000004','','高效云盘','0002_0000000010'),('0062_0000000040',NULL,'0062_0000000040','umadmin','2020-05-20 14:21:50','umadmin','2020-05-20 14:21:50',34,'高效云盘_阿里云SQUID','new',NULL,'cloud_efficiency','0006_0000000004','','高效云盘','0002_0000000006'),('0062_0000000041',NULL,'0062_0000000041','umadmin','2020-05-20 14:23:45','umadmin','2020-05-20 14:21:50',34,'本地SSD盘_阿里云MYSQL','new',NULL,'local_ssd','0006_0000000004','','本地SSD盘','0002_0000000002'),('0062_0000000042',NULL,'0062_0000000042','umadmin','2020-05-20 14:21:50','umadmin','2020-05-20 14:21:50',34,'高效云盘_阿里云JAVA','new',NULL,'cloud_efficiency','0006_0000000004','','高效云盘','0002_0000000001'),('0062_0000000043',NULL,'0062_0000000043','umadmin','2020-05-20 14:21:50','umadmin','2020-05-20 14:21:50',34,'SSD云盘_阿里云JAVA','new',NULL,'cloud_ssd','0006_0000000004','','SSD云盘','0002_0000000001'),('0062_0000000044',NULL,'0062_0000000044','umadmin','2020-05-20 14:21:50','umadmin','2020-05-20 14:21:50',34,'高效云盘_阿里云VDI','new',NULL,'cloud_efficiency','0006_0000000004','','高效云盘','0002_0000000005');
/*!40000 ALTER TABLE `storage_type` ENABLE KEYS */;
UNLOCK TABLES;

--
-- Table structure for table `subsys`
--

DROP TABLE IF EXISTS `subsys`;
/*!40101 SET @saved_cs_client     = @@character_set_client */;
 SET character_set_client = utf8mb4 ;
CREATE TABLE `subsys` (
  `guid` varchar(15) NOT NULL COMMENT '全局唯一ID',
  `p_guid` varchar(15) DEFAULT NULL COMMENT '前一版本数据的guid',
  `r_guid` varchar(15) DEFAULT NULL COMMENT '原始数据guid',
  `updated_by` varchar(50) DEFAULT NULL COMMENT '更新用户',
  `updated_date` datetime DEFAULT NULL COMMENT '更新日期',
  `created_by` varchar(50) DEFAULT NULL COMMENT '创建用户',
  `created_date` datetime DEFAULT NULL COMMENT '创建日期',
  `state` int(15) DEFAULT NULL COMMENT '状态',
  `key_name` varchar(1000) DEFAULT NULL COMMENT '唯一名称',
  `fixed_date` varchar(19) DEFAULT NULL COMMENT '确认日期',
  `code` varchar(1000) DEFAULT NULL COMMENT '编码',
  `description` varchar(1000) DEFAULT NULL COMMENT '描述说明',
  `manage_role` varchar(50) DEFAULT NULL COMMENT '管理角色',
  `state_code` varchar(50) DEFAULT NULL COMMENT '状态编码',
  `subsys_design` varchar(15) DEFAULT NULL COMMENT '子系统设计',
  `app_system` varchar(15) DEFAULT NULL COMMENT '应用系统',
  `network_zone` varchar(15) DEFAULT NULL COMMENT '网络区域',
  PRIMARY KEY (`guid`)
) ENGINE=InnoDB DEFAULT CHARSET=utf8;
/*!40101 SET character_set_client = @saved_cs_client */;

--
-- Dumping data for table `subsys`
--

LOCK TABLES `subsys` WRITE;
/*!40000 ALTER TABLE `subsys` DISABLE KEYS */;
INSERT INTO `subsys` (`guid`, `p_guid`, `r_guid`, `updated_by`, `updated_date`, `created_by`, `created_date`, `state`, `key_name`, `fixed_date`, `code`, `description`, `manage_role`, `state_code`, `subsys_design`, `app_system`, `network_zone`) VALUES ('0047_0000000002',NULL,'0047_0000000002','umadmin','2020-05-08 17:35:58','umadmin','2020-05-08 17:35:58',37,'PRD_DEMO_CLIENT',NULL,'CLIENT','','0001_0000000001','created','0038_0000000003','0046_0000000003',NULL),('0047_0000000003',NULL,'0047_0000000003','umadmin','2020-05-08 17:36:37','umadmin','2020-05-08 17:36:37',37,'PRD_DEMO_CORE',NULL,'CORE','','0001_0000000001','created','0038_0000000002','0046_0000000003',NULL),('0047_0000000004',NULL,'0047_0000000004','umadmin','2020-05-23 00:06:53','umadmin','2020-05-20 16:31:07',37,'PRD_AaDEMO_CLIENT',NULL,'CLIENT','','0001_0000000001','created','0038_0000000006','0046_0000000005','0024_0000000020'),('0047_0000000005',NULL,'0047_0000000005','umadmin','2020-05-23 00:06:52','umadmin','2020-05-20 16:31:28',37,'PRD_AaDEMO_CORE',NULL,'CORE','','0001_0000000001','created','0038_0000000007','0046_0000000005','0024_0000000016'),('0047_0000000006',NULL,'0047_0000000006','umadmin','2020-05-23 00:06:53','umadmin','2020-05-20 16:31:28',37,'PRD_AaDEMO_PROXY',NULL,'PROXY','','0001_0000000001','created','0038_0000000008','0046_0000000005','0024_0000000017'),('0047_0000000007',NULL,'0047_0000000007','umadmin','2020-05-23 00:07:48','umadmin','2020-05-23 00:07:48',37,'PRD_TaDEMO_CORE',NULL,'CORE','','0001_0000000001','created','0038_0000000007','0046_0000000007','0024_0000000023'),('0047_0000000008',NULL,'0047_0000000008','umadmin','2020-05-23 00:07:48','umadmin','2020-05-23 00:07:48',37,'PRD_TaDEMO_PROXY',NULL,'PROXY','','0001_0000000001','created','0038_0000000008','0046_0000000007','0024_0000000024'),('0047_0000000009',NULL,'0047_0000000009','umadmin','2020-05-23 00:07:49','umadmin','2020-05-23 00:07:48',37,'PRD_TaDEMO_CLIENT',NULL,'CLIENT','','0001_0000000001','created','0038_0000000006','0046_0000000007','0024_0000000022');
/*!40000 ALTER TABLE `subsys` ENABLE KEYS */;
UNLOCK TABLES;

--
-- Table structure for table `subsys$business_zone`
--

DROP TABLE IF EXISTS `subsys$business_zone`;
/*!40101 SET @saved_cs_client     = @@character_set_client */;
 SET character_set_client = utf8mb4 ;
CREATE TABLE `subsys$business_zone` (
  `id` int(11) NOT NULL AUTO_INCREMENT,
  `from_guid` varchar(15) NOT NULL,
  `to_guid` varchar(15) NOT NULL,
  `seq_no` int(5) DEFAULT '0',
  PRIMARY KEY (`id`)
) ENGINE=InnoDB AUTO_INCREMENT=22 DEFAULT CHARSET=utf8;
/*!40101 SET character_set_client = @saved_cs_client */;

--
-- Dumping data for table `subsys$business_zone`
--

LOCK TABLES `subsys$business_zone` WRITE;
/*!40000 ALTER TABLE `subsys$business_zone` DISABLE KEYS */;
INSERT INTO `subsys$business_zone` (`id`, `from_guid`, `to_guid`, `seq_no`) VALUES (9,'0047_0000000003','0028_0000000003',1),(10,'0047_0000000004','0028_0000000003',1),(11,'0047_0000000002','0028_0000000003',1),(12,'0047_0000000001','0028_0000000006',1),(13,'0047_0000000006','0028_0000000003',1),(14,'0047_0000000005','0028_0000000003',1),(15,'0047_0000000008','0028_0000000003',1),(16,'0047_0000000009','0028_0000000003',1),(17,'0047_0000000010','0028_0000000003',1),(18,'0047_0000000011','0028_0000000003',1),(19,'0047_0000000007','0028_0000000006',1),(20,'0047_0000000012','0028_0000000006',1),(21,'0047_0000000013','0028_0000000003',1);
/*!40000 ALTER TABLE `subsys$business_zone` ENABLE KEYS */;
UNLOCK TABLES;

--
-- Table structure for table `subsys_design`
--

DROP TABLE IF EXISTS `subsys_design`;
/*!40101 SET @saved_cs_client     = @@character_set_client */;
 SET character_set_client = utf8mb4 ;
CREATE TABLE `subsys_design` (
  `guid` varchar(15) NOT NULL COMMENT '全局唯一ID',
  `p_guid` varchar(15) DEFAULT NULL COMMENT '前一版本数据的guid',
  `r_guid` varchar(15) DEFAULT NULL COMMENT '原始数据guid',
  `updated_by` varchar(50) DEFAULT NULL COMMENT '更新用户',
  `updated_date` datetime DEFAULT NULL COMMENT '更新日期',
  `created_by` varchar(50) DEFAULT NULL COMMENT '创建用户',
  `created_date` datetime DEFAULT NULL COMMENT '创建日期',
  `state` int(15) DEFAULT NULL COMMENT '状态',
  `key_name` varchar(1000) DEFAULT NULL COMMENT '唯一名称',
  `fixed_date` varchar(19) DEFAULT NULL COMMENT '确认日期',
  `code` varchar(1000) DEFAULT NULL COMMENT '编码',
  `description` varchar(1000) DEFAULT NULL COMMENT '描述说明',
  `name` varchar(200) DEFAULT NULL COMMENT '名称',
  `state_code` varchar(50) DEFAULT NULL COMMENT '状态编码',
  `subsys_design_id` varchar(200) DEFAULT NULL COMMENT '4-6位数字',
  `app_system_design` varchar(15) DEFAULT NULL COMMENT '应用系统设计',
  `network_zone_design` varchar(15) DEFAULT NULL COMMENT '网络区域设计',
  PRIMARY KEY (`guid`)
) ENGINE=InnoDB DEFAULT CHARSET=utf8;
/*!40101 SET character_set_client = @saved_cs_client */;

--
-- Dumping data for table `subsys_design`
--

LOCK TABLES `subsys_design` WRITE;
/*!40000 ALTER TABLE `subsys_design` DISABLE KEYS */;
INSERT INTO `subsys_design` (`guid`, `p_guid`, `r_guid`, `updated_by`, `updated_date`, `created_by`, `created_date`, `state`, `key_name`, `fixed_date`, `code`, `description`, `name`, `state_code`, `subsys_design_id`, `app_system_design`, `network_zone_design`) VALUES ('0038_0000000002',NULL,'0038_0000000002','umadmin','2020-05-08 14:53:43','umadmin','2020-05-07 17:26:47',34,'DEMO_CORE','2020-05-08 14:53:43','CORE','','核心子系统','new','1235','0037_0000000002',NULL),('0038_0000000003',NULL,'0038_0000000003','umadmin','2020-05-08 17:34:29','umadmin','2020-05-08 17:07:37',34,'DEMO_CLIENT','2020-05-08 17:34:28','CLIENT','','客户端子系统','new','1256','0037_0000000002',NULL),('0038_0000000004',NULL,'0038_0000000004','umadmin','2020-05-08 17:27:11','umadmin','2020-05-08 17:27:11',34,'UM_SER',NULL,'SER','','服务子系统','new','3456','0037_0000000004',NULL),('0038_0000000005',NULL,'0038_0000000005','umadmin','2020-05-20 15:40:58','umadmin','2020-05-20 15:40:58',34,'aUM_SER',NULL,'SER','','服务子系统','new','3453','0037_0000000006','0014_0000000011'),('0038_0000000006',NULL,'0038_0000000006','umadmin','2020-05-20 17:11:12','umadmin','2020-05-20 15:40:58',34,'aDEMO_CLIENT','2020-05-20 17:11:11','CLIENT','','客户端子系统','new','1251','0037_0000000007','0014_0000000015'),('0038_0000000007',NULL,'0038_0000000007','umadmin','2020-05-20 17:11:12','umadmin','2020-05-20 15:40:58',34,'aDEMO_CORE','2020-05-20 17:11:11','CORE','','核心子系统','new','1223','0037_0000000007','0014_0000000011'),('0038_0000000008',NULL,'0038_0000000008','umadmin','2020-05-20 17:11:12','umadmin','2020-05-20 15:42:26',34,'aDEMO_PROXY','2020-05-20 17:11:11','PROXY','','代理子系统','new','1228','0037_0000000007','0014_0000000012');
/*!40000 ALTER TABLE `subsys_design` ENABLE KEYS */;
UNLOCK TABLES;

--
-- Table structure for table `subsys_design$business_zone_design`
--

DROP TABLE IF EXISTS `subsys_design$business_zone_design`;
/*!40101 SET @saved_cs_client     = @@character_set_client */;
 SET character_set_client = utf8mb4 ;
CREATE TABLE `subsys_design$business_zone_design` (
  `id` int(11) NOT NULL AUTO_INCREMENT,
  `from_guid` varchar(15) NOT NULL,
  `to_guid` varchar(15) NOT NULL,
  `seq_no` int(5) DEFAULT '0',
  PRIMARY KEY (`id`)
) ENGINE=InnoDB AUTO_INCREMENT=38 DEFAULT CHARSET=utf8;
/*!40101 SET character_set_client = @saved_cs_client */;

--
-- Dumping data for table `subsys_design$business_zone_design`
--

LOCK TABLES `subsys_design$business_zone_design` WRITE;
/*!40000 ALTER TABLE `subsys_design$business_zone_design` DISABLE KEYS */;
INSERT INTO `subsys_design$business_zone_design` (`id`, `from_guid`, `to_guid`, `seq_no`) VALUES (21,'0038_0000000004','0018_0000000001',1),(22,'0038_0000000003','0018_0000000001',1),(23,'0038_0000000002','0018_0000000001',1),(24,'0038_0000000001','0018_0000000006',1),(25,'0038_0000000006','0018_0000000001',1),(26,'0038_0000000005','0018_0000000001',1),(27,'0038_0000000007','0018_0000000001',1),(32,'0038_0000000009','0018_0000000001',1),(33,'0038_0000000010','0018_0000000001',1),(34,'0038_0000000011','0018_0000000001',1),(35,'0038_0000000008','0018_0000000006',1),(36,'0038_0000000012','0018_0000000006',1),(37,'0038_0000000013','0018_0000000001',1);
/*!40000 ALTER TABLE `subsys_design$business_zone_design` ENABLE KEYS */;
UNLOCK TABLES;

--
-- Table structure for table `unit`
--

DROP TABLE IF EXISTS `unit`;
/*!40101 SET @saved_cs_client     = @@character_set_client */;
 SET character_set_client = utf8mb4 ;
CREATE TABLE `unit` (
  `guid` varchar(15) NOT NULL COMMENT '全局唯一ID',
  `p_guid` varchar(15) DEFAULT NULL COMMENT '前一版本数据的guid',
  `r_guid` varchar(15) DEFAULT NULL COMMENT '原始数据guid',
  `updated_by` varchar(50) DEFAULT NULL COMMENT '更新用户',
  `updated_date` datetime DEFAULT NULL COMMENT '更新日期',
  `created_by` varchar(50) DEFAULT NULL COMMENT '创建用户',
  `created_date` datetime DEFAULT NULL COMMENT '创建日期',
  `state` int(15) DEFAULT NULL COMMENT '状态',
  `key_name` varchar(1000) DEFAULT NULL COMMENT '唯一名称',
  `fixed_date` varchar(19) DEFAULT NULL COMMENT '确认日期',
  `code` varchar(1000) DEFAULT NULL COMMENT '编码',
  `description` varchar(1000) DEFAULT NULL COMMENT '描述说明',
  `deploy_path` varchar(200) DEFAULT NULL COMMENT '部署路径',
  `manage_role` varchar(15) DEFAULT NULL COMMENT '管理角色',
  `public_key` varchar(1000) DEFAULT NULL COMMENT '加密公钥',
  `resource_set` varchar(15) DEFAULT NULL COMMENT '资源集合',
  `security_group_asset_id` varchar(200) DEFAULT NULL COMMENT '安全组资产编码',
  `state_code` varchar(50) DEFAULT NULL COMMENT '状态编码',
  `subsys` varchar(15) DEFAULT NULL COMMENT '子系统',
  `unit_design` varchar(15) DEFAULT NULL COMMENT '单元设计',
  `unit_type` varchar(15) DEFAULT NULL COMMENT '单元类型',
  `protocol` varchar(200) DEFAULT NULL COMMENT '通讯协议',
  `white_list_type` varchar(200) DEFAULT NULL COMMENT 'N默认策略，I入白名单策略，E出白名单策略，IE出入白名单策略',
  PRIMARY KEY (`guid`)
) ENGINE=InnoDB DEFAULT CHARSET=utf8;
/*!40101 SET character_set_client = @saved_cs_client */;

--
-- Dumping data for table `unit`
--

LOCK TABLES `unit` WRITE;
/*!40000 ALTER TABLE `unit` DISABLE KEYS */;
INSERT INTO `unit` (`guid`, `p_guid`, `r_guid`, `updated_by`, `updated_date`, `created_by`, `created_date`, `state`, `key_name`, `fixed_date`, `code`, `description`, `deploy_path`, `manage_role`, `public_key`, `resource_set`, `security_group_asset_id`, `state_code`, `subsys`, `unit_design`, `unit_type`, `protocol`, `white_list_type`) VALUES ('0048_0000000002',NULL,'0048_0000000002','umadmin','2020-05-11 17:13:42','umadmin','2020-05-08 17:38:03',37,'PRD_DEMO_CORE_APP',NULL,'APP','','/data/PRD_DEMO_CORE_APP/','0001_0000000001','','0029_0000000051','','created','0047_0000000003','0039_0000000002','0002_0000000001','TCP','E'),('0048_0000000003',NULL,'0048_0000000003','umadmin','2020-05-08 17:38:04','umadmin','2020-05-08 17:38:04',37,'PRD_DEMO_CORE_DB',NULL,'DB','','/data/PRD_DEMO_CORE_DB/','0001_0000000001','','0029_0000000055','','created','0047_0000000003','0039_0000000004','0002_0000000002','TCP','N'),('0048_0000000004',NULL,'0048_0000000004','umadmin','2020-05-08 17:39:01','umadmin','2020-05-08 17:38:05',37,'PRD_DEMO_CORE_REDIS',NULL,'REDIS','','/data/PRD_DEMO_CORE_REDIS/','0001_0000000001','','0029_0000000054','','created','0047_0000000003','0039_0000000005','0002_0000000003','TCP','N'),('0048_0000000005',NULL,'0048_0000000005','umadmin','2020-05-08 17:38:05','umadmin','2020-05-08 17:38:05',37,'PRD_DEMO_CORE_LB',NULL,'LB','','/data/PRD_DEMO_CORE_LB/','0001_0000000001','','0029_0000000050','','created','0047_0000000003','0039_0000000003','0002_0000000004','TCP','N'),('0048_0000000006',NULL,'0048_0000000006','umadmin','2020-05-08 17:39:47','umadmin','2020-05-08 17:39:47',37,'PRD_DEMO_CLIENT_BROWER',NULL,'BROWER','','/data/PRD_DEMO_CLIENT_BROWER/','0001_0000000001','','0029_0000000029','','created','0047_0000000002','0039_0000000006','0002_0000000005','TCP','N'),('0048_0000000012',NULL,'0048_0000000012','umadmin','2020-05-23 00:12:26','umadmin','2020-05-20 16:40:20',37,'PRD_AaDEMO_CLIENT_BROWER',NULL,'BROWER','','/data/PRD_AaDEMO_CLIENT_BROWER/','0001_0000000001','','0029_0000000120','','created','0047_0000000004','0039_0000000013','0002_0000000009','TCP','N'),('0048_0000000013',NULL,'0048_0000000013','umadmin','2020-05-23 00:12:25','umadmin','2020-05-20 16:40:21',37,'PRD_AaDEMO_CORE_REDIS',NULL,'REDIS','','/data/PRD_AaDEMO_CORE_REDIS/','0001_0000000001','','0029_0000000102','','created','0047_0000000005','0039_0000000014','0002_0000000003','TCP','N'),('0048_0000000014',NULL,'0048_0000000014','umadmin','2020-05-23 00:12:25','umadmin','2020-05-20 16:40:21',37,'PRD_AaDEMO_CORE_LB',NULL,'LB','','/data/PRD_AaDEMO_CORE_LB/','0001_0000000001','','0029_0000000104','','created','0047_0000000005','0039_0000000016','0002_0000000004','TCP','N'),('0048_0000000015',NULL,'0048_0000000015','umadmin','2020-05-23 00:12:24','umadmin','2020-05-20 16:40:22',37,'PRD_AaDEMO_CORE_DB',NULL,'DB','','/data/PRD_AaDEMO_CORE_DB/','0001_0000000001','','0029_0000000101','','created','0047_0000000005','0039_0000000015','0002_0000000002','TCP','N'),('0048_0000000016',NULL,'0048_0000000016','umadmin','2020-05-23 00:12:23','umadmin','2020-05-20 16:40:23',37,'PRD_AaDEMO_CORE_APP',NULL,'APP','','/data/PRD_AaDEMO_CORE_APP/','0001_0000000001','','0029_0000000103','','created','0047_0000000005','0039_0000000017','0002_0000000001','TCP','E'),('0048_0000000017',NULL,'0048_0000000017','umadmin','2020-05-23 00:12:23','umadmin','2020-05-20 16:45:47',37,'PRD_AaDEMO_PROXY_NGINX',NULL,'NGINX','','/data/PRD_AaDEMO_PROXY_NGINX/','0001_0000000001','','0029_0000000113','','created','0047_0000000006','0039_0000000018','0002_0000000011','TCP','E'),('0048_0000000018',NULL,'0048_0000000018','umadmin','2020-05-23 00:12:22','umadmin','2020-05-20 16:45:48',37,'PRD_AaDEMO_PROXY_ELB',NULL,'ELB','','/data/PRD_AaDEMO_PROXY_ELB/','0001_0000000001','','0029_0000000116','','created','0047_0000000006','0039_0000000019','0002_0000000004','TCP','N'),('0048_0000000019',NULL,'0048_0000000019','umadmin','2020-05-23 00:13:38','umadmin','2020-05-23 00:13:37',37,'PRD_TaDEMO_PROXY_ELB',NULL,'ELB','','/data/PRD_TaDEMO_PROXY_ELB/','0001_0000000001','','0029_0000000127','','created','0047_0000000008','0039_0000000019','0002_0000000004','TCP','N'),('0048_0000000020',NULL,'0048_0000000020','umadmin','2020-05-23 00:13:38','umadmin','2020-05-23 00:13:38',37,'PRD_TaDEMO_PROXY_NGINX',NULL,'NGINX','','/data/PRD_TaDEMO_PROXY_NGINX/','0001_0000000001','','0029_0000000128','','created','0047_0000000008','0039_0000000018','0002_0000000011','TCP','E'),('0048_0000000021',NULL,'0048_0000000021','umadmin','2020-05-23 00:13:39','umadmin','2020-05-23 00:13:38',37,'PRD_TaDEMO_CORE_APP',NULL,'APP','','/data/PRD_TaDEMO_CORE_APP/','0001_0000000001','','0029_0000000135','','created','0047_0000000007','0039_0000000017','0002_0000000001','TCP','E'),('0048_0000000022',NULL,'0048_0000000022','umadmin','2020-05-23 00:13:39','umadmin','2020-05-23 00:13:39',37,'PRD_TaDEMO_CORE_DB',NULL,'DB','','/data/PRD_TaDEMO_CORE_DB/','0001_0000000001','','0029_0000000136','','created','0047_0000000007','0039_0000000015','0002_0000000002','TCP','N'),('0048_0000000023',NULL,'0048_0000000023','umadmin','2020-05-23 00:13:40','umadmin','2020-05-23 00:13:40',37,'PRD_TaDEMO_CORE_REDIS',NULL,'REDIS','','/data/PRD_TaDEMO_CORE_REDIS/','0001_0000000001','','0029_0000000134','','created','0047_0000000007','0039_0000000014','0002_0000000003','TCP','N'),('0048_0000000024',NULL,'0048_0000000024','umadmin','2020-05-23 00:13:41','umadmin','2020-05-23 00:13:40',37,'PRD_TaDEMO_CORE_LB',NULL,'LB','','/data/PRD_TaDEMO_CORE_LB/','0001_0000000001','','0029_0000000132','','created','0047_0000000007','0039_0000000016','0002_0000000004','TCP','N'),('0048_0000000025',NULL,'0048_0000000025','umadmin','2020-05-23 00:13:41','umadmin','2020-05-23 00:13:41',37,'PRD_TaDEMO_CLIENT_BROWER',NULL,'BROWER','','/data/PRD_TaDEMO_CLIENT_BROWER/','0001_0000000001','','0029_0000000124','','created','0047_0000000009','0039_0000000013','0002_0000000009','TCP','N');
/*!40000 ALTER TABLE `unit` ENABLE KEYS */;
UNLOCK TABLES;

--
-- Table structure for table `unit$deploy_package`
--

DROP TABLE IF EXISTS `unit$deploy_package`;
/*!40101 SET @saved_cs_client     = @@character_set_client */;
 SET character_set_client = utf8mb4 ;
CREATE TABLE `unit$deploy_package` (
  `id` int(11) NOT NULL AUTO_INCREMENT,
  `from_guid` varchar(15) COLLATE utf8mb4_unicode_ci NOT NULL,
  `to_guid` varchar(15) COLLATE utf8mb4_unicode_ci NOT NULL,
  `seq_no` int(5) DEFAULT '0',
  PRIMARY KEY (`id`)
) ENGINE=InnoDB DEFAULT CHARSET=utf8mb4 COLLATE=utf8mb4_unicode_ci;
/*!40101 SET character_set_client = @saved_cs_client */;

--
-- Dumping data for table `unit$deploy_package`
--

LOCK TABLES `unit$deploy_package` WRITE;
/*!40000 ALTER TABLE `unit$deploy_package` DISABLE KEYS */;
/*!40000 ALTER TABLE `unit$deploy_package` ENABLE KEYS */;
UNLOCK TABLES;

--
-- Table structure for table `unit_design`
--

DROP TABLE IF EXISTS `unit_design`;
/*!40101 SET @saved_cs_client     = @@character_set_client */;
 SET character_set_client = utf8mb4 ;
CREATE TABLE `unit_design` (
  `guid` varchar(15) NOT NULL COMMENT '全局唯一ID',
  `p_guid` varchar(15) DEFAULT NULL COMMENT '前一版本数据的guid',
  `r_guid` varchar(15) DEFAULT NULL COMMENT '原始数据guid',
  `updated_by` varchar(50) DEFAULT NULL COMMENT '更新用户',
  `updated_date` datetime DEFAULT NULL COMMENT '更新日期',
  `created_by` varchar(50) DEFAULT NULL COMMENT '创建用户',
  `created_date` datetime DEFAULT NULL COMMENT '创建日期',
  `state` int(15) DEFAULT NULL COMMENT '状态',
  `key_name` varchar(1000) DEFAULT NULL COMMENT '唯一名称',
  `fixed_date` varchar(19) DEFAULT NULL COMMENT '确认日期',
  `code` varchar(1000) DEFAULT NULL COMMENT '编码',
  `description` varchar(1000) DEFAULT NULL COMMENT '描述说明',
  `across_resource_set` varchar(200) DEFAULT NULL COMMENT '合法值为“Y”或“N”',
  `name` varchar(200) DEFAULT NULL COMMENT '名称',
  `protocol` varchar(200) DEFAULT NULL COMMENT '合法值为“TCP”或“UDP”',
  `resource_set_design` varchar(15) DEFAULT NULL COMMENT '资源集合设计',
  `state_code` varchar(50) DEFAULT NULL COMMENT '状态编码',
  `subsys_design` varchar(15) DEFAULT NULL COMMENT '系统',
  `unit_type` varchar(15) DEFAULT NULL COMMENT '单元类型',
  `white_list_type` varchar(200) DEFAULT NULL COMMENT 'N默认策略，I入白名单策略，E出白名单策略，IE出入白名单策略',
  PRIMARY KEY (`guid`)
) ENGINE=InnoDB DEFAULT CHARSET=utf8;
/*!40101 SET character_set_client = @saved_cs_client */;

--
-- Dumping data for table `unit_design`
--

LOCK TABLES `unit_design` WRITE;
/*!40000 ALTER TABLE `unit_design` DISABLE KEYS */;
INSERT INTO `unit_design` (`guid`, `p_guid`, `r_guid`, `updated_by`, `updated_date`, `created_by`, `created_date`, `state`, `key_name`, `fixed_date`, `code`, `description`, `across_resource_set`, `name`, `protocol`, `resource_set_design`, `state_code`, `subsys_design`, `unit_type`, `white_list_type`) VALUES ('0039_0000000002',NULL,'0039_0000000002','umadmin','2020-05-08 14:53:43','umadmin','2020-05-07 17:27:15',34,'DEMO_CORE_APP','2020-05-08 14:53:43','APP','','N','应用','TCP','0019_0000000006','new','0038_0000000002','0002_0000000001','E'),('0039_0000000003',NULL,'0039_0000000003','umadmin','2020-05-08 17:34:29','umadmin','2020-05-08 17:08:14',34,'DEMO_CORE_LB','2020-05-08 17:34:28','LB','','N','负载均衡','TCP','0019_0000000007','new','0038_0000000002','0002_0000000004','N'),('0039_0000000004',NULL,'0039_0000000004','umadmin','2020-05-08 17:34:29','umadmin','2020-05-08 17:08:42',34,'DEMO_CORE_DB','2020-05-08 17:34:28','DB','','N','数据库','TCP','0019_0000000002','new','0038_0000000002','0002_0000000002','N'),('0039_0000000005',NULL,'0039_0000000005','umadmin','2020-05-08 17:34:29','umadmin','2020-05-08 17:09:11',34,'DEMO_CORE_REDIS','2020-05-08 17:34:28','REDIS','','N','缓存','TCP','0019_0000000003','new','0038_0000000002','0002_0000000003','N'),('0039_0000000006',NULL,'0039_0000000006','umadmin','2020-05-08 17:34:29','umadmin','2020-05-08 17:18:01',34,'DEMO_CLIENT_BROWER','2020-05-08 17:34:28','BROWER','','N','浏览器客户端','TCP','0019_0000000028','new','0038_0000000003','0002_0000000005','N'),('0039_0000000007',NULL,'0039_0000000007','umadmin','2020-05-08 17:27:46','umadmin','2020-05-08 17:27:46',34,'UM_SER_APP',NULL,'APP','','N','应用','TCP','0019_0000000006','new','0038_0000000004','0002_0000000001','E'),('0039_0000000008',NULL,'0039_0000000008','umadmin','2020-05-08 17:28:18','umadmin','2020-05-08 17:28:17',34,'UM_SER_LB',NULL,'LB','','N','负载均衡','TCP','0019_0000000007','new','0038_0000000004','0002_0000000004','N'),('0039_0000000009',NULL,'0039_0000000009','umadmin','2020-05-08 17:30:04','umadmin','2020-05-08 17:30:03',34,'UM_SER_DB',NULL,'DB','','N','数据库','TCP','0019_0000000002','new','0038_0000000004','0002_0000000002','N'),('0039_0000000010',NULL,'0039_0000000010','umadmin','2020-05-20 15:48:35','umadmin','2020-05-20 15:48:35',34,'aUM_SER_DB',NULL,'DB','','N','数据库','TCP','0019_0000000034','new','0038_0000000005','0002_0000000002','N'),('0039_0000000011',NULL,'0039_0000000011','umadmin','2020-05-20 15:48:36','umadmin','2020-05-20 15:48:35',34,'aUM_SER_LB',NULL,'LB','','N','负载均衡','TCP','0019_0000000036','new','0038_0000000005','0002_0000000004','N'),('0039_0000000012',NULL,'0039_0000000012','umadmin','2020-05-20 15:48:36','umadmin','2020-05-20 15:48:36',34,'aUM_SER_APP',NULL,'APP','','N','应用','TCP','0019_0000000037','new','0038_0000000005','0002_0000000001','E'),('0039_0000000013',NULL,'0039_0000000013','umadmin','2020-05-20 17:11:12','umadmin','2020-05-20 15:48:36',34,'aDEMO_CLIENT_BROWER','2020-05-20 17:11:11','BROWER','','N','浏览器客户端','TCP','0019_0000000046','new','0038_0000000006','0002_0000000009','N'),('0039_0000000014',NULL,'0039_0000000014','umadmin','2020-05-20 17:11:13','umadmin','2020-05-20 15:48:36',34,'aDEMO_CORE_REDIS','2020-05-20 17:11:11','REDIS','','N','缓存','TCP','0019_0000000035','new','0038_0000000007','0002_0000000003','N'),('0039_0000000015',NULL,'0039_0000000015','umadmin','2020-05-20 17:11:12','umadmin','2020-05-20 15:48:37',34,'aDEMO_CORE_DB','2020-05-20 17:11:11','DB','','N','数据库','TCP','0019_0000000034','new','0038_0000000007','0002_0000000002','N'),('0039_0000000016',NULL,'0039_0000000016','umadmin','2020-05-20 17:11:12','umadmin','2020-05-20 15:48:37',34,'aDEMO_CORE_LB','2020-05-20 17:11:11','LB','','N','负载均衡','TCP','0019_0000000036','new','0038_0000000007','0002_0000000004','N'),('0039_0000000017',NULL,'0039_0000000017','umadmin','2020-05-20 17:11:12','umadmin','2020-05-20 15:48:37',34,'aDEMO_CORE_APP','2020-05-20 17:11:11','APP','','N','应用','TCP','0019_0000000037','new','0038_0000000007','0002_0000000001','E'),('0039_0000000018',NULL,'0039_0000000018','umadmin','2020-05-20 17:11:12','umadmin','2020-05-20 15:50:02',34,'aDEMO_PROXY_NGINX','2020-05-20 17:11:11','NGINX','','N','反向代理','TCP','0019_0000000039','new','0038_0000000008','0002_0000000011','E'),('0039_0000000019',NULL,'0039_0000000019','umadmin','2020-05-20 17:11:12','umadmin','2020-05-20 15:50:02',34,'aDEMO_PROXY_ELB','2020-05-20 17:11:11','ELB','','N','外网负载均衡','TCP','0019_0000000041','new','0038_0000000008','0002_0000000004','N');
/*!40000 ALTER TABLE `unit_design` ENABLE KEYS */;
UNLOCK TABLES;

--
-- Table structure for table `unit_type`
--

DROP TABLE IF EXISTS `unit_type`;
/*!40101 SET @saved_cs_client     = @@character_set_client */;
 SET character_set_client = utf8mb4 ;
CREATE TABLE `unit_type` (
  `guid` varchar(15) NOT NULL COMMENT '全局唯一ID',
  `p_guid` varchar(15) DEFAULT NULL COMMENT '前一版本数据的guid',
  `r_guid` varchar(15) DEFAULT NULL COMMENT '原始数据guid',
  `updated_by` varchar(50) DEFAULT NULL COMMENT '更新用户',
  `updated_date` datetime DEFAULT NULL COMMENT '更新日期',
  `created_by` varchar(50) DEFAULT NULL COMMENT '创建用户',
  `created_date` datetime DEFAULT NULL COMMENT '创建日期',
  `state` int(15) DEFAULT NULL COMMENT '状态',
  `key_name` varchar(1000) DEFAULT NULL COMMENT '唯一名称',
  `fixed_date` varchar(19) DEFAULT NULL COMMENT '确认日期',
  `code` varchar(1000) DEFAULT NULL COMMENT '编码',
  `description` varchar(1000) DEFAULT NULL COMMENT '描述说明',
  `name` varchar(200) DEFAULT NULL COMMENT '名称',
  `state_code` varchar(50) DEFAULT NULL COMMENT '状态编码',
  PRIMARY KEY (`guid`)
) ENGINE=InnoDB DEFAULT CHARSET=utf8;
/*!40101 SET character_set_client = @saved_cs_client */;

--
-- Dumping data for table `unit_type`
--

LOCK TABLES `unit_type` WRITE;
/*!40000 ALTER TABLE `unit_type` DISABLE KEYS */;
INSERT INTO `unit_type` (`guid`, `p_guid`, `r_guid`, `updated_by`, `updated_date`, `created_by`, `created_date`, `state`, `key_name`, `fixed_date`, `code`, `description`, `name`, `state_code`) VALUES ('0002_0000000001',NULL,'0002_0000000001','umadmin','2020-04-29 15:29:06','umadmin','2020-04-11 22:09:37',34,'JAVA',NULL,'JAVA','JAVA应用','JAVA','new'),('0002_0000000002',NULL,'0002_0000000002','umadmin','2020-04-29 15:28:10','umadmin','2020-04-11 22:09:52',34,'MYSQL',NULL,'MYSQL','MYSQL数据库','MYSQL','new'),('0002_0000000003',NULL,'0002_0000000003','umadmin','2020-04-29 15:28:09','umadmin','2020-04-11 22:10:13',34,'REDIS',NULL,'REDIS','REDIS缓存','REDIS','new'),('0002_0000000004',NULL,'0002_0000000004','umadmin','2020-04-29 15:27:48','umadmin','2020-04-11 22:10:53',34,'LB',NULL,'LB','负载均衡','LB','new'),('0002_0000000005',NULL,'0002_0000000005','umadmin','2020-04-29 15:27:24','umadmin','2020-04-11 22:11:32',34,'VDI',NULL,'VDI','虚拟桌面','VDI','new'),('0002_0000000006',NULL,'0002_0000000006','umadmin','2020-04-29 15:27:15','umadmin','2020-04-12 02:55:35',34,'SQUID',NULL,'SQUID','SQUID代理','SQUID','new'),('0002_0000000008',NULL,'0002_0000000008','umadmin','2020-04-29 15:27:00','umadmin','2020-04-20 17:57:04',34,'BDP',NULL,'BDP','大数据应用','BDP','new'),('0002_0000000009',NULL,'0002_0000000009','umadmin','2020-04-29 15:28:21','umadmin','2020-04-22 18:51:53',34,'CLIENT',NULL,'CLIENT','客户端','CLIENT','new'),('0002_0000000010',NULL,'0002_0000000010','umadmin','2020-04-29 15:28:53','umadmin','2020-04-22 18:57:28',34,'OAP',NULL,'OAP','其他应用','OAP','new'),('0002_0000000011',NULL,'0002_0000000011','umadmin','2020-04-23 15:14:10','umadmin','2020-04-23 15:14:10',34,'NGINX',NULL,'NGINX','NGINX','NGINX','new'),('0002_0000000012',NULL,'0002_0000000012','umadmin','2020-04-23 15:22:35','umadmin','2020-04-23 15:22:34',34,'DOCKER',NULL,'DOCKER','DOCKER','DOCKER','new');
/*!40000 ALTER TABLE `unit_type` ENABLE KEYS */;
UNLOCK TABLES;
/*!40103 SET TIME_ZONE=@OLD_TIME_ZONE */;

/*!40101 SET SQL_MODE=@OLD_SQL_MODE */;
/*!40014 SET FOREIGN_KEY_CHECKS=@OLD_FOREIGN_KEY_CHECKS */;
/*!40014 SET UNIQUE_CHECKS=@OLD_UNIQUE_CHECKS */;
/*!40101 SET CHARACTER_SET_CLIENT=@OLD_CHARACTER_SET_CLIENT */;
/*!40101 SET CHARACTER_SET_RESULTS=@OLD_CHARACTER_SET_RESULTS */;
/*!40101 SET COLLATION_CONNECTION=@OLD_COLLATION_CONNECTION */;
/*!40111 SET SQL_NOTES=@OLD_SQL_NOTES */;

-- Dump completed on 2020-05-25 14:03:09
SET FOREIGN_KEY_CHECKS=1;